"time_value","geo_value_fullname","fips","value"
2019-10-05,"Alabama","01",0
2019-10-05,"Alaska","02",0
2019-10-05,"Arizona","04",0
2019-10-05,"Arkansas","05",0
2019-10-05,"California","06",0
2019-10-05,"Colorado","08",0
2019-10-05,"Connecticut","09",0
2019-10-05,"Delaware","10",0
2019-10-05,"District of Columbia","11",0
2019-10-05,"Florida","12",0
2019-10-05,"Georgia","13",0
2019-10-05,"Hawaii","15",0
2019-10-05,"Idaho","16",0
2019-10-05,"Illinois","17",0
2019-10-05,"Indiana","18",0
2019-10-05,"Iowa","19",0
2019-10-05,"Kansas","20",0
2019-10-05,"Kentucky","21",0
2019-10-05,"Louisiana","22",0
2019-10-05,"Maine","23",0
2019-10-05,"Maryland","24",0
2019-10-05,"Massachusetts","25",0
2019-10-05,"Michigan","26",0
2019-10-05,"Minnesota","27",0
2019-10-05,"Mississippi","28",0
2019-10-05,"Missouri","29",0
2019-10-05,"Montana","30",0
2019-10-05,"Nebraska","31",0
2019-10-05,"Nevada","32",0
2019-10-05,"New Hampshire","33",0
2019-10-05,"New Jersey","34",0
2019-10-05,"New Mexico","35",0
2019-10-05,"North Carolina","37",0
2019-10-05,"North Dakota","38",0
2019-10-05,"Ohio","39",0
2019-10-05,"Oklahoma","40",0
2019-10-05,"Oregon","41",0
2019-10-05,"Pennsylvania","42",0
2019-10-05,"Rhode Island","44",0
2019-10-05,"South Carolina","45",0
2019-10-05,"South Dakota","46",0
2019-10-05,"Tennessee","47",0
2019-10-05,"Texas","48",0
2019-10-05,"Utah","49",0
2019-10-05,"Vermont","50",0
2019-10-05,"Virginia","51",0
2019-10-05,"Washington","53",0
2019-10-05,"West Virginia","54",0
2019-10-05,"Wisconsin","55",0
2019-10-05,"Wyoming","56",0
2019-10-05,"New York","36",0
2019-10-05,"US","US",0
2019-10-12,"Alabama","01",0
2019-10-12,"Alaska","02",0
2019-10-12,"Arizona","04",0
2019-10-12,"Arkansas","05",0
2019-10-12,"California","06",0
2019-10-12,"Colorado","08",0
2019-10-12,"Connecticut","09",0
2019-10-12,"Delaware","10",0
2019-10-12,"District of Columbia","11",0
2019-10-12,"Florida","12",0
2019-10-12,"Georgia","13",0
2019-10-12,"Hawaii","15",0
2019-10-12,"Idaho","16",0
2019-10-12,"Illinois","17",0
2019-10-12,"Indiana","18",0
2019-10-12,"Iowa","19",0
2019-10-12,"Kansas","20",0
2019-10-12,"Kentucky","21",0
2019-10-12,"Louisiana","22",0
2019-10-12,"Maine","23",0
2019-10-12,"Maryland","24",0
2019-10-12,"Massachusetts","25",0
2019-10-12,"Michigan","26",0
2019-10-12,"Minnesota","27",0
2019-10-12,"Mississippi","28",0
2019-10-12,"Missouri","29",0
2019-10-12,"Montana","30",0
2019-10-12,"Nebraska","31",0
2019-10-12,"Nevada","32",0
2019-10-12,"New Hampshire","33",0
2019-10-12,"New Jersey","34",0
2019-10-12,"New Mexico","35",0
2019-10-12,"North Carolina","37",0
2019-10-12,"North Dakota","38",0
2019-10-12,"Ohio","39",0
2019-10-12,"Oklahoma","40",0
2019-10-12,"Oregon","41",0
2019-10-12,"Pennsylvania","42",0
2019-10-12,"Rhode Island","44",0
2019-10-12,"South Carolina","45",0
2019-10-12,"South Dakota","46",0
2019-10-12,"Tennessee","47",0
2019-10-12,"Texas","48",0
2019-10-12,"Utah","49",0
2019-10-12,"Vermont","50",0
2019-10-12,"Virginia","51",0
2019-10-12,"Washington","53",0
2019-10-12,"West Virginia","54",0
2019-10-12,"Wisconsin","55",0
2019-10-12,"Wyoming","56",0
2019-10-12,"New York","36",0
2019-10-12,"US","US",0
2019-10-19,"Alabama","01",0
2019-10-19,"Alaska","02",0
2019-10-19,"Arizona","04",0
2019-10-19,"Arkansas","05",0
2019-10-19,"California","06",0
2019-10-19,"Colorado","08",0
2019-10-19,"Connecticut","09",0
2019-10-19,"Delaware","10",0
2019-10-19,"District of Columbia","11",0
2019-10-19,"Florida","12",0
2019-10-19,"Georgia","13",0
2019-10-19,"Hawaii","15",0
2019-10-19,"Idaho","16",0
2019-10-19,"Illinois","17",0
2019-10-19,"Indiana","18",0
2019-10-19,"Iowa","19",0
2019-10-19,"Kansas","20",0
2019-10-19,"Kentucky","21",0
2019-10-19,"Louisiana","22",0
2019-10-19,"Maine","23",0
2019-10-19,"Maryland","24",0
2019-10-19,"Massachusetts","25",0
2019-10-19,"Michigan","26",0
2019-10-19,"Minnesota","27",0
2019-10-19,"Mississippi","28",0
2019-10-19,"Missouri","29",0
2019-10-19,"Montana","30",0
2019-10-19,"Nebraska","31",0
2019-10-19,"Nevada","32",0
2019-10-19,"New Hampshire","33",0
2019-10-19,"New Jersey","34",0
2019-10-19,"New Mexico","35",0
2019-10-19,"North Carolina","37",0
2019-10-19,"North Dakota","38",0
2019-10-19,"Ohio","39",0
2019-10-19,"Oklahoma","40",0
2019-10-19,"Oregon","41",0
2019-10-19,"Pennsylvania","42",0
2019-10-19,"Rhode Island","44",0
2019-10-19,"South Carolina","45",0
2019-10-19,"South Dakota","46",0
2019-10-19,"Tennessee","47",0
2019-10-19,"Texas","48",0
2019-10-19,"Utah","49",0
2019-10-19,"Vermont","50",0
2019-10-19,"Virginia","51",0
2019-10-19,"Washington","53",0
2019-10-19,"West Virginia","54",0
2019-10-19,"Wisconsin","55",0
2019-10-19,"Wyoming","56",0
2019-10-19,"New York","36",0
2019-10-19,"US","US",0
2019-10-26,"Alabama","01",0
2019-10-26,"Alaska","02",0
2019-10-26,"Arizona","04",0
2019-10-26,"Arkansas","05",0
2019-10-26,"California","06",0
2019-10-26,"Colorado","08",0
2019-10-26,"Connecticut","09",0
2019-10-26,"Delaware","10",0
2019-10-26,"District of Columbia","11",0
2019-10-26,"Florida","12",0
2019-10-26,"Georgia","13",0
2019-10-26,"Hawaii","15",0
2019-10-26,"Idaho","16",0
2019-10-26,"Illinois","17",0
2019-10-26,"Indiana","18",0
2019-10-26,"Iowa","19",0
2019-10-26,"Kansas","20",0
2019-10-26,"Kentucky","21",0
2019-10-26,"Louisiana","22",0
2019-10-26,"Maine","23",0
2019-10-26,"Maryland","24",0
2019-10-26,"Massachusetts","25",0
2019-10-26,"Michigan","26",0
2019-10-26,"Minnesota","27",0
2019-10-26,"Mississippi","28",0
2019-10-26,"Missouri","29",0
2019-10-26,"Montana","30",0
2019-10-26,"Nebraska","31",0
2019-10-26,"Nevada","32",0
2019-10-26,"New Hampshire","33",0
2019-10-26,"New Jersey","34",0
2019-10-26,"New Mexico","35",0
2019-10-26,"North Carolina","37",0
2019-10-26,"North Dakota","38",0
2019-10-26,"Ohio","39",0
2019-10-26,"Oklahoma","40",0
2019-10-26,"Oregon","41",0
2019-10-26,"Pennsylvania","42",0
2019-10-26,"Rhode Island","44",0
2019-10-26,"South Carolina","45",0
2019-10-26,"South Dakota","46",0
2019-10-26,"Tennessee","47",0
2019-10-26,"Texas","48",0
2019-10-26,"Utah","49",0
2019-10-26,"Vermont","50",0
2019-10-26,"Virginia","51",0
2019-10-26,"Washington","53",0
2019-10-26,"West Virginia","54",0
2019-10-26,"Wisconsin","55",0
2019-10-26,"Wyoming","56",0
2019-10-26,"New York","36",0
2019-10-26,"US","US",0
2019-11-02,"Alabama","01",0
2019-11-02,"Alaska","02",0
2019-11-02,"Arizona","04",0
2019-11-02,"Arkansas","05",0
2019-11-02,"California","06",0
2019-11-02,"Colorado","08",0
2019-11-02,"Connecticut","09",0
2019-11-02,"Delaware","10",0
2019-11-02,"District of Columbia","11",0
2019-11-02,"Florida","12",0
2019-11-02,"Georgia","13",0
2019-11-02,"Hawaii","15",0
2019-11-02,"Idaho","16",0
2019-11-02,"Illinois","17",0
2019-11-02,"Indiana","18",0
2019-11-02,"Iowa","19",0
2019-11-02,"Kansas","20",0
2019-11-02,"Kentucky","21",0
2019-11-02,"Louisiana","22",0
2019-11-02,"Maine","23",0
2019-11-02,"Maryland","24",0
2019-11-02,"Massachusetts","25",0
2019-11-02,"Michigan","26",0
2019-11-02,"Minnesota","27",0
2019-11-02,"Mississippi","28",0
2019-11-02,"Missouri","29",0
2019-11-02,"Montana","30",0
2019-11-02,"Nebraska","31",0
2019-11-02,"Nevada","32",0
2019-11-02,"New Hampshire","33",0
2019-11-02,"New Jersey","34",0
2019-11-02,"New Mexico","35",0
2019-11-02,"North Carolina","37",0
2019-11-02,"North Dakota","38",0
2019-11-02,"Ohio","39",0
2019-11-02,"Oklahoma","40",0
2019-11-02,"Oregon","41",0
2019-11-02,"Pennsylvania","42",0
2019-11-02,"Rhode Island","44",0
2019-11-02,"South Carolina","45",0
2019-11-02,"South Dakota","46",0
2019-11-02,"Tennessee","47",0
2019-11-02,"Texas","48",0
2019-11-02,"Utah","49",0
2019-11-02,"Vermont","50",0
2019-11-02,"Virginia","51",0
2019-11-02,"Washington","53",0
2019-11-02,"West Virginia","54",0
2019-11-02,"Wisconsin","55",0
2019-11-02,"Wyoming","56",0
2019-11-02,"New York","36",0
2019-11-02,"US","US",0
2019-11-09,"Alabama","01",0
2019-11-09,"Alaska","02",0
2019-11-09,"Arizona","04",0
2019-11-09,"Arkansas","05",0
2019-11-09,"California","06",0
2019-11-09,"Colorado","08",0
2019-11-09,"Connecticut","09",0
2019-11-09,"Delaware","10",0
2019-11-09,"District of Columbia","11",0
2019-11-09,"Florida","12",0
2019-11-09,"Georgia","13",0
2019-11-09,"Hawaii","15",0
2019-11-09,"Idaho","16",0
2019-11-09,"Illinois","17",0
2019-11-09,"Indiana","18",0
2019-11-09,"Iowa","19",0
2019-11-09,"Kansas","20",0
2019-11-09,"Kentucky","21",0
2019-11-09,"Louisiana","22",0
2019-11-09,"Maine","23",0
2019-11-09,"Maryland","24",0
2019-11-09,"Massachusetts","25",0
2019-11-09,"Michigan","26",0
2019-11-09,"Minnesota","27",0
2019-11-09,"Mississippi","28",0
2019-11-09,"Missouri","29",0
2019-11-09,"Montana","30",0
2019-11-09,"Nebraska","31",0
2019-11-09,"Nevada","32",0
2019-11-09,"New Hampshire","33",0
2019-11-09,"New Jersey","34",0
2019-11-09,"New Mexico","35",0
2019-11-09,"North Carolina","37",0
2019-11-09,"North Dakota","38",0
2019-11-09,"Ohio","39",0
2019-11-09,"Oklahoma","40",0
2019-11-09,"Oregon","41",0
2019-11-09,"Pennsylvania","42",0
2019-11-09,"Rhode Island","44",0
2019-11-09,"South Carolina","45",0
2019-11-09,"South Dakota","46",0
2019-11-09,"Tennessee","47",0
2019-11-09,"Texas","48",0
2019-11-09,"Utah","49",0
2019-11-09,"Vermont","50",0
2019-11-09,"Virginia","51",0
2019-11-09,"Washington","53",0
2019-11-09,"West Virginia","54",0
2019-11-09,"Wisconsin","55",0
2019-11-09,"Wyoming","56",0
2019-11-09,"New York","36",0
2019-11-09,"US","US",0
2019-11-16,"Alabama","01",0
2019-11-16,"Alaska","02",0
2019-11-16,"Arizona","04",0
2019-11-16,"Arkansas","05",0
2019-11-16,"California","06",0
2019-11-16,"Colorado","08",0
2019-11-16,"Connecticut","09",0
2019-11-16,"Delaware","10",0
2019-11-16,"District of Columbia","11",0
2019-11-16,"Florida","12",0
2019-11-16,"Georgia","13",0
2019-11-16,"Hawaii","15",0
2019-11-16,"Idaho","16",0
2019-11-16,"Illinois","17",0
2019-11-16,"Indiana","18",0
2019-11-16,"Iowa","19",0
2019-11-16,"Kansas","20",0
2019-11-16,"Kentucky","21",0
2019-11-16,"Louisiana","22",0
2019-11-16,"Maine","23",0
2019-11-16,"Maryland","24",0
2019-11-16,"Massachusetts","25",0
2019-11-16,"Michigan","26",0
2019-11-16,"Minnesota","27",0
2019-11-16,"Mississippi","28",0
2019-11-16,"Missouri","29",0
2019-11-16,"Montana","30",0
2019-11-16,"Nebraska","31",0
2019-11-16,"Nevada","32",0
2019-11-16,"New Hampshire","33",0
2019-11-16,"New Jersey","34",0
2019-11-16,"New Mexico","35",0
2019-11-16,"North Carolina","37",0
2019-11-16,"North Dakota","38",0
2019-11-16,"Ohio","39",0
2019-11-16,"Oklahoma","40",0
2019-11-16,"Oregon","41",0
2019-11-16,"Pennsylvania","42",0
2019-11-16,"Rhode Island","44",0
2019-11-16,"South Carolina","45",0
2019-11-16,"South Dakota","46",0
2019-11-16,"Tennessee","47",0
2019-11-16,"Texas","48",0
2019-11-16,"Utah","49",0
2019-11-16,"Vermont","50",0
2019-11-16,"Virginia","51",0
2019-11-16,"Washington","53",0
2019-11-16,"West Virginia","54",0
2019-11-16,"Wisconsin","55",0
2019-11-16,"Wyoming","56",0
2019-11-16,"New York","36",0
2019-11-16,"US","US",0
2019-11-23,"Alabama","01",0
2019-11-23,"Alaska","02",0
2019-11-23,"Arizona","04",0
2019-11-23,"Arkansas","05",0
2019-11-23,"California","06",0
2019-11-23,"Colorado","08",0
2019-11-23,"Connecticut","09",0
2019-11-23,"Delaware","10",0
2019-11-23,"District of Columbia","11",0
2019-11-23,"Florida","12",0
2019-11-23,"Georgia","13",0
2019-11-23,"Hawaii","15",0
2019-11-23,"Idaho","16",0
2019-11-23,"Illinois","17",0
2019-11-23,"Indiana","18",0
2019-11-23,"Iowa","19",0
2019-11-23,"Kansas","20",0
2019-11-23,"Kentucky","21",0
2019-11-23,"Louisiana","22",0
2019-11-23,"Maine","23",0
2019-11-23,"Maryland","24",0
2019-11-23,"Massachusetts","25",0
2019-11-23,"Michigan","26",0
2019-11-23,"Minnesota","27",0
2019-11-23,"Mississippi","28",0
2019-11-23,"Missouri","29",0
2019-11-23,"Montana","30",0
2019-11-23,"Nebraska","31",0
2019-11-23,"Nevada","32",0
2019-11-23,"New Hampshire","33",0
2019-11-23,"New Jersey","34",0
2019-11-23,"New Mexico","35",0
2019-11-23,"North Carolina","37",0
2019-11-23,"North Dakota","38",0
2019-11-23,"Ohio","39",0
2019-11-23,"Oklahoma","40",0
2019-11-23,"Oregon","41",0
2019-11-23,"Pennsylvania","42",0
2019-11-23,"Rhode Island","44",0
2019-11-23,"South Carolina","45",0
2019-11-23,"South Dakota","46",0
2019-11-23,"Tennessee","47",0
2019-11-23,"Texas","48",0
2019-11-23,"Utah","49",0
2019-11-23,"Vermont","50",0
2019-11-23,"Virginia","51",0
2019-11-23,"Washington","53",0
2019-11-23,"West Virginia","54",0
2019-11-23,"Wisconsin","55",0
2019-11-23,"Wyoming","56",0
2019-11-23,"New York","36",0
2019-11-23,"US","US",0
2019-11-30,"Alabama","01",0
2019-11-30,"Alaska","02",0
2019-11-30,"Arizona","04",0
2019-11-30,"Arkansas","05",0
2019-11-30,"California","06",0
2019-11-30,"Colorado","08",0
2019-11-30,"Connecticut","09",0
2019-11-30,"Delaware","10",0
2019-11-30,"District of Columbia","11",0
2019-11-30,"Florida","12",0
2019-11-30,"Georgia","13",0
2019-11-30,"Hawaii","15",0
2019-11-30,"Idaho","16",0
2019-11-30,"Illinois","17",0
2019-11-30,"Indiana","18",0
2019-11-30,"Iowa","19",0
2019-11-30,"Kansas","20",0
2019-11-30,"Kentucky","21",0
2019-11-30,"Louisiana","22",0
2019-11-30,"Maine","23",0
2019-11-30,"Maryland","24",0
2019-11-30,"Massachusetts","25",0
2019-11-30,"Michigan","26",0
2019-11-30,"Minnesota","27",0
2019-11-30,"Mississippi","28",0
2019-11-30,"Missouri","29",0
2019-11-30,"Montana","30",0
2019-11-30,"Nebraska","31",0
2019-11-30,"Nevada","32",0
2019-11-30,"New Hampshire","33",0
2019-11-30,"New Jersey","34",0
2019-11-30,"New Mexico","35",0
2019-11-30,"North Carolina","37",0
2019-11-30,"North Dakota","38",0
2019-11-30,"Ohio","39",0
2019-11-30,"Oklahoma","40",0
2019-11-30,"Oregon","41",0
2019-11-30,"Pennsylvania","42",0
2019-11-30,"Rhode Island","44",0
2019-11-30,"South Carolina","45",0
2019-11-30,"South Dakota","46",0
2019-11-30,"Tennessee","47",0
2019-11-30,"Texas","48",0
2019-11-30,"Utah","49",0
2019-11-30,"Vermont","50",0
2019-11-30,"Virginia","51",0
2019-11-30,"Washington","53",0
2019-11-30,"West Virginia","54",0
2019-11-30,"Wisconsin","55",0
2019-11-30,"Wyoming","56",0
2019-11-30,"New York","36",0
2019-11-30,"US","US",0
2019-12-07,"Alabama","01",0
2019-12-07,"Alaska","02",0
2019-12-07,"Arizona","04",0
2019-12-07,"Arkansas","05",0
2019-12-07,"California","06",0
2019-12-07,"Colorado","08",0
2019-12-07,"Connecticut","09",0
2019-12-07,"Delaware","10",0
2019-12-07,"District of Columbia","11",0
2019-12-07,"Florida","12",0
2019-12-07,"Georgia","13",0
2019-12-07,"Hawaii","15",0
2019-12-07,"Idaho","16",0
2019-12-07,"Illinois","17",0
2019-12-07,"Indiana","18",0
2019-12-07,"Iowa","19",0
2019-12-07,"Kansas","20",0
2019-12-07,"Kentucky","21",0
2019-12-07,"Louisiana","22",0
2019-12-07,"Maine","23",0
2019-12-07,"Maryland","24",0
2019-12-07,"Massachusetts","25",0
2019-12-07,"Michigan","26",0
2019-12-07,"Minnesota","27",0
2019-12-07,"Mississippi","28",0
2019-12-07,"Missouri","29",0
2019-12-07,"Montana","30",0
2019-12-07,"Nebraska","31",0
2019-12-07,"Nevada","32",0
2019-12-07,"New Hampshire","33",0
2019-12-07,"New Jersey","34",0
2019-12-07,"New Mexico","35",0
2019-12-07,"North Carolina","37",0
2019-12-07,"North Dakota","38",0
2019-12-07,"Ohio","39",0
2019-12-07,"Oklahoma","40",0
2019-12-07,"Oregon","41",0
2019-12-07,"Pennsylvania","42",0
2019-12-07,"Rhode Island","44",0
2019-12-07,"South Carolina","45",0
2019-12-07,"South Dakota","46",0
2019-12-07,"Tennessee","47",0
2019-12-07,"Texas","48",0
2019-12-07,"Utah","49",0
2019-12-07,"Vermont","50",0
2019-12-07,"Virginia","51",0
2019-12-07,"Washington","53",0
2019-12-07,"West Virginia","54",0
2019-12-07,"Wisconsin","55",0
2019-12-07,"Wyoming","56",0
2019-12-07,"New York","36",0
2019-12-07,"US","US",0
2019-12-14,"Alabama","01",0
2019-12-14,"Alaska","02",0
2019-12-14,"Arizona","04",0
2019-12-14,"Arkansas","05",0
2019-12-14,"California","06",0
2019-12-14,"Colorado","08",0
2019-12-14,"Connecticut","09",0
2019-12-14,"Delaware","10",0
2019-12-14,"District of Columbia","11",0
2019-12-14,"Florida","12",0
2019-12-14,"Georgia","13",0
2019-12-14,"Hawaii","15",0
2019-12-14,"Idaho","16",0
2019-12-14,"Illinois","17",0
2019-12-14,"Indiana","18",0
2019-12-14,"Iowa","19",0
2019-12-14,"Kansas","20",0
2019-12-14,"Kentucky","21",0
2019-12-14,"Louisiana","22",0
2019-12-14,"Maine","23",0
2019-12-14,"Maryland","24",0
2019-12-14,"Massachusetts","25",0
2019-12-14,"Michigan","26",0
2019-12-14,"Minnesota","27",0
2019-12-14,"Mississippi","28",0
2019-12-14,"Missouri","29",0
2019-12-14,"Montana","30",0
2019-12-14,"Nebraska","31",0
2019-12-14,"Nevada","32",0
2019-12-14,"New Hampshire","33",0
2019-12-14,"New Jersey","34",0
2019-12-14,"New Mexico","35",0
2019-12-14,"North Carolina","37",0
2019-12-14,"North Dakota","38",0
2019-12-14,"Ohio","39",0
2019-12-14,"Oklahoma","40",0
2019-12-14,"Oregon","41",0
2019-12-14,"Pennsylvania","42",0
2019-12-14,"Rhode Island","44",0
2019-12-14,"South Carolina","45",0
2019-12-14,"South Dakota","46",0
2019-12-14,"Tennessee","47",0
2019-12-14,"Texas","48",0
2019-12-14,"Utah","49",0
2019-12-14,"Vermont","50",0
2019-12-14,"Virginia","51",0
2019-12-14,"Washington","53",0
2019-12-14,"West Virginia","54",0
2019-12-14,"Wisconsin","55",0
2019-12-14,"Wyoming","56",0
2019-12-14,"New York","36",0
2019-12-14,"US","US",0
2019-12-21,"Alabama","01",0
2019-12-21,"Alaska","02",0
2019-12-21,"Arizona","04",0
2019-12-21,"Arkansas","05",0
2019-12-21,"California","06",0
2019-12-21,"Colorado","08",0
2019-12-21,"Connecticut","09",0
2019-12-21,"Delaware","10",0
2019-12-21,"District of Columbia","11",0
2019-12-21,"Florida","12",0
2019-12-21,"Georgia","13",0
2019-12-21,"Hawaii","15",0
2019-12-21,"Idaho","16",0
2019-12-21,"Illinois","17",0
2019-12-21,"Indiana","18",0
2019-12-21,"Iowa","19",0
2019-12-21,"Kansas","20",0
2019-12-21,"Kentucky","21",0
2019-12-21,"Louisiana","22",0
2019-12-21,"Maine","23",0
2019-12-21,"Maryland","24",0
2019-12-21,"Massachusetts","25",0
2019-12-21,"Michigan","26",0
2019-12-21,"Minnesota","27",0
2019-12-21,"Mississippi","28",0
2019-12-21,"Missouri","29",0
2019-12-21,"Montana","30",0
2019-12-21,"Nebraska","31",0
2019-12-21,"Nevada","32",0
2019-12-21,"New Hampshire","33",0
2019-12-21,"New Jersey","34",0
2019-12-21,"New Mexico","35",0
2019-12-21,"North Carolina","37",0
2019-12-21,"North Dakota","38",0
2019-12-21,"Ohio","39",0
2019-12-21,"Oklahoma","40",0
2019-12-21,"Oregon","41",0
2019-12-21,"Pennsylvania","42",0
2019-12-21,"Rhode Island","44",0
2019-12-21,"South Carolina","45",0
2019-12-21,"South Dakota","46",0
2019-12-21,"Tennessee","47",0
2019-12-21,"Texas","48",0
2019-12-21,"Utah","49",0
2019-12-21,"Vermont","50",0
2019-12-21,"Virginia","51",0
2019-12-21,"Washington","53",0
2019-12-21,"West Virginia","54",0
2019-12-21,"Wisconsin","55",0
2019-12-21,"Wyoming","56",0
2019-12-21,"New York","36",0
2019-12-21,"US","US",0
2019-12-28,"Alabama","01",0
2019-12-28,"Alaska","02",0
2019-12-28,"Arizona","04",0
2019-12-28,"Arkansas","05",0
2019-12-28,"California","06",0
2019-12-28,"Colorado","08",0
2019-12-28,"Connecticut","09",0
2019-12-28,"Delaware","10",0
2019-12-28,"District of Columbia","11",0
2019-12-28,"Florida","12",0
2019-12-28,"Georgia","13",0
2019-12-28,"Hawaii","15",0
2019-12-28,"Idaho","16",0
2019-12-28,"Illinois","17",0
2019-12-28,"Indiana","18",0
2019-12-28,"Iowa","19",0
2019-12-28,"Kansas","20",0
2019-12-28,"Kentucky","21",0
2019-12-28,"Louisiana","22",0
2019-12-28,"Maine","23",0
2019-12-28,"Maryland","24",0
2019-12-28,"Massachusetts","25",0
2019-12-28,"Michigan","26",0
2019-12-28,"Minnesota","27",0
2019-12-28,"Mississippi","28",0
2019-12-28,"Missouri","29",0
2019-12-28,"Montana","30",0
2019-12-28,"Nebraska","31",0
2019-12-28,"Nevada","32",0
2019-12-28,"New Hampshire","33",0
2019-12-28,"New Jersey","34",0
2019-12-28,"New Mexico","35",0
2019-12-28,"North Carolina","37",0
2019-12-28,"North Dakota","38",0
2019-12-28,"Ohio","39",0
2019-12-28,"Oklahoma","40",0
2019-12-28,"Oregon","41",0
2019-12-28,"Pennsylvania","42",0
2019-12-28,"Rhode Island","44",0
2019-12-28,"South Carolina","45",0
2019-12-28,"South Dakota","46",0
2019-12-28,"Tennessee","47",0
2019-12-28,"Texas","48",0
2019-12-28,"Utah","49",0
2019-12-28,"Vermont","50",0
2019-12-28,"Virginia","51",0
2019-12-28,"Washington","53",0
2019-12-28,"West Virginia","54",0
2019-12-28,"Wisconsin","55",0
2019-12-28,"Wyoming","56",0
2019-12-28,"New York","36",0
2019-12-28,"US","US",0
2020-01-04,"Alabama","01",0
2020-01-04,"Alaska","02",0
2020-01-04,"Arizona","04",0
2020-01-04,"Arkansas","05",0
2020-01-04,"California","06",0
2020-01-04,"Colorado","08",0
2020-01-04,"Connecticut","09",0
2020-01-04,"Delaware","10",0
2020-01-04,"District of Columbia","11",0
2020-01-04,"Florida","12",0
2020-01-04,"Georgia","13",0
2020-01-04,"Hawaii","15",0
2020-01-04,"Idaho","16",0
2020-01-04,"Illinois","17",0
2020-01-04,"Indiana","18",0
2020-01-04,"Iowa","19",0
2020-01-04,"Kansas","20",0
2020-01-04,"Kentucky","21",0
2020-01-04,"Louisiana","22",0
2020-01-04,"Maine","23",0
2020-01-04,"Maryland","24",0
2020-01-04,"Massachusetts","25",0
2020-01-04,"Michigan","26",0
2020-01-04,"Minnesota","27",0
2020-01-04,"Mississippi","28",0
2020-01-04,"Missouri","29",0
2020-01-04,"Montana","30",0
2020-01-04,"Nebraska","31",0
2020-01-04,"Nevada","32",0
2020-01-04,"New Hampshire","33",0
2020-01-04,"New Jersey","34",0
2020-01-04,"New Mexico","35",0
2020-01-04,"North Carolina","37",0
2020-01-04,"North Dakota","38",0
2020-01-04,"Ohio","39",0
2020-01-04,"Oklahoma","40",0
2020-01-04,"Oregon","41",0
2020-01-04,"Pennsylvania","42",0
2020-01-04,"Rhode Island","44",0
2020-01-04,"South Carolina","45",0
2020-01-04,"South Dakota","46",0
2020-01-04,"Tennessee","47",0
2020-01-04,"Texas","48",0
2020-01-04,"Utah","49",0
2020-01-04,"Vermont","50",0
2020-01-04,"Virginia","51",0
2020-01-04,"Washington","53",0
2020-01-04,"West Virginia","54",0
2020-01-04,"Wisconsin","55",0
2020-01-04,"Wyoming","56",0
2020-01-04,"New York","36",0
2020-01-04,"US","US",0
2020-01-11,"Alabama","01",0
2020-01-11,"Alaska","02",0
2020-01-11,"Arizona","04",0
2020-01-11,"Arkansas","05",0
2020-01-11,"California","06",0
2020-01-11,"Colorado","08",0
2020-01-11,"Connecticut","09",0
2020-01-11,"Delaware","10",0
2020-01-11,"District of Columbia","11",0
2020-01-11,"Florida","12",0
2020-01-11,"Georgia","13",0
2020-01-11,"Hawaii","15",0
2020-01-11,"Idaho","16",0
2020-01-11,"Illinois","17",0
2020-01-11,"Indiana","18",0
2020-01-11,"Iowa","19",0
2020-01-11,"Kansas","20",1
2020-01-11,"Kentucky","21",0
2020-01-11,"Louisiana","22",0
2020-01-11,"Maine","23",0
2020-01-11,"Maryland","24",0
2020-01-11,"Massachusetts","25",0
2020-01-11,"Michigan","26",0
2020-01-11,"Minnesota","27",0
2020-01-11,"Mississippi","28",0
2020-01-11,"Missouri","29",0
2020-01-11,"Montana","30",0
2020-01-11,"Nebraska","31",0
2020-01-11,"Nevada","32",0
2020-01-11,"New Hampshire","33",0
2020-01-11,"New Jersey","34",0
2020-01-11,"New Mexico","35",0
2020-01-11,"North Carolina","37",0
2020-01-11,"North Dakota","38",0
2020-01-11,"Ohio","39",0
2020-01-11,"Oklahoma","40",0
2020-01-11,"Oregon","41",0
2020-01-11,"Pennsylvania","42",0
2020-01-11,"Rhode Island","44",0
2020-01-11,"South Carolina","45",0
2020-01-11,"South Dakota","46",0
2020-01-11,"Tennessee","47",0
2020-01-11,"Texas","48",0
2020-01-11,"Utah","49",0
2020-01-11,"Vermont","50",0
2020-01-11,"Virginia","51",0
2020-01-11,"Washington","53",0
2020-01-11,"West Virginia","54",0
2020-01-11,"Wisconsin","55",0
2020-01-11,"Wyoming","56",0
2020-01-11,"New York","36",0
2020-01-11,"US","US",1
2020-01-18,"Alabama","01",0
2020-01-18,"Alaska","02",0
2020-01-18,"Arizona","04",0
2020-01-18,"Arkansas","05",0
2020-01-18,"California","06",1
2020-01-18,"Colorado","08",0
2020-01-18,"Connecticut","09",0
2020-01-18,"Delaware","10",0
2020-01-18,"District of Columbia","11",0
2020-01-18,"Florida","12",0
2020-01-18,"Georgia","13",0
2020-01-18,"Hawaii","15",0
2020-01-18,"Idaho","16",0
2020-01-18,"Illinois","17",0
2020-01-18,"Indiana","18",0
2020-01-18,"Iowa","19",0
2020-01-18,"Kansas","20",0
2020-01-18,"Kentucky","21",0
2020-01-18,"Louisiana","22",0
2020-01-18,"Maine","23",0
2020-01-18,"Maryland","24",0
2020-01-18,"Massachusetts","25",0
2020-01-18,"Michigan","26",0
2020-01-18,"Minnesota","27",0
2020-01-18,"Mississippi","28",0
2020-01-18,"Missouri","29",0
2020-01-18,"Montana","30",0
2020-01-18,"Nebraska","31",0
2020-01-18,"Nevada","32",0
2020-01-18,"New Hampshire","33",0
2020-01-18,"New Jersey","34",0
2020-01-18,"New Mexico","35",0
2020-01-18,"North Carolina","37",0
2020-01-18,"North Dakota","38",0
2020-01-18,"Ohio","39",0
2020-01-18,"Oklahoma","40",1
2020-01-18,"Oregon","41",0
2020-01-18,"Pennsylvania","42",0
2020-01-18,"Rhode Island","44",0
2020-01-18,"South Carolina","45",0
2020-01-18,"South Dakota","46",0
2020-01-18,"Tennessee","47",0
2020-01-18,"Texas","48",0
2020-01-18,"Utah","49",0
2020-01-18,"Vermont","50",0
2020-01-18,"Virginia","51",0
2020-01-18,"Washington","53",0
2020-01-18,"West Virginia","54",0
2020-01-18,"Wisconsin","55",0
2020-01-18,"Wyoming","56",0
2020-01-18,"New York","36",0
2020-01-18,"US","US",2
2020-01-25,"Alabama","01",1
2020-01-25,"Alaska","02",0
2020-01-25,"Arizona","04",0
2020-01-25,"Arkansas","05",0
2020-01-25,"California","06",0
2020-01-25,"Colorado","08",0
2020-01-25,"Connecticut","09",0
2020-01-25,"Delaware","10",0
2020-01-25,"District of Columbia","11",0
2020-01-25,"Florida","12",0
2020-01-25,"Georgia","13",0
2020-01-25,"Hawaii","15",0
2020-01-25,"Idaho","16",0
2020-01-25,"Illinois","17",0
2020-01-25,"Indiana","18",0
2020-01-25,"Iowa","19",0
2020-01-25,"Kansas","20",0
2020-01-25,"Kentucky","21",0
2020-01-25,"Louisiana","22",0
2020-01-25,"Maine","23",0
2020-01-25,"Maryland","24",0
2020-01-25,"Massachusetts","25",0
2020-01-25,"Michigan","26",0
2020-01-25,"Minnesota","27",0
2020-01-25,"Mississippi","28",0
2020-01-25,"Missouri","29",0
2020-01-25,"Montana","30",0
2020-01-25,"Nebraska","31",0
2020-01-25,"Nevada","32",0
2020-01-25,"New Hampshire","33",0
2020-01-25,"New Jersey","34",0
2020-01-25,"New Mexico","35",0
2020-01-25,"North Carolina","37",0
2020-01-25,"North Dakota","38",0
2020-01-25,"Ohio","39",0
2020-01-25,"Oklahoma","40",0
2020-01-25,"Oregon","41",0
2020-01-25,"Pennsylvania","42",0
2020-01-25,"Rhode Island","44",0
2020-01-25,"South Carolina","45",0
2020-01-25,"South Dakota","46",0
2020-01-25,"Tennessee","47",0
2020-01-25,"Texas","48",0
2020-01-25,"Utah","49",0
2020-01-25,"Vermont","50",0
2020-01-25,"Virginia","51",0
2020-01-25,"Washington","53",0
2020-01-25,"West Virginia","54",0
2020-01-25,"Wisconsin","55",1
2020-01-25,"Wyoming","56",0
2020-01-25,"New York","36",1
2020-01-25,"US","US",3
2020-02-01,"Alabama","01",0
2020-02-01,"Alaska","02",0
2020-02-01,"Arizona","04",0
2020-02-01,"Arkansas","05",0
2020-02-01,"California","06",0
2020-02-01,"Colorado","08",0
2020-02-01,"Connecticut","09",0
2020-02-01,"Delaware","10",0
2020-02-01,"District of Columbia","11",0
2020-02-01,"Florida","12",0
2020-02-01,"Georgia","13",0
2020-02-01,"Hawaii","15",0
2020-02-01,"Idaho","16",0
2020-02-01,"Illinois","17",0
2020-02-01,"Indiana","18",0
2020-02-01,"Iowa","19",0
2020-02-01,"Kansas","20",0
2020-02-01,"Kentucky","21",0
2020-02-01,"Louisiana","22",0
2020-02-01,"Maine","23",0
2020-02-01,"Maryland","24",0
2020-02-01,"Massachusetts","25",0
2020-02-01,"Michigan","26",0
2020-02-01,"Minnesota","27",0
2020-02-01,"Mississippi","28",0
2020-02-01,"Missouri","29",0
2020-02-01,"Montana","30",0
2020-02-01,"Nebraska","31",0
2020-02-01,"Nevada","32",0
2020-02-01,"New Hampshire","33",0
2020-02-01,"New Jersey","34",0
2020-02-01,"New Mexico","35",0
2020-02-01,"North Carolina","37",0
2020-02-01,"North Dakota","38",0
2020-02-01,"Ohio","39",0
2020-02-01,"Oklahoma","40",0
2020-02-01,"Oregon","41",0
2020-02-01,"Pennsylvania","42",0
2020-02-01,"Rhode Island","44",0
2020-02-01,"South Carolina","45",0
2020-02-01,"South Dakota","46",0
2020-02-01,"Tennessee","47",0
2020-02-01,"Texas","48",0
2020-02-01,"Utah","49",0
2020-02-01,"Vermont","50",0
2020-02-01,"Virginia","51",0
2020-02-01,"Washington","53",0
2020-02-01,"West Virginia","54",0
2020-02-01,"Wisconsin","55",0
2020-02-01,"Wyoming","56",0
2020-02-01,"New York","36",0
2020-02-01,"US","US",0
2020-02-08,"Alabama","01",0
2020-02-08,"Alaska","02",0
2020-02-08,"Arizona","04",0
2020-02-08,"Arkansas","05",0
2020-02-08,"California","06",1
2020-02-08,"Colorado","08",0
2020-02-08,"Connecticut","09",0
2020-02-08,"Delaware","10",0
2020-02-08,"District of Columbia","11",0
2020-02-08,"Florida","12",0
2020-02-08,"Georgia","13",0
2020-02-08,"Hawaii","15",0
2020-02-08,"Idaho","16",0
2020-02-08,"Illinois","17",0
2020-02-08,"Indiana","18",0
2020-02-08,"Iowa","19",0
2020-02-08,"Kansas","20",0
2020-02-08,"Kentucky","21",0
2020-02-08,"Louisiana","22",0
2020-02-08,"Maine","23",0
2020-02-08,"Maryland","24",0
2020-02-08,"Massachusetts","25",0
2020-02-08,"Michigan","26",0
2020-02-08,"Minnesota","27",0
2020-02-08,"Mississippi","28",1
2020-02-08,"Missouri","29",0
2020-02-08,"Montana","30",0
2020-02-08,"Nebraska","31",0
2020-02-08,"Nevada","32",0
2020-02-08,"New Hampshire","33",0
2020-02-08,"New Jersey","34",0
2020-02-08,"New Mexico","35",0
2020-02-08,"North Carolina","37",0
2020-02-08,"North Dakota","38",0
2020-02-08,"Ohio","39",0
2020-02-08,"Oklahoma","40",0
2020-02-08,"Oregon","41",0
2020-02-08,"Pennsylvania","42",0
2020-02-08,"Rhode Island","44",0
2020-02-08,"South Carolina","45",0
2020-02-08,"South Dakota","46",0
2020-02-08,"Tennessee","47",0
2020-02-08,"Texas","48",0
2020-02-08,"Utah","49",0
2020-02-08,"Vermont","50",0
2020-02-08,"Virginia","51",0
2020-02-08,"Washington","53",0
2020-02-08,"West Virginia","54",0
2020-02-08,"Wisconsin","55",0
2020-02-08,"Wyoming","56",0
2020-02-08,"New York","36",2
2020-02-08,"US","US",4
2020-02-15,"Alabama","01",0
2020-02-15,"Alaska","02",0
2020-02-15,"Arizona","04",0
2020-02-15,"Arkansas","05",0
2020-02-15,"California","06",0
2020-02-15,"Colorado","08",0
2020-02-15,"Connecticut","09",0
2020-02-15,"Delaware","10",0
2020-02-15,"District of Columbia","11",0
2020-02-15,"Florida","12",0
2020-02-15,"Georgia","13",2
2020-02-15,"Hawaii","15",0
2020-02-15,"Idaho","16",0
2020-02-15,"Illinois","17",0
2020-02-15,"Indiana","18",0
2020-02-15,"Iowa","19",0
2020-02-15,"Kansas","20",0
2020-02-15,"Kentucky","21",0
2020-02-15,"Louisiana","22",0
2020-02-15,"Maine","23",0
2020-02-15,"Maryland","24",0
2020-02-15,"Massachusetts","25",0
2020-02-15,"Michigan","26",2
2020-02-15,"Minnesota","27",0
2020-02-15,"Mississippi","28",1
2020-02-15,"Missouri","29",0
2020-02-15,"Montana","30",0
2020-02-15,"Nebraska","31",0
2020-02-15,"Nevada","32",0
2020-02-15,"New Hampshire","33",0
2020-02-15,"New Jersey","34",0
2020-02-15,"New Mexico","35",0
2020-02-15,"North Carolina","37",0
2020-02-15,"North Dakota","38",0
2020-02-15,"Ohio","39",0
2020-02-15,"Oklahoma","40",0
2020-02-15,"Oregon","41",0
2020-02-15,"Pennsylvania","42",0
2020-02-15,"Rhode Island","44",0
2020-02-15,"South Carolina","45",0
2020-02-15,"South Dakota","46",0
2020-02-15,"Tennessee","47",0
2020-02-15,"Texas","48",0
2020-02-15,"Utah","49",0
2020-02-15,"Vermont","50",0
2020-02-15,"Virginia","51",0
2020-02-15,"Washington","53",0
2020-02-15,"West Virginia","54",0
2020-02-15,"Wisconsin","55",0
2020-02-15,"Wyoming","56",0
2020-02-15,"New York","36",1
2020-02-15,"US","US",6
2020-02-22,"Alabama","01",0
2020-02-22,"Alaska","02",0
2020-02-22,"Arizona","04",0
2020-02-22,"Arkansas","05",0
2020-02-22,"California","06",1
2020-02-22,"Colorado","08",0
2020-02-22,"Connecticut","09",0
2020-02-22,"Delaware","10",0
2020-02-22,"District of Columbia","11",0
2020-02-22,"Florida","12",0
2020-02-22,"Georgia","13",0
2020-02-22,"Hawaii","15",0
2020-02-22,"Idaho","16",0
2020-02-22,"Illinois","17",0
2020-02-22,"Indiana","18",0
2020-02-22,"Iowa","19",0
2020-02-22,"Kansas","20",0
2020-02-22,"Kentucky","21",0
2020-02-22,"Louisiana","22",1
2020-02-22,"Maine","23",0
2020-02-22,"Maryland","24",0
2020-02-22,"Massachusetts","25",1
2020-02-22,"Michigan","26",0
2020-02-22,"Minnesota","27",0
2020-02-22,"Mississippi","28",0
2020-02-22,"Missouri","29",0
2020-02-22,"Montana","30",0
2020-02-22,"Nebraska","31",0
2020-02-22,"Nevada","32",0
2020-02-22,"New Hampshire","33",0
2020-02-22,"New Jersey","34",0
2020-02-22,"New Mexico","35",0
2020-02-22,"North Carolina","37",1
2020-02-22,"North Dakota","38",0
2020-02-22,"Ohio","39",0
2020-02-22,"Oklahoma","40",0
2020-02-22,"Oregon","41",0
2020-02-22,"Pennsylvania","42",0
2020-02-22,"Rhode Island","44",0
2020-02-22,"South Carolina","45",0
2020-02-22,"South Dakota","46",0
2020-02-22,"Tennessee","47",0
2020-02-22,"Texas","48",0
2020-02-22,"Utah","49",0
2020-02-22,"Vermont","50",0
2020-02-22,"Virginia","51",0
2020-02-22,"Washington","53",0
2020-02-22,"West Virginia","54",0
2020-02-22,"Wisconsin","55",0
2020-02-22,"Wyoming","56",0
2020-02-22,"New York","36",2
2020-02-22,"US","US",6
2020-02-29,"Alabama","01",1
2020-02-29,"Alaska","02",0
2020-02-29,"Arizona","04",0
2020-02-29,"Arkansas","05",0
2020-02-29,"California","06",0
2020-02-29,"Colorado","08",0
2020-02-29,"Connecticut","09",0
2020-02-29,"Delaware","10",0
2020-02-29,"District of Columbia","11",0
2020-02-29,"Florida","12",0
2020-02-29,"Georgia","13",0
2020-02-29,"Hawaii","15",0
2020-02-29,"Idaho","16",0
2020-02-29,"Illinois","17",0
2020-02-29,"Indiana","18",0
2020-02-29,"Iowa","19",0
2020-02-29,"Kansas","20",0
2020-02-29,"Kentucky","21",0
2020-02-29,"Louisiana","22",1
2020-02-29,"Maine","23",0
2020-02-29,"Maryland","24",0
2020-02-29,"Massachusetts","25",0
2020-02-29,"Michigan","26",1
2020-02-29,"Minnesota","27",0
2020-02-29,"Mississippi","28",0
2020-02-29,"Missouri","29",0
2020-02-29,"Montana","30",0
2020-02-29,"Nebraska","31",0
2020-02-29,"Nevada","32",0
2020-02-29,"New Hampshire","33",0
2020-02-29,"New Jersey","34",0
2020-02-29,"New Mexico","35",0
2020-02-29,"North Carolina","37",0
2020-02-29,"North Dakota","38",0
2020-02-29,"Ohio","39",0
2020-02-29,"Oklahoma","40",0
2020-02-29,"Oregon","41",0
2020-02-29,"Pennsylvania","42",0
2020-02-29,"Rhode Island","44",0
2020-02-29,"South Carolina","45",0
2020-02-29,"South Dakota","46",0
2020-02-29,"Tennessee","47",0
2020-02-29,"Texas","48",1
2020-02-29,"Utah","49",0
2020-02-29,"Vermont","50",0
2020-02-29,"Virginia","51",0
2020-02-29,"Washington","53",5
2020-02-29,"West Virginia","54",0
2020-02-29,"Wisconsin","55",0
2020-02-29,"Wyoming","56",0
2020-02-29,"New York","36",0
2020-02-29,"US","US",9
2020-03-07,"Alabama","01",0
2020-03-07,"Alaska","02",0
2020-03-07,"Arizona","04",0
2020-03-07,"Arkansas","05",0
2020-03-07,"California","06",3
2020-03-07,"Colorado","08",0
2020-03-07,"Connecticut","09",0
2020-03-07,"Delaware","10",0
2020-03-07,"District of Columbia","11",0
2020-03-07,"Florida","12",2
2020-03-07,"Georgia","13",4
2020-03-07,"Hawaii","15",0
2020-03-07,"Idaho","16",0
2020-03-07,"Illinois","17",0
2020-03-07,"Indiana","18",0
2020-03-07,"Iowa","19",0
2020-03-07,"Kansas","20",0
2020-03-07,"Kentucky","21",0
2020-03-07,"Louisiana","22",3
2020-03-07,"Maine","23",0
2020-03-07,"Maryland","24",0
2020-03-07,"Massachusetts","25",2
2020-03-07,"Michigan","26",0
2020-03-07,"Minnesota","27",0
2020-03-07,"Mississippi","28",0
2020-03-07,"Missouri","29",0
2020-03-07,"Montana","30",0
2020-03-07,"Nebraska","31",0
2020-03-07,"Nevada","32",0
2020-03-07,"New Hampshire","33",0
2020-03-07,"New Jersey","34",0
2020-03-07,"New Mexico","35",0
2020-03-07,"North Carolina","37",1
2020-03-07,"North Dakota","38",0
2020-03-07,"Ohio","39",0
2020-03-07,"Oklahoma","40",1
2020-03-07,"Oregon","41",0
2020-03-07,"Pennsylvania","42",0
2020-03-07,"Rhode Island","44",0
2020-03-07,"South Carolina","45",0
2020-03-07,"South Dakota","46",0
2020-03-07,"Tennessee","47",0
2020-03-07,"Texas","48",1
2020-03-07,"Utah","49",0
2020-03-07,"Vermont","50",0
2020-03-07,"Virginia","51",0
2020-03-07,"Washington","53",21
2020-03-07,"West Virginia","54",0
2020-03-07,"Wisconsin","55",0
2020-03-07,"Wyoming","56",0
2020-03-07,"New York","36",0
2020-03-07,"US","US",38
2020-03-14,"Alabama","01",0
2020-03-14,"Alaska","02",0
2020-03-14,"Arizona","04",1
2020-03-14,"Arkansas","05",0
2020-03-14,"California","06",6
2020-03-14,"Colorado","08",2
2020-03-14,"Connecticut","09",0
2020-03-14,"Delaware","10",0
2020-03-14,"District of Columbia","11",0
2020-03-14,"Florida","12",3
2020-03-14,"Georgia","13",2
2020-03-14,"Hawaii","15",0
2020-03-14,"Idaho","16",0
2020-03-14,"Illinois","17",1
2020-03-14,"Indiana","18",0
2020-03-14,"Iowa","19",0
2020-03-14,"Kansas","20",1
2020-03-14,"Kentucky","21",0
2020-03-14,"Louisiana","22",0
2020-03-14,"Maine","23",0
2020-03-14,"Maryland","24",0
2020-03-14,"Massachusetts","25",0
2020-03-14,"Michigan","26",1
2020-03-14,"Minnesota","27",0
2020-03-14,"Mississippi","28",0
2020-03-14,"Missouri","29",0
2020-03-14,"Montana","30",0
2020-03-14,"Nebraska","31",0
2020-03-14,"Nevada","32",0
2020-03-14,"New Hampshire","33",0
2020-03-14,"New Jersey","34",3
2020-03-14,"New Mexico","35",0
2020-03-14,"North Carolina","37",1
2020-03-14,"North Dakota","38",0
2020-03-14,"Ohio","39",1
2020-03-14,"Oklahoma","40",0
2020-03-14,"Oregon","41",3
2020-03-14,"Pennsylvania","42",0
2020-03-14,"Rhode Island","44",0
2020-03-14,"South Carolina","45",0
2020-03-14,"South Dakota","46",1
2020-03-14,"Tennessee","47",0
2020-03-14,"Texas","48",0
2020-03-14,"Utah","49",0
2020-03-14,"Vermont","50",0
2020-03-14,"Virginia","51",1
2020-03-14,"Washington","53",28
2020-03-14,"West Virginia","54",0
2020-03-14,"Wisconsin","55",0
2020-03-14,"Wyoming","56",0
2020-03-14,"New York","36",5
2020-03-14,"US","US",60
2020-03-21,"Alabama","01",3
2020-03-21,"Alaska","02",1
2020-03-21,"Arizona","04",6
2020-03-21,"Arkansas","05",0
2020-03-21,"California","06",40
2020-03-21,"Colorado","08",15
2020-03-21,"Connecticut","09",11
2020-03-21,"Delaware","10",0
2020-03-21,"District of Columbia","11",2
2020-03-21,"Florida","12",17
2020-03-21,"Georgia","13",43
2020-03-21,"Hawaii","15",0
2020-03-21,"Idaho","16",0
2020-03-21,"Illinois","17",14
2020-03-21,"Indiana","18",16
2020-03-21,"Iowa","19",0
2020-03-21,"Kansas","20",1
2020-03-21,"Kentucky","21",4
2020-03-21,"Louisiana","22",39
2020-03-21,"Maine","23",0
2020-03-21,"Maryland","24",4
2020-03-21,"Massachusetts","25",5
2020-03-21,"Michigan","26",22
2020-03-21,"Minnesota","27",1
2020-03-21,"Mississippi","28",6
2020-03-21,"Missouri","29",2
2020-03-21,"Montana","30",0
2020-03-21,"Nebraska","31",0
2020-03-21,"Nevada","32",3
2020-03-21,"New Hampshire","33",0
2020-03-21,"New Jersey","34",38
2020-03-21,"New Mexico","35",0
2020-03-21,"North Carolina","37",2
2020-03-21,"North Dakota","38",0
2020-03-21,"Ohio","39",9
2020-03-21,"Oklahoma","40",7
2020-03-21,"Oregon","41",3
2020-03-21,"Pennsylvania","42",5
2020-03-21,"Rhode Island","44",0
2020-03-21,"South Carolina","45",3
2020-03-21,"South Dakota","46",0
2020-03-21,"Tennessee","47",3
2020-03-21,"Texas","48",12
2020-03-21,"Utah","49",0
2020-03-21,"Vermont","50",3
2020-03-21,"Virginia","51",7
2020-03-21,"Washington","53",65
2020-03-21,"West Virginia","54",0
2020-03-21,"Wisconsin","55",4
2020-03-21,"Wyoming","56",0
2020-03-21,"New York","36",170
2020-03-21,"US","US",586
2020-03-28,"Alabama","01",24
2020-03-28,"Alaska","02",2
2020-03-28,"Arizona","04",32
2020-03-28,"Arkansas","05",5
2020-03-28,"California","06",132
2020-03-28,"Colorado","08",46
2020-03-28,"Connecticut","09",48
2020-03-28,"Delaware","10",8
2020-03-28,"District of Columbia","11",7
2020-03-28,"Florida","12",82
2020-03-28,"Georgia","13",98
2020-03-28,"Hawaii","15",0
2020-03-28,"Idaho","16",9
2020-03-28,"Illinois","17",75
2020-03-28,"Indiana","18",52
2020-03-28,"Iowa","19",5
2020-03-28,"Kansas","20",6
2020-03-28,"Kentucky","21",9
2020-03-28,"Louisiana","22",192
2020-03-28,"Maine","23",2
2020-03-28,"Maryland","24",17
2020-03-28,"Massachusetts","25",52
2020-03-28,"Michigan","26",235
2020-03-28,"Minnesota","27",12
2020-03-28,"Mississippi","28",15
2020-03-28,"Missouri","29",16
2020-03-28,"Montana","30",3
2020-03-28,"Nebraska","31",3
2020-03-28,"Nevada","32",19
2020-03-28,"New Hampshire","33",5
2020-03-28,"New Jersey","34",293
2020-03-28,"New Mexico","35",2
2020-03-28,"North Carolina","37",12
2020-03-28,"North Dakota","38",1
2020-03-28,"Ohio","39",47
2020-03-28,"Oklahoma","40",19
2020-03-28,"Oregon","41",14
2020-03-28,"Pennsylvania","42",53
2020-03-28,"Rhode Island","44",3
2020-03-28,"South Carolina","45",18
2020-03-28,"South Dakota","46",1
2020-03-28,"Tennessee","47",9
2020-03-28,"Texas","48",45
2020-03-28,"Utah","49",4
2020-03-28,"Vermont","50",9
2020-03-28,"Virginia","51",33
2020-03-28,"Washington","53",126
2020-03-28,"West Virginia","54",0
2020-03-28,"Wisconsin","55",19
2020-03-28,"Wyoming","56",1
2020-03-28,"New York","36",1291
2020-03-28,"US","US",3211
2020-04-04,"Alabama","01",45
2020-04-04,"Alaska","02",3
2020-04-04,"Arizona","04",55
2020-04-04,"Arkansas","05",11
2020-04-04,"California","06",297
2020-04-04,"Colorado","08",126
2020-04-04,"Connecticut","09",206
2020-04-04,"Delaware","10",8
2020-04-04,"District of Columbia","11",14
2020-04-04,"Florida","12",208
2020-04-04,"Georgia","13",225
2020-04-04,"Hawaii","15",6
2020-04-04,"Idaho","16",6
2020-04-04,"Illinois","17",306
2020-04-04,"Indiana","18",159
2020-04-04,"Iowa","19",17
2020-04-04,"Kansas","20",23
2020-04-04,"Kentucky","21",49
2020-04-04,"Louisiana","22",390
2020-04-04,"Maine","23",8
2020-04-04,"Maryland","24",100
2020-04-04,"Massachusetts","25",229
2020-04-04,"Michigan","26",686
2020-04-04,"Minnesota","27",23
2020-04-04,"Mississippi","28",56
2020-04-04,"Missouri","29",57
2020-04-04,"Montana","30",3
2020-04-04,"Nebraska","31",7
2020-04-04,"Nevada","32",43
2020-04-04,"New Hampshire","33",12
2020-04-04,"New Jersey","34",1257
2020-04-04,"New Mexico","35",11
2020-04-04,"North Carolina","37",46
2020-04-04,"North Dakota","38",2
2020-04-04,"Ohio","39",119
2020-04-04,"Oklahoma","40",40
2020-04-04,"Oregon","41",25
2020-04-04,"Pennsylvania","42",210
2020-04-04,"Rhode Island","44",22
2020-04-04,"South Carolina","45",39
2020-04-04,"South Dakota","46",3
2020-04-04,"Tennessee","47",49
2020-04-04,"Texas","48",132
2020-04-04,"Utah","49",10
2020-04-04,"Vermont","50",12
2020-04-04,"Virginia","51",65
2020-04-04,"Washington","53",160
2020-04-04,"West Virginia","54",3
2020-04-04,"Wisconsin","55",79
2020-04-04,"Wyoming","56",0
2020-04-04,"New York","36",4451
2020-04-04,"US","US",10113
2020-04-11,"Alabama","01",74
2020-04-11,"Alaska","02",2
2020-04-11,"Arizona","04",92
2020-04-11,"Arkansas","05",15
2020-04-11,"California","06",386
2020-04-11,"Colorado","08",210
2020-04-11,"Connecticut","09",512
2020-04-11,"Delaware","10",32
2020-04-11,"District of Columbia","11",36
2020-04-11,"Florida","12",304
2020-04-11,"Georgia","13",222
2020-04-11,"Hawaii","15",4
2020-04-11,"Idaho","16",20
2020-04-11,"Illinois","17",476
2020-04-11,"Indiana","18",239
2020-04-11,"Iowa","19",22
2020-04-11,"Kansas","20",39
2020-04-11,"Kentucky","21",50
2020-04-11,"Louisiana","22",458
2020-04-11,"Maine","23",12
2020-04-11,"Maryland","24",213
2020-04-11,"Massachusetts","25",637
2020-04-11,"Michigan","26",981
2020-04-11,"Minnesota","27",45
2020-04-11,"Mississippi","28",64
2020-04-11,"Missouri","29",92
2020-04-11,"Montana","30",0
2020-04-11,"Nebraska","31",11
2020-04-11,"Nevada","32",54
2020-04-11,"New Hampshire","33",21
2020-04-11,"New Jersey","34",2358
2020-04-11,"New Mexico","35",21
2020-04-11,"North Carolina","37",63
2020-04-11,"North Dakota","38",5
2020-04-11,"Ohio","39",180
2020-04-11,"Oklahoma","40",52
2020-04-11,"Oregon","41",25
2020-04-11,"Pennsylvania","42",627
2020-04-11,"Rhode Island","44",51
2020-04-11,"South Carolina","45",60
2020-04-11,"South Dakota","46",1
2020-04-11,"Tennessee","47",52
2020-04-11,"Texas","48",209
2020-04-11,"Utah","49",8
2020-04-11,"Vermont","50",10
2020-04-11,"Virginia","51",113
2020-04-11,"Washington","53",151
2020-04-11,"West Virginia","54",7
2020-04-11,"Wisconsin","55",77
2020-04-11,"Wyoming","56",1
2020-04-11,"New York","36",6912
2020-04-11,"US","US",16306
2020-04-18,"Alabama","01",91
2020-04-18,"Alaska","02",1
2020-04-18,"Arizona","04",99
2020-04-18,"Arkansas","05",12
2020-04-18,"California","06",538
2020-04-18,"Colorado","08",218
2020-04-18,"Connecticut","09",670
2020-04-18,"Delaware","10",41
2020-04-18,"District of Columbia","11",53
2020-04-18,"Florida","12",316
2020-04-18,"Georgia","13",263
2020-04-18,"Hawaii","15",0
2020-04-18,"Idaho","16",12
2020-04-18,"Illinois","17",614
2020-04-18,"Indiana","18",259
2020-04-18,"Iowa","19",36
2020-04-18,"Kansas","20",43
2020-04-18,"Kentucky","21",59
2020-04-18,"Louisiana","22",396
2020-04-18,"Maine","23",14
2020-04-18,"Maryland","24",306
2020-04-18,"Massachusetts","25",1098
2020-04-18,"Michigan","26",986
2020-04-18,"Minnesota","27",80
2020-04-18,"Mississippi","28",65
2020-04-18,"Missouri","29",88
2020-04-18,"Montana","30",6
2020-04-18,"Nebraska","31",16
2020-04-18,"Nevada","32",44
2020-04-18,"New Hampshire","33",23
2020-04-18,"New Jersey","34",2483
2020-04-18,"New Mexico","35",34
2020-04-18,"North Carolina","37",136
2020-04-18,"North Dakota","38",4
2020-04-18,"Ohio","39",274
2020-04-18,"Oklahoma","40",49
2020-04-18,"Oregon","41",26
2020-04-18,"Pennsylvania","42",914
2020-04-18,"Rhode Island","44",92
2020-04-18,"South Carolina","45",56
2020-04-18,"South Dakota","46",2
2020-04-18,"Tennessee","47",45
2020-04-18,"Texas","48",238
2020-04-18,"Utah","49",7
2020-04-18,"Vermont","50",12
2020-04-18,"Virginia","51",185
2020-04-18,"Washington","53",122
2020-04-18,"West Virginia","54",14
2020-04-18,"Wisconsin","55",74
2020-04-18,"Wyoming","56",1
2020-04-18,"New York","36",5986
2020-04-18,"US","US",17201
2020-04-25,"Alabama","01",86
2020-04-25,"Alaska","02",0
2020-04-25,"Arizona","04",109
2020-04-25,"Arkansas","05",16
2020-04-25,"California","06",536
2020-04-25,"Colorado","08",221
2020-04-25,"Connecticut","09",679
2020-04-25,"Delaware","10",63
2020-04-25,"District of Columbia","11",82
2020-04-25,"Florida","12",321
2020-04-25,"Georgia","13",255
2020-04-25,"Hawaii","15",5
2020-04-25,"Idaho","16",11
2020-04-25,"Illinois","17",687
2020-04-25,"Indiana","18",304
2020-04-25,"Iowa","19",51
2020-04-25,"Kansas","20",26
2020-04-25,"Kentucky","21",68
2020-04-25,"Louisiana","22",336
2020-04-25,"Maine","23",19
2020-04-25,"Maryland","24",396
2020-04-25,"Massachusetts","25",1238
2020-04-25,"Michigan","26",785
2020-04-25,"Minnesota","27",152
2020-04-25,"Mississippi","28",68
2020-04-25,"Missouri","29",127
2020-04-25,"Montana","30",4
2020-04-25,"Nebraska","31",32
2020-04-25,"Nevada","32",60
2020-04-25,"New Hampshire","33",21
2020-04-25,"New Jersey","34",2045
2020-04-25,"New Mexico","35",44
2020-04-25,"North Carolina","37",124
2020-04-25,"North Dakota","38",7
2020-04-25,"Ohio","39",300
2020-04-25,"Oklahoma","40",48
2020-04-25,"Oregon","41",28
2020-04-25,"Pennsylvania","42",1069
2020-04-25,"Rhode Island","44",96
2020-04-25,"South Carolina","45",62
2020-04-25,"South Dakota","46",4
2020-04-25,"Tennessee","47",29
2020-04-25,"Texas","48",242
2020-04-25,"Utah","49",16
2020-04-25,"Vermont","50",11
2020-04-25,"Virginia","51",222
2020-04-25,"Washington","53",111
2020-04-25,"West Virginia","54",15
2020-04-25,"Wisconsin","55",50
2020-04-25,"Wyoming","56",5
2020-04-25,"New York","36",4239
2020-04-25,"US","US",15525
2020-05-02,"Alabama","01",82
2020-05-02,"Alaska","02",0
2020-05-02,"Arizona","04",110
2020-05-02,"Arkansas","05",23
2020-05-02,"California","06",539
2020-05-02,"Colorado","08",186
2020-05-02,"Connecticut","09",569
2020-05-02,"Delaware","10",88
2020-05-02,"District of Columbia","11",75
2020-05-02,"Florida","12",310
2020-05-02,"Georgia","13",273
2020-05-02,"Hawaii","15",2
2020-05-02,"Idaho","16",5
2020-05-02,"Illinois","17",753
2020-05-02,"Indiana","18",286
2020-05-02,"Iowa","19",68
2020-05-02,"Kansas","20",27
2020-05-02,"Kentucky","21",51
2020-05-02,"Louisiana","22",269
2020-05-02,"Maine","23",11
2020-05-02,"Maryland","24",410
2020-05-02,"Massachusetts","25",1111
2020-05-02,"Michigan","26",598
2020-05-02,"Minnesota","27",156
2020-05-02,"Mississippi","28",100
2020-05-02,"Missouri","29",119
2020-05-02,"Montana","30",3
2020-05-02,"Nebraska","31",23
2020-05-02,"Nevada","32",45
2020-05-02,"New Hampshire","33",46
2020-05-02,"New Jersey","34",1525
2020-05-02,"New Mexico","35",72
2020-05-02,"North Carolina","37",121
2020-05-02,"North Dakota","38",7
2020-05-02,"Ohio","39",330
2020-05-02,"Oklahoma","40",46
2020-05-02,"Oregon","41",17
2020-05-02,"Pennsylvania","42",934
2020-05-02,"Rhode Island","44",122
2020-05-02,"South Carolina","45",68
2020-05-02,"South Dakota","46",17
2020-05-02,"Tennessee","47",33
2020-05-02,"Texas","48",231
2020-05-02,"Utah","49",12
2020-05-02,"Vermont","50",4
2020-05-02,"Virginia","51",248
2020-05-02,"Washington","53",82
2020-05-02,"West Virginia","54",14
2020-05-02,"Wisconsin","55",71
2020-05-02,"Wyoming","56",1
2020-05-02,"New York","36",2906
2020-05-02,"US","US",13199
2020-05-09,"Alabama","01",117
2020-05-09,"Alaska","02",2
2020-05-09,"Arizona","04",130
2020-05-09,"Arkansas","05",24
2020-05-09,"California","06",553
2020-05-09,"Colorado","08",137
2020-05-09,"Connecticut","09",464
2020-05-09,"Delaware","10",69
2020-05-09,"District of Columbia","11",81
2020-05-09,"Florida","12",297
2020-05-09,"Georgia","13",213
2020-05-09,"Hawaii","15",0
2020-05-09,"Idaho","16",5
2020-05-09,"Illinois","17",791
2020-05-09,"Indiana","18",259
2020-05-09,"Iowa","19",87
2020-05-09,"Kansas","20",35
2020-05-09,"Kentucky","21",62
2020-05-09,"Louisiana","22",244
2020-05-09,"Maine","23",9
2020-05-09,"Maryland","24",408
2020-05-09,"Massachusetts","25",920
2020-05-09,"Michigan","26",455
2020-05-09,"Minnesota","27",169
2020-05-09,"Mississippi","28",87
2020-05-09,"Missouri","29",123
2020-05-09,"Montana","30",0
2020-05-09,"Nebraska","31",27
2020-05-09,"Nevada","32",50
2020-05-09,"New Hampshire","33",51
2020-05-09,"New Jersey","34",1112
2020-05-09,"New Mexico","35",63
2020-05-09,"North Carolina","37",125
2020-05-09,"North Dakota","38",10
2020-05-09,"Ohio","39",297
2020-05-09,"Oklahoma","40",29
2020-05-09,"Oregon","41",21
2020-05-09,"Pennsylvania","42",829
2020-05-09,"Rhode Island","44",135
2020-05-09,"South Carolina","45",71
2020-05-09,"South Dakota","46",15
2020-05-09,"Tennessee","47",48
2020-05-09,"Texas","48",230
2020-05-09,"Utah","49",17
2020-05-09,"Vermont","50",2
2020-05-09,"Virginia","51",234
2020-05-09,"Washington","53",85
2020-05-09,"West Virginia","54",6
2020-05-09,"Wisconsin","55",58
2020-05-09,"Wyoming","56",0
2020-05-09,"New York","36",1967
2020-05-09,"US","US",11223
2020-05-16,"Alabama","01",101
2020-05-16,"Alaska","02",0
2020-05-16,"Arizona","04",124
2020-05-16,"Arkansas","05",7
2020-05-16,"California","06",505
2020-05-16,"Colorado","08",94
2020-05-16,"Connecticut","09",381
2020-05-16,"Delaware","10",74
2020-05-16,"District of Columbia","11",68
2020-05-16,"Florida","12",262
2020-05-16,"Georgia","13",200
2020-05-16,"Hawaii","15",2
2020-05-16,"Idaho","16",5
2020-05-16,"Illinois","17",709
2020-05-16,"Indiana","18",253
2020-05-16,"Iowa","19",94
2020-05-16,"Kansas","20",26
2020-05-16,"Kentucky","21",44
2020-05-16,"Louisiana","22",171
2020-05-16,"Maine","23",10
2020-05-16,"Maryland","24",386
2020-05-16,"Massachusetts","25",789
2020-05-16,"Michigan","26",293
2020-05-16,"Minnesota","27",144
2020-05-16,"Mississippi","28",111
2020-05-16,"Missouri","29",94
2020-05-16,"Montana","30",0
2020-05-16,"Nebraska","31",36
2020-05-16,"Nevada","32",30
2020-05-16,"New Hampshire","33",48
2020-05-16,"New Jersey","34",823
2020-05-16,"New Mexico","35",62
2020-05-16,"North Carolina","37",107
2020-05-16,"North Dakota","38",11
2020-05-16,"Ohio","39",264
2020-05-16,"Oklahoma","40",20
2020-05-16,"Oregon","41",13
2020-05-16,"Pennsylvania","42",710
2020-05-16,"Rhode Island","44",109
2020-05-16,"South Carolina","45",63
2020-05-16,"South Dakota","46",8
2020-05-16,"Tennessee","47",54
2020-05-16,"Texas","48",253
2020-05-16,"Utah","49",20
2020-05-16,"Vermont","50",1
2020-05-16,"Virginia","51",202
2020-05-16,"Washington","53",73
2020-05-16,"West Virginia","54",16
2020-05-16,"Wisconsin","55",55
2020-05-16,"Wyoming","56",1
2020-05-16,"New York","36",1303
2020-05-16,"US","US",9229
2020-05-23,"Alabama","01",87
2020-05-23,"Alaska","02",0
2020-05-23,"Arizona","04",99
2020-05-23,"Arkansas","05",21
2020-05-23,"California","06",486
2020-05-23,"Colorado","08",93
2020-05-23,"Connecticut","09",283
2020-05-23,"Delaware","10",51
2020-05-23,"District of Columbia","11",49
2020-05-23,"Florida","12",239
2020-05-23,"Georgia","13",154
2020-05-23,"Hawaii","15",0
2020-05-23,"Idaho","16",7
2020-05-23,"Illinois","17",579
2020-05-23,"Indiana","18",196
2020-05-23,"Iowa","19",95
2020-05-23,"Kansas","20",9
2020-05-23,"Kentucky","21",51
2020-05-23,"Louisiana","22",132
2020-05-23,"Maine","23",8
2020-05-23,"Maryland","24",290
2020-05-23,"Massachusetts","25",528
2020-05-23,"Michigan","26",230
2020-05-23,"Minnesota","27",163
2020-05-23,"Mississippi","28",100
2020-05-23,"Missouri","29",78
2020-05-23,"Montana","30",0
2020-05-23,"Nebraska","31",36
2020-05-23,"Nevada","32",36
2020-05-23,"New Hampshire","33",44
2020-05-23,"New Jersey","34",552
2020-05-23,"New Mexico","35",43
2020-05-23,"North Carolina","37",110
2020-05-23,"North Dakota","38",10
2020-05-23,"Ohio","39",272
2020-05-23,"Oklahoma","40",24
2020-05-23,"Oregon","41",6
2020-05-23,"Pennsylvania","42",509
2020-05-23,"Rhode Island","44",98
2020-05-23,"South Carolina","45",55
2020-05-23,"South Dakota","46",11
2020-05-23,"Tennessee","47",32
2020-05-23,"Texas","48",171
2020-05-23,"Utah","49",14
2020-05-23,"Vermont","50",1
2020-05-23,"Virginia","51",174
2020-05-23,"Washington","53",51
2020-05-23,"West Virginia","54",7
2020-05-23,"Wisconsin","55",67
2020-05-23,"Wyoming","56",3
2020-05-23,"New York","36",874
2020-05-23,"US","US",7228
2020-05-30,"Alabama","01",111
2020-05-30,"Alaska","02",0
2020-05-30,"Arizona","04",125
2020-05-30,"Arkansas","05",21
2020-05-30,"California","06",460
2020-05-30,"Colorado","08",74
2020-05-30,"Connecticut","09",209
2020-05-30,"Delaware","10",50
2020-05-30,"District of Columbia","11",36
2020-05-30,"Florida","12",224
2020-05-30,"Georgia","13",144
2020-05-30,"Hawaii","15",0
2020-05-30,"Idaho","16",3
2020-05-30,"Illinois","17",481
2020-05-30,"Indiana","18",139
2020-05-30,"Iowa","19",82
2020-05-30,"Kansas","20",14
2020-05-30,"Kentucky","21",45
2020-05-30,"Louisiana","22",119
2020-05-30,"Maine","23",13
2020-05-30,"Maryland","24",296
2020-05-30,"Massachusetts","25",385
2020-05-30,"Michigan","26",174
2020-05-30,"Minnesota","27",159
2020-05-30,"Mississippi","28",108
2020-05-30,"Missouri","29",57
2020-05-30,"Montana","30",1
2020-05-30,"Nebraska","31",29
2020-05-30,"Nevada","32",29
2020-05-30,"New Hampshire","33",44
2020-05-30,"New Jersey","34",391
2020-05-30,"New Mexico","35",48
2020-05-30,"North Carolina","37",159
2020-05-30,"North Dakota","38",12
2020-05-30,"Ohio","39",185
2020-05-30,"Oklahoma","40",26
2020-05-30,"Oregon","41",10
2020-05-30,"Pennsylvania","42",359
2020-05-30,"Rhode Island","44",73
2020-05-30,"South Carolina","45",67
2020-05-30,"South Dakota","46",9
2020-05-30,"Tennessee","47",44
2020-05-30,"Texas","48",214
2020-05-30,"Utah","49",12
2020-05-30,"Vermont","50",2
2020-05-30,"Virginia","51",156
2020-05-30,"Washington","53",38
2020-05-30,"West Virginia","54",8
2020-05-30,"Wisconsin","55",89
2020-05-30,"Wyoming","56",3
2020-05-30,"New York","36",623
2020-05-30,"US","US",6160
2020-06-06,"Alabama","01",91
2020-06-06,"Alaska","02",0
2020-06-06,"Arizona","04",135
2020-06-06,"Arkansas","05",28
2020-06-06,"California","06",444
2020-06-06,"Colorado","08",61
2020-06-06,"Connecticut","09",119
2020-06-06,"Delaware","10",27
2020-06-06,"District of Columbia","11",26
2020-06-06,"Florida","12",223
2020-06-06,"Georgia","13",123
2020-06-06,"Hawaii","15",1
2020-06-06,"Idaho","16",2
2020-06-06,"Illinois","17",442
2020-06-06,"Indiana","18",128
2020-06-06,"Iowa","19",65
2020-06-06,"Kansas","20",19
2020-06-06,"Kentucky","21",38
2020-06-06,"Louisiana","22",104
2020-06-06,"Maine","23",7
2020-06-06,"Maryland","24",235
2020-06-06,"Massachusetts","25",243
2020-06-06,"Michigan","26",122
2020-06-06,"Minnesota","27",153
2020-06-06,"Mississippi","28",91
2020-06-06,"Missouri","29",50
2020-06-06,"Montana","30",1
2020-06-06,"Nebraska","31",23
2020-06-06,"Nevada","32",22
2020-06-06,"New Hampshire","33",35
2020-06-06,"New Jersey","34",315
2020-06-06,"New Mexico","35",33
2020-06-06,"North Carolina","37",121
2020-06-06,"North Dakota","38",7
2020-06-06,"Ohio","39",190
2020-06-06,"Oklahoma","40",15
2020-06-06,"Oregon","41",7
2020-06-06,"Pennsylvania","42",273
2020-06-06,"Rhode Island","44",53
2020-06-06,"South Carolina","45",68
2020-06-06,"South Dakota","46",7
2020-06-06,"Tennessee","47",37
2020-06-06,"Texas","48",181
2020-06-06,"Utah","49",13
2020-06-06,"Vermont","50",0
2020-06-06,"Virginia","51",111
2020-06-06,"Washington","53",36
2020-06-06,"West Virginia","54",7
2020-06-06,"Wisconsin","55",47
2020-06-06,"Wyoming","56",1
2020-06-06,"New York","36",466
2020-06-06,"US","US",5046
2020-06-13,"Alabama","01",85
2020-06-13,"Alaska","02",3
2020-06-13,"Arizona","04",173
2020-06-13,"Arkansas","05",37
2020-06-13,"California","06",445
2020-06-13,"Colorado","08",58
2020-06-13,"Connecticut","09",87
2020-06-13,"Delaware","10",20
2020-06-13,"District of Columbia","11",27
2020-06-13,"Florida","12",196
2020-06-13,"Georgia","13",120
2020-06-13,"Hawaii","15",1
2020-06-13,"Idaho","16",4
2020-06-13,"Illinois","17",333
2020-06-13,"Indiana","18",121
2020-06-13,"Iowa","19",38
2020-06-13,"Kansas","20",9
2020-06-13,"Kentucky","21",39
2020-06-13,"Louisiana","22",73
2020-06-13,"Maine","23",3
2020-06-13,"Maryland","24",190
2020-06-13,"Massachusetts","25",184
2020-06-13,"Michigan","26",78
2020-06-13,"Minnesota","27",89
2020-06-13,"Mississippi","28",70
2020-06-13,"Missouri","29",42
2020-06-13,"Montana","30",1
2020-06-13,"Nebraska","31",31
2020-06-13,"Nevada","32",15
2020-06-13,"New Hampshire","33",32
2020-06-13,"New Jersey","34",217
2020-06-13,"New Mexico","35",32
2020-06-13,"North Carolina","37",110
2020-06-13,"North Dakota","38",4
2020-06-13,"Ohio","39",134
2020-06-13,"Oklahoma","40",18
2020-06-13,"Oregon","41",15
2020-06-13,"Pennsylvania","42",208
2020-06-13,"Rhode Island","44",26
2020-06-13,"South Carolina","45",50
2020-06-13,"South Dakota","46",9
2020-06-13,"Tennessee","47",34
2020-06-13,"Texas","48",222
2020-06-13,"Utah","49",19
2020-06-13,"Vermont","50",0
2020-06-13,"Virginia","51",113
2020-06-13,"Washington","53",45
2020-06-13,"West Virginia","54",4
2020-06-13,"Wisconsin","55",40
2020-06-13,"Wyoming","56",1
2020-06-13,"New York","36",322
2020-06-13,"US","US",4227
2020-06-20,"Alabama","01",96
2020-06-20,"Alaska","02",0
2020-06-20,"Arizona","04",206
2020-06-20,"Arkansas","05",45
2020-06-20,"California","06",456
2020-06-20,"Colorado","08",35
2020-06-20,"Connecticut","09",46
2020-06-20,"Delaware","10",13
2020-06-20,"District of Columbia","11",20
2020-06-20,"Florida","12",220
2020-06-20,"Georgia","13",92
2020-06-20,"Hawaii","15",0
2020-06-20,"Idaho","16",0
2020-06-20,"Illinois","17",274
2020-06-20,"Indiana","18",111
2020-06-20,"Iowa","19",32
2020-06-20,"Kansas","20",19
2020-06-20,"Kentucky","21",26
2020-06-20,"Louisiana","22",85
2020-06-20,"Maine","23",3
2020-06-20,"Maryland","24",140
2020-06-20,"Massachusetts","25",130
2020-06-20,"Michigan","26",60
2020-06-20,"Minnesota","27",68
2020-06-20,"Mississippi","28",74
2020-06-20,"Missouri","29",42
2020-06-20,"Montana","30",3
2020-06-20,"Nebraska","31",25
2020-06-20,"Nevada","32",20
2020-06-20,"New Hampshire","33",14
2020-06-20,"New Jersey","34",158
2020-06-20,"New Mexico","35",36
2020-06-20,"North Carolina","37",101
2020-06-20,"North Dakota","38",4
2020-06-20,"Ohio","39",110
2020-06-20,"Oklahoma","40",18
2020-06-20,"Oregon","41",11
2020-06-20,"Pennsylvania","42",176
2020-06-20,"Rhode Island","44",33
2020-06-20,"South Carolina","45",61
2020-06-20,"South Dakota","46",10
2020-06-20,"Tennessee","47",55
2020-06-20,"Texas","48",304
2020-06-20,"Utah","49",17
2020-06-20,"Vermont","50",1
2020-06-20,"Virginia","51",93
2020-06-20,"Washington","53",32
2020-06-20,"West Virginia","54",2
2020-06-20,"Wisconsin","55",39
2020-06-20,"Wyoming","56",2
2020-06-20,"New York","36",226
2020-06-20,"US","US",3844
2020-06-27,"Alabama","01",110
2020-06-27,"Alaska","02",0
2020-06-27,"Arizona","04",248
2020-06-27,"Arkansas","05",48
2020-06-27,"California","06",498
2020-06-27,"Colorado","08",20
2020-06-27,"Connecticut","09",45
2020-06-27,"Delaware","10",11
2020-06-27,"District of Columbia","11",23
2020-06-27,"Florida","12",326
2020-06-27,"Georgia","13",123
2020-06-27,"Hawaii","15",1
2020-06-27,"Idaho","16",4
2020-06-27,"Illinois","17",154
2020-06-27,"Indiana","18",81
2020-06-27,"Iowa","19",20
2020-06-27,"Kansas","20",16
2020-06-27,"Kentucky","21",39
2020-06-27,"Louisiana","22",75
2020-06-27,"Maine","23",4
2020-06-27,"Maryland","24",111
2020-06-27,"Massachusetts","25",97
2020-06-27,"Michigan","26",50
2020-06-27,"Minnesota","27",53
2020-06-27,"Mississippi","28",69
2020-06-27,"Missouri","29",43
2020-06-27,"Montana","30",1
2020-06-27,"Nebraska","31",20
2020-06-27,"Nevada","32",23
2020-06-27,"New Hampshire","33",25
2020-06-27,"New Jersey","34",142
2020-06-27,"New Mexico","35",19
2020-06-27,"North Carolina","37",103
2020-06-27,"North Dakota","38",3
2020-06-27,"Ohio","39",107
2020-06-27,"Oklahoma","40",18
2020-06-27,"Oregon","41",14
2020-06-27,"Pennsylvania","42",143
2020-06-27,"Rhode Island","44",21
2020-06-27,"South Carolina","45",89
2020-06-27,"South Dakota","46",9
2020-06-27,"Tennessee","47",56
2020-06-27,"Texas","48",440
2020-06-27,"Utah","49",15
2020-06-27,"Vermont","50",0
2020-06-27,"Virginia","51",79
2020-06-27,"Washington","53",43
2020-06-27,"West Virginia","54",6
2020-06-27,"Wisconsin","55",35
2020-06-27,"Wyoming","56",1
2020-06-27,"New York","36",154
2020-06-27,"US","US",3835
2020-07-04,"Alabama","01",135
2020-07-04,"Alaska","02",1
2020-07-04,"Arizona","04",389
2020-07-04,"Arkansas","05",44
2020-07-04,"California","06",649
2020-07-04,"Colorado","08",24
2020-07-04,"Connecticut","09",24
2020-07-04,"Delaware","10",10
2020-07-04,"District of Columbia","11",14
2020-07-04,"Florida","12",451
2020-07-04,"Georgia","13",144
2020-07-04,"Hawaii","15",1
2020-07-04,"Idaho","16",3
2020-07-04,"Illinois","17",147
2020-07-04,"Indiana","18",69
2020-07-04,"Iowa","19",24
2020-07-04,"Kansas","20",13
2020-07-04,"Kentucky","21",35
2020-07-04,"Louisiana","22",88
2020-07-04,"Maine","23",6
2020-07-04,"Maryland","24",93
2020-07-04,"Massachusetts","25",68
2020-07-04,"Michigan","26",42
2020-07-04,"Minnesota","27",44
2020-07-04,"Mississippi","28",85
2020-07-04,"Missouri","29",40
2020-07-04,"Montana","30",1
2020-07-04,"Nebraska","31",11
2020-07-04,"Nevada","32",41
2020-07-04,"New Hampshire","33",15
2020-07-04,"New Jersey","34",98
2020-07-04,"New Mexico","35",22
2020-07-04,"North Carolina","37",104
2020-07-04,"North Dakota","38",2
2020-07-04,"Ohio","39",106
2020-07-04,"Oklahoma","40",28
2020-07-04,"Oregon","41",20
2020-07-04,"Pennsylvania","42",134
2020-07-04,"Rhode Island","44",19
2020-07-04,"South Carolina","45",129
2020-07-04,"South Dakota","46",7
2020-07-04,"Tennessee","47",69
2020-07-04,"Texas","48",812
2020-07-04,"Utah","49",22
2020-07-04,"Vermont","50",1
2020-07-04,"Virginia","51",57
2020-07-04,"Washington","53",46
2020-07-04,"West Virginia","54",3
2020-07-04,"Wisconsin","55",23
2020-07-04,"Wyoming","56",0
2020-07-04,"New York","36",127
2020-07-04,"US","US",4540
2020-07-11,"Alabama","01",148
2020-07-11,"Alaska","02",1
2020-07-11,"Arizona","04",499
2020-07-11,"Arkansas","05",52
2020-07-11,"California","06",744
2020-07-11,"Colorado","08",30
2020-07-11,"Connecticut","09",25
2020-07-11,"Delaware","10",11
2020-07-11,"District of Columbia","11",5
2020-07-11,"Florida","12",769
2020-07-11,"Georgia","13",217
2020-07-11,"Hawaii","15",2
2020-07-11,"Idaho","16",13
2020-07-11,"Illinois","17",115
2020-07-11,"Indiana","18",80
2020-07-11,"Iowa","19",28
2020-07-11,"Kansas","20",18
2020-07-11,"Kentucky","21",38
2020-07-11,"Louisiana","22",122
2020-07-11,"Maine","23",6
2020-07-11,"Maryland","24",72
2020-07-11,"Massachusetts","25",56
2020-07-11,"Michigan","26",42
2020-07-11,"Minnesota","27",31
2020-07-11,"Mississippi","28",123
2020-07-11,"Missouri","29",37
2020-07-11,"Montana","30",5
2020-07-11,"Nebraska","31",11
2020-07-11,"Nevada","32",68
2020-07-11,"New Hampshire","33",8
2020-07-11,"New Jersey","34",85
2020-07-11,"New Mexico","35",24
2020-07-11,"North Carolina","37",130
2020-07-11,"North Dakota","38",3
2020-07-11,"Ohio","39",131
2020-07-11,"Oklahoma","40",40
2020-07-11,"Oregon","41",16
2020-07-11,"Pennsylvania","42",123
2020-07-11,"Rhode Island","44",13
2020-07-11,"South Carolina","45",146
2020-07-11,"South Dakota","46",14
2020-07-11,"Tennessee","47",102
2020-07-11,"Texas","48",1265
2020-07-11,"Utah","49",35
2020-07-11,"Vermont","50",1
2020-07-11,"Virginia","51",68
2020-07-11,"Washington","53",61
2020-07-11,"West Virginia","54",1
2020-07-11,"Wisconsin","55",21
2020-07-11,"Wyoming","56",1
2020-07-11,"New York","36",114
2020-07-11,"US","US",5770
2020-07-18,"Alabama","01",199
2020-07-18,"Alaska","02",3
2020-07-18,"Arizona","04",537
2020-07-18,"Arkansas","05",57
2020-07-18,"California","06",897
2020-07-18,"Colorado","08",41
2020-07-18,"Connecticut","09",15
2020-07-18,"Delaware","10",9
2020-07-18,"District of Columbia","11",10
2020-07-18,"Florida","12",1171
2020-07-18,"Georgia","13",288
2020-07-18,"Hawaii","15",3
2020-07-18,"Idaho","16",24
2020-07-18,"Illinois","17",95
2020-07-18,"Indiana","18",62
2020-07-18,"Iowa","19",41
2020-07-18,"Kansas","20",26
2020-07-18,"Kentucky","21",39
2020-07-18,"Louisiana","22",161
2020-07-18,"Maine","23",6
2020-07-18,"Maryland","24",64
2020-07-18,"Massachusetts","25",37
2020-07-18,"Michigan","26",37
2020-07-18,"Minnesota","27",39
2020-07-18,"Mississippi","28",136
2020-07-18,"Missouri","29",51
2020-07-18,"Montana","30",8
2020-07-18,"Nebraska","31",8
2020-07-18,"Nevada","32",90
2020-07-18,"New Hampshire","33",7
2020-07-18,"New Jersey","34",62
2020-07-18,"New Mexico","35",28
2020-07-18,"North Carolina","37",154
2020-07-18,"North Dakota","38",7
2020-07-18,"Ohio","39",128
2020-07-18,"Oklahoma","40",49
2020-07-18,"Oregon","41",31
2020-07-18,"Pennsylvania","42",110
2020-07-18,"Rhode Island","44",9
2020-07-18,"South Carolina","45",232
2020-07-18,"South Dakota","46",6
2020-07-18,"Tennessee","47",116
2020-07-18,"Texas","48",1736
2020-07-18,"Utah","49",30
2020-07-18,"Vermont","50",0
2020-07-18,"Virginia","51",94
2020-07-18,"Washington","53",48
2020-07-18,"West Virginia","54",8
2020-07-18,"Wisconsin","55",33
2020-07-18,"Wyoming","56",4
2020-07-18,"New York","36",120
2020-07-18,"US","US",7166
2020-07-25,"Alabama","01",263
2020-07-25,"Alaska","02",3
2020-07-25,"Arizona","04",469
2020-07-25,"Arkansas","05",79
2020-07-25,"California","06",1013
2020-07-25,"Colorado","08",32
2020-07-25,"Connecticut","09",14
2020-07-25,"Delaware","10",11
2020-07-25,"District of Columbia","11",2
2020-07-25,"Florida","12",1392
2020-07-25,"Georgia","13",374
2020-07-25,"Hawaii","15",3
2020-07-25,"Idaho","16",43
2020-07-25,"Illinois","17",86
2020-07-25,"Indiana","18",75
2020-07-25,"Iowa","19",48
2020-07-25,"Kansas","20",38
2020-07-25,"Kentucky","21",52
2020-07-25,"Louisiana","22",228
2020-07-25,"Maine","23",2
2020-07-25,"Maryland","24",69
2020-07-25,"Massachusetts","25",37
2020-07-25,"Michigan","26",40
2020-07-25,"Minnesota","27",37
2020-07-25,"Mississippi","28",161
2020-07-25,"Missouri","29",88
2020-07-25,"Montana","30",10
2020-07-25,"Nebraska","31",14
2020-07-25,"Nevada","32",95
2020-07-25,"New Hampshire","33",8
2020-07-25,"New Jersey","34",66
2020-07-25,"New Mexico","35",48
2020-07-25,"North Carolina","37",189
2020-07-25,"North Dakota","38",9
2020-07-25,"Ohio","39",191
2020-07-25,"Oklahoma","40",71
2020-07-25,"Oregon","41",30
2020-07-25,"Pennsylvania","42",91
2020-07-25,"Rhode Island","44",8
2020-07-25,"South Carolina","45",318
2020-07-25,"South Dakota","46",13
2020-07-25,"Tennessee","47",143
2020-07-25,"Texas","48",1885
2020-07-25,"Utah","49",41
2020-07-25,"Vermont","50",2
2020-07-25,"Virginia","51",95
2020-07-25,"Washington","53",76
2020-07-25,"West Virginia","54",8
2020-07-25,"Wisconsin","55",51
2020-07-25,"Wyoming","56",2
2020-07-25,"New York","36",106
2020-07-25,"US","US",8229
2020-08-01,"Alabama","01",282
2020-08-01,"Alaska","02",5
2020-08-01,"Arizona","04",384
2020-08-01,"Arkansas","05",86
2020-08-01,"California","06",1009
2020-08-01,"Colorado","08",39
2020-08-01,"Connecticut","09",10
2020-08-01,"Delaware","10",6
2020-08-01,"District of Columbia","11",8
2020-08-01,"Florida","12",1488
2020-08-01,"Georgia","13",422
2020-08-01,"Hawaii","15",1
2020-08-01,"Idaho","16",48
2020-08-01,"Illinois","17",102
2020-08-01,"Indiana","18",80
2020-08-01,"Iowa","19",49
2020-08-01,"Kansas","20",36
2020-08-01,"Kentucky","21",49
2020-08-01,"Louisiana","22",240
2020-08-01,"Maine","23",5
2020-08-01,"Maryland","24",79
2020-08-01,"Massachusetts","25",32
2020-08-01,"Michigan","26",58
2020-08-01,"Minnesota","27",40
2020-08-01,"Mississippi","28",231
2020-08-01,"Missouri","29",76
2020-08-01,"Montana","30",15
2020-08-01,"Nebraska","31",13
2020-08-01,"Nevada","32",104
2020-08-01,"New Hampshire","33",5
2020-08-01,"New Jersey","34",61
2020-08-01,"New Mexico","35",53
2020-08-01,"North Carolina","37",208
2020-08-01,"North Dakota","38",6
2020-08-01,"Ohio","39",186
2020-08-01,"Oklahoma","40",86
2020-08-01,"Oregon","41",35
2020-08-01,"Pennsylvania","42",103
2020-08-01,"Rhode Island","44",5
2020-08-01,"South Carolina","45",295
2020-08-01,"South Dakota","46",8
2020-08-01,"Tennessee","47",156
2020-08-01,"Texas","48",1706
2020-08-01,"Utah","49",26
2020-08-01,"Vermont","50",1
2020-08-01,"Virginia","51",116
2020-08-01,"Washington","53",89
2020-08-01,"West Virginia","54",17
2020-08-01,"Wisconsin","55",47
2020-08-01,"Wyoming","56",1
2020-08-01,"New York","36",78
2020-08-01,"US","US",8285
2020-08-08,"Alabama","01",276
2020-08-08,"Alaska","02",5
2020-08-08,"Arizona","04",306
2020-08-08,"Arkansas","05",95
2020-08-08,"California","06",1000
2020-08-08,"Colorado","08",36
2020-08-08,"Connecticut","09",9
2020-08-08,"Delaware","10",7
2020-08-08,"District of Columbia","11",5
2020-08-08,"Florida","12",1388
2020-08-08,"Georgia","13",465
2020-08-08,"Hawaii","15",6
2020-08-08,"Idaho","16",39
2020-08-08,"Illinois","17",107
2020-08-08,"Indiana","18",71
2020-08-08,"Iowa","19",58
2020-08-08,"Kansas","20",38
2020-08-08,"Kentucky","21",48
2020-08-08,"Louisiana","22",253
2020-08-08,"Maine","23",2
2020-08-08,"Maryland","24",74
2020-08-08,"Massachusetts","25",29
2020-08-08,"Michigan","26",45
2020-08-08,"Minnesota","27",46
2020-08-08,"Mississippi","28",201
2020-08-08,"Missouri","29",90
2020-08-08,"Montana","30",16
2020-08-08,"Nebraska","31",23
2020-08-08,"Nevada","32",126
2020-08-08,"New Hampshire","33",5
2020-08-08,"New Jersey","34",35
2020-08-08,"New Mexico","35",30
2020-08-08,"North Carolina","37",196
2020-08-08,"North Dakota","38",7
2020-08-08,"Ohio","39",161
2020-08-08,"Oklahoma","40",80
2020-08-08,"Oregon","41",33
2020-08-08,"Pennsylvania","42",139
2020-08-08,"Rhode Island","44",9
2020-08-08,"South Carolina","45",274
2020-08-08,"South Dakota","46",7
2020-08-08,"Tennessee","47",161
2020-08-08,"Texas","48",1481
2020-08-08,"Utah","49",27
2020-08-08,"Vermont","50",1
2020-08-08,"Virginia","51",96
2020-08-08,"Washington","53",84
2020-08-08,"West Virginia","54",25
2020-08-08,"Wisconsin","55",62
2020-08-08,"Wyoming","56",6
2020-08-08,"New York","36",65
2020-08-08,"US","US",7848
2020-08-15,"Alabama","01",241
2020-08-15,"Alaska","02",6
2020-08-15,"Arizona","04",236
2020-08-15,"Arkansas","05",105
2020-08-15,"California","06",880
2020-08-15,"Colorado","08",25
2020-08-15,"Connecticut","09",8
2020-08-15,"Delaware","10",4
2020-08-15,"District of Columbia","11",8
2020-08-15,"Florida","12",1164
2020-08-15,"Georgia","13",429
2020-08-15,"Hawaii","15",14
2020-08-15,"Idaho","16",32
2020-08-15,"Illinois","17",113
2020-08-15,"Indiana","18",101
2020-08-15,"Iowa","19",54
2020-08-15,"Kansas","20",42
2020-08-15,"Kentucky","21",61
2020-08-15,"Louisiana","22",199
2020-08-15,"Maine","23",2
2020-08-15,"Maryland","24",63
2020-08-15,"Massachusetts","25",23
2020-08-15,"Michigan","26",69
2020-08-15,"Minnesota","27",55
2020-08-15,"Mississippi","28",192
2020-08-15,"Missouri","29",105
2020-08-15,"Montana","30",7
2020-08-15,"Nebraska","31",22
2020-08-15,"Nevada","32",116
2020-08-15,"New Hampshire","33",4
2020-08-15,"New Jersey","34",42
2020-08-15,"New Mexico","35",24
2020-08-15,"North Carolina","37",210
2020-08-15,"North Dakota","38",11
2020-08-15,"Ohio","39",186
2020-08-15,"Oklahoma","40",102
2020-08-15,"Oregon","41",34
2020-08-15,"Pennsylvania","42",131
2020-08-15,"Rhode Island","44",8
2020-08-15,"South Carolina","45",247
2020-08-15,"South Dakota","46",9
2020-08-15,"Tennessee","47",154
2020-08-15,"Texas","48",1355
2020-08-15,"Utah","49",29
2020-08-15,"Vermont","50",0
2020-08-15,"Virginia","51",112
2020-08-15,"Washington","53",78
2020-08-15,"West Virginia","54",15
2020-08-15,"Wisconsin","55",46
2020-08-15,"Wyoming","56",2
2020-08-15,"New York","36",73
2020-08-15,"US","US",7248
2020-08-22,"Alabama","01",213
2020-08-22,"Alaska","02",6
2020-08-22,"Arizona","04",166
2020-08-22,"Arkansas","05",88
2020-08-22,"California","06",832
2020-08-22,"Colorado","08",22
2020-08-22,"Connecticut","09",4
2020-08-22,"Delaware","10",6
2020-08-22,"District of Columbia","11",9
2020-08-22,"Florida","12",952
2020-08-22,"Georgia","13",414
2020-08-22,"Hawaii","15",15
2020-08-22,"Idaho","16",57
2020-08-22,"Illinois","17",104
2020-08-22,"Indiana","18",93
2020-08-22,"Iowa","19",65
2020-08-22,"Kansas","20",38
2020-08-22,"Kentucky","21",73
2020-08-22,"Louisiana","22",203
2020-08-22,"Maine","23",3
2020-08-22,"Maryland","24",63
2020-08-22,"Massachusetts","25",35
2020-08-22,"Michigan","26",62
2020-08-22,"Minnesota","27",62
2020-08-22,"Mississippi","28",186
2020-08-22,"Missouri","29",106
2020-08-22,"Montana","30",13
2020-08-22,"Nebraska","31",26
2020-08-22,"Nevada","32",99
2020-08-22,"New Hampshire","33",4
2020-08-22,"New Jersey","34",38
2020-08-22,"New Mexico","35",25
2020-08-22,"North Carolina","37",216
2020-08-22,"North Dakota","38",8
2020-08-22,"Ohio","39",182
2020-08-22,"Oklahoma","40",82
2020-08-22,"Oregon","41",25
2020-08-22,"Pennsylvania","42",99
2020-08-22,"Rhode Island","44",16
2020-08-22,"South Carolina","45",200
2020-08-22,"South Dakota","46",5
2020-08-22,"Tennessee","47",133
2020-08-22,"Texas","48",991
2020-08-22,"Utah","49",18
2020-08-22,"Vermont","50",0
2020-08-22,"Virginia","51",133
2020-08-22,"Washington","53",53
2020-08-22,"West Virginia","54",33
2020-08-22,"Wisconsin","55",37
2020-08-22,"Wyoming","56",2
2020-08-22,"New York","36",60
2020-08-22,"US","US",6375
2020-08-29,"Alabama","01",193
2020-08-29,"Alaska","02",3
2020-08-29,"Arizona","04",127
2020-08-29,"Arkansas","05",96
2020-08-29,"California","06",727
2020-08-29,"Colorado","08",27
2020-08-29,"Connecticut","09",5
2020-08-29,"Delaware","10",2
2020-08-29,"District of Columbia","11",2
2020-08-29,"Florida","12",792
2020-08-29,"Georgia","13",344
2020-08-29,"Hawaii","15",35
2020-08-29,"Idaho","16",26
2020-08-29,"Illinois","17",144
2020-08-29,"Indiana","18",78
2020-08-29,"Iowa","19",75
2020-08-29,"Kansas","20",56
2020-08-29,"Kentucky","21",72
2020-08-29,"Louisiana","22",169
2020-08-29,"Maine","23",2
2020-08-29,"Maryland","24",63
2020-08-29,"Massachusetts","25",27
2020-08-29,"Michigan","26",60
2020-08-29,"Minnesota","27",43
2020-08-29,"Mississippi","28",167
2020-08-29,"Missouri","29",120
2020-08-29,"Montana","30",12
2020-08-29,"Nebraska","31",13
2020-08-29,"Nevada","32",77
2020-08-29,"New Hampshire","33",1
2020-08-29,"New Jersey","34",36
2020-08-29,"New Mexico","35",23
2020-08-29,"North Carolina","37",195
2020-08-29,"North Dakota","38",6
2020-08-29,"Ohio","39",184
2020-08-29,"Oklahoma","40",92
2020-08-29,"Oregon","41",35
2020-08-29,"Pennsylvania","42",101
2020-08-29,"Rhode Island","44",7
2020-08-29,"South Carolina","45",205
2020-08-29,"South Dakota","46",10
2020-08-29,"Tennessee","47",159
2020-08-29,"Texas","48",828
2020-08-29,"Utah","49",10
2020-08-29,"Vermont","50",0
2020-08-29,"Virginia","51",113
2020-08-29,"Washington","53",48
2020-08-29,"West Virginia","54",34
2020-08-29,"Wisconsin","55",45
2020-08-29,"Wyoming","56",1
2020-08-29,"New York","36",49
2020-08-29,"US","US",5739
2020-09-05,"Alabama","01",161
2020-09-05,"Alaska","02",4
2020-09-05,"Arizona","04",95
2020-09-05,"Arkansas","05",83
2020-09-05,"California","06",615
2020-09-05,"Colorado","08",19
2020-09-05,"Connecticut","09",7
2020-09-05,"Delaware","10",8
2020-09-05,"District of Columbia","11",6
2020-09-05,"Florida","12",651
2020-09-05,"Georgia","13",258
2020-09-05,"Hawaii","15",31
2020-09-05,"Idaho","16",38
2020-09-05,"Illinois","17",127
2020-09-05,"Indiana","18",67
2020-09-05,"Iowa","19",61
2020-09-05,"Kansas","20",38
2020-09-05,"Kentucky","21",86
2020-09-05,"Louisiana","22",120
2020-09-05,"Maine","23",2
2020-09-05,"Maryland","24",56
2020-09-05,"Massachusetts","25",17
2020-09-05,"Michigan","26",54
2020-09-05,"Minnesota","27",53
2020-09-05,"Mississippi","28",113
2020-09-05,"Missouri","29",113
2020-09-05,"Montana","30",18
2020-09-05,"Nebraska","31",34
2020-09-05,"Nevada","32",73
2020-09-05,"New Hampshire","33",2
2020-09-05,"New Jersey","34",32
2020-09-05,"New Mexico","35",14
2020-09-05,"North Carolina","37",205
2020-09-05,"North Dakota","38",13
2020-09-05,"Ohio","39",166
2020-09-05,"Oklahoma","40",85
2020-09-05,"Oregon","41",22
2020-09-05,"Pennsylvania","42",88
2020-09-05,"Rhode Island","44",11
2020-09-05,"South Carolina","45",193
2020-09-05,"South Dakota","46",17
2020-09-05,"Tennessee","47",146
2020-09-05,"Texas","48",687
2020-09-05,"Utah","49",20
2020-09-05,"Vermont","50",0
2020-09-05,"Virginia","51",128
2020-09-05,"Washington","53",42
2020-09-05,"West Virginia","54",29
2020-09-05,"Wisconsin","55",42
2020-09-05,"Wyoming","56",5
2020-09-05,"New York","36",55
2020-09-05,"US","US",5010
2020-09-12,"Alabama","01",147
2020-09-12,"Alaska","02",2
2020-09-12,"Arizona","04",63
2020-09-12,"Arkansas","05",103
2020-09-12,"California","06",531
2020-09-12,"Colorado","08",31
2020-09-12,"Connecticut","09",8
2020-09-12,"Delaware","10",7
2020-09-12,"District of Columbia","11",7
2020-09-12,"Florida","12",507
2020-09-12,"Georgia","13",259
2020-09-12,"Hawaii","15",35
2020-09-12,"Idaho","16",22
2020-09-12,"Illinois","17",125
2020-09-12,"Indiana","18",85
2020-09-12,"Iowa","19",61
2020-09-12,"Kansas","20",62
2020-09-12,"Kentucky","21",71
2020-09-12,"Louisiana","22",121
2020-09-12,"Maine","23",4
2020-09-12,"Maryland","24",40
2020-09-12,"Massachusetts","25",21
2020-09-12,"Michigan","26",44
2020-09-12,"Minnesota","27",59
2020-09-12,"Mississippi","28",108
2020-09-12,"Missouri","29",154
2020-09-12,"Montana","30",25
2020-09-12,"Nebraska","31",24
2020-09-12,"Nevada","32",57
2020-09-12,"New Hampshire","33",1
2020-09-12,"New Jersey","34",35
2020-09-12,"New Mexico","35",11
2020-09-12,"North Carolina","37",207
2020-09-12,"North Dakota","38",11
2020-09-12,"Ohio","39",159
2020-09-12,"Oklahoma","40",86
2020-09-12,"Oregon","41",25
2020-09-12,"Pennsylvania","42",98
2020-09-12,"Rhode Island","44",10
2020-09-12,"South Carolina","45",144
2020-09-12,"South Dakota","46",17
2020-09-12,"Tennessee","47",173
2020-09-12,"Texas","48",567
2020-09-12,"Utah","49",12
2020-09-12,"Vermont","50",0
2020-09-12,"Virginia","51",126
2020-09-12,"Washington","53",30
2020-09-12,"West Virginia","54",24
2020-09-12,"Wisconsin","55",46
2020-09-12,"Wyoming","56",1
2020-09-12,"New York","36",52
2020-09-12,"US","US",4618
2020-09-19,"Alabama","01",143
2020-09-19,"Alaska","02",2
2020-09-19,"Arizona","04",65
2020-09-19,"Arkansas","05",84
2020-09-19,"California","06",480
2020-09-19,"Colorado","08",21
2020-09-19,"Connecticut","09",11
2020-09-19,"Delaware","10",4
2020-09-19,"District of Columbia","11",4
2020-09-19,"Florida","12",435
2020-09-19,"Georgia","13",227
2020-09-19,"Hawaii","15",33
2020-09-19,"Idaho","16",16
2020-09-19,"Illinois","17",138
2020-09-19,"Indiana","18",93
2020-09-19,"Iowa","19",50
2020-09-19,"Kansas","20",52
2020-09-19,"Kentucky","21",60
2020-09-19,"Louisiana","22",96
2020-09-19,"Maine","23",3
2020-09-19,"Maryland","24",52
2020-09-19,"Massachusetts","25",26
2020-09-19,"Michigan","26",59
2020-09-19,"Minnesota","27",50
2020-09-19,"Mississippi","28",106
2020-09-19,"Missouri","29",132
2020-09-19,"Montana","30",14
2020-09-19,"Nebraska","31",24
2020-09-19,"Nevada","32",53
2020-09-19,"New Hampshire","33",1
2020-09-19,"New Jersey","34",36
2020-09-19,"New Mexico","35",13
2020-09-19,"North Carolina","37",227
2020-09-19,"North Dakota","38",16
2020-09-19,"Ohio","39",131
2020-09-19,"Oklahoma","40",84
2020-09-19,"Oregon","41",19
2020-09-19,"Pennsylvania","42",87
2020-09-19,"Rhode Island","44",16
2020-09-19,"South Carolina","45",139
2020-09-19,"South Dakota","46",22
2020-09-19,"Tennessee","47",136
2020-09-19,"Texas","48",508
2020-09-19,"Utah","49",7
2020-09-19,"Vermont","50",0
2020-09-19,"Virginia","51",121
2020-09-19,"Washington","53",43
2020-09-19,"West Virginia","54",43
2020-09-19,"Wisconsin","55",35
2020-09-19,"Wyoming","56",4
2020-09-19,"New York","36",52
2020-09-19,"US","US",4273
2020-09-26,"Alabama","01",111
2020-09-26,"Alaska","02",5
2020-09-26,"Arizona","04",54
2020-09-26,"Arkansas","05",94
2020-09-26,"California","06",453
2020-09-26,"Colorado","08",24
2020-09-26,"Connecticut","09",8
2020-09-26,"Delaware","10",9
2020-09-26,"District of Columbia","11",8
2020-09-26,"Florida","12",417
2020-09-26,"Georgia","13",225
2020-09-26,"Hawaii","15",26
2020-09-26,"Idaho","16",22
2020-09-26,"Illinois","17",148
2020-09-26,"Indiana","18",93
2020-09-26,"Iowa","19",64
2020-09-26,"Kansas","20",59
2020-09-26,"Kentucky","21",72
2020-09-26,"Louisiana","22",79
2020-09-26,"Maine","23",2
2020-09-26,"Maryland","24",52
2020-09-26,"Massachusetts","25",23
2020-09-26,"Michigan","26",55
2020-09-26,"Minnesota","27",59
2020-09-26,"Mississippi","28",107
2020-09-26,"Missouri","29",182
2020-09-26,"Montana","30",20
2020-09-26,"Nebraska","31",24
2020-09-26,"Nevada","32",43
2020-09-26,"New Hampshire","33",3
2020-09-26,"New Jersey","34",31
2020-09-26,"New Mexico","35",13
2020-09-26,"North Carolina","37",205
2020-09-26,"North Dakota","38",45
2020-09-26,"Ohio","39",143
2020-09-26,"Oklahoma","40",92
2020-09-26,"Oregon","41",21
2020-09-26,"Pennsylvania","42",91
2020-09-26,"Rhode Island","44",10
2020-09-26,"South Carolina","45",127
2020-09-26,"South Dakota","46",29
2020-09-26,"Tennessee","47",150
2020-09-26,"Texas","48",509
2020-09-26,"Utah","49",21
2020-09-26,"Vermont","50",0
2020-09-26,"Virginia","51",87
2020-09-26,"Washington","53",51
2020-09-26,"West Virginia","54",26
2020-09-26,"Wisconsin","55",57
2020-09-26,"Wyoming","56",1
2020-09-26,"New York","36",46
2020-09-26,"US","US",4296
2020-10-03,"Alabama","01",119
2020-10-03,"Alaska","02",1
2020-10-03,"Arizona","04",35
2020-10-03,"Arkansas","05",118
2020-10-03,"California","06",347
2020-10-03,"Colorado","08",35
2020-10-03,"Connecticut","09",17
2020-10-03,"Delaware","10",13
2020-10-03,"District of Columbia","11",7
2020-10-03,"Florida","12",322
2020-10-03,"Georgia","13",160
2020-10-03,"Hawaii","15",20
2020-10-03,"Idaho","16",29
2020-10-03,"Illinois","17",163
2020-10-03,"Indiana","18",131
2020-10-03,"Iowa","19",85
2020-10-03,"Kansas","20",72
2020-10-03,"Kentucky","21",66
2020-10-03,"Louisiana","22",76
2020-10-03,"Maine","23",2
2020-10-03,"Maryland","24",41
2020-10-03,"Massachusetts","25",28
2020-10-03,"Michigan","26",82
2020-10-03,"Minnesota","27",73
2020-10-03,"Mississippi","28",81
2020-10-03,"Missouri","29",235
2020-10-03,"Montana","30",34
2020-10-03,"Nebraska","31",41
2020-10-03,"Nevada","32",35
2020-10-03,"New Hampshire","33",5
2020-10-03,"New Jersey","34",36
2020-10-03,"New Mexico","35",19
2020-10-03,"North Carolina","37",188
2020-10-03,"North Dakota","38",55
2020-10-03,"Ohio","39",140
2020-10-03,"Oklahoma","40",94
2020-10-03,"Oregon","41",23
2020-10-03,"Pennsylvania","42",121
2020-10-03,"Rhode Island","44",9
2020-10-03,"South Carolina","45",107
2020-10-03,"South Dakota","46",38
2020-10-03,"Tennessee","47",134
2020-10-03,"Texas","48",428
2020-10-03,"Utah","49",28
2020-10-03,"Vermont","50",0
2020-10-03,"Virginia","51",96
2020-10-03,"Washington","53",48
2020-10-03,"West Virginia","54",25
2020-10-03,"Wisconsin","55",83
2020-10-03,"Wyoming","56",6
2020-10-03,"New York","36",89
2020-10-03,"US","US",4240
2020-10-10,"Alabama","01",143
2020-10-10,"Alaska","02",8
2020-10-10,"Arizona","04",56
2020-10-10,"Arkansas","05",144
2020-10-10,"California","06",372
2020-10-10,"Colorado","08",36
2020-10-10,"Connecticut","09",17
2020-10-10,"Delaware","10",11
2020-10-10,"District of Columbia","11",9
2020-10-10,"Florida","12",328
2020-10-10,"Georgia","13",170
2020-10-10,"Hawaii","15",20
2020-10-10,"Idaho","16",23
2020-10-10,"Illinois","17",209
2020-10-10,"Indiana","18",123
2020-10-10,"Iowa","19",106
2020-10-10,"Kansas","20",87
2020-10-10,"Kentucky","21",95
2020-10-10,"Louisiana","22",85
2020-10-10,"Maine","23",4
2020-10-10,"Maryland","24",58
2020-10-10,"Massachusetts","25",33
2020-10-10,"Michigan","26",91
2020-10-10,"Minnesota","27",92
2020-10-10,"Mississippi","28",70
2020-10-10,"Missouri","29",220
2020-10-10,"Montana","30",47
2020-10-10,"Nebraska","31",51
2020-10-10,"Nevada","32",41
2020-10-10,"New Hampshire","33",16
2020-10-10,"New Jersey","34",52
2020-10-10,"New Mexico","35",22
2020-10-10,"North Carolina","37",208
2020-10-10,"North Dakota","38",62
2020-10-10,"Ohio","39",173
2020-10-10,"Oklahoma","40",131
2020-10-10,"Oregon","41",27
2020-10-10,"Pennsylvania","42",146
2020-10-10,"Rhode Island","44",16
2020-10-10,"South Carolina","45",92
2020-10-10,"South Dakota","46",36
2020-10-10,"Tennessee","47",176
2020-10-10,"Texas","48",486
2020-10-10,"Utah","49",42
2020-10-10,"Vermont","50",0
2020-10-10,"Virginia","51",96
2020-10-10,"Washington","53",37
2020-10-10,"West Virginia","54",35
2020-10-10,"Wisconsin","55",122
2020-10-10,"Wyoming","56",8
2020-10-10,"New York","36",81
2020-10-10,"US","US",4813
2020-10-17,"Alabama","01",132
2020-10-17,"Alaska","02",10
2020-10-17,"Arizona","04",46
2020-10-17,"Arkansas","05",144
2020-10-17,"California","06",302
2020-10-17,"Colorado","08",37
2020-10-17,"Connecticut","09",31
2020-10-17,"Delaware","10",18
2020-10-17,"District of Columbia","11",2
2020-10-17,"Florida","12",336
2020-10-17,"Georgia","13",152
2020-10-17,"Hawaii","15",18
2020-10-17,"Idaho","16",40
2020-10-17,"Illinois","17",241
2020-10-17,"Indiana","18",189
2020-10-17,"Iowa","19",119
2020-10-17,"Kansas","20",96
2020-10-17,"Kentucky","21",110
2020-10-17,"Louisiana","22",77
2020-10-17,"Maine","23",1
2020-10-17,"Maryland","24",44
2020-10-17,"Massachusetts","25",47
2020-10-17,"Michigan","26",128
2020-10-17,"Minnesota","27",100
2020-10-17,"Mississippi","28",80
2020-10-17,"Missouri","29",216
2020-10-17,"Montana","30",50
2020-10-17,"Nebraska","31",46
2020-10-17,"Nevada","32",35
2020-10-17,"New Hampshire","33",6
2020-10-17,"New Jersey","34",59
2020-10-17,"New Mexico","35",23
2020-10-17,"North Carolina","37",221
2020-10-17,"North Dakota","38",55
2020-10-17,"Ohio","39",194
2020-10-17,"Oklahoma","40",129
2020-10-17,"Oregon","41",37
2020-10-17,"Pennsylvania","42",152
2020-10-17,"Rhode Island","44",24
2020-10-17,"South Carolina","45",115
2020-10-17,"South Dakota","46",51
2020-10-17,"Tennessee","47",218
2020-10-17,"Texas","48",549
2020-10-17,"Utah","49",33
2020-10-17,"Vermont","50",0
2020-10-17,"Virginia","51",102
2020-10-17,"Washington","53",45
2020-10-17,"West Virginia","54",22
2020-10-17,"Wisconsin","55",194
2020-10-17,"Wyoming","56",16
2020-10-17,"New York","36",103
2020-10-17,"US","US",5195
2020-10-24,"Alabama","01",133
2020-10-24,"Alaska","02",6
2020-10-24,"Arizona","04",60
2020-10-24,"Arkansas","05",146
2020-10-24,"California","06",298
2020-10-24,"Colorado","08",59
2020-10-24,"Connecticut","09",32
2020-10-24,"Delaware","10",23
2020-10-24,"District of Columbia","11",3
2020-10-24,"Florida","12",286
2020-10-24,"Georgia","13",165
2020-10-24,"Hawaii","15",14
2020-10-24,"Idaho","16",42
2020-10-24,"Illinois","17",278
2020-10-24,"Indiana","18",204
2020-10-24,"Iowa","19",130
2020-10-24,"Kansas","20",119
2020-10-24,"Kentucky","21",141
2020-10-24,"Louisiana","22",73
2020-10-24,"Maine","23",3
2020-10-24,"Maryland","24",60
2020-10-24,"Massachusetts","25",59
2020-10-24,"Michigan","26",165
2020-10-24,"Minnesota","27",129
2020-10-24,"Mississippi","28",87
2020-10-24,"Missouri","29",253
2020-10-24,"Montana","30",82
2020-10-24,"Nebraska","31",71
2020-10-24,"Nevada","32",40
2020-10-24,"New Hampshire","33",11
2020-10-24,"New Jersey","34",74
2020-10-24,"New Mexico","35",59
2020-10-24,"North Carolina","37",217
2020-10-24,"North Dakota","38",59
2020-10-24,"Ohio","39",255
2020-10-24,"Oklahoma","40",182
2020-10-24,"Oregon","41",31
2020-10-24,"Pennsylvania","42",173
2020-10-24,"Rhode Island","44",20
2020-10-24,"South Carolina","45",126
2020-10-24,"South Dakota","46",65
2020-10-24,"Tennessee","47",230
2020-10-24,"Texas","48",677
2020-10-24,"Utah","49",31
2020-10-24,"Vermont","50",0
2020-10-24,"Virginia","51",128
2020-10-24,"Washington","53",63
2020-10-24,"West Virginia","54",31
2020-10-24,"Wisconsin","55",278
2020-10-24,"Wyoming","56",22
2020-10-24,"New York","36",97
2020-10-24,"US","US",5990
2020-10-31,"Alabama","01",136
2020-10-31,"Alaska","02",10
2020-10-31,"Arizona","04",83
2020-10-31,"Arkansas","05",141
2020-10-31,"California","06",329
2020-10-31,"Colorado","08",89
2020-10-31,"Connecticut","09",63
2020-10-31,"Delaware","10",26
2020-10-31,"District of Columbia","11",4
2020-10-31,"Florida","12",310
2020-10-31,"Georgia","13",199
2020-10-31,"Hawaii","15",12
2020-10-31,"Idaho","16",71
2020-10-31,"Illinois","17",349
2020-10-31,"Indiana","18",256
2020-10-31,"Iowa","19",133
2020-10-31,"Kansas","20",101
2020-10-31,"Kentucky","21",132
2020-10-31,"Louisiana","22",80
2020-10-31,"Maine","23",3
2020-10-31,"Maryland","24",66
2020-10-31,"Massachusetts","25",55
2020-10-31,"Michigan","26",176
2020-10-31,"Minnesota","27",160
2020-10-31,"Mississippi","28",97
2020-10-31,"Missouri","29",297
2020-10-31,"Montana","30",87
2020-10-31,"Nebraska","31",86
2020-10-31,"Nevada","32",52
2020-10-31,"New Hampshire","33",6
2020-10-31,"New Jersey","34",83
2020-10-31,"New Mexico","35",85
2020-10-31,"North Carolina","37",274
2020-10-31,"North Dakota","38",86
2020-10-31,"Ohio","39",315
2020-10-31,"Oklahoma","40",180
2020-10-31,"Oregon","41",33
2020-10-31,"Pennsylvania","42",194
2020-10-31,"Rhode Island","44",25
2020-10-31,"South Carolina","45",129
2020-10-31,"South Dakota","46",84
2020-10-31,"Tennessee","47",247
2020-10-31,"Texas","48",859
2020-10-31,"Utah","49",52
2020-10-31,"Vermont","50",0
2020-10-31,"Virginia","51",134
2020-10-31,"Washington","53",71
2020-10-31,"West Virginia","54",44
2020-10-31,"Wisconsin","55",349
2020-10-31,"Wyoming","56",29
2020-10-31,"New York","36",137
2020-10-31,"US","US",7019
2020-11-07,"Alabama","01",152
2020-11-07,"Alaska","02",7
2020-11-07,"Arizona","04",118
2020-11-07,"Arkansas","05",150
2020-11-07,"California","06",361
2020-11-07,"Colorado","08",161
2020-11-07,"Connecticut","09",68
2020-11-07,"Delaware","10",16
2020-11-07,"District of Columbia","11",10
2020-11-07,"Florida","12",306
2020-11-07,"Georgia","13",218
2020-11-07,"Hawaii","15",6
2020-11-07,"Idaho","16",77
2020-11-07,"Illinois","17",532
2020-11-07,"Indiana","18",314
2020-11-07,"Iowa","19",259
2020-11-07,"Kansas","20",146
2020-11-07,"Kentucky","21",175
2020-11-07,"Louisiana","22",92
2020-11-07,"Maine","23",9
2020-11-07,"Maryland","24",77
2020-11-07,"Massachusetts","25",78
2020-11-07,"Michigan","26",295
2020-11-07,"Minnesota","27",221
2020-11-07,"Mississippi","28",106
2020-11-07,"Missouri","29",379
2020-11-07,"Montana","30",78
2020-11-07,"Nebraska","31",128
2020-11-07,"Nevada","32",61
2020-11-07,"New Hampshire","33",8
2020-11-07,"New Jersey","34",95
2020-11-07,"New Mexico","35",150
2020-11-07,"North Carolina","37",288
2020-11-07,"North Dakota","38",109
2020-11-07,"Ohio","39",433
2020-11-07,"Oklahoma","40",198
2020-11-07,"Oregon","41",36
2020-11-07,"Pennsylvania","42",310
2020-11-07,"Rhode Island","44",29
2020-11-07,"South Carolina","45",112
2020-11-07,"South Dakota","46",146
2020-11-07,"Tennessee","47",271
2020-11-07,"Texas","48",994
2020-11-07,"Utah","49",69
2020-11-07,"Vermont","50",1
2020-11-07,"Virginia","51",142
2020-11-07,"Washington","53",69
2020-11-07,"West Virginia","54",52
2020-11-07,"Wisconsin","55",428
2020-11-07,"Wyoming","56",46
2020-11-07,"New York","36",168
2020-11-07,"US","US",8754
2020-11-14,"Alabama","01",191
2020-11-14,"Alaska","02",15
2020-11-14,"Arizona","04",122
2020-11-14,"Arkansas","05",197
2020-11-14,"California","06",462
2020-11-14,"Colorado","08",219
2020-11-14,"Connecticut","09",77
2020-11-14,"Delaware","10",18
2020-11-14,"District of Columbia","11",7
2020-11-14,"Florida","12",397
2020-11-14,"Georgia","13",227
2020-11-14,"Hawaii","15",9
2020-11-14,"Idaho","16",82
2020-11-14,"Illinois","17",696
2020-11-14,"Indiana","18",357
2020-11-14,"Iowa","19",309
2020-11-14,"Kansas","20",161
2020-11-14,"Kentucky","21",193
2020-11-14,"Louisiana","22",80
2020-11-14,"Maine","23",16
2020-11-14,"Maryland","24",106
2020-11-14,"Massachusetts","25",88
2020-11-14,"Michigan","26",404
2020-11-14,"Minnesota","27",288
2020-11-14,"Mississippi","28",123
2020-11-14,"Missouri","29",450
2020-11-14,"Montana","30",92
2020-11-14,"Nebraska","31",188
2020-11-14,"Nevada","32",79
2020-11-14,"New Hampshire","33",10
2020-11-14,"New Jersey","34",171
2020-11-14,"New Mexico","35",203
2020-11-14,"North Carolina","37",282
2020-11-14,"North Dakota","38",116
2020-11-14,"Ohio","39",549
2020-11-14,"Oklahoma","40",267
2020-11-14,"Oregon","41",55
2020-11-14,"Pennsylvania","42",431
2020-11-14,"Rhode Island","44",41
2020-11-14,"South Carolina","45",124
2020-11-14,"South Dakota","46",161
2020-11-14,"Tennessee","47",295
2020-11-14,"Texas","48",1129
2020-11-14,"Utah","49",77
2020-11-14,"Vermont","50",0
2020-11-14,"Virginia","51",140
2020-11-14,"Washington","53",89
2020-11-14,"West Virginia","54",61
2020-11-14,"Wisconsin","55",523
2020-11-14,"Wyoming","56",37
2020-11-14,"New York","36",230
2020-11-14,"US","US",10644
2020-11-21,"Alabama","01",182
2020-11-21,"Alaska","02",15
2020-11-21,"Arizona","04",199
2020-11-21,"Arkansas","05",193
2020-11-21,"California","06",628
2020-11-21,"Colorado","08",263
2020-11-21,"Connecticut","09",129
2020-11-21,"Delaware","10",24
2020-11-21,"District of Columbia","11",17
2020-11-21,"Florida","12",403
2020-11-21,"Georgia","13",227
2020-11-21,"Hawaii","15",8
2020-11-21,"Idaho","16",90
2020-11-21,"Illinois","17",975
2020-11-21,"Indiana","18",517
2020-11-21,"Iowa","19",420
2020-11-21,"Kansas","20",245
2020-11-21,"Kentucky","21",291
2020-11-21,"Louisiana","22",122
2020-11-21,"Maine","23",21
2020-11-21,"Maryland","24",153
2020-11-21,"Massachusetts","25",116
2020-11-21,"Michigan","26",583
2020-11-21,"Minnesota","27",413
2020-11-21,"Mississippi","28",138
2020-11-21,"Missouri","29",491
2020-11-21,"Montana","30",119
2020-11-21,"Nebraska","31",198
2020-11-21,"Nevada","32",131
2020-11-21,"New Hampshire","33",15
2020-11-21,"New Jersey","34",226
2020-11-21,"New Mexico","35",208
2020-11-21,"North Carolina","37",280
2020-11-21,"North Dakota","38",132
2020-11-21,"Ohio","39",757
2020-11-21,"Oklahoma","40",322
2020-11-21,"Oregon","41",83
2020-11-21,"Pennsylvania","42",643
2020-11-21,"Rhode Island","44",47
2020-11-21,"South Carolina","45",131
2020-11-21,"South Dakota","46",168
2020-11-21,"Tennessee","47",390
2020-11-21,"Texas","48",1232
2020-11-21,"Utah","49",109
2020-11-21,"Vermont","50",6
2020-11-21,"Virginia","51",190
2020-11-21,"Washington","53",117
2020-11-21,"West Virginia","54",82
2020-11-21,"Wisconsin","55",562
2020-11-21,"Wyoming","56",39
2020-11-21,"New York","36",293
2020-11-21,"US","US",13343
2020-11-28,"Alabama","01",209
2020-11-28,"Alaska","02",22
2020-11-28,"Arizona","04",294
2020-11-28,"Arkansas","05",228
2020-11-28,"California","06",864
2020-11-28,"Colorado","08",336
2020-11-28,"Connecticut","09",166
2020-11-28,"Delaware","10",29
2020-11-28,"District of Columbia","11",18
2020-11-28,"Florida","12",493
2020-11-28,"Georgia","13",236
2020-11-28,"Hawaii","15",7
2020-11-28,"Idaho","16",101
2020-11-28,"Illinois","17",975
2020-11-28,"Indiana","18",593
2020-11-28,"Iowa","19",405
2020-11-28,"Kansas","20",288
2020-11-28,"Kentucky","21",286
2020-11-28,"Louisiana","22",154
2020-11-28,"Maine","23",32
2020-11-28,"Maryland","24",224
2020-11-28,"Massachusetts","25",154
2020-11-28,"Michigan","26",680
2020-11-28,"Minnesota","27",447
2020-11-28,"Mississippi","28",149
2020-11-28,"Missouri","29",575
2020-11-28,"Montana","30",95
2020-11-28,"Nebraska","31",226
2020-11-28,"Nevada","32",176
2020-11-28,"New Hampshire","33",27
2020-11-28,"New Jersey","34",313
2020-11-28,"New Mexico","35",229
2020-11-28,"North Carolina","37",320
2020-11-28,"North Dakota","38",112
2020-11-28,"Ohio","39",1012
2020-11-28,"Oklahoma","40",397
2020-11-28,"Oregon","41",124
2020-11-28,"Pennsylvania","42",881
2020-11-28,"Rhode Island","44",67
2020-11-28,"South Carolina","45",143
2020-11-28,"South Dakota","46",161
2020-11-28,"Tennessee","47",434
2020-11-28,"Texas","48",1364
2020-11-28,"Utah","49",113
2020-11-28,"Vermont","50",8
2020-11-28,"Virginia","51",235
2020-11-28,"Washington","53",148
2020-11-28,"West Virginia","54",95
2020-11-28,"Wisconsin","55",499
2020-11-28,"Wyoming","56",45
2020-11-28,"New York","36",426
2020-11-28,"US","US",15615
2020-12-05,"Alabama","01",271
2020-12-05,"Alaska","02",31
2020-12-05,"Arizona","04",408
2020-12-05,"Arkansas","05",258
2020-12-05,"California","06",1325
2020-12-05,"Colorado","08",436
2020-12-05,"Connecticut","09",214
2020-12-05,"Delaware","10",37
2020-12-05,"District of Columbia","11",16
2020-12-05,"Florida","12",576
2020-12-05,"Georgia","13",294
2020-12-05,"Hawaii","15",13
2020-12-05,"Idaho","16",129
2020-12-05,"Illinois","17",1071
2020-12-05,"Indiana","18",607
2020-12-05,"Iowa","19",417
2020-12-05,"Kansas","20",321
2020-12-05,"Kentucky","21",352
2020-12-05,"Louisiana","22",174
2020-12-05,"Maine","23",48
2020-12-05,"Maryland","24",254
2020-12-05,"Massachusetts","25",215
2020-12-05,"Michigan","26",795
2020-12-05,"Minnesota","27",483
2020-12-05,"Mississippi","28",195
2020-12-05,"Missouri","29",565
2020-12-05,"Montana","30",103
2020-12-05,"Nebraska","31",201
2020-12-05,"Nevada","32",216
2020-12-05,"New Hampshire","33",50
2020-12-05,"New Jersey","34",458
2020-12-05,"New Mexico","35",271
2020-12-05,"North Carolina","37",363
2020-12-05,"North Dakota","38",119
2020-12-05,"Ohio","39",1249
2020-12-05,"Oklahoma","40",500
2020-12-05,"Oregon","41",135
2020-12-05,"Pennsylvania","42",1158
2020-12-05,"Rhode Island","44",84
2020-12-05,"South Carolina","45",191
2020-12-05,"South Dakota","46",136
2020-12-05,"Tennessee","47",497
2020-12-05,"Texas","48",1437
2020-12-05,"Utah","49",126
2020-12-05,"Vermont","50",15
2020-12-05,"Virginia","51",257
2020-12-05,"Washington","53",210
2020-12-05,"West Virginia","54",144
2020-12-05,"Wisconsin","55",511
2020-12-05,"Wyoming","56",53
2020-12-05,"New York","36",556
2020-12-05,"US","US",18545
2020-12-12,"Alabama","01",387
2020-12-12,"Alaska","02",26
2020-12-12,"Arizona","04",556
2020-12-12,"Arkansas","05",219
2020-12-12,"California","06",1969
2020-12-12,"Colorado","08",422
2020-12-12,"Connecticut","09",221
2020-12-12,"Delaware","10",50
2020-12-12,"District of Columbia","11",19
2020-12-12,"Florida","12",582
2020-12-12,"Georgia","13",349
2020-12-12,"Hawaii","15",6
2020-12-12,"Idaho","16",101
2020-12-12,"Illinois","17",1072
2020-12-12,"Indiana","18",714
2020-12-12,"Iowa","19",341
2020-12-12,"Kansas","20",343
2020-12-12,"Kentucky","21",365
2020-12-12,"Louisiana","22",237
2020-12-12,"Maine","23",47
2020-12-12,"Maryland","24",350
2020-12-12,"Massachusetts","25",263
2020-12-12,"Michigan","26",852
2020-12-12,"Minnesota","27",489
2020-12-12,"Mississippi","28",262
2020-12-12,"Missouri","29",560
2020-12-12,"Montana","30",90
2020-12-12,"Nebraska","31",161
2020-12-12,"Nevada","32",283
2020-12-12,"New Hampshire","33",52
2020-12-12,"New Jersey","34",497
2020-12-12,"New Mexico","35",299
2020-12-12,"North Carolina","37",490
2020-12-12,"North Dakota","38",80
2020-12-12,"Ohio","39",1428
2020-12-12,"Oklahoma","40",465
2020-12-12,"Oregon","41",153
2020-12-12,"Pennsylvania","42",1432
2020-12-12,"Rhode Island","44",139
2020-12-12,"South Carolina","45",193
2020-12-12,"South Dakota","46",131
2020-12-12,"Tennessee","47",502
2020-12-12,"Texas","48",1602
2020-12-12,"Utah","49",131
2020-12-12,"Vermont","50",13
2020-12-12,"Virginia","51",307
2020-12-12,"Washington","53",224
2020-12-12,"West Virginia","54",168
2020-12-12,"Wisconsin","55",439
2020-12-12,"Wyoming","56",51
2020-12-12,"New York","36",781
2020-12-12,"US","US",20913
2020-12-19,"Alabama","01",406
2020-12-19,"Alaska","02",20
2020-12-19,"Arizona","04",715
2020-12-19,"Arkansas","05",246
2020-12-19,"California","06",2946
2020-12-19,"Colorado","08",397
2020-12-19,"Connecticut","09",253
2020-12-19,"Delaware","10",73
2020-12-19,"District of Columbia","11",31
2020-12-19,"Florida","12",662
2020-12-19,"Georgia","13",385
2020-12-19,"Hawaii","15",6
2020-12-19,"Idaho","16",101
2020-12-19,"Illinois","17",966
2020-12-19,"Indiana","18",668
2020-12-19,"Iowa","19",295
2020-12-19,"Kansas","20",342
2020-12-19,"Kentucky","21",358
2020-12-19,"Louisiana","22",238
2020-12-19,"Maine","23",29
2020-12-19,"Maryland","24",367
2020-12-19,"Massachusetts","25",293
2020-12-19,"Michigan","26",800
2020-12-19,"Minnesota","27",425
2020-12-19,"Mississippi","28",233
2020-12-19,"Missouri","29",492
2020-12-19,"Montana","30",73
2020-12-19,"Nebraska","31",125
2020-12-19,"Nevada","32",277
2020-12-19,"New Hampshire","33",53
2020-12-19,"New Jersey","34",526
2020-12-19,"New Mexico","35",245
2020-12-19,"North Carolina","37",597
2020-12-19,"North Dakota","38",53
2020-12-19,"Ohio","39",1480
2020-12-19,"Oklahoma","40",442
2020-12-19,"Oregon","41",128
2020-12-19,"Pennsylvania","42",1507
2020-12-19,"Rhode Island","44",133
2020-12-19,"South Carolina","45",268
2020-12-19,"South Dakota","46",92
2020-12-19,"Tennessee","47",579
2020-12-19,"Texas","48",1626
2020-12-19,"Utah","49",119
2020-12-19,"Vermont","50",18
2020-12-19,"Virginia","51",383
2020-12-19,"Washington","53",224
2020-12-19,"West Virginia","54",178
2020-12-19,"Wisconsin","55",391
2020-12-19,"Wyoming","56",47
2020-12-19,"New York","36",1002
2020-12-19,"US","US",22313
2020-12-26,"Alabama","01",470
2020-12-26,"Alaska","02",25
2020-12-26,"Arizona","04",756
2020-12-26,"Arkansas","05",253
2020-12-26,"California","06",3941
2020-12-26,"Colorado","08",297
2020-12-26,"Connecticut","09",243
2020-12-26,"Delaware","10",77
2020-12-26,"District of Columbia","11",32
2020-12-26,"Florida","12",770
2020-12-26,"Georgia","13",506
2020-12-26,"Hawaii","15",10
2020-12-26,"Idaho","16",101
2020-12-26,"Illinois","17",903
2020-12-26,"Indiana","18",611
2020-12-26,"Iowa","19",236
2020-12-26,"Kansas","20",297
2020-12-26,"Kentucky","21",382
2020-12-26,"Louisiana","22",252
2020-12-26,"Maine","23",45
2020-12-26,"Maryland","24",316
2020-12-26,"Massachusetts","25",359
2020-12-26,"Michigan","26",661
2020-12-26,"Minnesota","27",335
2020-12-26,"Mississippi","28",246
2020-12-26,"Missouri","29",468
2020-12-26,"Montana","30",78
2020-12-26,"Nebraska","31",118
2020-12-26,"Nevada","32",285
2020-12-26,"New Hampshire","33",85
2020-12-26,"New Jersey","34",561
2020-12-26,"New Mexico","35",207
2020-12-26,"North Carolina","37",612
2020-12-26,"North Dakota","38",54
2020-12-26,"Ohio","39",1320
2020-12-26,"Oklahoma","40",470
2020-12-26,"Oregon","41",119
2020-12-26,"Pennsylvania","42",1583
2020-12-26,"Rhode Island","44",97
2020-12-26,"South Carolina","45",319
2020-12-26,"South Dakota","46",51
2020-12-26,"Tennessee","47",668
2020-12-26,"Texas","48",1733
2020-12-26,"Utah","49",93
2020-12-26,"Vermont","50",21
2020-12-26,"Virginia","51",407
2020-12-26,"Washington","53",206
2020-12-26,"West Virginia","54",180
2020-12-26,"Wisconsin","55",335
2020-12-26,"Wyoming","56",49
2020-12-26,"New York","36",1120
2020-12-26,"US","US",23363
2021-01-02,"Alabama","01",524
2021-01-02,"Alaska","02",9
2021-01-02,"Arizona","04",856
2021-01-02,"Arkansas","05",276
2021-01-02,"California","06",4705
2021-01-02,"Colorado","08",262
2021-01-02,"Connecticut","09",297
2021-01-02,"Delaware","10",71
2021-01-02,"District of Columbia","11",33
2021-01-02,"Florida","12",926
2021-01-02,"Georgia","13",690
2021-01-02,"Hawaii","15",6
2021-01-02,"Idaho","16",81
2021-01-02,"Illinois","17",843
2021-01-02,"Indiana","18",644
2021-01-02,"Iowa","19",197
2021-01-02,"Kansas","20",251
2021-01-02,"Kentucky","21",357
2021-01-02,"Louisiana","22",255
2021-01-02,"Maine","23",59
2021-01-02,"Maryland","24",345
2021-01-02,"Massachusetts","25",387
2021-01-02,"Michigan","26",554
2021-01-02,"Minnesota","27",282
2021-01-02,"Mississippi","28",295
2021-01-02,"Missouri","29",438
2021-01-02,"Montana","30",51
2021-01-02,"Nebraska","31",98
2021-01-02,"Nevada","32",290
2021-01-02,"New Hampshire","33",81
2021-01-02,"New Jersey","34",644
2021-01-02,"New Mexico","35",202
2021-01-02,"North Carolina","37",752
2021-01-02,"North Dakota","38",29
2021-01-02,"Ohio","39",1236
2021-01-02,"Oklahoma","40",510
2021-01-02,"Oregon","41",124
2021-01-02,"Pennsylvania","42",1497
2021-01-02,"Rhode Island","44",91
2021-01-02,"South Carolina","45",382
2021-01-02,"South Dakota","46",53
2021-01-02,"Tennessee","47",640
2021-01-02,"Texas","48",1982
2021-01-02,"Utah","49",98
2021-01-02,"Vermont","50",11
2021-01-02,"Virginia","51",465
2021-01-02,"Washington","53",191
2021-01-02,"West Virginia","54",206
2021-01-02,"Wisconsin","55",313
2021-01-02,"Wyoming","56",35
2021-01-02,"New York","36",1221
2021-01-02,"US","US",24845
2021-01-09,"Alabama","01",573
2021-01-09,"Alaska","02",13
2021-01-09,"Arizona","04",913
2021-01-09,"Arkansas","05",261
2021-01-09,"California","06",5251
2021-01-09,"Colorado","08",207
2021-01-09,"Connecticut","09",239
2021-01-09,"Delaware","10",70
2021-01-09,"District of Columbia","11",32
2021-01-09,"Florida","12",1045
2021-01-09,"Georgia","13",838
2021-01-09,"Hawaii","15",9
2021-01-09,"Idaho","16",80
2021-01-09,"Illinois","17",680
2021-01-09,"Indiana","18",549
2021-01-09,"Iowa","19",219
2021-01-09,"Kansas","20",269
2021-01-09,"Kentucky","21",332
2021-01-09,"Louisiana","22",332
2021-01-09,"Maine","23",54
2021-01-09,"Maryland","24",305
2021-01-09,"Massachusetts","25",385
2021-01-09,"Michigan","26",509
2021-01-09,"Minnesota","27",247
2021-01-09,"Mississippi","28",331
2021-01-09,"Missouri","29",428
2021-01-09,"Montana","30",48
2021-01-09,"Nebraska","31",97
2021-01-09,"Nevada","32",296
2021-01-09,"New Hampshire","33",74
2021-01-09,"New Jersey","34",537
2021-01-09,"New Mexico","35",190
2021-01-09,"North Carolina","37",807
2021-01-09,"North Dakota","38",23
2021-01-09,"Ohio","39",1126
2021-01-09,"Oklahoma","40",521
2021-01-09,"Oregon","41",122
2021-01-09,"Pennsylvania","42",1269
2021-01-09,"Rhode Island","44",105
2021-01-09,"South Carolina","45",447
2021-01-09,"South Dakota","46",64
2021-01-09,"Tennessee","47",716
2021-01-09,"Texas","48",2506
2021-01-09,"Utah","49",113
2021-01-09,"Vermont","50",9
2021-01-09,"Virginia","51",533
2021-01-09,"Washington","53",222
2021-01-09,"West Virginia","54",214
2021-01-09,"Wisconsin","55",279
2021-01-09,"Wyoming","56",41
2021-01-09,"New York","36",1444
2021-01-09,"US","US",25974
2021-01-16,"Alabama","01",617
2021-01-16,"Alaska","02",9
2021-01-16,"Arizona","04",971
2021-01-16,"Arkansas","05",309
2021-01-16,"California","06",5080
2021-01-16,"Colorado","08",161
2021-01-16,"Connecticut","09",240
2021-01-16,"Delaware","10",85
2021-01-16,"District of Columbia","11",40
2021-01-16,"Florida","12",1211
2021-01-16,"Georgia","13",974
2021-01-16,"Hawaii","15",14
2021-01-16,"Idaho","16",51
2021-01-16,"Illinois","17",594
2021-01-16,"Indiana","18",483
2021-01-16,"Iowa","19",174
2021-01-16,"Kansas","20",233
2021-01-16,"Kentucky","21",314
2021-01-16,"Louisiana","22",345
2021-01-16,"Maine","23",72
2021-01-16,"Maryland","24",325
2021-01-16,"Massachusetts","25",396
2021-01-16,"Michigan","26",432
2021-01-16,"Minnesota","27",216
2021-01-16,"Mississippi","28",322
2021-01-16,"Missouri","29",405
2021-01-16,"Montana","30",47
2021-01-16,"Nebraska","31",79
2021-01-16,"Nevada","32",289
2021-01-16,"New Hampshire","33",79
2021-01-16,"New Jersey","34",590
2021-01-16,"New Mexico","35",178
2021-01-16,"North Carolina","37",901
2021-01-16,"North Dakota","38",25
2021-01-16,"Ohio","39",1079
2021-01-16,"Oklahoma","40",512
2021-01-16,"Oregon","41",102
2021-01-16,"Pennsylvania","42",1123
2021-01-16,"Rhode Island","44",95
2021-01-16,"South Carolina","45",520
2021-01-16,"South Dakota","46",30
2021-01-16,"Tennessee","47",660
2021-01-16,"Texas","48",2508
2021-01-16,"Utah","49",101
2021-01-16,"Vermont","50",8
2021-01-16,"Virginia","51",556
2021-01-16,"Washington","53",174
2021-01-16,"West Virginia","54",177
2021-01-16,"Wisconsin","55",245
2021-01-16,"Wyoming","56",29
2021-01-16,"New York","36",1512
2021-01-16,"US","US",25692
2021-01-23,"Alabama","01",592
2021-01-23,"Alaska","02",5
2021-01-23,"Arizona","04",930
2021-01-23,"Arkansas","05",289
2021-01-23,"California","06",4345
2021-01-23,"Colorado","08",154
2021-01-23,"Connecticut","09",254
2021-01-23,"Delaware","10",91
2021-01-23,"District of Columbia","11",29
2021-01-23,"Florida","12",1205
2021-01-23,"Georgia","13",934
2021-01-23,"Hawaii","15",15
2021-01-23,"Idaho","16",64
2021-01-23,"Illinois","17",496
2021-01-23,"Indiana","18",425
2021-01-23,"Iowa","19",143
2021-01-23,"Kansas","20",197
2021-01-23,"Kentucky","21",299
2021-01-23,"Louisiana","22",322
2021-01-23,"Maine","23",55
2021-01-23,"Maryland","24",350
2021-01-23,"Massachusetts","25",392
2021-01-23,"Michigan","26",372
2021-01-23,"Minnesota","27",135
2021-01-23,"Mississippi","28",299
2021-01-23,"Missouri","29",368
2021-01-23,"Montana","30",41
2021-01-23,"Nebraska","31",76
2021-01-23,"Nevada","32",254
2021-01-23,"New Hampshire","33",67
2021-01-23,"New Jersey","34",566
2021-01-23,"New Mexico","35",153
2021-01-23,"North Carolina","37",863
2021-01-23,"North Dakota","38",14
2021-01-23,"Ohio","39",855
2021-01-23,"Oklahoma","40",484
2021-01-23,"Oregon","41",97
2021-01-23,"Pennsylvania","42",1049
2021-01-23,"Rhode Island","44",95
2021-01-23,"South Carolina","45",540
2021-01-23,"South Dakota","46",36
2021-01-23,"Tennessee","47",610
2021-01-23,"Texas","48",2397
2021-01-23,"Utah","49",102
2021-01-23,"Vermont","50",9
2021-01-23,"Virginia","51",555
2021-01-23,"Washington","53",186
2021-01-23,"West Virginia","54",153
2021-01-23,"Wisconsin","55",220
2021-01-23,"Wyoming","56",27
2021-01-23,"New York","36",1478
2021-01-23,"US","US",23687
2021-01-30,"Alabama","01",525
2021-01-30,"Alaska","02",8
2021-01-30,"Arizona","04",749
2021-01-30,"Arkansas","05",218
2021-01-30,"California","06",3522
2021-01-30,"Colorado","08",143
2021-01-30,"Connecticut","09",173
2021-01-30,"Delaware","10",58
2021-01-30,"District of Columbia","11",39
2021-01-30,"Florida","12",1028
2021-01-30,"Georgia","13",886
2021-01-30,"Hawaii","15",12
2021-01-30,"Idaho","16",39
2021-01-30,"Illinois","17",454
2021-01-30,"Indiana","18",379
2021-01-30,"Iowa","19",119
2021-01-30,"Kansas","20",175
2021-01-30,"Kentucky","21",261
2021-01-30,"Louisiana","22",242
2021-01-30,"Maine","23",58
2021-01-30,"Maryland","24",310
2021-01-30,"Massachusetts","25",369
2021-01-30,"Michigan","26",285
2021-01-30,"Minnesota","27",126
2021-01-30,"Mississippi","28",230
2021-01-30,"Missouri","29",284
2021-01-30,"Montana","30",28
2021-01-30,"Nebraska","31",56
2021-01-30,"Nevada","32",221
2021-01-30,"New Hampshire","33",65
2021-01-30,"New Jersey","34",515
2021-01-30,"New Mexico","35",107
2021-01-30,"North Carolina","37",749
2021-01-30,"North Dakota","38",14
2021-01-30,"Ohio","39",733
2021-01-30,"Oklahoma","40",390
2021-01-30,"Oregon","41",89
2021-01-30,"Pennsylvania","42",873
2021-01-30,"Rhode Island","44",80
2021-01-30,"South Carolina","45",477
2021-01-30,"South Dakota","46",27
2021-01-30,"Tennessee","47",463
2021-01-30,"Texas","48",2250
2021-01-30,"Utah","49",78
2021-01-30,"Vermont","50",6
2021-01-30,"Virginia","51",513
2021-01-30,"Washington","53",149
2021-01-30,"West Virginia","54",129
2021-01-30,"Wisconsin","55",200
2021-01-30,"Wyoming","56",20
2021-01-30,"New York","36",1398
2021-01-30,"US","US",20322
2021-02-06,"Alabama","01",369
2021-02-06,"Alaska","02",3
2021-02-06,"Arizona","04",643
2021-02-06,"Arkansas","05",174
2021-02-06,"California","06",2891
2021-02-06,"Colorado","08",117
2021-02-06,"Connecticut","09",165
2021-02-06,"Delaware","10",54
2021-02-06,"District of Columbia","11",40
2021-02-06,"Florida","12",1001
2021-02-06,"Georgia","13",714
2021-02-06,"Hawaii","15",10
2021-02-06,"Idaho","16",39
2021-02-06,"Illinois","17",373
2021-02-06,"Indiana","18",291
2021-02-06,"Iowa","19",97
2021-02-06,"Kansas","20",113
2021-02-06,"Kentucky","21",241
2021-02-06,"Louisiana","22",218
2021-02-06,"Maine","23",33
2021-02-06,"Maryland","24",238
2021-02-06,"Massachusetts","25",296
2021-02-06,"Michigan","26",289
2021-02-06,"Minnesota","27",110
2021-02-06,"Mississippi","28",228
2021-02-06,"Missouri","29",201
2021-02-06,"Montana","30",20
2021-02-06,"Nebraska","31",41
2021-02-06,"Nevada","32",203
2021-02-06,"New Hampshire","33",41
2021-02-06,"New Jersey","34",470
2021-02-06,"New Mexico","35",114
2021-02-06,"North Carolina","37",588
2021-02-06,"North Dakota","38",13
2021-02-06,"Ohio","39",578
2021-02-06,"Oklahoma","40",299
2021-02-06,"Oregon","41",69
2021-02-06,"Pennsylvania","42",678
2021-02-06,"Rhode Island","44",68
2021-02-06,"South Carolina","45",410
2021-02-06,"South Dakota","46",30
2021-02-06,"Tennessee","47",321
2021-02-06,"Texas","48",1886
2021-02-06,"Utah","49",59
2021-02-06,"Vermont","50",7
2021-02-06,"Virginia","51",448
2021-02-06,"Washington","53",153
2021-02-06,"West Virginia","54",110
2021-02-06,"Wisconsin","55",159
2021-02-06,"Wyoming","56",20
2021-02-06,"New York","36",1301
2021-02-06,"US","US",17034
2021-02-13,"Alabama","01",278
2021-02-13,"Alaska","02",6
2021-02-13,"Arizona","04",489
2021-02-13,"Arkansas","05",131
2021-02-13,"California","06",2266
2021-02-13,"Colorado","08",101
2021-02-13,"Connecticut","09",142
2021-02-13,"Delaware","10",51
2021-02-13,"District of Columbia","11",31
2021-02-13,"Florida","12",834
2021-02-13,"Georgia","13",488
2021-02-13,"Hawaii","15",8
2021-02-13,"Idaho","16",26
2021-02-13,"Illinois","17",357
2021-02-13,"Indiana","18",193
2021-02-13,"Iowa","19",73
2021-02-13,"Kansas","20",81
2021-02-13,"Kentucky","21",205
2021-02-13,"Louisiana","22",170
2021-02-13,"Maine","23",29
2021-02-13,"Maryland","24",246
2021-02-13,"Massachusetts","25",203
2021-02-13,"Michigan","26",186
2021-02-13,"Minnesota","27",96
2021-02-13,"Mississippi","28",152
2021-02-13,"Missouri","29",176
2021-02-13,"Montana","30",13
2021-02-13,"Nebraska","31",35
2021-02-13,"Nevada","32",163
2021-02-13,"New Hampshire","33",25
2021-02-13,"New Jersey","34",367
2021-02-13,"New Mexico","35",84
2021-02-13,"North Carolina","37",500
2021-02-13,"North Dakota","38",5
2021-02-13,"Ohio","39",451
2021-02-13,"Oklahoma","40",226
2021-02-13,"Oregon","41",46
2021-02-13,"Pennsylvania","42",541
2021-02-13,"Rhode Island","44",64
2021-02-13,"South Carolina","45",318
2021-02-13,"South Dakota","46",22
2021-02-13,"Tennessee","47",231
2021-02-13,"Texas","48",1529
2021-02-13,"Utah","49",49
2021-02-13,"Vermont","50",7
2021-02-13,"Virginia","51",345
2021-02-13,"Washington","53",97
2021-02-13,"West Virginia","54",92
2021-02-13,"Wisconsin","55",117
2021-02-13,"Wyoming","56",15
2021-02-13,"New York","36",1159
2021-02-13,"US","US",13519
2021-02-20,"Alabama","01",227
2021-02-20,"Alaska","02",5
2021-02-20,"Arizona","04",328
2021-02-20,"Arkansas","05",101
2021-02-20,"California","06",1658
2021-02-20,"Colorado","08",67
2021-02-20,"Connecticut","09",84
2021-02-20,"Delaware","10",28
2021-02-20,"District of Columbia","11",17
2021-02-20,"Florida","12",693
2021-02-20,"Georgia","13",412
2021-02-20,"Hawaii","15",8
2021-02-20,"Idaho","16",28
2021-02-20,"Illinois","17",236
2021-02-20,"Indiana","18",162
2021-02-20,"Iowa","19",66
2021-02-20,"Kansas","20",68
2021-02-20,"Kentucky","21",169
2021-02-20,"Louisiana","22",149
2021-02-20,"Maine","23",26
2021-02-20,"Maryland","24",206
2021-02-20,"Massachusetts","25",180
2021-02-20,"Michigan","26",154
2021-02-20,"Minnesota","27",68
2021-02-20,"Mississippi","28",113
2021-02-20,"Missouri","29",127
2021-02-20,"Montana","30",25
2021-02-20,"Nebraska","31",34
2021-02-20,"Nevada","32",110
2021-02-20,"New Hampshire","33",24
2021-02-20,"New Jersey","34",333
2021-02-20,"New Mexico","35",77
2021-02-20,"North Carolina","37",361
2021-02-20,"North Dakota","38",5
2021-02-20,"Ohio","39",383
2021-02-20,"Oklahoma","40",195
2021-02-20,"Oregon","41",34
2021-02-20,"Pennsylvania","42",435
2021-02-20,"Rhode Island","44",33
2021-02-20,"South Carolina","45",236
2021-02-20,"South Dakota","46",12
2021-02-20,"Tennessee","47",228
2021-02-20,"Texas","48",1363
2021-02-20,"Utah","49",36
2021-02-20,"Vermont","50",8
2021-02-20,"Virginia","51",279
2021-02-20,"Washington","53",90
2021-02-20,"West Virginia","54",58
2021-02-20,"Wisconsin","55",71
2021-02-20,"Wyoming","56",8
2021-02-20,"New York","36",989
2021-02-20,"US","US",10807
2021-02-27,"Alabama","01",181
2021-02-27,"Alaska","02",11
2021-02-27,"Arizona","04",236
2021-02-27,"Arkansas","05",84
2021-02-27,"California","06",1181
2021-02-27,"Colorado","08",61
2021-02-27,"Connecticut","09",77
2021-02-27,"Delaware","10",26
2021-02-27,"District of Columbia","11",26
2021-02-27,"Florida","12",570
2021-02-27,"Georgia","13",313
2021-02-27,"Hawaii","15",4
2021-02-27,"Idaho","16",26
2021-02-27,"Illinois","17",224
2021-02-27,"Indiana","18",129
2021-02-27,"Iowa","19",52
2021-02-27,"Kansas","20",58
2021-02-27,"Kentucky","21",153
2021-02-27,"Louisiana","22",94
2021-02-27,"Maine","23",14
2021-02-27,"Maryland","24",157
2021-02-27,"Massachusetts","25",162
2021-02-27,"Michigan","26",122
2021-02-27,"Minnesota","27",50
2021-02-27,"Mississippi","28",116
2021-02-27,"Missouri","29",102
2021-02-27,"Montana","30",15
2021-02-27,"Nebraska","31",20
2021-02-27,"Nevada","32",79
2021-02-27,"New Hampshire","33",21
2021-02-27,"New Jersey","34",298
2021-02-27,"New Mexico","35",53
2021-02-27,"North Carolina","37",291
2021-02-27,"North Dakota","38",8
2021-02-27,"Ohio","39",285
2021-02-27,"Oklahoma","40",171
2021-02-27,"Oregon","41",35
2021-02-27,"Pennsylvania","42",335
2021-02-27,"Rhode Island","44",25
2021-02-27,"South Carolina","45",188
2021-02-27,"South Dakota","46",11
2021-02-27,"Tennessee","47",161
2021-02-27,"Texas","48",1080
2021-02-27,"Utah","49",34
2021-02-27,"Vermont","50",8
2021-02-27,"Virginia","51",241
2021-02-27,"Washington","53",81
2021-02-27,"West Virginia","54",39
2021-02-27,"Wisconsin","55",85
2021-02-27,"Wyoming","56",7
2021-02-27,"New York","36",854
2021-02-27,"US","US",8654
2021-03-06,"Alabama","01",117
2021-03-06,"Alaska","02",4
2021-03-06,"Arizona","04",181
2021-03-06,"Arkansas","05",73
2021-03-06,"California","06",833
2021-03-06,"Colorado","08",50
2021-03-06,"Connecticut","09",62
2021-03-06,"Delaware","10",23
2021-03-06,"District of Columbia","11",20
2021-03-06,"Florida","12",498
2021-03-06,"Georgia","13",256
2021-03-06,"Hawaii","15",5
2021-03-06,"Idaho","16",24
2021-03-06,"Illinois","17",166
2021-03-06,"Indiana","18",114
2021-03-06,"Iowa","19",45
2021-03-06,"Kansas","20",35
2021-03-06,"Kentucky","21",103
2021-03-06,"Louisiana","22",78
2021-03-06,"Maine","23",5
2021-03-06,"Maryland","24",101
2021-03-06,"Massachusetts","25",115
2021-03-06,"Michigan","26",103
2021-03-06,"Minnesota","27",58
2021-03-06,"Mississippi","28",88
2021-03-06,"Missouri","29",82
2021-03-06,"Montana","30",19
2021-03-06,"Nebraska","31",23
2021-03-06,"Nevada","32",57
2021-03-06,"New Hampshire","33",12
2021-03-06,"New Jersey","34",228
2021-03-06,"New Mexico","35",51
2021-03-06,"North Carolina","37",189
2021-03-06,"North Dakota","38",8
2021-03-06,"Ohio","39",237
2021-03-06,"Oklahoma","40",122
2021-03-06,"Oregon","41",33
2021-03-06,"Pennsylvania","42",267
2021-03-06,"Rhode Island","44",14
2021-03-06,"South Carolina","45",164
2021-03-06,"South Dakota","46",7
2021-03-06,"Tennessee","47",142
2021-03-06,"Texas","48",845
2021-03-06,"Utah","49",35
2021-03-06,"Vermont","50",2
2021-03-06,"Virginia","51",166
2021-03-06,"Washington","53",58
2021-03-06,"West Virginia","54",32
2021-03-06,"Wisconsin","55",54
2021-03-06,"Wyoming","56",8
2021-03-06,"New York","36",719
2021-03-06,"US","US",6731
2021-03-13,"Alabama","01",112
2021-03-13,"Alaska","02",2
2021-03-13,"Arizona","04",126
2021-03-13,"Arkansas","05",57
2021-03-13,"California","06",601
2021-03-13,"Colorado","08",50
2021-03-13,"Connecticut","09",58
2021-03-13,"Delaware","10",24
2021-03-13,"District of Columbia","11",12
2021-03-13,"Florida","12",424
2021-03-13,"Georgia","13",183
2021-03-13,"Hawaii","15",3
2021-03-13,"Idaho","16",15
2021-03-13,"Illinois","17",136
2021-03-13,"Indiana","18",85
2021-03-13,"Iowa","19",41
2021-03-13,"Kansas","20",36
2021-03-13,"Kentucky","21",104
2021-03-13,"Louisiana","22",101
2021-03-13,"Maine","23",6
2021-03-13,"Maryland","24",117
2021-03-13,"Massachusetts","25",92
2021-03-13,"Michigan","26",97
2021-03-13,"Minnesota","27",57
2021-03-13,"Mississippi","28",67
2021-03-13,"Missouri","29",63
2021-03-13,"Montana","30",12
2021-03-13,"Nebraska","31",21
2021-03-13,"Nevada","32",51
2021-03-13,"New Hampshire","33",10
2021-03-13,"New Jersey","34",221
2021-03-13,"New Mexico","35",37
2021-03-13,"North Carolina","37",152
2021-03-13,"North Dakota","38",8
2021-03-13,"Ohio","39",212
2021-03-13,"Oklahoma","40",69
2021-03-13,"Oregon","41",21
2021-03-13,"Pennsylvania","42",236
2021-03-13,"Rhode Island","44",28
2021-03-13,"South Carolina","45",131
2021-03-13,"South Dakota","46",10
2021-03-13,"Tennessee","47",147
2021-03-13,"Texas","48",689
2021-03-13,"Utah","49",27
2021-03-13,"Vermont","50",7
2021-03-13,"Virginia","51",149
2021-03-13,"Washington","53",40
2021-03-13,"West Virginia","54",36
2021-03-13,"Wisconsin","55",49
2021-03-13,"Wyoming","56",4
2021-03-13,"New York","36",689
2021-03-13,"US","US",5725
2021-03-20,"Alabama","01",92
2021-03-20,"Alaska","02",5
2021-03-20,"Arizona","04",122
2021-03-20,"Arkansas","05",37
2021-03-20,"California","06",500
2021-03-20,"Colorado","08",43
2021-03-20,"Connecticut","09",48
2021-03-20,"Delaware","10",14
2021-03-20,"District of Columbia","11",6
2021-03-20,"Florida","12",360
2021-03-20,"Georgia","13",169
2021-03-20,"Hawaii","15",4
2021-03-20,"Idaho","16",18
2021-03-20,"Illinois","17",131
2021-03-20,"Indiana","18",62
2021-03-20,"Iowa","19",38
2021-03-20,"Kansas","20",24
2021-03-20,"Kentucky","21",75
2021-03-20,"Louisiana","22",56
2021-03-20,"Maine","23",12
2021-03-20,"Maryland","24",124
2021-03-20,"Massachusetts","25",85
2021-03-20,"Michigan","26",126
2021-03-20,"Minnesota","27",41
2021-03-20,"Mississippi","28",61
2021-03-20,"Missouri","29",55
2021-03-20,"Montana","30",16
2021-03-20,"Nebraska","31",15
2021-03-20,"Nevada","32",50
2021-03-20,"New Hampshire","33",17
2021-03-20,"New Jersey","34",248
2021-03-20,"New Mexico","35",29
2021-03-20,"North Carolina","37",137
2021-03-20,"North Dakota","38",0
2021-03-20,"Ohio","39",160
2021-03-20,"Oklahoma","40",68
2021-03-20,"Oregon","41",29
2021-03-20,"Pennsylvania","42",209
2021-03-20,"Rhode Island","44",23
2021-03-20,"South Carolina","45",99
2021-03-20,"South Dakota","46",6
2021-03-20,"Tennessee","47",94
2021-03-20,"Texas","48",567
2021-03-20,"Utah","49",19
2021-03-20,"Vermont","50",4
2021-03-20,"Virginia","51",135
2021-03-20,"Washington","53",38
2021-03-20,"West Virginia","54",25
2021-03-20,"Wisconsin","55",33
2021-03-20,"Wyoming","56",2
2021-03-20,"New York","36",562
2021-03-20,"US","US",4893
2021-03-27,"Alabama","01",79
2021-03-27,"Alaska","02",3
2021-03-27,"Arizona","04",71
2021-03-27,"Arkansas","05",34
2021-03-27,"California","06",371
2021-03-27,"Colorado","08",44
2021-03-27,"Connecticut","09",46
2021-03-27,"Delaware","10",10
2021-03-27,"District of Columbia","11",8
2021-03-27,"Florida","12",342
2021-03-27,"Georgia","13",120
2021-03-27,"Hawaii","15",4
2021-03-27,"Idaho","16",12
2021-03-27,"Illinois","17",130
2021-03-27,"Indiana","18",56
2021-03-27,"Iowa","19",32
2021-03-27,"Kansas","20",30
2021-03-27,"Kentucky","21",81
2021-03-27,"Louisiana","22",66
2021-03-27,"Maine","23",11
2021-03-27,"Maryland","24",99
2021-03-27,"Massachusetts","25",75
2021-03-27,"Michigan","26",173
2021-03-27,"Minnesota","27",38
2021-03-27,"Mississippi","28",47
2021-03-27,"Missouri","29",72
2021-03-27,"Montana","30",13
2021-03-27,"Nebraska","31",13
2021-03-27,"Nevada","32",39
2021-03-27,"New Hampshire","33",11
2021-03-27,"New Jersey","34",234
2021-03-27,"New Mexico","35",27
2021-03-27,"North Carolina","37",129
2021-03-27,"North Dakota","38",4
2021-03-27,"Ohio","39",137
2021-03-27,"Oklahoma","40",58
2021-03-27,"Oregon","41",34
2021-03-27,"Pennsylvania","42",213
2021-03-27,"Rhode Island","44",11
2021-03-27,"South Carolina","45",89
2021-03-27,"South Dakota","46",11
2021-03-27,"Tennessee","47",117
2021-03-27,"Texas","48",432
2021-03-27,"Utah","49",15
2021-03-27,"Vermont","50",4
2021-03-27,"Virginia","51",127
2021-03-27,"Washington","53",46
2021-03-27,"West Virginia","54",17
2021-03-27,"Wisconsin","55",36
2021-03-27,"Wyoming","56",1
2021-03-27,"New York","36",589
2021-03-27,"US","US",4461
2021-04-03,"Alabama","01",69
2021-04-03,"Alaska","02",3
2021-04-03,"Arizona","04",52
2021-04-03,"Arkansas","05",21
2021-04-03,"California","06",282
2021-04-03,"Colorado","08",47
2021-04-03,"Connecticut","09",47
2021-04-03,"Delaware","10",13
2021-04-03,"District of Columbia","11",17
2021-04-03,"Florida","12",356
2021-04-03,"Georgia","13",136
2021-04-03,"Hawaii","15",4
2021-04-03,"Idaho","16",20
2021-04-03,"Illinois","17",124
2021-04-03,"Indiana","18",59
2021-04-03,"Iowa","19",22
2021-04-03,"Kansas","20",28
2021-04-03,"Kentucky","21",58
2021-04-03,"Louisiana","22",54
2021-04-03,"Maine","23",11
2021-04-03,"Maryland","24",118
2021-04-03,"Massachusetts","25",77
2021-04-03,"Michigan","26",246
2021-04-03,"Minnesota","27",51
2021-04-03,"Mississippi","28",54
2021-04-03,"Missouri","29",59
2021-04-03,"Montana","30",6
2021-04-03,"Nebraska","31",7
2021-04-03,"Nevada","32",37
2021-04-03,"New Hampshire","33",6
2021-04-03,"New Jersey","34",225
2021-04-03,"New Mexico","35",25
2021-04-03,"North Carolina","37",119
2021-04-03,"North Dakota","38",2
2021-04-03,"Ohio","39",121
2021-04-03,"Oklahoma","40",46
2021-04-03,"Oregon","41",26
2021-04-03,"Pennsylvania","42",231
2021-04-03,"Rhode Island","44",13
2021-04-03,"South Carolina","45",72
2021-04-03,"South Dakota","46",6
2021-04-03,"Tennessee","47",97
2021-04-03,"Texas","48",353
2021-04-03,"Utah","49",11
2021-04-03,"Vermont","50",10
2021-04-03,"Virginia","51",95
2021-04-03,"Washington","53",36
2021-04-03,"West Virginia","54",24
2021-04-03,"Wisconsin","55",40
2021-04-03,"Wyoming","56",3
2021-04-03,"New York","36",558
2021-04-03,"US","US",4197
2021-04-10,"Alabama","01",61
2021-04-10,"Alaska","02",4
2021-04-10,"Arizona","04",65
2021-04-10,"Arkansas","05",27
2021-04-10,"California","06",272
2021-04-10,"Colorado","08",26
2021-04-10,"Connecticut","09",38
2021-04-10,"Delaware","10",23
2021-04-10,"District of Columbia","11",14
2021-04-10,"Florida","12",293
2021-04-10,"Georgia","13",124
2021-04-10,"Hawaii","15",2
2021-04-10,"Idaho","16",27
2021-04-10,"Illinois","17",142
2021-04-10,"Indiana","18",51
2021-04-10,"Iowa","19",34
2021-04-10,"Kansas","20",15
2021-04-10,"Kentucky","21",55
2021-04-10,"Louisiana","22",31
2021-04-10,"Maine","23",11
2021-04-10,"Maryland","24",129
2021-04-10,"Massachusetts","25",63
2021-04-10,"Michigan","26",328
2021-04-10,"Minnesota","27",60
2021-04-10,"Mississippi","28",51
2021-04-10,"Missouri","29",51
2021-04-10,"Montana","30",5
2021-04-10,"Nebraska","31",12
2021-04-10,"Nevada","32",36
2021-04-10,"New Hampshire","33",5
2021-04-10,"New Jersey","34",265
2021-04-10,"New Mexico","35",20
2021-04-10,"North Carolina","37",106
2021-04-10,"North Dakota","38",6
2021-04-10,"Ohio","39",165
2021-04-10,"Oklahoma","40",62
2021-04-10,"Oregon","41",23
2021-04-10,"Pennsylvania","42",253
2021-04-10,"Rhode Island","44",11
2021-04-10,"South Carolina","45",81
2021-04-10,"South Dakota","46",7
2021-04-10,"Tennessee","47",116
2021-04-10,"Texas","48",350
2021-04-10,"Utah","49",8
2021-04-10,"Vermont","50",4
2021-04-10,"Virginia","51",125
2021-04-10,"Washington","53",54
2021-04-10,"West Virginia","54",37
2021-04-10,"Wisconsin","55",43
2021-04-10,"Wyoming","56",0
2021-04-10,"New York","36",522
2021-04-10,"US","US",4313
2021-04-17,"Alabama","01",45
2021-04-17,"Alaska","02",7
2021-04-17,"Arizona","04",55
2021-04-17,"Arkansas","05",18
2021-04-17,"California","06",236
2021-04-17,"Colorado","08",61
2021-04-17,"Connecticut","09",41
2021-04-17,"Delaware","10",22
2021-04-17,"District of Columbia","11",15
2021-04-17,"Florida","12",327
2021-04-17,"Georgia","13",127
2021-04-17,"Hawaii","15",3
2021-04-17,"Idaho","16",21
2021-04-17,"Illinois","17",192
2021-04-17,"Indiana","18",75
2021-04-17,"Iowa","19",26
2021-04-17,"Kansas","20",17
2021-04-17,"Kentucky","21",61
2021-04-17,"Louisiana","22",49
2021-04-17,"Maine","23",13
2021-04-17,"Maryland","24",119
2021-04-17,"Massachusetts","25",59
2021-04-17,"Michigan","26",425
2021-04-17,"Minnesota","27",68
2021-04-17,"Mississippi","28",32
2021-04-17,"Missouri","29",51
2021-04-17,"Montana","30",11
2021-04-17,"Nebraska","31",14
2021-04-17,"Nevada","32",28
2021-04-17,"New Hampshire","33",14
2021-04-17,"New Jersey","34",254
2021-04-17,"New Mexico","35",20
2021-04-17,"North Carolina","37",104
2021-04-17,"North Dakota","38",10
2021-04-17,"Ohio","39",146
2021-04-17,"Oklahoma","40",42
2021-04-17,"Oregon","41",22
2021-04-17,"Pennsylvania","42",321
2021-04-17,"Rhode Island","44",16
2021-04-17,"South Carolina","45",80
2021-04-17,"South Dakota","46",10
2021-04-17,"Tennessee","47",97
2021-04-17,"Texas","48",340
2021-04-17,"Utah","49",12
2021-04-17,"Vermont","50",5
2021-04-17,"Virginia","51",108
2021-04-17,"Washington","53",61
2021-04-17,"West Virginia","54",37
2021-04-17,"Wisconsin","55",46
2021-04-17,"Wyoming","56",3
2021-04-17,"New York","36",484
2021-04-17,"US","US",4450
2021-04-24,"Alabama","01",46
2021-04-24,"Alaska","02",3
2021-04-24,"Arizona","04",46
2021-04-24,"Arkansas","05",14
2021-04-24,"California","06",221
2021-04-24,"Colorado","08",54
2021-04-24,"Connecticut","09",49
2021-04-24,"Delaware","10",12
2021-04-24,"District of Columbia","11",12
2021-04-24,"Florida","12",377
2021-04-24,"Georgia","13",120
2021-04-24,"Hawaii","15",4
2021-04-24,"Idaho","16",14
2021-04-24,"Illinois","17",210
2021-04-24,"Indiana","18",50
2021-04-24,"Iowa","19",28
2021-04-24,"Kansas","20",18
2021-04-24,"Kentucky","21",62
2021-04-24,"Louisiana","22",39
2021-04-24,"Maine","23",17
2021-04-24,"Maryland","24",133
2021-04-24,"Massachusetts","25",59
2021-04-24,"Michigan","26",504
2021-04-24,"Minnesota","27",69
2021-04-24,"Mississippi","28",41
2021-04-24,"Missouri","29",49
2021-04-24,"Montana","30",9
2021-04-24,"Nebraska","31",18
2021-04-24,"Nevada","32",31
2021-04-24,"New Hampshire","33",12
2021-04-24,"New Jersey","34",234
2021-04-24,"New Mexico","35",16
2021-04-24,"North Carolina","37",123
2021-04-24,"North Dakota","38",5
2021-04-24,"Ohio","39",197
2021-04-24,"Oklahoma","40",42
2021-04-24,"Oregon","41",31
2021-04-24,"Pennsylvania","42",342
2021-04-24,"Rhode Island","44",9
2021-04-24,"South Carolina","45",91
2021-04-24,"South Dakota","46",10
2021-04-24,"Tennessee","47",112
2021-04-24,"Texas","48",331
2021-04-24,"Utah","49",21
2021-04-24,"Vermont","50",1
2021-04-24,"Virginia","51",117
2021-04-24,"Washington","53",58
2021-04-24,"West Virginia","54",28
2021-04-24,"Wisconsin","55",49
2021-04-24,"Wyoming","56",4
2021-04-24,"New York","36",458
2021-04-24,"US","US",4600
2021-05-01,"Alabama","01",48
2021-05-01,"Alaska","02",5
2021-05-01,"Arizona","04",51
2021-05-01,"Arkansas","05",21
2021-05-01,"California","06",197
2021-05-01,"Colorado","08",54
2021-05-01,"Connecticut","09",46
2021-05-01,"Delaware","10",17
2021-05-01,"District of Columbia","11",7
2021-05-01,"Florida","12",333
2021-05-01,"Georgia","13",114
2021-05-01,"Hawaii","15",2
2021-05-01,"Idaho","16",11
2021-05-01,"Illinois","17",205
2021-05-01,"Indiana","18",68
2021-05-01,"Iowa","19",27
2021-05-01,"Kansas","20",23
2021-05-01,"Kentucky","21",42
2021-05-01,"Louisiana","22",43
2021-05-01,"Maine","23",11
2021-05-01,"Maryland","24",117
2021-05-01,"Massachusetts","25",66
2021-05-01,"Michigan","26",446
2021-05-01,"Minnesota","27",86
2021-05-01,"Mississippi","28",39
2021-05-01,"Missouri","29",56
2021-05-01,"Montana","30",9
2021-05-01,"Nebraska","31",21
2021-05-01,"Nevada","32",43
2021-05-01,"New Hampshire","33",11
2021-05-01,"New Jersey","34",201
2021-05-01,"New Mexico","35",13
2021-05-01,"North Carolina","37",117
2021-05-01,"North Dakota","38",5
2021-05-01,"Ohio","39",139
2021-05-01,"Oklahoma","40",17
2021-05-01,"Oregon","41",38
2021-05-01,"Pennsylvania","42",263
2021-05-01,"Rhode Island","44",18
2021-05-01,"South Carolina","45",75
2021-05-01,"South Dakota","46",10
2021-05-01,"Tennessee","47",110
2021-05-01,"Texas","48",295
2021-05-01,"Utah","49",14
2021-05-01,"Vermont","50",4
2021-05-01,"Virginia","51",124
2021-05-01,"Washington","53",60
2021-05-01,"West Virginia","54",32
2021-05-01,"Wisconsin","55",55
2021-05-01,"Wyoming","56",3
2021-05-01,"New York","36",353
2021-05-01,"US","US",4165
2021-05-08,"Alabama","01",64
2021-05-08,"Alaska","02",12
2021-05-08,"Arizona","04",64
2021-05-08,"Arkansas","05",21
2021-05-08,"California","06",186
2021-05-08,"Colorado","08",72
2021-05-08,"Connecticut","09",37
2021-05-08,"Delaware","10",13
2021-05-08,"District of Columbia","11",4
2021-05-08,"Florida","12",345
2021-05-08,"Georgia","13",111
2021-05-08,"Hawaii","15",7
2021-05-08,"Idaho","16",11
2021-05-08,"Illinois","17",227
2021-05-08,"Indiana","18",73
2021-05-08,"Iowa","19",20
2021-05-08,"Kansas","20",17
2021-05-08,"Kentucky","21",54
2021-05-08,"Louisiana","22",28
2021-05-08,"Maine","23",17
2021-05-08,"Maryland","24",93
2021-05-08,"Massachusetts","25",51
2021-05-08,"Michigan","26",400
2021-05-08,"Minnesota","27",64
2021-05-08,"Mississippi","28",28
2021-05-08,"Missouri","29",45
2021-05-08,"Montana","30",3
2021-05-08,"Nebraska","31",17
2021-05-08,"Nevada","32",35
2021-05-08,"New Hampshire","33",13
2021-05-08,"New Jersey","34",170
2021-05-08,"New Mexico","35",14
2021-05-08,"North Carolina","37",136
2021-05-08,"North Dakota","38",5
2021-05-08,"Ohio","39",133
2021-05-08,"Oklahoma","40",33
2021-05-08,"Oregon","41",51
2021-05-08,"Pennsylvania","42",276
2021-05-08,"Rhode Island","44",10
2021-05-08,"South Carolina","45",65
2021-05-08,"South Dakota","46",8
2021-05-08,"Tennessee","47",105
2021-05-08,"Texas","48",294
2021-05-08,"Utah","49",10
2021-05-08,"Vermont","50",2
2021-05-08,"Virginia","51",97
2021-05-08,"Washington","53",57
2021-05-08,"West Virginia","54",38
2021-05-08,"Wisconsin","55",39
2021-05-08,"Wyoming","56",3
2021-05-08,"New York","36",328
2021-05-08,"US","US",4006
2021-05-15,"Alabama","01",53
2021-05-15,"Alaska","02",10
2021-05-15,"Arizona","04",58
2021-05-15,"Arkansas","05",28
2021-05-15,"California","06",156
2021-05-15,"Colorado","08",90
2021-05-15,"Connecticut","09",33
2021-05-15,"Delaware","10",13
2021-05-15,"District of Columbia","11",11
2021-05-15,"Florida","12",321
2021-05-15,"Georgia","13",78
2021-05-15,"Hawaii","15",3
2021-05-15,"Idaho","16",20
2021-05-15,"Illinois","17",190
2021-05-15,"Indiana","18",74
2021-05-15,"Iowa","19",32
2021-05-15,"Kansas","20",20
2021-05-15,"Kentucky","21",50
2021-05-15,"Louisiana","22",41
2021-05-15,"Maine","23",16
2021-05-15,"Maryland","24",85
2021-05-15,"Massachusetts","25",51
2021-05-15,"Michigan","26",354
2021-05-15,"Minnesota","27",70
2021-05-15,"Mississippi","28",36
2021-05-15,"Missouri","29",54
2021-05-15,"Montana","30",8
2021-05-15,"Nebraska","31",18
2021-05-15,"Nevada","32",29
2021-05-15,"New Hampshire","33",11
2021-05-15,"New Jersey","34",136
2021-05-15,"New Mexico","35",17
2021-05-15,"North Carolina","37",113
2021-05-15,"North Dakota","38",3
2021-05-15,"Ohio","39",130
2021-05-15,"Oklahoma","40",37
2021-05-15,"Oregon","41",53
2021-05-15,"Pennsylvania","42",206
2021-05-15,"Rhode Island","44",8
2021-05-15,"South Carolina","45",60
2021-05-15,"South Dakota","46",9
2021-05-15,"Tennessee","47",102
2021-05-15,"Texas","48",279
2021-05-15,"Utah","49",8
2021-05-15,"Vermont","50",1
2021-05-15,"Virginia","51",93
2021-05-15,"Washington","53",72
2021-05-15,"West Virginia","54",30
2021-05-15,"Wisconsin","55",43
2021-05-15,"Wyoming","56",8
2021-05-15,"New York","36",257
2021-05-15,"US","US",3678
2021-05-22,"Alabama","01",51
2021-05-22,"Alaska","02",2
2021-05-22,"Arizona","04",55
2021-05-22,"Arkansas","05",20
2021-05-22,"California","06",157
2021-05-22,"Colorado","08",70
2021-05-22,"Connecticut","09",18
2021-05-22,"Delaware","10",5
2021-05-22,"District of Columbia","11",9
2021-05-22,"Florida","12",283
2021-05-22,"Georgia","13",91
2021-05-22,"Hawaii","15",4
2021-05-22,"Idaho","16",14
2021-05-22,"Illinois","17",199
2021-05-22,"Indiana","18",77
2021-05-22,"Iowa","19",18
2021-05-22,"Kansas","20",26
2021-05-22,"Kentucky","21",43
2021-05-22,"Louisiana","22",38
2021-05-22,"Maine","23",15
2021-05-22,"Maryland","24",79
2021-05-22,"Massachusetts","25",40
2021-05-22,"Michigan","26",280
2021-05-22,"Minnesota","27",46
2021-05-22,"Mississippi","28",40
2021-05-22,"Missouri","29",46
2021-05-22,"Montana","30",8
2021-05-22,"Nebraska","31",13
2021-05-22,"Nevada","32",23
2021-05-22,"New Hampshire","33",9
2021-05-22,"New Jersey","34",90
2021-05-22,"New Mexico","35",24
2021-05-22,"North Carolina","37",115
2021-05-22,"North Dakota","38",6
2021-05-22,"Ohio","39",121
2021-05-22,"Oklahoma","40",19
2021-05-22,"Oregon","41",61
2021-05-22,"Pennsylvania","42",203
2021-05-22,"Rhode Island","44",10
2021-05-22,"South Carolina","45",40
2021-05-22,"South Dakota","46",7
2021-05-22,"Tennessee","47",92
2021-05-22,"Texas","48",251
2021-05-22,"Utah","49",17
2021-05-22,"Vermont","50",2
2021-05-22,"Virginia","51",76
2021-05-22,"Washington","53",53
2021-05-22,"West Virginia","54",28
2021-05-22,"Wisconsin","55",37
2021-05-22,"Wyoming","56",7
2021-05-22,"New York","36",200
2021-05-22,"US","US",3238
2021-05-29,"Alabama","01",34
2021-05-29,"Alaska","02",5
2021-05-29,"Arizona","04",47
2021-05-29,"Arkansas","05",16
2021-05-29,"California","06",144
2021-05-29,"Colorado","08",62
2021-05-29,"Connecticut","09",16
2021-05-29,"Delaware","10",7
2021-05-29,"District of Columbia","11",5
2021-05-29,"Florida","12",242
2021-05-29,"Georgia","13",85
2021-05-29,"Hawaii","15",7
2021-05-29,"Idaho","16",19
2021-05-29,"Illinois","17",132
2021-05-29,"Indiana","18",70
2021-05-29,"Iowa","19",22
2021-05-29,"Kansas","20",14
2021-05-29,"Kentucky","21",63
2021-05-29,"Louisiana","22",49
2021-05-29,"Maine","23",8
2021-05-29,"Maryland","24",61
2021-05-29,"Massachusetts","25",29
2021-05-29,"Michigan","26",199
2021-05-29,"Minnesota","27",39
2021-05-29,"Mississippi","28",47
2021-05-29,"Missouri","29",34
2021-05-29,"Montana","30",5
2021-05-29,"Nebraska","31",5
2021-05-29,"Nevada","32",17
2021-05-29,"New Hampshire","33",10
2021-05-29,"New Jersey","34",92
2021-05-29,"New Mexico","35",26
2021-05-29,"North Carolina","37",104
2021-05-29,"North Dakota","38",6
2021-05-29,"Ohio","39",116
2021-05-29,"Oklahoma","40",30
2021-05-29,"Oregon","41",38
2021-05-29,"Pennsylvania","42",146
2021-05-29,"Rhode Island","44",6
2021-05-29,"South Carolina","45",31
2021-05-29,"South Dakota","46",3
2021-05-29,"Tennessee","47",69
2021-05-29,"Texas","48",254
2021-05-29,"Utah","49",15
2021-05-29,"Vermont","50",0
2021-05-29,"Virginia","51",62
2021-05-29,"Washington","53",62
2021-05-29,"West Virginia","54",29
2021-05-29,"Wisconsin","55",28
2021-05-29,"Wyoming","56",3
2021-05-29,"New York","36",157
2021-05-29,"US","US",2770
2021-06-05,"Alabama","01",35
2021-06-05,"Alaska","02",2
2021-06-05,"Arizona","04",39
2021-06-05,"Arkansas","05",19
2021-06-05,"California","06",113
2021-06-05,"Colorado","08",66
2021-06-05,"Connecticut","09",10
2021-06-05,"Delaware","10",7
2021-06-05,"District of Columbia","11",2
2021-06-05,"Florida","12",258
2021-06-05,"Georgia","13",70
2021-06-05,"Hawaii","15",4
2021-06-05,"Idaho","16",12
2021-06-05,"Illinois","17",125
2021-06-05,"Indiana","18",69
2021-06-05,"Iowa","19",15
2021-06-05,"Kansas","20",16
2021-06-05,"Kentucky","21",43
2021-06-05,"Louisiana","22",40
2021-06-05,"Maine","23",11
2021-06-05,"Maryland","24",38
2021-06-05,"Massachusetts","25",26
2021-06-05,"Michigan","26",157
2021-06-05,"Minnesota","27",32
2021-06-05,"Mississippi","28",28
2021-06-05,"Missouri","29",38
2021-06-05,"Montana","30",6
2021-06-05,"Nebraska","31",7
2021-06-05,"Nevada","32",27
2021-06-05,"New Hampshire","33",3
2021-06-05,"New Jersey","34",54
2021-06-05,"New Mexico","35",13
2021-06-05,"North Carolina","37",73
2021-06-05,"North Dakota","38",3
2021-06-05,"Ohio","39",96
2021-06-05,"Oklahoma","40",24
2021-06-05,"Oregon","41",37
2021-06-05,"Pennsylvania","42",118
2021-06-05,"Rhode Island","44",8
2021-06-05,"South Carolina","45",31
2021-06-05,"South Dakota","46",3
2021-06-05,"Tennessee","47",70
2021-06-05,"Texas","48",191
2021-06-05,"Utah","49",9
2021-06-05,"Vermont","50",1
2021-06-05,"Virginia","51",57
2021-06-05,"Washington","53",50
2021-06-05,"West Virginia","54",24
2021-06-05,"Wisconsin","55",30
2021-06-05,"Wyoming","56",7
2021-06-05,"New York","36",130
2021-06-05,"US","US",2347
2021-06-12,"Alabama","01",35
2021-06-12,"Alaska","02",2
2021-06-12,"Arizona","04",31
2021-06-12,"Arkansas","05",26
2021-06-12,"California","06",104
2021-06-12,"Colorado","08",47
2021-06-12,"Connecticut","09",10
2021-06-12,"Delaware","10",7
2021-06-12,"District of Columbia","11",4
2021-06-12,"Florida","12",190
2021-06-12,"Georgia","13",72
2021-06-12,"Hawaii","15",3
2021-06-12,"Idaho","16",16
2021-06-12,"Illinois","17",107
2021-06-12,"Indiana","18",51
2021-06-12,"Iowa","19",8
2021-06-12,"Kansas","20",16
2021-06-12,"Kentucky","21",39
2021-06-12,"Louisiana","22",29
2021-06-12,"Maine","23",12
2021-06-12,"Maryland","24",28
2021-06-12,"Massachusetts","25",22
2021-06-12,"Michigan","26",114
2021-06-12,"Minnesota","27",36
2021-06-12,"Mississippi","28",26
2021-06-12,"Missouri","29",62
2021-06-12,"Montana","30",15
2021-06-12,"Nebraska","31",7
2021-06-12,"Nevada","32",26
2021-06-12,"New Hampshire","33",7
2021-06-12,"New Jersey","34",30
2021-06-12,"New Mexico","35",12
2021-06-12,"North Carolina","37",70
2021-06-12,"North Dakota","38",8
2021-06-12,"Ohio","39",98
2021-06-12,"Oklahoma","40",34
2021-06-12,"Oregon","41",27
2021-06-12,"Pennsylvania","42",98
2021-06-12,"Rhode Island","44",1
2021-06-12,"South Carolina","45",28
2021-06-12,"South Dakota","46",0
2021-06-12,"Tennessee","47",49
2021-06-12,"Texas","48",166
2021-06-12,"Utah","49",12
2021-06-12,"Vermont","50",0
2021-06-12,"Virginia","51",44
2021-06-12,"Washington","53",61
2021-06-12,"West Virginia","54",15
2021-06-12,"Wisconsin","55",21
2021-06-12,"Wyoming","56",9
2021-06-12,"New York","36",100
2021-06-12,"US","US",2035
2021-06-19,"Alabama","01",28
2021-06-19,"Alaska","02",1
2021-06-19,"Arizona","04",45
2021-06-19,"Arkansas","05",32
2021-06-19,"California","06",114
2021-06-19,"Colorado","08",39
2021-06-19,"Connecticut","09",3
2021-06-19,"Delaware","10",6
2021-06-19,"District of Columbia","11",2
2021-06-19,"Florida","12",175
2021-06-19,"Georgia","13",43
2021-06-19,"Hawaii","15",1
2021-06-19,"Idaho","16",13
2021-06-19,"Illinois","17",77
2021-06-19,"Indiana","18",47
2021-06-19,"Iowa","19",13
2021-06-19,"Kansas","20",9
2021-06-19,"Kentucky","21",34
2021-06-19,"Louisiana","22",27
2021-06-19,"Maine","23",5
2021-06-19,"Maryland","24",25
2021-06-19,"Massachusetts","25",17
2021-06-19,"Michigan","26",84
2021-06-19,"Minnesota","27",27
2021-06-19,"Mississippi","28",23
2021-06-19,"Missouri","29",54
2021-06-19,"Montana","30",8
2021-06-19,"Nebraska","31",7
2021-06-19,"Nevada","32",24
2021-06-19,"New Hampshire","33",5
2021-06-19,"New Jersey","34",50
2021-06-19,"New Mexico","35",22
2021-06-19,"North Carolina","37",53
2021-06-19,"North Dakota","38",2
2021-06-19,"Ohio","39",69
2021-06-19,"Oklahoma","40",28
2021-06-19,"Oregon","41",31
2021-06-19,"Pennsylvania","42",82
2021-06-19,"Rhode Island","44",5
2021-06-19,"South Carolina","45",22
2021-06-19,"South Dakota","46",1
2021-06-19,"Tennessee","47",45
2021-06-19,"Texas","48",164
2021-06-19,"Utah","49",15
2021-06-19,"Vermont","50",1
2021-06-19,"Virginia","51",30
2021-06-19,"Washington","53",42
2021-06-19,"West Virginia","54",20
2021-06-19,"Wisconsin","55",11
2021-06-19,"Wyoming","56",8
2021-06-19,"New York","36",87
2021-06-19,"US","US",1776
2021-06-26,"Alabama","01",35
2021-06-26,"Alaska","02",1
2021-06-26,"Arizona","04",47
2021-06-26,"Arkansas","05",37
2021-06-26,"California","06",88
2021-06-26,"Colorado","08",43
2021-06-26,"Connecticut","09",4
2021-06-26,"Delaware","10",5
2021-06-26,"District of Columbia","11",2
2021-06-26,"Florida","12",156
2021-06-26,"Georgia","13",42
2021-06-26,"Hawaii","15",4
2021-06-26,"Idaho","16",15
2021-06-26,"Illinois","17",61
2021-06-26,"Indiana","18",49
2021-06-26,"Iowa","19",9
2021-06-26,"Kansas","20",11
2021-06-26,"Kentucky","21",32
2021-06-26,"Louisiana","22",35
2021-06-26,"Maine","23",7
2021-06-26,"Maryland","24",27
2021-06-26,"Massachusetts","25",9
2021-06-26,"Michigan","26",54
2021-06-26,"Minnesota","27",21
2021-06-26,"Mississippi","28",19
2021-06-26,"Missouri","29",87
2021-06-26,"Montana","30",6
2021-06-26,"Nebraska","31",6
2021-06-26,"Nevada","32",30
2021-06-26,"New Hampshire","33",3
2021-06-26,"New Jersey","34",22
2021-06-26,"New Mexico","35",18
2021-06-26,"North Carolina","37",63
2021-06-26,"North Dakota","38",1
2021-06-26,"Ohio","39",54
2021-06-26,"Oklahoma","40",30
2021-06-26,"Oregon","41",18
2021-06-26,"Pennsylvania","42",54
2021-06-26,"Rhode Island","44",4
2021-06-26,"South Carolina","45",16
2021-06-26,"South Dakota","46",6
2021-06-26,"Tennessee","47",35
2021-06-26,"Texas","48",162
2021-06-26,"Utah","49",23
2021-06-26,"Vermont","50",1
2021-06-26,"Virginia","51",34
2021-06-26,"Washington","53",47
2021-06-26,"West Virginia","54",10
2021-06-26,"Wisconsin","55",10
2021-06-26,"Wyoming","56",3
2021-06-26,"New York","36",79
2021-06-26,"US","US",1635
2021-07-03,"Alabama","01",25
2021-07-03,"Alaska","02",3
2021-07-03,"Arizona","04",42
2021-07-03,"Arkansas","05",44
2021-07-03,"California","06",97
2021-07-03,"Colorado","08",41
2021-07-03,"Connecticut","09",3
2021-07-03,"Delaware","10",3
2021-07-03,"District of Columbia","11",0
2021-07-03,"Florida","12",179
2021-07-03,"Georgia","13",41
2021-07-03,"Hawaii","15",3
2021-07-03,"Idaho","16",8
2021-07-03,"Illinois","17",45
2021-07-03,"Indiana","18",35
2021-07-03,"Iowa","19",9
2021-07-03,"Kansas","20",31
2021-07-03,"Kentucky","21",29
2021-07-03,"Louisiana","22",24
2021-07-03,"Maine","23",2
2021-07-03,"Maryland","24",15
2021-07-03,"Massachusetts","25",14
2021-07-03,"Michigan","26",32
2021-07-03,"Minnesota","27",14
2021-07-03,"Mississippi","28",21
2021-07-03,"Missouri","29",78
2021-07-03,"Montana","30",11
2021-07-03,"Nebraska","31",5
2021-07-03,"Nevada","32",34
2021-07-03,"New Hampshire","33",5
2021-07-03,"New Jersey","34",31
2021-07-03,"New Mexico","35",13
2021-07-03,"North Carolina","37",41
2021-07-03,"North Dakota","38",2
2021-07-03,"Ohio","39",47
2021-07-03,"Oklahoma","40",30
2021-07-03,"Oregon","41",18
2021-07-03,"Pennsylvania","42",37
2021-07-03,"Rhode Island","44",5
2021-07-03,"South Carolina","45",22
2021-07-03,"South Dakota","46",3
2021-07-03,"Tennessee","47",30
2021-07-03,"Texas","48",184
2021-07-03,"Utah","49",15
2021-07-03,"Vermont","50",1
2021-07-03,"Virginia","51",22
2021-07-03,"Washington","53",47
2021-07-03,"West Virginia","54",14
2021-07-03,"Wisconsin","55",18
2021-07-03,"Wyoming","56",9
2021-07-03,"New York","36",61
2021-07-03,"US","US",1543
2021-07-10,"Alabama","01",37
2021-07-10,"Alaska","02",1
2021-07-10,"Arizona","04",43
2021-07-10,"Arkansas","05",60
2021-07-10,"California","06",124
2021-07-10,"Colorado","08",53
2021-07-10,"Connecticut","09",3
2021-07-10,"Delaware","10",3
2021-07-10,"District of Columbia","11",5
2021-07-10,"Florida","12",214
2021-07-10,"Georgia","13",44
2021-07-10,"Hawaii","15",4
2021-07-10,"Idaho","16",5
2021-07-10,"Illinois","17",52
2021-07-10,"Indiana","18",38
2021-07-10,"Iowa","19",10
2021-07-10,"Kansas","20",25
2021-07-10,"Kentucky","21",29
2021-07-10,"Louisiana","22",23
2021-07-10,"Maine","23",2
2021-07-10,"Maryland","24",12
2021-07-10,"Massachusetts","25",9
2021-07-10,"Michigan","26",28
2021-07-10,"Minnesota","27",15
2021-07-10,"Mississippi","28",24
2021-07-10,"Missouri","29",102
2021-07-10,"Montana","30",10
2021-07-10,"Nebraska","31",9
2021-07-10,"Nevada","32",49
2021-07-10,"New Hampshire","33",1
2021-07-10,"New Jersey","34",28
2021-07-10,"New Mexico","35",11
2021-07-10,"North Carolina","37",43
2021-07-10,"North Dakota","38",5
2021-07-10,"Ohio","39",40
2021-07-10,"Oklahoma","40",35
2021-07-10,"Oregon","41",16
2021-07-10,"Pennsylvania","42",35
2021-07-10,"Rhode Island","44",1
2021-07-10,"South Carolina","45",25
2021-07-10,"South Dakota","46",2
2021-07-10,"Tennessee","47",30
2021-07-10,"Texas","48",176
2021-07-10,"Utah","49",23
2021-07-10,"Vermont","50",2
2021-07-10,"Virginia","51",23
2021-07-10,"Washington","53",35
2021-07-10,"West Virginia","54",12
2021-07-10,"Wisconsin","55",16
2021-07-10,"Wyoming","56",7
2021-07-10,"New York","36",46
2021-07-10,"US","US",1645
2021-07-17,"Alabama","01",43
2021-07-17,"Alaska","02",0
2021-07-17,"Arizona","04",57
2021-07-17,"Arkansas","05",76
2021-07-17,"California","06",151
2021-07-17,"Colorado","08",39
2021-07-17,"Connecticut","09",5
2021-07-17,"Delaware","10",2
2021-07-17,"District of Columbia","11",1
2021-07-17,"Florida","12",292
2021-07-17,"Georgia","13",55
2021-07-17,"Hawaii","15",3
2021-07-17,"Idaho","16",10
2021-07-17,"Illinois","17",44
2021-07-17,"Indiana","18",30
2021-07-17,"Iowa","19",13
2021-07-17,"Kansas","20",19
2021-07-17,"Kentucky","21",35
2021-07-17,"Louisiana","22",58
2021-07-17,"Maine","23",7
2021-07-17,"Maryland","24",17
2021-07-17,"Massachusetts","25",13
2021-07-17,"Michigan","26",22
2021-07-17,"Minnesota","27",14
2021-07-17,"Mississippi","28",44
2021-07-17,"Missouri","29",171
2021-07-17,"Montana","30",7
2021-07-17,"Nebraska","31",7
2021-07-17,"Nevada","32",73
2021-07-17,"New Hampshire","33",2
2021-07-17,"New Jersey","34",30
2021-07-17,"New Mexico","35",9
2021-07-17,"North Carolina","37",56
2021-07-17,"North Dakota","38",1
2021-07-17,"Ohio","39",50
2021-07-17,"Oklahoma","40",41
2021-07-17,"Oregon","41",18
2021-07-17,"Pennsylvania","42",44
2021-07-17,"Rhode Island","44",0
2021-07-17,"South Carolina","45",20
2021-07-17,"South Dakota","46",0
2021-07-17,"Tennessee","47",35
2021-07-17,"Texas","48",229
2021-07-17,"Utah","49",20
2021-07-17,"Vermont","50",0
2021-07-17,"Virginia","51",26
2021-07-17,"Washington","53",24
2021-07-17,"West Virginia","54",4
2021-07-17,"Wisconsin","55",13
2021-07-17,"Wyoming","56",7
2021-07-17,"New York","36",54
2021-07-17,"US","US",1991
2021-07-24,"Alabama","01",68
2021-07-24,"Alaska","02",5
2021-07-24,"Arizona","04",74
2021-07-24,"Arkansas","05",117
2021-07-24,"California","06",210
2021-07-24,"Colorado","08",43
2021-07-24,"Connecticut","09",6
2021-07-24,"Delaware","10",5
2021-07-24,"District of Columbia","11",3
2021-07-24,"Florida","12",482
2021-07-24,"Georgia","13",75
2021-07-24,"Hawaii","15",8
2021-07-24,"Idaho","16",19
2021-07-24,"Illinois","17",49
2021-07-24,"Indiana","18",29
2021-07-24,"Iowa","19",13
2021-07-24,"Kansas","20",32
2021-07-24,"Kentucky","21",45
2021-07-24,"Louisiana","22",95
2021-07-24,"Maine","23",4
2021-07-24,"Maryland","24",22
2021-07-24,"Massachusetts","25",24
2021-07-24,"Michigan","26",33
2021-07-24,"Minnesota","27",11
2021-07-24,"Mississippi","28",64
2021-07-24,"Missouri","29",190
2021-07-24,"Montana","30",10
2021-07-24,"Nebraska","31",15
2021-07-24,"Nevada","32",90
2021-07-24,"New Hampshire","33",3
2021-07-24,"New Jersey","34",28
2021-07-24,"New Mexico","35",10
2021-07-24,"North Carolina","37",80
2021-07-24,"North Dakota","38",1
2021-07-24,"Ohio","39",55
2021-07-24,"Oklahoma","40",70
2021-07-24,"Oregon","41",18
2021-07-24,"Pennsylvania","42",32
2021-07-24,"Rhode Island","44",2
2021-07-24,"South Carolina","45",36
2021-07-24,"South Dakota","46",6
2021-07-24,"Tennessee","47",69
2021-07-24,"Texas","48",341
2021-07-24,"Utah","49",24
2021-07-24,"Vermont","50",0
2021-07-24,"Virginia","51",19
2021-07-24,"Washington","53",39
2021-07-24,"West Virginia","54",9
2021-07-24,"Wisconsin","55",10
2021-07-24,"Wyoming","56",17
2021-07-24,"New York","36",50
2021-07-24,"US","US",2760
2021-07-31,"Alabama","01",116
2021-07-31,"Alaska","02",14
2021-07-31,"Arizona","04",111
2021-07-31,"Arkansas","05",141
2021-07-31,"California","06",294
2021-07-31,"Colorado","08",41
2021-07-31,"Connecticut","09",5
2021-07-31,"Delaware","10",3
2021-07-31,"District of Columbia","11",1
2021-07-31,"Florida","12",884
2021-07-31,"Georgia","13",125
2021-07-31,"Hawaii","15",9
2021-07-31,"Idaho","16",19
2021-07-31,"Illinois","17",79
2021-07-31,"Indiana","18",53
2021-07-31,"Iowa","19",13
2021-07-31,"Kansas","20",45
2021-07-31,"Kentucky","21",72
2021-07-31,"Louisiana","22",160
2021-07-31,"Maine","23",1
2021-07-31,"Maryland","24",23
2021-07-31,"Massachusetts","25",15
2021-07-31,"Michigan","26",35
2021-07-31,"Minnesota","27",19
2021-07-31,"Mississippi","28",92
2021-07-31,"Missouri","29",234
2021-07-31,"Montana","30",18
2021-07-31,"Nebraska","31",16
2021-07-31,"Nevada","32",137
2021-07-31,"New Hampshire","33",4
2021-07-31,"New Jersey","34",36
2021-07-31,"New Mexico","35",12
2021-07-31,"North Carolina","37",122
2021-07-31,"North Dakota","38",3
2021-07-31,"Ohio","39",60
2021-07-31,"Oklahoma","40",100
2021-07-31,"Oregon","41",36
2021-07-31,"Pennsylvania","42",48
2021-07-31,"Rhode Island","44",1
2021-07-31,"South Carolina","45",57
2021-07-31,"South Dakota","46",6
2021-07-31,"Tennessee","47",91
2021-07-31,"Texas","48",506
2021-07-31,"Utah","49",35
2021-07-31,"Vermont","50",0
2021-07-31,"Virginia","51",44
2021-07-31,"Washington","53",48
2021-07-31,"West Virginia","54",19
2021-07-31,"Wisconsin","55",23
2021-07-31,"Wyoming","56",12
2021-07-31,"New York","36",67
2021-07-31,"US","US",4105
2021-08-07,"Alabama","01",226
2021-08-07,"Alaska","02",25
2021-08-07,"Arizona","04",129
2021-08-07,"Arkansas","05",197
2021-08-07,"California","06",441
2021-08-07,"Colorado","08",36
2021-08-07,"Connecticut","09",11
2021-08-07,"Delaware","10",7
2021-08-07,"District of Columbia","11",1
2021-08-07,"Florida","12",1494
2021-08-07,"Georgia","13",262
2021-08-07,"Hawaii","15",18
2021-08-07,"Idaho","16",32
2021-08-07,"Illinois","17",110
2021-08-07,"Indiana","18",76
2021-08-07,"Iowa","19",25
2021-08-07,"Kansas","20",97
2021-08-07,"Kentucky","21",90
2021-08-07,"Louisiana","22",319
2021-08-07,"Maine","23",4
2021-08-07,"Maryland","24",28
2021-08-07,"Massachusetts","25",19
2021-08-07,"Michigan","26",46
2021-08-07,"Minnesota","27",21
2021-08-07,"Mississippi","28",182
2021-08-07,"Missouri","29",303
2021-08-07,"Montana","30",11
2021-08-07,"Nebraska","31",30
2021-08-07,"Nevada","32",149
2021-08-07,"New Hampshire","33",0
2021-08-07,"New Jersey","34",41
2021-08-07,"New Mexico","35",29
2021-08-07,"North Carolina","37",164
2021-08-07,"North Dakota","38",4
2021-08-07,"Ohio","39",81
2021-08-07,"Oklahoma","40",168
2021-08-07,"Oregon","41",62
2021-08-07,"Pennsylvania","42",73
2021-08-07,"Rhode Island","44",6
2021-08-07,"South Carolina","45",120
2021-08-07,"South Dakota","46",2
2021-08-07,"Tennessee","47",146
2021-08-07,"Texas","48",833
2021-08-07,"Utah","49",43
2021-08-07,"Vermont","50",3
2021-08-07,"Virginia","51",63
2021-08-07,"Washington","53",79
2021-08-07,"West Virginia","54",27
2021-08-07,"Wisconsin","55",32
2021-08-07,"Wyoming","56",17
2021-08-07,"New York","36",102
2021-08-07,"US","US",6484
2021-08-14,"Alabama","01",351
2021-08-14,"Alaska","02",21
2021-08-14,"Arizona","04",165
2021-08-14,"Arkansas","05",235
2021-08-14,"California","06",681
2021-08-14,"Colorado","08",61
2021-08-14,"Connecticut","09",30
2021-08-14,"Delaware","10",7
2021-08-14,"District of Columbia","11",8
2021-08-14,"Florida","12",2138
2021-08-14,"Georgia","13",488
2021-08-14,"Hawaii","15",29
2021-08-14,"Idaho","16",44
2021-08-14,"Illinois","17",132
2021-08-14,"Indiana","18",98
2021-08-14,"Iowa","19",34
2021-08-14,"Kansas","20",84
2021-08-14,"Kentucky","21",155
2021-08-14,"Louisiana","22",397
2021-08-14,"Maine","23",7
2021-08-14,"Maryland","24",35
2021-08-14,"Massachusetts","25",40
2021-08-14,"Michigan","26",90
2021-08-14,"Minnesota","27",30
2021-08-14,"Mississippi","28",241
2021-08-14,"Missouri","29",314
2021-08-14,"Montana","30",23
2021-08-14,"Nebraska","31",22
2021-08-14,"Nevada","32",151
2021-08-14,"New Hampshire","33",7
2021-08-14,"New Jersey","34",71
2021-08-14,"New Mexico","35",47
2021-08-14,"North Carolina","37",264
2021-08-14,"North Dakota","38",3
2021-08-14,"Ohio","39",135
2021-08-14,"Oklahoma","40",225
2021-08-14,"Oregon","41",95
2021-08-14,"Pennsylvania","42",89
2021-08-14,"Rhode Island","44",5
2021-08-14,"South Carolina","45",198
2021-08-14,"South Dakota","46",1
2021-08-14,"Tennessee","47",284
2021-08-14,"Texas","48",1381
2021-08-14,"Utah","49",43
2021-08-14,"Vermont","50",2
2021-08-14,"Virginia","51",87
2021-08-14,"Washington","53",114
2021-08-14,"West Virginia","54",31
2021-08-14,"Wisconsin","55",46
2021-08-14,"Wyoming","56",23
2021-08-14,"New York","36",144
2021-08-14,"US","US",9406
2021-08-21,"Alabama","01",436
2021-08-21,"Alaska","02",24
2021-08-21,"Arizona","04",183
2021-08-21,"Arkansas","05",226
2021-08-21,"California","06",857
2021-08-21,"Colorado","08",79
2021-08-21,"Connecticut","09",23
2021-08-21,"Delaware","10",19
2021-08-21,"District of Columbia","11",7
2021-08-21,"Florida","12",2613
2021-08-21,"Georgia","13",694
2021-08-21,"Hawaii","15",36
2021-08-21,"Idaho","16",44
2021-08-21,"Illinois","17",213
2021-08-21,"Indiana","18",155
2021-08-21,"Iowa","19",47
2021-08-21,"Kansas","20",86
2021-08-21,"Kentucky","21",224
2021-08-21,"Louisiana","22",426
2021-08-21,"Maine","23",10
2021-08-21,"Maryland","24",67
2021-08-21,"Massachusetts","25",36
2021-08-21,"Michigan","26",117
2021-08-21,"Minnesota","27",36
2021-08-21,"Mississippi","28",325
2021-08-21,"Missouri","29",311
2021-08-21,"Montana","30",43
2021-08-21,"Nebraska","31",41
2021-08-21,"Nevada","32",173
2021-08-21,"New Hampshire","33",10
2021-08-21,"New Jersey","34",99
2021-08-21,"New Mexico","35",57
2021-08-21,"North Carolina","37",421
2021-08-21,"North Dakota","38",6
2021-08-21,"Ohio","39",218
2021-08-21,"Oklahoma","40",298
2021-08-21,"Oregon","41",154
2021-08-21,"Pennsylvania","42",128
2021-08-21,"Rhode Island","44",9
2021-08-21,"South Carolina","45",295
2021-08-21,"South Dakota","46",13
2021-08-21,"Tennessee","47",367
2021-08-21,"Texas","48",1866
2021-08-21,"Utah","49",54
2021-08-21,"Vermont","50",4
2021-08-21,"Virginia","51",140
2021-08-21,"Washington","53",169
2021-08-21,"West Virginia","54",36
2021-08-21,"Wisconsin","55",72
2021-08-21,"Wyoming","56",25
2021-08-21,"New York","36",189
2021-08-21,"US","US",12181
2021-08-28,"Alabama","01",503
2021-08-28,"Alaska","02",20
2021-08-28,"Arizona","04",215
2021-08-28,"Arkansas","05",221
2021-08-28,"California","06",1018
2021-08-28,"Colorado","08",90
2021-08-28,"Connecticut","09",34
2021-08-28,"Delaware","10",23
2021-08-28,"District of Columbia","11",7
2021-08-28,"Florida","12",2829
2021-08-28,"Georgia","13",858
2021-08-28,"Hawaii","15",53
2021-08-28,"Idaho","16",71
2021-08-28,"Illinois","17",244
2021-08-28,"Indiana","18",194
2021-08-28,"Iowa","19",54
2021-08-28,"Kansas","20",109
2021-08-28,"Kentucky","21",279
2021-08-28,"Louisiana","22",453
2021-08-28,"Maine","23",16
2021-08-28,"Maryland","24",71
2021-08-28,"Massachusetts","25",50
2021-08-28,"Michigan","26",110
2021-08-28,"Minnesota","27",56
2021-08-28,"Mississippi","28",333
2021-08-28,"Missouri","29",328
2021-08-28,"Montana","30",41
2021-08-28,"Nebraska","31",38
2021-08-28,"Nevada","32",170
2021-08-28,"New Hampshire","33",17
2021-08-28,"New Jersey","34",111
2021-08-28,"New Mexico","35",76
2021-08-28,"North Carolina","37",518
2021-08-28,"North Dakota","38",8
2021-08-28,"Ohio","39",257
2021-08-28,"Oklahoma","40",299
2021-08-28,"Oregon","41",198
2021-08-28,"Pennsylvania","42",193
2021-08-28,"Rhode Island","44",12
2021-08-28,"South Carolina","45",375
2021-08-28,"South Dakota","46",13
2021-08-28,"Tennessee","47",509
2021-08-28,"Texas","48",2219
2021-08-28,"Utah","49",60
2021-08-28,"Vermont","50",4
2021-08-28,"Virginia","51",186
2021-08-28,"Washington","53",200
2021-08-28,"West Virginia","54",77
2021-08-28,"Wisconsin","55",109
2021-08-28,"Wyoming","56",31
2021-08-28,"New York","36",214
2021-08-28,"US","US",14174
2021-09-04,"Alabama","01",528
2021-09-04,"Alaska","02",38
2021-09-04,"Arizona","04",279
2021-09-04,"Arkansas","05",211
2021-09-04,"California","06",1100
2021-09-04,"Colorado","08",90
2021-09-04,"Connecticut","09",44
2021-09-04,"Delaware","10",22
2021-09-04,"District of Columbia","11",11
2021-09-04,"Florida","12",2799
2021-09-04,"Georgia","13",995
2021-09-04,"Hawaii","15",58
2021-09-04,"Idaho","16",85
2021-09-04,"Illinois","17",280
2021-09-04,"Indiana","18",226
2021-09-04,"Iowa","19",77
2021-09-04,"Kansas","20",117
2021-09-04,"Kentucky","21",375
2021-09-04,"Louisiana","22",405
2021-09-04,"Maine","23",19
2021-09-04,"Maryland","24",97
2021-09-04,"Massachusetts","25",64
2021-09-04,"Michigan","26",162
2021-09-04,"Minnesota","27",56
2021-09-04,"Mississippi","28",317
2021-09-04,"Missouri","29",282
2021-09-04,"Montana","30",41
2021-09-04,"Nebraska","31",31
2021-09-04,"Nevada","32",152
2021-09-04,"New Hampshire","33",14
2021-09-04,"New Jersey","34",122
2021-09-04,"New Mexico","35",74
2021-09-04,"North Carolina","37",640
2021-09-04,"North Dakota","38",9
2021-09-04,"Ohio","39",358
2021-09-04,"Oklahoma","40",361
2021-09-04,"Oregon","41",252
2021-09-04,"Pennsylvania","42",238
2021-09-04,"Rhode Island","44",11
2021-09-04,"South Carolina","45",427
2021-09-04,"South Dakota","46",28
2021-09-04,"Tennessee","47",617
2021-09-04,"Texas","48",2302
2021-09-04,"Utah","49",61
2021-09-04,"Vermont","50",6
2021-09-04,"Virginia","51",214
2021-09-04,"Washington","53",271
2021-09-04,"West Virginia","54",116
2021-09-04,"Wisconsin","55",119
2021-09-04,"Wyoming","56",40
2021-09-04,"New York","36",252
2021-09-04,"US","US",15493
2021-09-11,"Alabama","01",564
2021-09-11,"Alaska","02",28
2021-09-11,"Arizona","04",277
2021-09-11,"Arkansas","05",191
2021-09-11,"California","06",1140
2021-09-11,"Colorado","08",98
2021-09-11,"Connecticut","09",41
2021-09-11,"Delaware","10",27
2021-09-11,"District of Columbia","11",8
2021-09-11,"Florida","12",2369
2021-09-11,"Georgia","13",963
2021-09-11,"Hawaii","15",67
2021-09-11,"Idaho","16",116
2021-09-11,"Illinois","17",314
2021-09-11,"Indiana","18",294
2021-09-11,"Iowa","19",79
2021-09-11,"Kansas","20",125
2021-09-11,"Kentucky","21",379
2021-09-11,"Louisiana","22",314
2021-09-11,"Maine","23",35
2021-09-11,"Maryland","24",111
2021-09-11,"Massachusetts","25",67
2021-09-11,"Michigan","26",170
2021-09-11,"Minnesota","27",71
2021-09-11,"Mississippi","28",301
2021-09-11,"Missouri","29",219
2021-09-11,"Montana","30",58
2021-09-11,"Nebraska","31",33
2021-09-11,"Nevada","32",182
2021-09-11,"New Hampshire","33",20
2021-09-11,"New Jersey","34",123
2021-09-11,"New Mexico","35",111
2021-09-11,"North Carolina","37",618
2021-09-11,"North Dakota","38",18
2021-09-11,"Ohio","39",432
2021-09-11,"Oklahoma","40",337
2021-09-11,"Oregon","41",228
2021-09-11,"Pennsylvania","42",263
2021-09-11,"Rhode Island","44",29
2021-09-11,"South Carolina","45",481
2021-09-11,"South Dakota","46",19
2021-09-11,"Tennessee","47",700
2021-09-11,"Texas","48",2203
2021-09-11,"Utah","49",65
2021-09-11,"Vermont","50",8
2021-09-11,"Virginia","51",249
2021-09-11,"Washington","53",272
2021-09-11,"West Virginia","54",148
2021-09-11,"Wisconsin","55",137
2021-09-11,"Wyoming","56",37
2021-09-11,"New York","36",279
2021-09-11,"US","US",15418
2021-09-18,"Alabama","01",486
2021-09-18,"Alaska","02",38
2021-09-18,"Arizona","04",268
2021-09-18,"Arkansas","05",181
2021-09-18,"California","06",1010
2021-09-18,"Colorado","08",116
2021-09-18,"Connecticut","09",43
2021-09-18,"Delaware","10",37
2021-09-18,"District of Columbia","11",7
2021-09-18,"Florida","12",1877
2021-09-18,"Georgia","13",938
2021-09-18,"Hawaii","15",60
2021-09-18,"Idaho","16",150
2021-09-18,"Illinois","17",291
2021-09-18,"Indiana","18",321
2021-09-18,"Iowa","19",100
2021-09-18,"Kansas","20",116
2021-09-18,"Kentucky","21",416
2021-09-18,"Louisiana","22",328
2021-09-18,"Maine","23",29
2021-09-18,"Maryland","24",113
2021-09-18,"Massachusetts","25",74
2021-09-18,"Michigan","26",221
2021-09-18,"Minnesota","27",89
2021-09-18,"Mississippi","28",254
2021-09-18,"Missouri","29",244
2021-09-18,"Montana","30",66
2021-09-18,"Nebraska","31",32
2021-09-18,"Nevada","32",167
2021-09-18,"New Hampshire","33",16
2021-09-18,"New Jersey","34",135
2021-09-18,"New Mexico","35",87
2021-09-18,"North Carolina","37",669
2021-09-18,"North Dakota","38",16
2021-09-18,"Ohio","39",568
2021-09-18,"Oklahoma","40",329
2021-09-18,"Oregon","41",212
2021-09-18,"Pennsylvania","42",325
2021-09-18,"Rhode Island","44",14
2021-09-18,"South Carolina","45",538
2021-09-18,"South Dakota","46",22
2021-09-18,"Tennessee","47",745
2021-09-18,"Texas","48",2063
2021-09-18,"Utah","49",72
2021-09-18,"Vermont","50",14
2021-09-18,"Virginia","51",306
2021-09-18,"Washington","53",311
2021-09-18,"West Virginia","54",179
2021-09-18,"Wisconsin","55",172
2021-09-18,"Wyoming","56",49
2021-09-18,"New York","36",297
2021-09-18,"US","US",15211
2021-09-25,"Alabama","01",424
2021-09-25,"Alaska","02",55
2021-09-25,"Arizona","04",289
2021-09-25,"Arkansas","05",166
2021-09-25,"California","06",922
2021-09-25,"Colorado","08",129
2021-09-25,"Connecticut","09",44
2021-09-25,"Delaware","10",34
2021-09-25,"District of Columbia","11",9
2021-09-25,"Florida","12",1561
2021-09-25,"Georgia","13",791
2021-09-25,"Hawaii","15",59
2021-09-25,"Idaho","16",172
2021-09-25,"Illinois","17",262
2021-09-25,"Indiana","18",316
2021-09-25,"Iowa","19",94
2021-09-25,"Kansas","20",133
2021-09-25,"Kentucky","21",433
2021-09-25,"Louisiana","22",225
2021-09-25,"Maine","23",39
2021-09-25,"Maryland","24",125
2021-09-25,"Massachusetts","25",85
2021-09-25,"Michigan","26",215
2021-09-25,"Minnesota","27",107
2021-09-25,"Mississippi","28",196
2021-09-25,"Missouri","29",215
2021-09-25,"Montana","30",76
2021-09-25,"Nebraska","31",58
2021-09-25,"Nevada","32",165
2021-09-25,"New Hampshire","33",14
2021-09-25,"New Jersey","34",149
2021-09-25,"New Mexico","35",60
2021-09-25,"North Carolina","37",600
2021-09-25,"North Dakota","38",23
2021-09-25,"Ohio","39",656
2021-09-25,"Oklahoma","40",298
2021-09-25,"Oregon","41",203
2021-09-25,"Pennsylvania","42",366
2021-09-25,"Rhode Island","44",11
2021-09-25,"South Carolina","45",483
2021-09-25,"South Dakota","46",27
2021-09-25,"Tennessee","47",714
2021-09-25,"Texas","48",1912
2021-09-25,"Utah","49",87
2021-09-25,"Vermont","50",12
2021-09-25,"Virginia","51",340
2021-09-25,"Washington","53",292
2021-09-25,"West Virginia","54",192
2021-09-25,"Wisconsin","55",154
2021-09-25,"Wyoming","56",50
2021-09-25,"New York","36",305
2021-09-25,"US","US",14347
2021-10-02,"Alabama","01",369
2021-10-02,"Alaska","02",58
2021-10-02,"Arizona","04",266
2021-10-02,"Arkansas","05",145
2021-10-02,"California","06",838
2021-10-02,"Colorado","08",149
2021-10-02,"Connecticut","09",39
2021-10-02,"Delaware","10",28
2021-10-02,"District of Columbia","11",14
2021-10-02,"Florida","12",1140
2021-10-02,"Georgia","13",623
2021-10-02,"Hawaii","15",40
2021-10-02,"Idaho","16",185
2021-10-02,"Illinois","17",276
2021-10-02,"Indiana","18",286
2021-10-02,"Iowa","19",104
2021-10-02,"Kansas","20",101
2021-10-02,"Kentucky","21",451
2021-10-02,"Louisiana","22",162
2021-10-02,"Maine","23",25
2021-10-02,"Maryland","24",91
2021-10-02,"Massachusetts","25",98
2021-10-02,"Michigan","26",251
2021-10-02,"Minnesota","27",115
2021-10-02,"Mississippi","28",144
2021-10-02,"Missouri","29",203
2021-10-02,"Montana","30",77
2021-10-02,"Nebraska","31",48
2021-10-02,"Nevada","32",146
2021-10-02,"New Hampshire","33",13
2021-10-02,"New Jersey","34",128
2021-10-02,"New Mexico","35",84
2021-10-02,"North Carolina","37",523
2021-10-02,"North Dakota","38",26
2021-10-02,"Ohio","39",664
2021-10-02,"Oklahoma","40",262
2021-10-02,"Oregon","41",168
2021-10-02,"Pennsylvania","42",432
2021-10-02,"Rhode Island","44",12
2021-10-02,"South Carolina","45",398
2021-10-02,"South Dakota","46",25
2021-10-02,"Tennessee","47",568
2021-10-02,"Texas","48",1628
2021-10-02,"Utah","49",71
2021-10-02,"Vermont","50",11
2021-10-02,"Virginia","51",340
2021-10-02,"Washington","53",255
2021-10-02,"West Virginia","54",203
2021-10-02,"Wisconsin","55",171
2021-10-02,"Wyoming","56",58
2021-10-02,"New York","36",318
2021-10-02,"US","US",12830
2021-10-09,"Alabama","01",276
2021-10-09,"Alaska","02",46
2021-10-09,"Arizona","04",241
2021-10-09,"Arkansas","05",112
2021-10-09,"California","06",723
2021-10-09,"Colorado","08",165
2021-10-09,"Connecticut","09",34
2021-10-09,"Delaware","10",34
2021-10-09,"District of Columbia","11",5
2021-10-09,"Florida","12",852
2021-10-09,"Georgia","13",478
2021-10-09,"Hawaii","15",21
2021-10-09,"Idaho","16",165
2021-10-09,"Illinois","17",225
2021-10-09,"Indiana","18",264
2021-10-09,"Iowa","19",112
2021-10-09,"Kansas","20",78
2021-10-09,"Kentucky","21",309
2021-10-09,"Louisiana","22",137
2021-10-09,"Maine","23",37
2021-10-09,"Maryland","24",128
2021-10-09,"Massachusetts","25",79
2021-10-09,"Michigan","26",246
2021-10-09,"Minnesota","27",143
2021-10-09,"Mississippi","28",93
2021-10-09,"Missouri","29",160
2021-10-09,"Montana","30",110
2021-10-09,"Nebraska","31",62
2021-10-09,"Nevada","32",137
2021-10-09,"New Hampshire","33",22
2021-10-09,"New Jersey","34",138
2021-10-09,"New Mexico","35",74
2021-10-09,"North Carolina","37",447
2021-10-09,"North Dakota","38",34
2021-10-09,"Ohio","39",649
2021-10-09,"Oklahoma","40",215
2021-10-09,"Oregon","41",172
2021-10-09,"Pennsylvania","42",482
2021-10-09,"Rhode Island","44",14
2021-10-09,"South Carolina","45",358
2021-10-09,"South Dakota","46",20
2021-10-09,"Tennessee","47",471
2021-10-09,"Texas","48",1298
2021-10-09,"Utah","49",81
2021-10-09,"Vermont","50",11
2021-10-09,"Virginia","51",285
2021-10-09,"Washington","53",205
2021-10-09,"West Virginia","54",192
2021-10-09,"Wisconsin","55",185
2021-10-09,"Wyoming","56",58
2021-10-09,"New York","36",297
2021-10-09,"US","US",11180
2021-10-16,"Alabama","01",225
2021-10-16,"Alaska","02",44
2021-10-16,"Arizona","04",266
2021-10-16,"Arkansas","05",86
2021-10-16,"California","06",570
2021-10-16,"Colorado","08",152
2021-10-16,"Connecticut","09",34
2021-10-16,"Delaware","10",21
2021-10-16,"District of Columbia","11",6
2021-10-16,"Florida","12",616
2021-10-16,"Georgia","13",371
2021-10-16,"Hawaii","15",30
2021-10-16,"Idaho","16",135
2021-10-16,"Illinois","17",224
2021-10-16,"Indiana","18",232
2021-10-16,"Iowa","19",121
2021-10-16,"Kansas","20",80
2021-10-16,"Kentucky","21",296
2021-10-16,"Louisiana","22",117
2021-10-16,"Maine","23",33
2021-10-16,"Maryland","24",121
2021-10-16,"Massachusetts","25",67
2021-10-16,"Michigan","26",302
2021-10-16,"Minnesota","27",129
2021-10-16,"Mississippi","28",90
2021-10-16,"Missouri","29",151
2021-10-16,"Montana","30",117
2021-10-16,"Nebraska","31",58
2021-10-16,"Nevada","32",122
2021-10-16,"New Hampshire","33",26
2021-10-16,"New Jersey","34",126
2021-10-16,"New Mexico","35",79
2021-10-16,"North Carolina","37",364
2021-10-16,"North Dakota","38",48
2021-10-16,"Ohio","39",659
2021-10-16,"Oklahoma","40",173
2021-10-16,"Oregon","41",123
2021-10-16,"Pennsylvania","42",511
2021-10-16,"Rhode Island","44",9
2021-10-16,"South Carolina","45",257
2021-10-16,"South Dakota","46",23
2021-10-16,"Tennessee","47",354
2021-10-16,"Texas","48",1063
2021-10-16,"Utah","49",86
2021-10-16,"Vermont","50",13
2021-10-16,"Virginia","51",257
2021-10-16,"Washington","53",219
2021-10-16,"West Virginia","54",153
2021-10-16,"Wisconsin","55",183
2021-10-16,"Wyoming","56",46
2021-10-16,"New York","36",290
2021-10-16,"US","US",9878
2021-10-23,"Alabama","01",159
2021-10-23,"Alaska","02",50
2021-10-23,"Arizona","04",232
2021-10-23,"Arkansas","05",76
2021-10-23,"California","06",587
2021-10-23,"Colorado","08",190
2021-10-23,"Connecticut","09",40
2021-10-23,"Delaware","10",34
2021-10-23,"District of Columbia","11",6
2021-10-23,"Florida","12",476
2021-10-23,"Georgia","13",303
2021-10-23,"Hawaii","15",18
2021-10-23,"Idaho","16",122
2021-10-23,"Illinois","17",208
2021-10-23,"Indiana","18",229
2021-10-23,"Iowa","19",114
2021-10-23,"Kansas","20",89
2021-10-23,"Kentucky","21",213
2021-10-23,"Louisiana","22",69
2021-10-23,"Maine","23",40
2021-10-23,"Maryland","24",105
2021-10-23,"Massachusetts","25",77
2021-10-23,"Michigan","26",355
2021-10-23,"Minnesota","27",138
2021-10-23,"Mississippi","28",81
2021-10-23,"Missouri","29",115
2021-10-23,"Montana","30",81
2021-10-23,"Nebraska","31",46
2021-10-23,"Nevada","32",114
2021-10-23,"New Hampshire","33",24
2021-10-23,"New Jersey","34",115
2021-10-23,"New Mexico","35",76
2021-10-23,"North Carolina","37",343
2021-10-23,"North Dakota","38",48
2021-10-23,"Ohio","39",603
2021-10-23,"Oklahoma","40",156
2021-10-23,"Oregon","41",146
2021-10-23,"Pennsylvania","42",498
2021-10-23,"Rhode Island","44",14
2021-10-23,"South Carolina","45",221
2021-10-23,"South Dakota","46",24
2021-10-23,"Tennessee","47",300
2021-10-23,"Texas","48",862
2021-10-23,"Utah","49",56
2021-10-23,"Vermont","50",6
2021-10-23,"Virginia","51",227
2021-10-23,"Washington","53",168
2021-10-23,"West Virginia","54",167
2021-10-23,"Wisconsin","55",156
2021-10-23,"Wyoming","56",51
2021-10-23,"New York","36",313
2021-10-23,"US","US",8941
2021-10-30,"Alabama","01",112
2021-10-30,"Alaska","02",61
2021-10-30,"Arizona","04",278
2021-10-30,"Arkansas","05",71
2021-10-30,"California","06",587
2021-10-30,"Colorado","08",213
2021-10-30,"Connecticut","09",23
2021-10-30,"Delaware","10",21
2021-10-30,"District of Columbia","11",7
2021-10-30,"Florida","12",348
2021-10-30,"Georgia","13",227
2021-10-30,"Hawaii","15",16
2021-10-30,"Idaho","16",129
2021-10-30,"Illinois","17",188
2021-10-30,"Indiana","18",186
2021-10-30,"Iowa","19",93
2021-10-30,"Kansas","20",70
2021-10-30,"Kentucky","21",174
2021-10-30,"Louisiana","22",62
2021-10-30,"Maine","23",35
2021-10-30,"Maryland","24",96
2021-10-30,"Massachusetts","25",67
2021-10-30,"Michigan","26",339
2021-10-30,"Minnesota","27",149
2021-10-30,"Mississippi","28",50
2021-10-30,"Missouri","29",119
2021-10-30,"Montana","30",94
2021-10-30,"Nebraska","31",56
2021-10-30,"Nevada","32",87
2021-10-30,"New Hampshire","33",30
2021-10-30,"New Jersey","34",110
2021-10-30,"New Mexico","35",88
2021-10-30,"North Carolina","37",252
2021-10-30,"North Dakota","38",33
2021-10-30,"Ohio","39",544
2021-10-30,"Oklahoma","40",135
2021-10-30,"Oregon","41",134
2021-10-30,"Pennsylvania","42",512
2021-10-30,"Rhode Island","44",8
2021-10-30,"South Carolina","45",135
2021-10-30,"South Dakota","46",28
2021-10-30,"Tennessee","47",230
2021-10-30,"Texas","48",640
2021-10-30,"Utah","49",106
2021-10-30,"Vermont","50",16
2021-10-30,"Virginia","51",200
2021-10-30,"Washington","53",163
2021-10-30,"West Virginia","54",102
2021-10-30,"Wisconsin","55",172
2021-10-30,"Wyoming","56",63
2021-10-30,"New York","36",301
2021-10-30,"US","US",7960
2021-11-06,"Alabama","01",90
2021-11-06,"Alaska","02",36
2021-11-06,"Arizona","04",261
2021-11-06,"Arkansas","05",55
2021-11-06,"California","06",585
2021-11-06,"Colorado","08",242
2021-11-06,"Connecticut","09",28
2021-11-06,"Delaware","10",29
2021-11-06,"District of Columbia","11",4
2021-11-06,"Florida","12",288
2021-11-06,"Georgia","13",178
2021-11-06,"Hawaii","15",13
2021-11-06,"Idaho","16",102
2021-11-06,"Illinois","17",161
2021-11-06,"Indiana","18",183
2021-11-06,"Iowa","19",92
2021-11-06,"Kansas","20",82
2021-11-06,"Kentucky","21",156
2021-11-06,"Louisiana","22",54
2021-11-06,"Maine","23",41
2021-11-06,"Maryland","24",95
2021-11-06,"Massachusetts","25",74
2021-11-06,"Michigan","26",350
2021-11-06,"Minnesota","27",165
2021-11-06,"Mississippi","28",49
2021-11-06,"Missouri","29",114
2021-11-06,"Montana","30",87
2021-11-06,"Nebraska","31",53
2021-11-06,"Nevada","32",113
2021-11-06,"New Hampshire","33",29
2021-11-06,"New Jersey","34",106
2021-11-06,"New Mexico","35",114
2021-11-06,"North Carolina","37",200
2021-11-06,"North Dakota","38",31
2021-11-06,"Ohio","39",449
2021-11-06,"Oklahoma","40",117
2021-11-06,"Oregon","41",103
2021-11-06,"Pennsylvania","42",457
2021-11-06,"Rhode Island","44",9
2021-11-06,"South Carolina","45",120
2021-11-06,"South Dakota","46",21
2021-11-06,"Tennessee","47",154
2021-11-06,"Texas","48",526
2021-11-06,"Utah","49",94
2021-11-06,"Vermont","50",11
2021-11-06,"Virginia","51",183
2021-11-06,"Washington","53",161
2021-11-06,"West Virginia","54",109
2021-11-06,"Wisconsin","55",170
2021-11-06,"Wyoming","56",58
2021-11-06,"New York","36",285
2021-11-06,"US","US",7287
2021-11-13,"Alabama","01",88
2021-11-13,"Alaska","02",25
2021-11-13,"Arizona","04",338
2021-11-13,"Arkansas","05",47
2021-11-13,"California","06",599
2021-11-13,"Colorado","08",288
2021-11-13,"Connecticut","09",37
2021-11-13,"Delaware","10",17
2021-11-13,"District of Columbia","11",3
2021-11-13,"Florida","12",228
2021-11-13,"Georgia","13",151
2021-11-13,"Hawaii","15",10
2021-11-13,"Idaho","16",92
2021-11-13,"Illinois","17",172
2021-11-13,"Indiana","18",189
2021-11-13,"Iowa","19",94
2021-11-13,"Kansas","20",68
2021-11-13,"Kentucky","21",113
2021-11-13,"Louisiana","22",38
2021-11-13,"Maine","23",55
2021-11-13,"Maryland","24",77
2021-11-13,"Massachusetts","25",68
2021-11-13,"Michigan","26",481
2021-11-13,"Minnesota","27",186
2021-11-13,"Mississippi","28",41
2021-11-13,"Missouri","29",96
2021-11-13,"Montana","30",85
2021-11-13,"Nebraska","31",50
2021-11-13,"Nevada","32",112
2021-11-13,"New Hampshire","33",42
2021-11-13,"New Jersey","34",85
2021-11-13,"New Mexico","35",135
2021-11-13,"North Carolina","37",142
2021-11-13,"North Dakota","38",32
2021-11-13,"Ohio","39",430
2021-11-13,"Oklahoma","40",110
2021-11-13,"Oregon","41",84
2021-11-13,"Pennsylvania","42",492
2021-11-13,"Rhode Island","44",13
2021-11-13,"South Carolina","45",103
2021-11-13,"South Dakota","46",31
2021-11-13,"Tennessee","47",169
2021-11-13,"Texas","48",450
2021-11-13,"Utah","49",75
2021-11-13,"Vermont","50",9
2021-11-13,"Virginia","51",148
2021-11-13,"Washington","53",157
2021-11-13,"West Virginia","54",112
2021-11-13,"Wisconsin","55",171
2021-11-13,"Wyoming","56",40
2021-11-13,"New York","36",281
2021-11-13,"US","US",7159
2021-11-20,"Alabama","01",51
2021-11-20,"Alaska","02",26
2021-11-20,"Arizona","04",370
2021-11-20,"Arkansas","05",46
2021-11-20,"California","06",598
2021-11-20,"Colorado","08",287
2021-11-20,"Connecticut","09",35
2021-11-20,"Delaware","10",22
2021-11-20,"District of Columbia","11",1
2021-11-20,"Florida","12",176
2021-11-20,"Georgia","13",133
2021-11-20,"Hawaii","15",10
2021-11-20,"Idaho","16",58
2021-11-20,"Illinois","17",206
2021-11-20,"Indiana","18",190
2021-11-20,"Iowa","19",112
2021-11-20,"Kansas","20",99
2021-11-20,"Kentucky","21",116
2021-11-20,"Louisiana","22",51
2021-11-20,"Maine","23",54
2021-11-20,"Maryland","24",68
2021-11-20,"Massachusetts","25",70
2021-11-20,"Michigan","26",525
2021-11-20,"Minnesota","27",240
2021-11-20,"Mississippi","28",29
2021-11-20,"Missouri","29",112
2021-11-20,"Montana","30",66
2021-11-20,"Nebraska","31",70
2021-11-20,"Nevada","32",106
2021-11-20,"New Hampshire","33",39
2021-11-20,"New Jersey","34",80
2021-11-20,"New Mexico","35",158
2021-11-20,"North Carolina","37",139
2021-11-20,"North Dakota","38",31
2021-11-20,"Ohio","39",505
2021-11-20,"Oklahoma","40",104
2021-11-20,"Oregon","41",94
2021-11-20,"Pennsylvania","42",527
2021-11-20,"Rhode Island","44",21
2021-11-20,"South Carolina","45",100
2021-11-20,"South Dakota","46",30
2021-11-20,"Tennessee","47",139
2021-11-20,"Texas","48",407
2021-11-20,"Utah","49",76
2021-11-20,"Vermont","50",9
2021-11-20,"Virginia","51",136
2021-11-20,"Washington","53",138
2021-11-20,"West Virginia","54",112
2021-11-20,"Wisconsin","55",215
2021-11-20,"Wyoming","56",43
2021-11-20,"New York","36",280
2021-11-20,"US","US",7310
2021-11-27,"Alabama","01",65
2021-11-27,"Alaska","02",30
2021-11-27,"Arizona","04",439
2021-11-27,"Arkansas","05",47
2021-11-27,"California","06",524
2021-11-27,"Colorado","08",270
2021-11-27,"Connecticut","09",48
2021-11-27,"Delaware","10",23
2021-11-27,"District of Columbia","11",1
2021-11-27,"Florida","12",151
2021-11-27,"Georgia","13",89
2021-11-27,"Hawaii","15",9
2021-11-27,"Idaho","16",45
2021-11-27,"Illinois","17",254
2021-11-27,"Indiana","18",241
2021-11-27,"Iowa","19",103
2021-11-27,"Kansas","20",80
2021-11-27,"Kentucky","21",129
2021-11-27,"Louisiana","22",36
2021-11-27,"Maine","23",66
2021-11-27,"Maryland","24",80
2021-11-27,"Massachusetts","25",95
2021-11-27,"Michigan","26",691
2021-11-27,"Minnesota","27",262
2021-11-27,"Mississippi","28",42
2021-11-27,"Missouri","29",139
2021-11-27,"Montana","30",65
2021-11-27,"Nebraska","31",61
2021-11-27,"Nevada","32",96
2021-11-27,"New Hampshire","33",47
2021-11-27,"New Jersey","34",84
2021-11-27,"New Mexico","35",166
2021-11-27,"North Carolina","37",155
2021-11-27,"North Dakota","38",27
2021-11-27,"Ohio","39",636
2021-11-27,"Oklahoma","40",103
2021-11-27,"Oregon","41",95
2021-11-27,"Pennsylvania","42",625
2021-11-27,"Rhode Island","44",21
2021-11-27,"South Carolina","45",97
2021-11-27,"South Dakota","46",32
2021-11-27,"Tennessee","47",123
2021-11-27,"Texas","48",405
2021-11-27,"Utah","49",69
2021-11-27,"Vermont","50",5
2021-11-27,"Virginia","51",141
2021-11-27,"Washington","53",154
2021-11-27,"West Virginia","54",102
2021-11-27,"Wisconsin","55",242
2021-11-27,"Wyoming","56",31
2021-11-27,"New York","36",345
2021-11-27,"US","US",7886
2021-12-04,"Alabama","01",71
2021-12-04,"Alaska","02",19
2021-12-04,"Arizona","04",452
2021-12-04,"Arkansas","05",80
2021-12-04,"California","06",517
2021-12-04,"Colorado","08",286
2021-12-04,"Connecticut","09",48
2021-12-04,"Delaware","10",24
2021-12-04,"District of Columbia","11",6
2021-12-04,"Florida","12",165
2021-12-04,"Georgia","13",120
2021-12-04,"Hawaii","15",7
2021-12-04,"Idaho","16",65
2021-12-04,"Illinois","17",300
2021-12-04,"Indiana","18",288
2021-12-04,"Iowa","19",114
2021-12-04,"Kansas","20",100
2021-12-04,"Kentucky","21",150
2021-12-04,"Louisiana","22",42
2021-12-04,"Maine","23",60
2021-12-04,"Maryland","24",83
2021-12-04,"Massachusetts","25",134
2021-12-04,"Michigan","26",786
2021-12-04,"Minnesota","27",272
2021-12-04,"Mississippi","28",30
2021-12-04,"Missouri","29",156
2021-12-04,"Montana","30",46
2021-12-04,"Nebraska","31",78
2021-12-04,"Nevada","32",102
2021-12-04,"New Hampshire","33",54
2021-12-04,"New Jersey","34",106
2021-12-04,"New Mexico","35",167
2021-12-04,"North Carolina","37",154
2021-12-04,"North Dakota","38",48
2021-12-04,"Ohio","39",733
2021-12-04,"Oklahoma","40",126
2021-12-04,"Oregon","41",82
2021-12-04,"Pennsylvania","42",727
2021-12-04,"Rhode Island","44",23
2021-12-04,"South Carolina","45",75
2021-12-04,"South Dakota","46",28
2021-12-04,"Tennessee","47",172
2021-12-04,"Texas","48",465
2021-12-04,"Utah","49",80
2021-12-04,"Vermont","50",14
2021-12-04,"Virginia","51",147
2021-12-04,"Washington","53",126
2021-12-04,"West Virginia","54",105
2021-12-04,"Wisconsin","55",274
2021-12-04,"Wyoming","56",28
2021-12-04,"New York","36",446
2021-12-04,"US","US",8781
2021-12-11,"Alabama","01",58
2021-12-11,"Alaska","02",17
2021-12-11,"Arizona","04",532
2021-12-11,"Arkansas","05",64
2021-12-11,"California","06",466
2021-12-11,"Colorado","08",278
2021-12-11,"Connecticut","09",84
2021-12-11,"Delaware","10",26
2021-12-11,"District of Columbia","11",9
2021-12-11,"Florida","12",165
2021-12-11,"Georgia","13",99
2021-12-11,"Hawaii","15",6
2021-12-11,"Idaho","16",39
2021-12-11,"Illinois","17",385
2021-12-11,"Indiana","18",385
2021-12-11,"Iowa","19",130
2021-12-11,"Kansas","20",120
2021-12-11,"Kentucky","21",168
2021-12-11,"Louisiana","22",39
2021-12-11,"Maine","23",76
2021-12-11,"Maryland","24",119
2021-12-11,"Massachusetts","25",144
2021-12-11,"Michigan","26",875
2021-12-11,"Minnesota","27",267
2021-12-11,"Mississippi","28",41
2021-12-11,"Missouri","29",220
2021-12-11,"Montana","30",43
2021-12-11,"Nebraska","31",77
2021-12-11,"Nevada","32",105
2021-12-11,"New Hampshire","33",57
2021-12-11,"New Jersey","34",139
2021-12-11,"New Mexico","35",205
2021-12-11,"North Carolina","37",196
2021-12-11,"North Dakota","38",34
2021-12-11,"Ohio","39",858
2021-12-11,"Oklahoma","40",135
2021-12-11,"Oregon","41",83
2021-12-11,"Pennsylvania","42",806
2021-12-11,"Rhode Island","44",37
2021-12-11,"South Carolina","45",95
2021-12-11,"South Dakota","46",32
2021-12-11,"Tennessee","47",179
2021-12-11,"Texas","48",482
2021-12-11,"Utah","49",66
2021-12-11,"Vermont","50",17
2021-12-11,"Virginia","51",204
2021-12-11,"Washington","53",141
2021-12-11,"West Virginia","54",96
2021-12-11,"Wisconsin","55",314
2021-12-11,"Wyoming","56",31
2021-12-11,"New York","36",490
2021-12-11,"US","US",9734
2021-12-18,"Alabama","01",73
2021-12-18,"Alaska","02",9
2021-12-18,"Arizona","04",463
2021-12-18,"Arkansas","05",97
2021-12-18,"California","06",543
2021-12-18,"Colorado","08",250
2021-12-18,"Connecticut","09",76
2021-12-18,"Delaware","10",43
2021-12-18,"District of Columbia","11",9
2021-12-18,"Florida","12",156
2021-12-18,"Georgia","13",132
2021-12-18,"Hawaii","15",6
2021-12-18,"Idaho","16",45
2021-12-18,"Illinois","17",475
2021-12-18,"Indiana","18",419
2021-12-18,"Iowa","19",139
2021-12-18,"Kansas","20",151
2021-12-18,"Kentucky","21",207
2021-12-18,"Louisiana","22",26
2021-12-18,"Maine","23",89
2021-12-18,"Maryland","24",167
2021-12-18,"Massachusetts","25",174
2021-12-18,"Michigan","26",836
2021-12-18,"Minnesota","27",283
2021-12-18,"Mississippi","28",51
2021-12-18,"Missouri","29",243
2021-12-18,"Montana","30",29
2021-12-18,"Nebraska","31",85
2021-12-18,"Nevada","32",85
2021-12-18,"New Hampshire","33",60
2021-12-18,"New Jersey","34",179
2021-12-18,"New Mexico","35",183
2021-12-18,"North Carolina","37",227
2021-12-18,"North Dakota","38",21
2021-12-18,"Ohio","39",972
2021-12-18,"Oklahoma","40",149
2021-12-18,"Oregon","41",70
2021-12-18,"Pennsylvania","42",841
2021-12-18,"Rhode Island","44",32
2021-12-18,"South Carolina","45",101
2021-12-18,"South Dakota","46",48
2021-12-18,"Tennessee","47",181
2021-12-18,"Texas","48",468
2021-12-18,"Utah","49",71
2021-12-18,"Vermont","50",14
2021-12-18,"Virginia","51",204
2021-12-18,"Washington","53",99
2021-12-18,"West Virginia","54",102
2021-12-18,"Wisconsin","55",327
2021-12-18,"Wyoming","56",20
2021-12-18,"New York","36",520
2021-12-18,"US","US",10250
2021-12-25,"Alabama","01",79
2021-12-25,"Alaska","02",12
2021-12-25,"Arizona","04",468
2021-12-25,"Arkansas","05",64
2021-12-25,"California","06",526
2021-12-25,"Colorado","08",213
2021-12-25,"Connecticut","09",105
2021-12-25,"Delaware","10",30
2021-12-25,"District of Columbia","11",11
2021-12-25,"Florida","12",182
2021-12-25,"Georgia","13",137
2021-12-25,"Hawaii","15",7
2021-12-25,"Idaho","16",56
2021-12-25,"Illinois","17",580
2021-12-25,"Indiana","18",455
2021-12-25,"Iowa","19",157
2021-12-25,"Kansas","20",128
2021-12-25,"Kentucky","21",219
2021-12-25,"Louisiana","22",41
2021-12-25,"Maine","23",73
2021-12-25,"Maryland","24",202
2021-12-25,"Massachusetts","25",181
2021-12-25,"Michigan","26",779
2021-12-25,"Minnesota","27",230
2021-12-25,"Mississippi","28",60
2021-12-25,"Missouri","29",270
2021-12-25,"Montana","30",24
2021-12-25,"Nebraska","31",70
2021-12-25,"Nevada","32",112
2021-12-25,"New Hampshire","33",84
2021-12-25,"New Jersey","34",203
2021-12-25,"New Mexico","35",169
2021-12-25,"North Carolina","37",253
2021-12-25,"North Dakota","38",15
2021-12-25,"Ohio","39",952
2021-12-25,"Oklahoma","40",159
2021-12-25,"Oregon","41",73
2021-12-25,"Pennsylvania","42",821
2021-12-25,"Rhode Island","44",49
2021-12-25,"South Carolina","45",123
2021-12-25,"South Dakota","46",31
2021-12-25,"Tennessee","47",181
2021-12-25,"Texas","48",468
2021-12-25,"Utah","49",52
2021-12-25,"Vermont","50",9
2021-12-25,"Virginia","51",223
2021-12-25,"Washington","53",94
2021-12-25,"West Virginia","54",103
2021-12-25,"Wisconsin","55",299
2021-12-25,"Wyoming","56",21
2021-12-25,"New York","36",604
2021-12-25,"US","US",10457
2022-01-01,"Alabama","01",89
2022-01-01,"Alaska","02",9
2022-01-01,"Arizona","04",422
2022-01-01,"Arkansas","05",83
2022-01-01,"California","06",627
2022-01-01,"Colorado","08",196
2022-01-01,"Connecticut","09",121
2022-01-01,"Delaware","10",55
2022-01-01,"District of Columbia","11",28
2022-01-01,"Florida","12",290
2022-01-01,"Georgia","13",215
2022-01-01,"Hawaii","15",13
2022-01-01,"Idaho","16",47
2022-01-01,"Illinois","17",658
2022-01-01,"Indiana","18",474
2022-01-01,"Iowa","19",141
2022-01-01,"Kansas","20",182
2022-01-01,"Kentucky","21",237
2022-01-01,"Louisiana","22",64
2022-01-01,"Maine","23",66
2022-01-01,"Maryland","24",275
2022-01-01,"Massachusetts","25",254
2022-01-01,"Michigan","26",670
2022-01-01,"Minnesota","27",236
2022-01-01,"Mississippi","28",77
2022-01-01,"Missouri","29",296
2022-01-01,"Montana","30",19
2022-01-01,"Nebraska","31",60
2022-01-01,"Nevada","32",101
2022-01-01,"New Hampshire","33",70
2022-01-01,"New Jersey","34",383
2022-01-01,"New Mexico","35",174
2022-01-01,"North Carolina","37",256
2022-01-01,"North Dakota","38",16
2022-01-01,"Ohio","39",1001
2022-01-01,"Oklahoma","40",181
2022-01-01,"Oregon","41",74
2022-01-01,"Pennsylvania","42",820
2022-01-01,"Rhode Island","44",49
2022-01-01,"South Carolina","45",130
2022-01-01,"South Dakota","46",28
2022-01-01,"Tennessee","47",237
2022-01-01,"Texas","48",606
2022-01-01,"Utah","49",51
2022-01-01,"Vermont","50",15
2022-01-01,"Virginia","51",268
2022-01-01,"Washington","53",130
2022-01-01,"West Virginia","54",107
2022-01-01,"Wisconsin","55",309
2022-01-01,"Wyoming","56",17
2022-01-01,"New York","36",751
2022-01-01,"US","US",11678
2022-01-08,"Alabama","01",160
2022-01-08,"Alaska","02",18
2022-01-08,"Arizona","04",419
2022-01-08,"Arkansas","05",117
2022-01-08,"California","06",937
2022-01-08,"Colorado","08",192
2022-01-08,"Connecticut","09",214
2022-01-08,"Delaware","10",71
2022-01-08,"District of Columbia","11",39
2022-01-08,"Florida","12",548
2022-01-08,"Georgia","13",362
2022-01-08,"Hawaii","15",19
2022-01-08,"Idaho","16",48
2022-01-08,"Illinois","17",928
2022-01-08,"Indiana","18",460
2022-01-08,"Iowa","19",142
2022-01-08,"Kansas","20",179
2022-01-08,"Kentucky","21",259
2022-01-08,"Louisiana","22",112
2022-01-08,"Maine","23",58
2022-01-08,"Maryland","24",390
2022-01-08,"Massachusetts","25",316
2022-01-08,"Michigan","26",682
2022-01-08,"Minnesota","27",235
2022-01-08,"Mississippi","28",131
2022-01-08,"Missouri","29",402
2022-01-08,"Montana","30",29
2022-01-08,"Nebraska","31",78
2022-01-08,"Nevada","32",124
2022-01-08,"New Hampshire","33",61
2022-01-08,"New Jersey","34",657
2022-01-08,"New Mexico","35",144
2022-01-08,"North Carolina","37",395
2022-01-08,"North Dakota","38",19
2022-01-08,"Ohio","39",1157
2022-01-08,"Oklahoma","40",207
2022-01-08,"Oregon","41",85
2022-01-08,"Pennsylvania","42",964
2022-01-08,"Rhode Island","44",52
2022-01-08,"South Carolina","45",206
2022-01-08,"South Dakota","46",49
2022-01-08,"Tennessee","47",332
2022-01-08,"Texas","48",854
2022-01-08,"Utah","49",67
2022-01-08,"Vermont","50",8
2022-01-08,"Virginia","51",390
2022-01-08,"Washington","53",178
2022-01-08,"West Virginia","54",111
2022-01-08,"Wisconsin","55",337
2022-01-08,"Wyoming","56",18
2022-01-08,"New York","36",1168
2022-01-08,"US","US",15128
2022-01-15,"Alabama","01",249
2022-01-15,"Alaska","02",15
2022-01-15,"Arizona","04",450
2022-01-15,"Arkansas","05",149
2022-01-15,"California","06",1400
2022-01-15,"Colorado","08",241
2022-01-15,"Connecticut","09",253
2022-01-15,"Delaware","10",73
2022-01-15,"District of Columbia","11",33
2022-01-15,"Florida","12",986
2022-01-15,"Georgia","13",566
2022-01-15,"Hawaii","15",28
2022-01-15,"Idaho","16",60
2022-01-15,"Illinois","17",994
2022-01-15,"Indiana","18",565
2022-01-15,"Iowa","19",169
2022-01-15,"Kansas","20",233
2022-01-15,"Kentucky","21",311
2022-01-15,"Louisiana","22",183
2022-01-15,"Maine","23",53
2022-01-15,"Maryland","24",488
2022-01-15,"Massachusetts","25",335
2022-01-15,"Michigan","26",689
2022-01-15,"Minnesota","27",200
2022-01-15,"Mississippi","28",216
2022-01-15,"Missouri","29",479
2022-01-15,"Montana","30",34
2022-01-15,"Nebraska","31",95
2022-01-15,"Nevada","32",175
2022-01-15,"New Hampshire","33",62
2022-01-15,"New Jersey","34",810
2022-01-15,"New Mexico","35",164
2022-01-15,"North Carolina","37",529
2022-01-15,"North Dakota","38",31
2022-01-15,"Ohio","39",1246
2022-01-15,"Oklahoma","40",308
2022-01-15,"Oregon","41",111
2022-01-15,"Pennsylvania","42",1134
2022-01-15,"Rhode Island","44",71
2022-01-15,"South Carolina","45",283
2022-01-15,"South Dakota","46",31
2022-01-15,"Tennessee","47",427
2022-01-15,"Texas","48",1269
2022-01-15,"Utah","49",86
2022-01-15,"Vermont","50",21
2022-01-15,"Virginia","51",506
2022-01-15,"Washington","53",262
2022-01-15,"West Virginia","54",155
2022-01-15,"Wisconsin","55",367
2022-01-15,"Wyoming","56",18
2022-01-15,"New York","36",1478
2022-01-15,"US","US",19091
2022-01-22,"Alabama","01",303
2022-01-22,"Alaska","02",20
2022-01-22,"Arizona","04",486
2022-01-22,"Arkansas","05",213
2022-01-22,"California","06",1885
2022-01-22,"Colorado","08",270
2022-01-22,"Connecticut","09",295
2022-01-22,"Delaware","10",91
2022-01-22,"District of Columbia","11",43
2022-01-22,"Florida","12",1281
2022-01-22,"Georgia","13",651
2022-01-22,"Hawaii","15",59
2022-01-22,"Idaho","16",52
2022-01-22,"Illinois","17",1007
2022-01-22,"Indiana","18",541
2022-01-22,"Iowa","19",157
2022-01-22,"Kansas","20",233
2022-01-22,"Kentucky","21",339
2022-01-22,"Louisiana","22",300
2022-01-22,"Maine","23",75
2022-01-22,"Maryland","24",486
2022-01-22,"Massachusetts","25",423
2022-01-22,"Michigan","26",681
2022-01-22,"Minnesota","27",227
2022-01-22,"Mississippi","28",287
2022-01-22,"Missouri","29",513
2022-01-22,"Montana","30",47
2022-01-22,"Nebraska","31",77
2022-01-22,"Nevada","32",247
2022-01-22,"New Hampshire","33",74
2022-01-22,"New Jersey","34",781
2022-01-22,"New Mexico","35",175
2022-01-22,"North Carolina","37",580
2022-01-22,"North Dakota","38",22
2022-01-22,"Ohio","39",1175
2022-01-22,"Oklahoma","40",410
2022-01-22,"Oregon","41",155
2022-01-22,"Pennsylvania","42",1092
2022-01-22,"Rhode Island","44",81
2022-01-22,"South Carolina","45",363
2022-01-22,"South Dakota","46",35
2022-01-22,"Tennessee","47",501
2022-01-22,"Texas","48",1709
2022-01-22,"Utah","49",112
2022-01-22,"Vermont","50",20
2022-01-22,"Virginia","51",554
2022-01-22,"Washington","53",291
2022-01-22,"West Virginia","54",139
2022-01-22,"Wisconsin","55",354
2022-01-22,"Wyoming","56",11
2022-01-22,"New York","36",1422
2022-01-22,"US","US",21345
2022-01-29,"Alabama","01",439
2022-01-29,"Alaska","02",21
2022-01-29,"Arizona","04",490
2022-01-29,"Arkansas","05",244
2022-01-29,"California","06",1934
2022-01-29,"Colorado","08",266
2022-01-29,"Connecticut","09",176
2022-01-29,"Delaware","10",74
2022-01-29,"District of Columbia","11",24
2022-01-29,"Florida","12",1284
2022-01-29,"Georgia","13",675
2022-01-29,"Hawaii","15",44
2022-01-29,"Idaho","16",85
2022-01-29,"Illinois","17",825
2022-01-29,"Indiana","18",479
2022-01-29,"Iowa","19",178
2022-01-29,"Kansas","20",222
2022-01-29,"Kentucky","21",385
2022-01-29,"Louisiana","22",275
2022-01-29,"Maine","23",78
2022-01-29,"Maryland","24",349
2022-01-29,"Massachusetts","25",357
2022-01-29,"Michigan","26",596
2022-01-29,"Minnesota","27",239
2022-01-29,"Mississippi","28",303
2022-01-29,"Missouri","29",463
2022-01-29,"Montana","30",45
2022-01-29,"Nebraska","31",103
2022-01-29,"Nevada","32",275
2022-01-29,"New Hampshire","33",58
2022-01-29,"New Jersey","34",620
2022-01-29,"New Mexico","35",179
2022-01-29,"North Carolina","37",763
2022-01-29,"North Dakota","38",37
2022-01-29,"Ohio","39",1017
2022-01-29,"Oklahoma","40",467
2022-01-29,"Oregon","41",190
2022-01-29,"Pennsylvania","42",940
2022-01-29,"Rhode Island","44",82
2022-01-29,"South Carolina","45",499
2022-01-29,"South Dakota","46",42
2022-01-29,"Tennessee","47",576
2022-01-29,"Texas","48",1881
2022-01-29,"Utah","49",92
2022-01-29,"Vermont","50",19
2022-01-29,"Virginia","51",520
2022-01-29,"Washington","53",312
2022-01-29,"West Virginia","54",161
2022-01-29,"Wisconsin","55",323
2022-01-29,"Wyoming","56",28
2022-01-29,"New York","36",1239
2022-01-29,"US","US",20973
2022-02-05,"Alabama","01",414
2022-02-05,"Alaska","02",17
2022-02-05,"Arizona","04",475
2022-02-05,"Arkansas","05",255
2022-02-05,"California","06",1951
2022-02-05,"Colorado","08",238
2022-02-05,"Connecticut","09",172
2022-02-05,"Delaware","10",65
2022-02-05,"District of Columbia","11",22
2022-02-05,"Florida","12",1182
2022-02-05,"Georgia","13",593
2022-02-05,"Hawaii","15",50
2022-02-05,"Idaho","16",80
2022-02-05,"Illinois","17",588
2022-02-05,"Indiana","18",405
2022-02-05,"Iowa","19",165
2022-02-05,"Kansas","20",198
2022-02-05,"Kentucky","21",425
2022-02-05,"Louisiana","22",261
2022-02-05,"Maine","23",68
2022-02-05,"Maryland","24",273
2022-02-05,"Massachusetts","25",289
2022-02-05,"Michigan","26",505
2022-02-05,"Minnesota","27",182
2022-02-05,"Mississippi","28",329
2022-02-05,"Missouri","29",419
2022-02-05,"Montana","30",59
2022-02-05,"Nebraska","31",103
2022-02-05,"Nevada","32",240
2022-02-05,"New Hampshire","33",63
2022-02-05,"New Jersey","34",438
2022-02-05,"New Mexico","35",150
2022-02-05,"North Carolina","37",703
2022-02-05,"North Dakota","38",27
2022-02-05,"Ohio","39",814
2022-02-05,"Oklahoma","40",451
2022-02-05,"Oregon","41",182
2022-02-05,"Pennsylvania","42",781
2022-02-05,"Rhode Island","44",51
2022-02-05,"South Carolina","45",469
2022-02-05,"South Dakota","46",48
2022-02-05,"Tennessee","47",567
2022-02-05,"Texas","48",1736
2022-02-05,"Utah","49",105
2022-02-05,"Vermont","50",16
2022-02-05,"Virginia","51",463
2022-02-05,"Washington","53",282
2022-02-05,"West Virginia","54",166
2022-02-05,"Wisconsin","55",240
2022-02-05,"Wyoming","56",28
2022-02-05,"New York","36",955
2022-02-05,"US","US",18758
2022-02-12,"Alabama","01",404
2022-02-12,"Alaska","02",25
2022-02-12,"Arizona","04",387
2022-02-12,"Arkansas","05",252
2022-02-12,"California","06",1525
2022-02-12,"Colorado","08",181
2022-02-12,"Connecticut","09",116
2022-02-12,"Delaware","10",43
2022-02-12,"District of Columbia","11",14
2022-02-12,"Florida","12",990
2022-02-12,"Georgia","13",542
2022-02-12,"Hawaii","15",31
2022-02-12,"Idaho","16",106
2022-02-12,"Illinois","17",483
2022-02-12,"Indiana","18",342
2022-02-12,"Iowa","19",108
2022-02-12,"Kansas","20",181
2022-02-12,"Kentucky","21",347
2022-02-12,"Louisiana","22",240
2022-02-12,"Maine","23",56
2022-02-12,"Maryland","24",167
2022-02-12,"Massachusetts","25",209
2022-02-12,"Michigan","26",379
2022-02-12,"Minnesota","27",176
2022-02-12,"Mississippi","28",235
2022-02-12,"Missouri","29",343
2022-02-12,"Montana","30",54
2022-02-12,"Nebraska","31",79
2022-02-12,"Nevada","32",212
2022-02-12,"New Hampshire","33",38
2022-02-12,"New Jersey","34",269
2022-02-12,"New Mexico","35",120
2022-02-12,"North Carolina","37",635
2022-02-12,"North Dakota","38",31
2022-02-12,"Ohio","39",623
2022-02-12,"Oklahoma","40",408
2022-02-12,"Oregon","41",178
2022-02-12,"Pennsylvania","42",574
2022-02-12,"Rhode Island","44",35
2022-02-12,"South Carolina","45",397
2022-02-12,"South Dakota","46",42
2022-02-12,"Tennessee","47",537
2022-02-12,"Texas","48",1494
2022-02-12,"Utah","49",93
2022-02-12,"Vermont","50",15
2022-02-12,"Virginia","51",365
2022-02-12,"Washington","53",247
2022-02-12,"West Virginia","54",166
2022-02-12,"Wisconsin","55",182
2022-02-12,"Wyoming","56",33
2022-02-12,"New York","36",639
2022-02-12,"US","US",15348
2022-02-19,"Alabama","01",320
2022-02-19,"Alaska","02",23
2022-02-19,"Arizona","04",297
2022-02-19,"Arkansas","05",198
2022-02-19,"California","06",1101
2022-02-19,"Colorado","08",135
2022-02-19,"Connecticut","09",71
2022-02-19,"Delaware","10",29
2022-02-19,"District of Columbia","11",9
2022-02-19,"Florida","12",759
2022-02-19,"Georgia","13",395
2022-02-19,"Hawaii","15",21
2022-02-19,"Idaho","16",75
2022-02-19,"Illinois","17",346
2022-02-19,"Indiana","18",299
2022-02-19,"Iowa","19",111
2022-02-19,"Kansas","20",123
2022-02-19,"Kentucky","21",330
2022-02-19,"Louisiana","22",176
2022-02-19,"Maine","23",59
2022-02-19,"Maryland","24",105
2022-02-19,"Massachusetts","25",127
2022-02-19,"Michigan","26",331
2022-02-19,"Minnesota","27",135
2022-02-19,"Mississippi","28",196
2022-02-19,"Missouri","29",277
2022-02-19,"Montana","30",47
2022-02-19,"Nebraska","31",66
2022-02-19,"Nevada","32",136
2022-02-19,"New Hampshire","33",27
2022-02-19,"New Jersey","34",190
2022-02-19,"New Mexico","35",96
2022-02-19,"North Carolina","37",476
2022-02-19,"North Dakota","38",20
2022-02-19,"Ohio","39",477
2022-02-19,"Oklahoma","40",294
2022-02-19,"Oregon","41",150
2022-02-19,"Pennsylvania","42",416
2022-02-19,"Rhode Island","44",27
2022-02-19,"South Carolina","45",267
2022-02-19,"South Dakota","46",34
2022-02-19,"Tennessee","47",438
2022-02-19,"Texas","48",1031
2022-02-19,"Utah","49",53
2022-02-19,"Vermont","50",19
2022-02-19,"Virginia","51",291
2022-02-19,"Washington","53",187
2022-02-19,"West Virginia","54",145
2022-02-19,"Wisconsin","55",135
2022-02-19,"Wyoming","56",17
2022-02-19,"New York","36",484
2022-02-19,"US","US",11571
2022-02-26,"Alabama","01",240
2022-02-26,"Alaska","02",16
2022-02-26,"Arizona","04",224
2022-02-26,"Arkansas","05",132
2022-02-26,"California","06",813
2022-02-26,"Colorado","08",107
2022-02-26,"Connecticut","09",52
2022-02-26,"Delaware","10",22
2022-02-26,"District of Columbia","11",7
2022-02-26,"Florida","12",575
2022-02-26,"Georgia","13",278
2022-02-26,"Hawaii","15",16
2022-02-26,"Idaho","16",60
2022-02-26,"Illinois","17",235
2022-02-26,"Indiana","18",179
2022-02-26,"Iowa","19",66
2022-02-26,"Kansas","20",83
2022-02-26,"Kentucky","21",257
2022-02-26,"Louisiana","22",139
2022-02-26,"Maine","23",19
2022-02-26,"Maryland","24",110
2022-02-26,"Massachusetts","25",88
2022-02-26,"Michigan","26",250
2022-02-26,"Minnesota","27",94
2022-02-26,"Mississippi","28",118
2022-02-26,"Missouri","29",153
2022-02-26,"Montana","30",35
2022-02-26,"Nebraska","31",37
2022-02-26,"Nevada","32",105
2022-02-26,"New Hampshire","33",24
2022-02-26,"New Jersey","34",113
2022-02-26,"New Mexico","35",80
2022-02-26,"North Carolina","37",317
2022-02-26,"North Dakota","38",23
2022-02-26,"Ohio","39",355
2022-02-26,"Oklahoma","40",186
2022-02-26,"Oregon","41",125
2022-02-26,"Pennsylvania","42",320
2022-02-26,"Rhode Island","44",19
2022-02-26,"South Carolina","45",190
2022-02-26,"South Dakota","46",21
2022-02-26,"Tennessee","47",294
2022-02-26,"Texas","48",777
2022-02-26,"Utah","49",47
2022-02-26,"Vermont","50",10
2022-02-26,"Virginia","51",221
2022-02-26,"Washington","53",148
2022-02-26,"West Virginia","54",111
2022-02-26,"Wisconsin","55",104
2022-02-26,"Wyoming","56",19
2022-02-26,"New York","36",289
2022-02-26,"US","US",8303
2022-03-05,"Alabama","01",165
2022-03-05,"Alaska","02",17
2022-03-05,"Arizona","04",173
2022-03-05,"Arkansas","05",89
2022-03-05,"California","06",571
2022-03-05,"Colorado","08",80
2022-03-05,"Connecticut","09",36
2022-03-05,"Delaware","10",16
2022-03-05,"District of Columbia","11",6
2022-03-05,"Florida","12",424
2022-03-05,"Georgia","13",191
2022-03-05,"Hawaii","15",4
2022-03-05,"Idaho","16",44
2022-03-05,"Illinois","17",164
2022-03-05,"Indiana","18",130
2022-03-05,"Iowa","19",53
2022-03-05,"Kansas","20",69
2022-03-05,"Kentucky","21",219
2022-03-05,"Louisiana","22",100
2022-03-05,"Maine","23",20
2022-03-05,"Maryland","24",63
2022-03-05,"Massachusetts","25",48
2022-03-05,"Michigan","26",166
2022-03-05,"Minnesota","27",66
2022-03-05,"Mississippi","28",108
2022-03-05,"Missouri","29",119
2022-03-05,"Montana","30",25
2022-03-05,"Nebraska","31",45
2022-03-05,"Nevada","32",84
2022-03-05,"New Hampshire","33",17
2022-03-05,"New Jersey","34",81
2022-03-05,"New Mexico","35",64
2022-03-05,"North Carolina","37",214
2022-03-05,"North Dakota","38",13
2022-03-05,"Ohio","39",251
2022-03-05,"Oklahoma","40",169
2022-03-05,"Oregon","41",104
2022-03-05,"Pennsylvania","42",219
2022-03-05,"Rhode Island","44",11
2022-03-05,"South Carolina","45",109
2022-03-05,"South Dakota","46",17
2022-03-05,"Tennessee","47",266
2022-03-05,"Texas","48",504
2022-03-05,"Utah","49",40
2022-03-05,"Vermont","50",10
2022-03-05,"Virginia","51",146
2022-03-05,"Washington","53",103
2022-03-05,"West Virginia","54",93
2022-03-05,"Wisconsin","55",67
2022-03-05,"Wyoming","56",19
2022-03-05,"New York","36",260
2022-03-05,"US","US",6072
2022-03-12,"Alabama","01",109
2022-03-12,"Alaska","02",7
2022-03-12,"Arizona","04",126
2022-03-12,"Arkansas","05",55
2022-03-12,"California","06",439
2022-03-12,"Colorado","08",61
2022-03-12,"Connecticut","09",19
2022-03-12,"Delaware","10",13
2022-03-12,"District of Columbia","11",4
2022-03-12,"Florida","12",304
2022-03-12,"Georgia","13",153
2022-03-12,"Hawaii","15",11
2022-03-12,"Idaho","16",18
2022-03-12,"Illinois","17",129
2022-03-12,"Indiana","18",120
2022-03-12,"Iowa","19",42
2022-03-12,"Kansas","20",53
2022-03-12,"Kentucky","21",129
2022-03-12,"Louisiana","22",71
2022-03-12,"Maine","23",27
2022-03-12,"Maryland","24",61
2022-03-12,"Massachusetts","25",36
2022-03-12,"Michigan","26",141
2022-03-12,"Minnesota","27",61
2022-03-12,"Mississippi","28",76
2022-03-12,"Missouri","29",94
2022-03-12,"Montana","30",16
2022-03-12,"Nebraska","31",30
2022-03-12,"Nevada","32",51
2022-03-12,"New Hampshire","33",22
2022-03-12,"New Jersey","34",68
2022-03-12,"New Mexico","35",33
2022-03-12,"North Carolina","37",187
2022-03-12,"North Dakota","38",10
2022-03-12,"Ohio","39",174
2022-03-12,"Oklahoma","40",91
2022-03-12,"Oregon","41",63
2022-03-12,"Pennsylvania","42",156
2022-03-12,"Rhode Island","44",5
2022-03-12,"South Carolina","45",105
2022-03-12,"South Dakota","46",11
2022-03-12,"Tennessee","47",148
2022-03-12,"Texas","48",359
2022-03-12,"Utah","49",30
2022-03-12,"Vermont","50",4
2022-03-12,"Virginia","51",110
2022-03-12,"Washington","53",58
2022-03-12,"West Virginia","54",75
2022-03-12,"Wisconsin","55",62
2022-03-12,"Wyoming","56",8
2022-03-12,"New York","36",179
2022-03-12,"US","US",4414
2022-03-19,"Alabama","01",73
2022-03-19,"Alaska","02",4
2022-03-19,"Arizona","04",98
2022-03-19,"Arkansas","05",32
2022-03-19,"California","06",308
2022-03-19,"Colorado","08",49
2022-03-19,"Connecticut","09",12
2022-03-19,"Delaware","10",12
2022-03-19,"District of Columbia","11",5
2022-03-19,"Florida","12",208
2022-03-19,"Georgia","13",98
2022-03-19,"Hawaii","15",10
2022-03-19,"Idaho","16",16
2022-03-19,"Illinois","17",79
2022-03-19,"Indiana","18",61
2022-03-19,"Iowa","19",23
2022-03-19,"Kansas","20",24
2022-03-19,"Kentucky","21",116
2022-03-19,"Louisiana","22",45
2022-03-19,"Maine","23",16
2022-03-19,"Maryland","24",35
2022-03-19,"Massachusetts","25",36
2022-03-19,"Michigan","26",103
2022-03-19,"Minnesota","27",28
2022-03-19,"Mississippi","28",44
2022-03-19,"Missouri","29",65
2022-03-19,"Montana","30",13
2022-03-19,"Nebraska","31",10
2022-03-19,"Nevada","32",47
2022-03-19,"New Hampshire","33",7
2022-03-19,"New Jersey","34",48
2022-03-19,"New Mexico","35",29
2022-03-19,"North Carolina","37",124
2022-03-19,"North Dakota","38",9
2022-03-19,"Ohio","39",159
2022-03-19,"Oklahoma","40",70
2022-03-19,"Oregon","41",48
2022-03-19,"Pennsylvania","42",133
2022-03-19,"Rhode Island","44",9
2022-03-19,"South Carolina","45",58
2022-03-19,"South Dakota","46",11
2022-03-19,"Tennessee","47",105
2022-03-19,"Texas","48",280
2022-03-19,"Utah","49",19
2022-03-19,"Vermont","50",5
2022-03-19,"Virginia","51",76
2022-03-19,"Washington","53",55
2022-03-19,"West Virginia","54",48
2022-03-19,"Wisconsin","55",41
2022-03-19,"Wyoming","56",7
2022-03-19,"New York","36",127
2022-03-19,"US","US",3138
2022-03-26,"Alabama","01",59
2022-03-26,"Alaska","02",7
2022-03-26,"Arizona","04",68
2022-03-26,"Arkansas","05",38
2022-03-26,"California","06",242
2022-03-26,"Colorado","08",39
2022-03-26,"Connecticut","09",8
2022-03-26,"Delaware","10",11
2022-03-26,"District of Columbia","11",6
2022-03-26,"Florida","12",178
2022-03-26,"Georgia","13",74
2022-03-26,"Hawaii","15",3
2022-03-26,"Idaho","16",11
2022-03-26,"Illinois","17",69
2022-03-26,"Indiana","18",65
2022-03-26,"Iowa","19",22
2022-03-26,"Kansas","20",28
2022-03-26,"Kentucky","21",78
2022-03-26,"Louisiana","22",30
2022-03-26,"Maine","23",12
2022-03-26,"Maryland","24",36
2022-03-26,"Massachusetts","25",28
2022-03-26,"Michigan","26",81
2022-03-26,"Minnesota","27",36
2022-03-26,"Mississippi","28",30
2022-03-26,"Missouri","29",59
2022-03-26,"Montana","30",11
2022-03-26,"Nebraska","31",9
2022-03-26,"Nevada","32",30
2022-03-26,"New Hampshire","33",6
2022-03-26,"New Jersey","34",46
2022-03-26,"New Mexico","35",29
2022-03-26,"North Carolina","37",87
2022-03-26,"North Dakota","38",6
2022-03-26,"Ohio","39",97
2022-03-26,"Oklahoma","40",55
2022-03-26,"Oregon","41",29
2022-03-26,"Pennsylvania","42",95
2022-03-26,"Rhode Island","44",5
2022-03-26,"South Carolina","45",49
2022-03-26,"South Dakota","46",2
2022-03-26,"Tennessee","47",92
2022-03-26,"Texas","48",224
2022-03-26,"Utah","49",8
2022-03-26,"Vermont","50",3
2022-03-26,"Virginia","51",81
2022-03-26,"Washington","53",45
2022-03-26,"West Virginia","54",44
2022-03-26,"Wisconsin","55",27
2022-03-26,"Wyoming","56",4
2022-03-26,"New York","36",112
2022-03-26,"US","US",2514
2022-04-02,"Alabama","01",42
2022-04-02,"Alaska","02",3
2022-04-02,"Arizona","04",44
2022-04-02,"Arkansas","05",22
2022-04-02,"California","06",190
2022-04-02,"Colorado","08",25
2022-04-02,"Connecticut","09",13
2022-04-02,"Delaware","10",11
2022-04-02,"District of Columbia","11",4
2022-04-02,"Florida","12",135
2022-04-02,"Georgia","13",61
2022-04-02,"Hawaii","15",2
2022-04-02,"Idaho","16",6
2022-04-02,"Illinois","17",41
2022-04-02,"Indiana","18",51
2022-04-02,"Iowa","19",18
2022-04-02,"Kansas","20",18
2022-04-02,"Kentucky","21",65
2022-04-02,"Louisiana","22",32
2022-04-02,"Maine","23",11
2022-04-02,"Maryland","24",24
2022-04-02,"Massachusetts","25",35
2022-04-02,"Michigan","26",65
2022-04-02,"Minnesota","27",23
2022-04-02,"Mississippi","28",24
2022-04-02,"Missouri","29",39
2022-04-02,"Montana","30",7
2022-04-02,"Nebraska","31",12
2022-04-02,"Nevada","32",28
2022-04-02,"New Hampshire","33",2
2022-04-02,"New Jersey","34",38
2022-04-02,"New Mexico","35",20
2022-04-02,"North Carolina","37",61
2022-04-02,"North Dakota","38",5
2022-04-02,"Ohio","39",99
2022-04-02,"Oklahoma","40",39
2022-04-02,"Oregon","41",27
2022-04-02,"Pennsylvania","42",78
2022-04-02,"Rhode Island","44",6
2022-04-02,"South Carolina","45",26
2022-04-02,"South Dakota","46",8
2022-04-02,"Tennessee","47",68
2022-04-02,"Texas","48",159
2022-04-02,"Utah","49",7
2022-04-02,"Vermont","50",5
2022-04-02,"Virginia","51",43
2022-04-02,"Washington","53",20
2022-04-02,"West Virginia","54",35
2022-04-02,"Wisconsin","55",41
2022-04-02,"Wyoming","56",5
2022-04-02,"New York","36",100
2022-04-02,"US","US",1943
2022-04-09,"Alabama","01",34
2022-04-09,"Alaska","02",5
2022-04-09,"Arizona","04",32
2022-04-09,"Arkansas","05",23
2022-04-09,"California","06",178
2022-04-09,"Colorado","08",22
2022-04-09,"Connecticut","09",13
2022-04-09,"Delaware","10",5
2022-04-09,"District of Columbia","11",1
2022-04-09,"Florida","12",117
2022-04-09,"Georgia","13",49
2022-04-09,"Hawaii","15",2
2022-04-09,"Idaho","16",5
2022-04-09,"Illinois","17",48
2022-04-09,"Indiana","18",30
2022-04-09,"Iowa","19",15
2022-04-09,"Kansas","20",17
2022-04-09,"Kentucky","21",51
2022-04-09,"Louisiana","22",20
2022-04-09,"Maine","23",15
2022-04-09,"Maryland","24",23
2022-04-09,"Massachusetts","25",25
2022-04-09,"Michigan","26",59
2022-04-09,"Minnesota","27",24
2022-04-09,"Mississippi","28",26
2022-04-09,"Missouri","29",40
2022-04-09,"Montana","30",4
2022-04-09,"Nebraska","31",7
2022-04-09,"Nevada","32",17
2022-04-09,"New Hampshire","33",4
2022-04-09,"New Jersey","34",42
2022-04-09,"New Mexico","35",14
2022-04-09,"North Carolina","37",46
2022-04-09,"North Dakota","38",5
2022-04-09,"Ohio","39",71
2022-04-09,"Oklahoma","40",30
2022-04-09,"Oregon","41",21
2022-04-09,"Pennsylvania","42",64
2022-04-09,"Rhode Island","44",6
2022-04-09,"South Carolina","45",28
2022-04-09,"South Dakota","46",4
2022-04-09,"Tennessee","47",31
2022-04-09,"Texas","48",117
2022-04-09,"Utah","49",6
2022-04-09,"Vermont","50",3
2022-04-09,"Virginia","51",40
2022-04-09,"Washington","53",23
2022-04-09,"West Virginia","54",30
2022-04-09,"Wisconsin","55",15
2022-04-09,"Wyoming","56",7
2022-04-09,"New York","36",90
2022-04-09,"US","US",1604
2022-04-16,"Alabama","01",18
2022-04-16,"Alaska","02",3
2022-04-16,"Arizona","04",25
2022-04-16,"Arkansas","05",20
2022-04-16,"California","06",130
2022-04-16,"Colorado","08",19
2022-04-16,"Connecticut","09",13
2022-04-16,"Delaware","10",5
2022-04-16,"District of Columbia","11",1
2022-04-16,"Florida","12",97
2022-04-16,"Georgia","13",39
2022-04-16,"Hawaii","15",2
2022-04-16,"Idaho","16",8
2022-04-16,"Illinois","17",44
2022-04-16,"Indiana","18",32
2022-04-16,"Iowa","19",6
2022-04-16,"Kansas","20",9
2022-04-16,"Kentucky","21",50
2022-04-16,"Louisiana","22",24
2022-04-16,"Maine","23",7
2022-04-16,"Maryland","24",24
2022-04-16,"Massachusetts","25",31
2022-04-16,"Michigan","26",54
2022-04-16,"Minnesota","27",23
2022-04-16,"Mississippi","28",29
2022-04-16,"Missouri","29",26
2022-04-16,"Montana","30",3
2022-04-16,"Nebraska","31",7
2022-04-16,"Nevada","32",10
2022-04-16,"New Hampshire","33",5
2022-04-16,"New Jersey","34",35
2022-04-16,"New Mexico","35",18
2022-04-16,"North Carolina","37",55
2022-04-16,"North Dakota","38",5
2022-04-16,"Ohio","39",53
2022-04-16,"Oklahoma","40",36
2022-04-16,"Oregon","41",22
2022-04-16,"Pennsylvania","42",71
2022-04-16,"Rhode Island","44",6
2022-04-16,"South Carolina","45",21
2022-04-16,"South Dakota","46",2
2022-04-16,"Tennessee","47",36
2022-04-16,"Texas","48",95
2022-04-16,"Utah","49",2
2022-04-16,"Vermont","50",2
2022-04-16,"Virginia","51",36
2022-04-16,"Washington","53",34
2022-04-16,"West Virginia","54",14
2022-04-16,"Wisconsin","55",21
2022-04-16,"Wyoming","56",0
2022-04-16,"New York","36",86
2022-04-16,"US","US",1414
2022-04-23,"Alabama","01",19
2022-04-23,"Alaska","02",5
2022-04-23,"Arizona","04",19
2022-04-23,"Arkansas","05",11
2022-04-23,"California","06",104
2022-04-23,"Colorado","08",18
2022-04-23,"Connecticut","09",15
2022-04-23,"Delaware","10",4
2022-04-23,"District of Columbia","11",0
2022-04-23,"Florida","12",90
2022-04-23,"Georgia","13",39
2022-04-23,"Hawaii","15",7
2022-04-23,"Idaho","16",5
2022-04-23,"Illinois","17",44
2022-04-23,"Indiana","18",33
2022-04-23,"Iowa","19",10
2022-04-23,"Kansas","20",10
2022-04-23,"Kentucky","21",44
2022-04-23,"Louisiana","22",19
2022-04-23,"Maine","23",7
2022-04-23,"Maryland","24",29
2022-04-23,"Massachusetts","25",32
2022-04-23,"Michigan","26",51
2022-04-23,"Minnesota","27",27
2022-04-23,"Mississippi","28",17
2022-04-23,"Missouri","29",26
2022-04-23,"Montana","30",4
2022-04-23,"Nebraska","31",4
2022-04-23,"Nevada","32",12
2022-04-23,"New Hampshire","33",6
2022-04-23,"New Jersey","34",51
2022-04-23,"New Mexico","35",13
2022-04-23,"North Carolina","37",31
2022-04-23,"North Dakota","38",7
2022-04-23,"Ohio","39",57
2022-04-23,"Oklahoma","40",25
2022-04-23,"Oregon","41",24
2022-04-23,"Pennsylvania","42",55
2022-04-23,"Rhode Island","44",5
2022-04-23,"South Carolina","45",25
2022-04-23,"South Dakota","46",2
2022-04-23,"Tennessee","47",36
2022-04-23,"Texas","48",81
2022-04-23,"Utah","49",5
2022-04-23,"Vermont","50",8
2022-04-23,"Virginia","51",35
2022-04-23,"Washington","53",29
2022-04-23,"West Virginia","54",16
2022-04-23,"Wisconsin","55",27
2022-04-23,"Wyoming","56",3
2022-04-23,"New York","36",109
2022-04-23,"US","US",1355
2022-04-30,"Alabama","01",18
2022-04-30,"Alaska","02",6
2022-04-30,"Arizona","04",29
2022-04-30,"Arkansas","05",8
2022-04-30,"California","06",116
2022-04-30,"Colorado","08",20
2022-04-30,"Connecticut","09",25
2022-04-30,"Delaware","10",8
2022-04-30,"District of Columbia","11",0
2022-04-30,"Florida","12",96
2022-04-30,"Georgia","13",45
2022-04-30,"Hawaii","15",5
2022-04-30,"Idaho","16",3
2022-04-30,"Illinois","17",45
2022-04-30,"Indiana","18",31
2022-04-30,"Iowa","19",7
2022-04-30,"Kansas","20",5
2022-04-30,"Kentucky","21",38
2022-04-30,"Louisiana","22",17
2022-04-30,"Maine","23",16
2022-04-30,"Maryland","24",30
2022-04-30,"Massachusetts","25",23
2022-04-30,"Michigan","26",57
2022-04-30,"Minnesota","27",17
2022-04-30,"Mississippi","28",11
2022-04-30,"Missouri","29",18
2022-04-30,"Montana","30",6
2022-04-30,"Nebraska","31",13
2022-04-30,"Nevada","32",18
2022-04-30,"New Hampshire","33",6
2022-04-30,"New Jersey","34",44
2022-04-30,"New Mexico","35",11
2022-04-30,"North Carolina","37",41
2022-04-30,"North Dakota","38",3
2022-04-30,"Ohio","39",73
2022-04-30,"Oklahoma","40",20
2022-04-30,"Oregon","41",21
2022-04-30,"Pennsylvania","42",79
2022-04-30,"Rhode Island","44",4
2022-04-30,"South Carolina","45",17
2022-04-30,"South Dakota","46",5
2022-04-30,"Tennessee","47",36
2022-04-30,"Texas","48",88
2022-04-30,"Utah","49",8
2022-04-30,"Vermont","50",11
2022-04-30,"Virginia","51",34
2022-04-30,"Washington","53",31
2022-04-30,"West Virginia","54",14
2022-04-30,"Wisconsin","55",14
2022-04-30,"Wyoming","56",1
2022-04-30,"New York","36",141
2022-04-30,"US","US",1433
2022-05-07,"Alabama","01",22
2022-05-07,"Alaska","02",4
2022-05-07,"Arizona","04",22
2022-05-07,"Arkansas","05",15
2022-05-07,"California","06",106
2022-05-07,"Colorado","08",16
2022-05-07,"Connecticut","09",25
2022-05-07,"Delaware","10",6
2022-05-07,"District of Columbia","11",1
2022-05-07,"Florida","12",94
2022-05-07,"Georgia","13",26
2022-05-07,"Hawaii","15",6
2022-05-07,"Idaho","16",4
2022-05-07,"Illinois","17",54
2022-05-07,"Indiana","18",20
2022-05-07,"Iowa","19",16
2022-05-07,"Kansas","20",13
2022-05-07,"Kentucky","21",43
2022-05-07,"Louisiana","22",8
2022-05-07,"Maine","23",12
2022-05-07,"Maryland","24",30
2022-05-07,"Massachusetts","25",39
2022-05-07,"Michigan","26",78
2022-05-07,"Minnesota","27",33
2022-05-07,"Mississippi","28",8
2022-05-07,"Missouri","29",26
2022-05-07,"Montana","30",5
2022-05-07,"Nebraska","31",7
2022-05-07,"Nevada","32",13
2022-05-07,"New Hampshire","33",8
2022-05-07,"New Jersey","34",56
2022-05-07,"New Mexico","35",15
2022-05-07,"North Carolina","37",38
2022-05-07,"North Dakota","38",2
2022-05-07,"Ohio","39",56
2022-05-07,"Oklahoma","40",27
2022-05-07,"Oregon","41",31
2022-05-07,"Pennsylvania","42",76
2022-05-07,"Rhode Island","44",9
2022-05-07,"South Carolina","45",15
2022-05-07,"South Dakota","46",0
2022-05-07,"Tennessee","47",27
2022-05-07,"Texas","48",65
2022-05-07,"Utah","49",4
2022-05-07,"Vermont","50",8
2022-05-07,"Virginia","51",25
2022-05-07,"Washington","53",27
2022-05-07,"West Virginia","54",11
2022-05-07,"Wisconsin","55",24
2022-05-07,"Wyoming","56",5
2022-05-07,"New York","36",154
2022-05-07,"US","US",1435
2022-05-14,"Alabama","01",12
2022-05-14,"Alaska","02",5
2022-05-14,"Arizona","04",24
2022-05-14,"Arkansas","05",11
2022-05-14,"California","06",134
2022-05-14,"Colorado","08",20
2022-05-14,"Connecticut","09",21
2022-05-14,"Delaware","10",7
2022-05-14,"District of Columbia","11",3
2022-05-14,"Florida","12",95
2022-05-14,"Georgia","13",28
2022-05-14,"Hawaii","15",9
2022-05-14,"Idaho","16",4
2022-05-14,"Illinois","17",61
2022-05-14,"Indiana","18",36
2022-05-14,"Iowa","19",16
2022-05-14,"Kansas","20",9
2022-05-14,"Kentucky","21",33
2022-05-14,"Louisiana","22",16
2022-05-14,"Maine","23",20
2022-05-14,"Maryland","24",34
2022-05-14,"Massachusetts","25",58
2022-05-14,"Michigan","26",88
2022-05-14,"Minnesota","27",33
2022-05-14,"Mississippi","28",16
2022-05-14,"Missouri","29",21
2022-05-14,"Montana","30",6
2022-05-14,"Nebraska","31",5
2022-05-14,"Nevada","32",9
2022-05-14,"New Hampshire","33",8
2022-05-14,"New Jersey","34",60
2022-05-14,"New Mexico","35",8
2022-05-14,"North Carolina","37",46
2022-05-14,"North Dakota","38",2
2022-05-14,"Ohio","39",53
2022-05-14,"Oklahoma","40",21
2022-05-14,"Oregon","41",32
2022-05-14,"Pennsylvania","42",97
2022-05-14,"Rhode Island","44",13
2022-05-14,"South Carolina","45",34
2022-05-14,"South Dakota","46",2
2022-05-14,"Tennessee","47",32
2022-05-14,"Texas","48",80
2022-05-14,"Utah","49",6
2022-05-14,"Vermont","50",11
2022-05-14,"Virginia","51",43
2022-05-14,"Washington","53",40
2022-05-14,"West Virginia","54",21
2022-05-14,"Wisconsin","55",23
2022-05-14,"Wyoming","56",1
2022-05-14,"New York","36",220
2022-05-14,"US","US",1687
2022-05-21,"Alabama","01",17
2022-05-21,"Alaska","02",4
2022-05-21,"Arizona","04",34
2022-05-21,"Arkansas","05",13
2022-05-21,"California","06",143
2022-05-21,"Colorado","08",29
2022-05-21,"Connecticut","09",30
2022-05-21,"Delaware","10",8
2022-05-21,"District of Columbia","11",0
2022-05-21,"Florida","12",121
2022-05-21,"Georgia","13",26
2022-05-21,"Hawaii","15",14
2022-05-21,"Idaho","16",2
2022-05-21,"Illinois","17",54
2022-05-21,"Indiana","18",39
2022-05-21,"Iowa","19",17
2022-05-21,"Kansas","20",10
2022-05-21,"Kentucky","21",33
2022-05-21,"Louisiana","22",12
2022-05-21,"Maine","23",16
2022-05-21,"Maryland","24",40
2022-05-21,"Massachusetts","25",72
2022-05-21,"Michigan","26",74
2022-05-21,"Minnesota","27",32
2022-05-21,"Mississippi","28",9
2022-05-21,"Missouri","29",18
2022-05-21,"Montana","30",9
2022-05-21,"Nebraska","31",8
2022-05-21,"Nevada","32",16
2022-05-21,"New Hampshire","33",12
2022-05-21,"New Jersey","34",76
2022-05-21,"New Mexico","35",9
2022-05-21,"North Carolina","37",55
2022-05-21,"North Dakota","38",4
2022-05-21,"Ohio","39",68
2022-05-21,"Oklahoma","40",18
2022-05-21,"Oregon","41",32
2022-05-21,"Pennsylvania","42",108
2022-05-21,"Rhode Island","44",6
2022-05-21,"South Carolina","45",29
2022-05-21,"South Dakota","46",4
2022-05-21,"Tennessee","47",30
2022-05-21,"Texas","48",67
2022-05-21,"Utah","49",5
2022-05-21,"Vermont","50",7
2022-05-21,"Virginia","51",30
2022-05-21,"Washington","53",31
2022-05-21,"West Virginia","54",26
2022-05-21,"Wisconsin","55",47
2022-05-21,"Wyoming","56",2
2022-05-21,"New York","36",181
2022-05-21,"US","US",1747
2022-05-28,"Alabama","01",10
2022-05-28,"Alaska","02",4
2022-05-28,"Arizona","04",33
2022-05-28,"Arkansas","05",6
2022-05-28,"California","06",165
2022-05-28,"Colorado","08",25
2022-05-28,"Connecticut","09",32
2022-05-28,"Delaware","10",6
2022-05-28,"District of Columbia","11",5
2022-05-28,"Florida","12",152
2022-05-28,"Georgia","13",22
2022-05-28,"Hawaii","15",9
2022-05-28,"Idaho","16",1
2022-05-28,"Illinois","17",77
2022-05-28,"Indiana","18",33
2022-05-28,"Iowa","19",14
2022-05-28,"Kansas","20",16
2022-05-28,"Kentucky","21",42
2022-05-28,"Louisiana","22",16
2022-05-28,"Maine","23",13
2022-05-28,"Maryland","24",37
2022-05-28,"Massachusetts","25",52
2022-05-28,"Michigan","26",94
2022-05-28,"Minnesota","27",53
2022-05-28,"Mississippi","28",15
2022-05-28,"Missouri","29",22
2022-05-28,"Montana","30",4
2022-05-28,"Nebraska","31",14
2022-05-28,"Nevada","32",24
2022-05-28,"New Hampshire","33",7
2022-05-28,"New Jersey","34",79
2022-05-28,"New Mexico","35",15
2022-05-28,"North Carolina","37",69
2022-05-28,"North Dakota","38",7
2022-05-28,"Ohio","39",76
2022-05-28,"Oklahoma","40",17
2022-05-28,"Oregon","41",25
2022-05-28,"Pennsylvania","42",127
2022-05-28,"Rhode Island","44",9
2022-05-28,"South Carolina","45",32
2022-05-28,"South Dakota","46",1
2022-05-28,"Tennessee","47",41
2022-05-28,"Texas","48",78
2022-05-28,"Utah","49",5
2022-05-28,"Vermont","50",7
2022-05-28,"Virginia","51",59
2022-05-28,"Washington","53",56
2022-05-28,"West Virginia","54",21
2022-05-28,"Wisconsin","55",43
2022-05-28,"Wyoming","56",3
2022-05-28,"New York","36",182
2022-05-28,"US","US",1955
2022-06-04,"Alabama","01",18
2022-06-04,"Alaska","02",6
2022-06-04,"Arizona","04",36
2022-06-04,"Arkansas","05",11
2022-06-04,"California","06",157
2022-06-04,"Colorado","08",45
2022-06-04,"Connecticut","09",26
2022-06-04,"Delaware","10",7
2022-06-04,"District of Columbia","11",2
2022-06-04,"Florida","12",184
2022-06-04,"Georgia","13",35
2022-06-04,"Hawaii","15",16
2022-06-04,"Idaho","16",5
2022-06-04,"Illinois","17",66
2022-06-04,"Indiana","18",38
2022-06-04,"Iowa","19",23
2022-06-04,"Kansas","20",15
2022-06-04,"Kentucky","21",42
2022-06-04,"Louisiana","22",14
2022-06-04,"Maine","23",19
2022-06-04,"Maryland","24",46
2022-06-04,"Massachusetts","25",51
2022-06-04,"Michigan","26",76
2022-06-04,"Minnesota","27",43
2022-06-04,"Mississippi","28",14
2022-06-04,"Missouri","29",28
2022-06-04,"Montana","30",4
2022-06-04,"Nebraska","31",7
2022-06-04,"Nevada","32",16
2022-06-04,"New Hampshire","33",15
2022-06-04,"New Jersey","34",61
2022-06-04,"New Mexico","35",15
2022-06-04,"North Carolina","37",68
2022-06-04,"North Dakota","38",6
2022-06-04,"Ohio","39",88
2022-06-04,"Oklahoma","40",30
2022-06-04,"Oregon","41",46
2022-06-04,"Pennsylvania","42",145
2022-06-04,"Rhode Island","44",7
2022-06-04,"South Carolina","45",26
2022-06-04,"South Dakota","46",4
2022-06-04,"Tennessee","47",40
2022-06-04,"Texas","48",79
2022-06-04,"Utah","49",12
2022-06-04,"Vermont","50",5
2022-06-04,"Virginia","51",54
2022-06-04,"Washington","53",49
2022-06-04,"West Virginia","54",17
2022-06-04,"Wisconsin","55",33
2022-06-04,"Wyoming","56",2
2022-06-04,"New York","36",164
2022-06-04,"US","US",2016
2022-06-11,"Alabama","01",29
2022-06-11,"Alaska","02",3
2022-06-11,"Arizona","04",41
2022-06-11,"Arkansas","05",11
2022-06-11,"California","06",227
2022-06-11,"Colorado","08",38
2022-06-11,"Connecticut","09",22
2022-06-11,"Delaware","10",12
2022-06-11,"District of Columbia","11",1
2022-06-11,"Florida","12",201
2022-06-11,"Georgia","13",33
2022-06-11,"Hawaii","15",15
2022-06-11,"Idaho","16",6
2022-06-11,"Illinois","17",80
2022-06-11,"Indiana","18",40
2022-06-11,"Iowa","19",23
2022-06-11,"Kansas","20",15
2022-06-11,"Kentucky","21",49
2022-06-11,"Louisiana","22",17
2022-06-11,"Maine","23",8
2022-06-11,"Maryland","24",45
2022-06-11,"Massachusetts","25",49
2022-06-11,"Michigan","26",89
2022-06-11,"Minnesota","27",39
2022-06-11,"Mississippi","28",17
2022-06-11,"Missouri","29",26
2022-06-11,"Montana","30",9
2022-06-11,"Nebraska","31",11
2022-06-11,"Nevada","32",28
2022-06-11,"New Hampshire","33",11
2022-06-11,"New Jersey","34",70
2022-06-11,"New Mexico","35",20
2022-06-11,"North Carolina","37",74
2022-06-11,"North Dakota","38",1
2022-06-11,"Ohio","39",75
2022-06-11,"Oklahoma","40",29
2022-06-11,"Oregon","41",31
2022-06-11,"Pennsylvania","42",132
2022-06-11,"Rhode Island","44",12
2022-06-11,"South Carolina","45",26
2022-06-11,"South Dakota","46",6
2022-06-11,"Tennessee","47",43
2022-06-11,"Texas","48",90
2022-06-11,"Utah","49",12
2022-06-11,"Vermont","50",6
2022-06-11,"Virginia","51",60
2022-06-11,"Washington","53",58
2022-06-11,"West Virginia","54",21
2022-06-11,"Wisconsin","55",35
2022-06-11,"Wyoming","56",6
2022-06-11,"New York","36",144
2022-06-11,"US","US",2146
2022-06-18,"Alabama","01",25
2022-06-18,"Alaska","02",4
2022-06-18,"Arizona","04",64
2022-06-18,"Arkansas","05",16
2022-06-18,"California","06",207
2022-06-18,"Colorado","08",45
2022-06-18,"Connecticut","09",29
2022-06-18,"Delaware","10",8
2022-06-18,"District of Columbia","11",2
2022-06-18,"Florida","12",233
2022-06-18,"Georgia","13",53
2022-06-18,"Hawaii","15",20
2022-06-18,"Idaho","16",11
2022-06-18,"Illinois","17",89
2022-06-18,"Indiana","18",39
2022-06-18,"Iowa","19",11
2022-06-18,"Kansas","20",10
2022-06-18,"Kentucky","21",47
2022-06-18,"Louisiana","22",17
2022-06-18,"Maine","23",14
2022-06-18,"Maryland","24",43
2022-06-18,"Massachusetts","25",48
2022-06-18,"Michigan","26",85
2022-06-18,"Minnesota","27",40
2022-06-18,"Mississippi","28",20
2022-06-18,"Missouri","29",24
2022-06-18,"Montana","30",5
2022-06-18,"Nebraska","31",9
2022-06-18,"Nevada","32",25
2022-06-18,"New Hampshire","33",6
2022-06-18,"New Jersey","34",59
2022-06-18,"New Mexico","35",19
2022-06-18,"North Carolina","37",76
2022-06-18,"North Dakota","38",4
2022-06-18,"Ohio","39",86
2022-06-18,"Oklahoma","40",22
2022-06-18,"Oregon","41",33
2022-06-18,"Pennsylvania","42",114
2022-06-18,"Rhode Island","44",7
2022-06-18,"South Carolina","45",43
2022-06-18,"South Dakota","46",3
2022-06-18,"Tennessee","47",55
2022-06-18,"Texas","48",128
2022-06-18,"Utah","49",10
2022-06-18,"Vermont","50",4
2022-06-18,"Virginia","51",50
2022-06-18,"Washington","53",53
2022-06-18,"West Virginia","54",26
2022-06-18,"Wisconsin","55",32
2022-06-18,"Wyoming","56",3
2022-06-18,"New York","36",135
2022-06-18,"US","US",2211
2022-06-25,"Alabama","01",22
2022-06-25,"Alaska","02",5
2022-06-25,"Arizona","04",56
2022-06-25,"Arkansas","05",18
2022-06-25,"California","06",237
2022-06-25,"Colorado","08",41
2022-06-25,"Connecticut","09",16
2022-06-25,"Delaware","10",7
2022-06-25,"District of Columbia","11",2
2022-06-25,"Florida","12",286
2022-06-25,"Georgia","13",48
2022-06-25,"Hawaii","15",20
2022-06-25,"Idaho","16",12
2022-06-25,"Illinois","17",77
2022-06-25,"Indiana","18",46
2022-06-25,"Iowa","19",20
2022-06-25,"Kansas","20",20
2022-06-25,"Kentucky","21",61
2022-06-25,"Louisiana","22",15
2022-06-25,"Maine","23",10
2022-06-25,"Maryland","24",44
2022-06-25,"Massachusetts","25",30
2022-06-25,"Michigan","26",85
2022-06-25,"Minnesota","27",47
2022-06-25,"Mississippi","28",36
2022-06-25,"Missouri","29",41
2022-06-25,"Montana","30",3
2022-06-25,"Nebraska","31",6
2022-06-25,"Nevada","32",23
2022-06-25,"New Hampshire","33",12
2022-06-25,"New Jersey","34",54
2022-06-25,"New Mexico","35",23
2022-06-25,"North Carolina","37",90
2022-06-25,"North Dakota","38",4
2022-06-25,"Ohio","39",67
2022-06-25,"Oklahoma","40",34
2022-06-25,"Oregon","41",43
2022-06-25,"Pennsylvania","42",86
2022-06-25,"Rhode Island","44",9
2022-06-25,"South Carolina","45",45
2022-06-25,"South Dakota","46",4
2022-06-25,"Tennessee","47",52
2022-06-25,"Texas","48",140
2022-06-25,"Utah","49",26
2022-06-25,"Vermont","50",3
2022-06-25,"Virginia","51",71
2022-06-25,"Washington","53",63
2022-06-25,"West Virginia","54",21
2022-06-25,"Wisconsin","55",29
2022-06-25,"Wyoming","56",5
2022-06-25,"New York","36",124
2022-06-25,"US","US",2339
2022-07-02,"Alabama","01",41
2022-07-02,"Alaska","02",8
2022-07-02,"Arizona","04",54
2022-07-02,"Arkansas","05",17
2022-07-02,"California","06",287
2022-07-02,"Colorado","08",42
2022-07-02,"Connecticut","09",25
2022-07-02,"Delaware","10",10
2022-07-02,"District of Columbia","11",6
2022-07-02,"Florida","12",269
2022-07-02,"Georgia","13",71
2022-07-02,"Hawaii","15",11
2022-07-02,"Idaho","16",18
2022-07-02,"Illinois","17",68
2022-07-02,"Indiana","18",50
2022-07-02,"Iowa","19",23
2022-07-02,"Kansas","20",18
2022-07-02,"Kentucky","21",57
2022-07-02,"Louisiana","22",25
2022-07-02,"Maine","23",9
2022-07-02,"Maryland","24",45
2022-07-02,"Massachusetts","25",43
2022-07-02,"Michigan","26",68
2022-07-02,"Minnesota","27",36
2022-07-02,"Mississippi","28",33
2022-07-02,"Missouri","29",45
2022-07-02,"Montana","30",5
2022-07-02,"Nebraska","31",18
2022-07-02,"Nevada","32",32
2022-07-02,"New Hampshire","33",7
2022-07-02,"New Jersey","34",54
2022-07-02,"New Mexico","35",28
2022-07-02,"North Carolina","37",78
2022-07-02,"North Dakota","38",4
2022-07-02,"Ohio","39",81
2022-07-02,"Oklahoma","40",29
2022-07-02,"Oregon","41",36
2022-07-02,"Pennsylvania","42",103
2022-07-02,"Rhode Island","44",6
2022-07-02,"South Carolina","45",46
2022-07-02,"South Dakota","46",4
2022-07-02,"Tennessee","47",56
2022-07-02,"Texas","48",154
2022-07-02,"Utah","49",16
2022-07-02,"Vermont","50",4
2022-07-02,"Virginia","51",52
2022-07-02,"Washington","53",65
2022-07-02,"West Virginia","54",19
2022-07-02,"Wisconsin","55",26
2022-07-02,"Wyoming","56",5
2022-07-02,"New York","36",120
2022-07-02,"US","US",2427
2022-07-09,"Alabama","01",47
2022-07-09,"Alaska","02",4
2022-07-09,"Arizona","04",47
2022-07-09,"Arkansas","05",28
2022-07-09,"California","06",320
2022-07-09,"Colorado","08",32
2022-07-09,"Connecticut","09",23
2022-07-09,"Delaware","10",9
2022-07-09,"District of Columbia","11",1
2022-07-09,"Florida","12",301
2022-07-09,"Georgia","13",72
2022-07-09,"Hawaii","15",20
2022-07-09,"Idaho","16",13
2022-07-09,"Illinois","17",78
2022-07-09,"Indiana","18",36
2022-07-09,"Iowa","19",27
2022-07-09,"Kansas","20",26
2022-07-09,"Kentucky","21",56
2022-07-09,"Louisiana","22",48
2022-07-09,"Maine","23",11
2022-07-09,"Maryland","24",31
2022-07-09,"Massachusetts","25",35
2022-07-09,"Michigan","26",80
2022-07-09,"Minnesota","27",41
2022-07-09,"Mississippi","28",41
2022-07-09,"Missouri","29",36
2022-07-09,"Montana","30",8
2022-07-09,"Nebraska","31",20
2022-07-09,"Nevada","32",36
2022-07-09,"New Hampshire","33",7
2022-07-09,"New Jersey","34",71
2022-07-09,"New Mexico","35",25
2022-07-09,"North Carolina","37",88
2022-07-09,"North Dakota","38",2
2022-07-09,"Ohio","39",76
2022-07-09,"Oklahoma","40",30
2022-07-09,"Oregon","41",41
2022-07-09,"Pennsylvania","42",103
2022-07-09,"Rhode Island","44",3
2022-07-09,"South Carolina","45",42
2022-07-09,"South Dakota","46",8
2022-07-09,"Tennessee","47",77
2022-07-09,"Texas","48",182
2022-07-09,"Utah","49",21
2022-07-09,"Vermont","50",5
2022-07-09,"Virginia","51",58
2022-07-09,"Washington","53",66
2022-07-09,"West Virginia","54",25
2022-07-09,"Wisconsin","55",37
2022-07-09,"Wyoming","56",4
2022-07-09,"New York","36",110
2022-07-09,"US","US",2608
2022-07-16,"Alabama","01",70
2022-07-16,"Alaska","02",7
2022-07-16,"Arizona","04",57
2022-07-16,"Arkansas","05",39
2022-07-16,"California","06",324
2022-07-16,"Colorado","08",34
2022-07-16,"Connecticut","09",16
2022-07-16,"Delaware","10",6
2022-07-16,"District of Columbia","11",5
2022-07-16,"Florida","12",316
2022-07-16,"Georgia","13",84
2022-07-16,"Hawaii","15",15
2022-07-16,"Idaho","16",19
2022-07-16,"Illinois","17",91
2022-07-16,"Indiana","18",56
2022-07-16,"Iowa","19",39
2022-07-16,"Kansas","20",24
2022-07-16,"Kentucky","21",71
2022-07-16,"Louisiana","22",44
2022-07-16,"Maine","23",4
2022-07-16,"Maryland","24",42
2022-07-16,"Massachusetts","25",41
2022-07-16,"Michigan","26",75
2022-07-16,"Minnesota","27",43
2022-07-16,"Mississippi","28",52
2022-07-16,"Missouri","29",58
2022-07-16,"Montana","30",15
2022-07-16,"Nebraska","31",9
2022-07-16,"Nevada","32",42
2022-07-16,"New Hampshire","33",7
2022-07-16,"New Jersey","34",76
2022-07-16,"New Mexico","35",24
2022-07-16,"North Carolina","37",89
2022-07-16,"North Dakota","38",4
2022-07-16,"Ohio","39",102
2022-07-16,"Oklahoma","40",49
2022-07-16,"Oregon","41",58
2022-07-16,"Pennsylvania","42",95
2022-07-16,"Rhode Island","44",7
2022-07-16,"South Carolina","45",51
2022-07-16,"South Dakota","46",5
2022-07-16,"Tennessee","47",85
2022-07-16,"Texas","48",235
2022-07-16,"Utah","49",17
2022-07-16,"Vermont","50",2
2022-07-16,"Virginia","51",73
2022-07-16,"Washington","53",69
2022-07-16,"West Virginia","54",20
2022-07-16,"Wisconsin","55",44
2022-07-16,"Wyoming","56",7
2022-07-16,"New York","36",123
2022-07-16,"US","US",2940
2022-07-23,"Alabama","01",62
2022-07-23,"Alaska","02",3
2022-07-23,"Arizona","04",61
2022-07-23,"Arkansas","05",30
2022-07-23,"California","06",357
2022-07-23,"Colorado","08",51
2022-07-23,"Connecticut","09",15
2022-07-23,"Delaware","10",13
2022-07-23,"District of Columbia","11",4
2022-07-23,"Florida","12",340
2022-07-23,"Georgia","13",120
2022-07-23,"Hawaii","15",10
2022-07-23,"Idaho","16",13
2022-07-23,"Illinois","17",98
2022-07-23,"Indiana","18",68
2022-07-23,"Iowa","19",25
2022-07-23,"Kansas","20",15
2022-07-23,"Kentucky","21",76
2022-07-23,"Louisiana","22",51
2022-07-23,"Maine","23",7
2022-07-23,"Maryland","24",45
2022-07-23,"Massachusetts","25",43
2022-07-23,"Michigan","26",61
2022-07-23,"Minnesota","27",45
2022-07-23,"Mississippi","28",59
2022-07-23,"Missouri","29",76
2022-07-23,"Montana","30",12
2022-07-23,"Nebraska","31",15
2022-07-23,"Nevada","32",38
2022-07-23,"New Hampshire","33",11
2022-07-23,"New Jersey","34",85
2022-07-23,"New Mexico","35",31
2022-07-23,"North Carolina","37",119
2022-07-23,"North Dakota","38",10
2022-07-23,"Ohio","39",104
2022-07-23,"Oklahoma","40",51
2022-07-23,"Oregon","41",62
2022-07-23,"Pennsylvania","42",113
2022-07-23,"Rhode Island","44",8
2022-07-23,"South Carolina","45",56
2022-07-23,"South Dakota","46",9
2022-07-23,"Tennessee","47",94
2022-07-23,"Texas","48",245
2022-07-23,"Utah","49",14
2022-07-23,"Vermont","50",4
2022-07-23,"Virginia","51",78
2022-07-23,"Washington","53",79
2022-07-23,"West Virginia","54",26
2022-07-23,"Wisconsin","55",50
2022-07-23,"Wyoming","56",11
2022-07-23,"New York","36",174
2022-07-23,"US","US",3247
2022-07-30,"Alabama","01",68
2022-07-30,"Alaska","02",6
2022-07-30,"Arizona","04",73
2022-07-30,"Arkansas","05",44
2022-07-30,"California","06",404
2022-07-30,"Colorado","08",46
2022-07-30,"Connecticut","09",25
2022-07-30,"Delaware","10",14
2022-07-30,"District of Columbia","11",1
2022-07-30,"Florida","12",336
2022-07-30,"Georgia","13",112
2022-07-30,"Hawaii","15",10
2022-07-30,"Idaho","16",21
2022-07-30,"Illinois","17",95
2022-07-30,"Indiana","18",71
2022-07-30,"Iowa","19",33
2022-07-30,"Kansas","20",22
2022-07-30,"Kentucky","21",82
2022-07-30,"Louisiana","22",72
2022-07-30,"Maine","23",8
2022-07-30,"Maryland","24",54
2022-07-30,"Massachusetts","25",31
2022-07-30,"Michigan","26",84
2022-07-30,"Minnesota","27",31
2022-07-30,"Mississippi","28",47
2022-07-30,"Missouri","29",76
2022-07-30,"Montana","30",12
2022-07-30,"Nebraska","31",18
2022-07-30,"Nevada","32",33
2022-07-30,"New Hampshire","33",7
2022-07-30,"New Jersey","34",75
2022-07-30,"New Mexico","35",30
2022-07-30,"North Carolina","37",100
2022-07-30,"North Dakota","38",10
2022-07-30,"Ohio","39",130
2022-07-30,"Oklahoma","40",57
2022-07-30,"Oregon","41",52
2022-07-30,"Pennsylvania","42",102
2022-07-30,"Rhode Island","44",2
2022-07-30,"South Carolina","45",64
2022-07-30,"South Dakota","46",10
2022-07-30,"Tennessee","47",97
2022-07-30,"Texas","48",316
2022-07-30,"Utah","49",26
2022-07-30,"Vermont","50",3
2022-07-30,"Virginia","51",76
2022-07-30,"Washington","53",70
2022-07-30,"West Virginia","54",43
2022-07-30,"Wisconsin","55",42
2022-07-30,"Wyoming","56",2
2022-07-30,"New York","36",171
2022-07-30,"US","US",3414
2022-08-06,"Alabama","01",72
2022-08-06,"Alaska","02",4
2022-08-06,"Arizona","04",49
2022-08-06,"Arkansas","05",44
2022-08-06,"California","06",412
2022-08-06,"Colorado","08",33
2022-08-06,"Connecticut","09",29
2022-08-06,"Delaware","10",13
2022-08-06,"District of Columbia","11",3
2022-08-06,"Florida","12",360
2022-08-06,"Georgia","13",121
2022-08-06,"Hawaii","15",16
2022-08-06,"Idaho","16",20
2022-08-06,"Illinois","17",112
2022-08-06,"Indiana","18",72
2022-08-06,"Iowa","19",28
2022-08-06,"Kansas","20",40
2022-08-06,"Kentucky","21",76
2022-08-06,"Louisiana","22",55
2022-08-06,"Maine","23",11
2022-08-06,"Maryland","24",40
2022-08-06,"Massachusetts","25",47
2022-08-06,"Michigan","26",87
2022-08-06,"Minnesota","27",34
2022-08-06,"Mississippi","28",48
2022-08-06,"Missouri","29",76
2022-08-06,"Montana","30",8
2022-08-06,"Nebraska","31",15
2022-08-06,"Nevada","32",34
2022-08-06,"New Hampshire","33",12
2022-08-06,"New Jersey","34",58
2022-08-06,"New Mexico","35",15
2022-08-06,"North Carolina","37",111
2022-08-06,"North Dakota","38",11
2022-08-06,"Ohio","39",132
2022-08-06,"Oklahoma","40",55
2022-08-06,"Oregon","41",45
2022-08-06,"Pennsylvania","42",113
2022-08-06,"Rhode Island","44",7
2022-08-06,"South Carolina","45",54
2022-08-06,"South Dakota","46",7
2022-08-06,"Tennessee","47",107
2022-08-06,"Texas","48",293
2022-08-06,"Utah","49",14
2022-08-06,"Vermont","50",7
2022-08-06,"Virginia","51",76
2022-08-06,"Washington","53",73
2022-08-06,"West Virginia","54",26
2022-08-06,"Wisconsin","55",45
2022-08-06,"Wyoming","56",7
2022-08-06,"New York","36",160
2022-08-06,"US","US",3387
2022-08-13,"Alabama","01",77
2022-08-13,"Alaska","02",5
2022-08-13,"Arizona","04",54
2022-08-13,"Arkansas","05",31
2022-08-13,"California","06",325
2022-08-13,"Colorado","08",33
2022-08-13,"Connecticut","09",20
2022-08-13,"Delaware","10",8
2022-08-13,"District of Columbia","11",6
2022-08-13,"Florida","12",341
2022-08-13,"Georgia","13",109
2022-08-13,"Hawaii","15",12
2022-08-13,"Idaho","16",22
2022-08-13,"Illinois","17",83
2022-08-13,"Indiana","18",66
2022-08-13,"Iowa","19",39
2022-08-13,"Kansas","20",26
2022-08-13,"Kentucky","21",95
2022-08-13,"Louisiana","22",56
2022-08-13,"Maine","23",10
2022-08-13,"Maryland","24",60
2022-08-13,"Massachusetts","25",55
2022-08-13,"Michigan","26",94
2022-08-13,"Minnesota","27",36
2022-08-13,"Mississippi","28",55
2022-08-13,"Missouri","29",65
2022-08-13,"Montana","30",8
2022-08-13,"Nebraska","31",15
2022-08-13,"Nevada","32",26
2022-08-13,"New Hampshire","33",7
2022-08-13,"New Jersey","34",71
2022-08-13,"New Mexico","35",26
2022-08-13,"North Carolina","37",108
2022-08-13,"North Dakota","38",5
2022-08-13,"Ohio","39",142
2022-08-13,"Oklahoma","40",72
2022-08-13,"Oregon","41",49
2022-08-13,"Pennsylvania","42",126
2022-08-13,"Rhode Island","44",3
2022-08-13,"South Carolina","45",66
2022-08-13,"South Dakota","46",9
2022-08-13,"Tennessee","47",88
2022-08-13,"Texas","48",269
2022-08-13,"Utah","49",14
2022-08-13,"Vermont","50",5
2022-08-13,"Virginia","51",75
2022-08-13,"Washington","53",69
2022-08-13,"West Virginia","54",26
2022-08-13,"Wisconsin","55",59
2022-08-13,"Wyoming","56",4
2022-08-13,"New York","36",165
2022-08-13,"US","US",3290
2022-08-20,"Alabama","01",62
2022-08-20,"Alaska","02",7
2022-08-20,"Arizona","04",45
2022-08-20,"Arkansas","05",37
2022-08-20,"California","06",311
2022-08-20,"Colorado","08",31
2022-08-20,"Connecticut","09",23
2022-08-20,"Delaware","10",7
2022-08-20,"District of Columbia","11",6
2022-08-20,"Florida","12",346
2022-08-20,"Georgia","13",125
2022-08-20,"Hawaii","15",15
2022-08-20,"Idaho","16",20
2022-08-20,"Illinois","17",104
2022-08-20,"Indiana","18",76
2022-08-20,"Iowa","19",34
2022-08-20,"Kansas","20",24
2022-08-20,"Kentucky","21",73
2022-08-20,"Louisiana","22",46
2022-08-20,"Maine","23",7
2022-08-20,"Maryland","24",47
2022-08-20,"Massachusetts","25",46
2022-08-20,"Michigan","26",85
2022-08-20,"Minnesota","27",29
2022-08-20,"Mississippi","28",37
2022-08-20,"Missouri","29",69
2022-08-20,"Montana","30",14
2022-08-20,"Nebraska","31",18
2022-08-20,"Nevada","32",14
2022-08-20,"New Hampshire","33",10
2022-08-20,"New Jersey","34",74
2022-08-20,"New Mexico","35",23
2022-08-20,"North Carolina","37",113
2022-08-20,"North Dakota","38",10
2022-08-20,"Ohio","39",140
2022-08-20,"Oklahoma","40",77
2022-08-20,"Oregon","41",32
2022-08-20,"Pennsylvania","42",124
2022-08-20,"Rhode Island","44",4
2022-08-20,"South Carolina","45",81
2022-08-20,"South Dakota","46",10
2022-08-20,"Tennessee","47",96
2022-08-20,"Texas","48",234
2022-08-20,"Utah","49",14
2022-08-20,"Vermont","50",7
2022-08-20,"Virginia","51",86
2022-08-20,"Washington","53",61
2022-08-20,"West Virginia","54",33
2022-08-20,"Wisconsin","55",35
2022-08-20,"Wyoming","56",5
2022-08-20,"New York","36",156
2022-08-20,"US","US",3183
2022-08-27,"Alabama","01",50
2022-08-27,"Alaska","02",3
2022-08-27,"Arizona","04",31
2022-08-27,"Arkansas","05",53
2022-08-27,"California","06",253
2022-08-27,"Colorado","08",21
2022-08-27,"Connecticut","09",28
2022-08-27,"Delaware","10",12
2022-08-27,"District of Columbia","11",3
2022-08-27,"Florida","12",305
2022-08-27,"Georgia","13",111
2022-08-27,"Hawaii","15",11
2022-08-27,"Idaho","16",14
2022-08-27,"Illinois","17",101
2022-08-27,"Indiana","18",74
2022-08-27,"Iowa","19",33
2022-08-27,"Kansas","20",30
2022-08-27,"Kentucky","21",84
2022-08-27,"Louisiana","22",41
2022-08-27,"Maine","23",16
2022-08-27,"Maryland","24",56
2022-08-27,"Massachusetts","25",34
2022-08-27,"Michigan","26",90
2022-08-27,"Minnesota","27",55
2022-08-27,"Mississippi","28",45
2022-08-27,"Missouri","29",69
2022-08-27,"Montana","30",5
2022-08-27,"Nebraska","31",10
2022-08-27,"Nevada","32",19
2022-08-27,"New Hampshire","33",5
2022-08-27,"New Jersey","34",58
2022-08-27,"New Mexico","35",15
2022-08-27,"North Carolina","37",115
2022-08-27,"North Dakota","38",6
2022-08-27,"Ohio","39",168
2022-08-27,"Oklahoma","40",64
2022-08-27,"Oregon","41",44
2022-08-27,"Pennsylvania","42",125
2022-08-27,"Rhode Island","44",10
2022-08-27,"South Carolina","45",77
2022-08-27,"South Dakota","46",6
2022-08-27,"Tennessee","47",92
2022-08-27,"Texas","48",241
2022-08-27,"Utah","49",10
2022-08-27,"Vermont","50",6
2022-08-27,"Virginia","51",75
2022-08-27,"Washington","53",48
2022-08-27,"West Virginia","54",35
2022-08-27,"Wisconsin","55",54
2022-08-27,"Wyoming","56",4
2022-08-27,"New York","36",140
2022-08-27,"US","US",3055
2022-09-03,"Alabama","01",50
2022-09-03,"Alaska","02",6
2022-09-03,"Arizona","04",50
2022-09-03,"Arkansas","05",35
2022-09-03,"California","06",268
2022-09-03,"Colorado","08",34
2022-09-03,"Connecticut","09",28
2022-09-03,"Delaware","10",10
2022-09-03,"District of Columbia","11",5
2022-09-03,"Florida","12",292
2022-09-03,"Georgia","13",93
2022-09-03,"Hawaii","15",13
2022-09-03,"Idaho","16",16
2022-09-03,"Illinois","17",87
2022-09-03,"Indiana","18",69
2022-09-03,"Iowa","19",30
2022-09-03,"Kansas","20",30
2022-09-03,"Kentucky","21",76
2022-09-03,"Louisiana","22",55
2022-09-03,"Maine","23",16
2022-09-03,"Maryland","24",48
2022-09-03,"Massachusetts","25",53
2022-09-03,"Michigan","26",100
2022-09-03,"Minnesota","27",39
2022-09-03,"Mississippi","28",38
2022-09-03,"Missouri","29",49
2022-09-03,"Montana","30",9
2022-09-03,"Nebraska","31",15
2022-09-03,"Nevada","32",14
2022-09-03,"New Hampshire","33",12
2022-09-03,"New Jersey","34",66
2022-09-03,"New Mexico","35",17
2022-09-03,"North Carolina","37",106
2022-09-03,"North Dakota","38",6
2022-09-03,"Ohio","39",144
2022-09-03,"Oklahoma","40",48
2022-09-03,"Oregon","41",37
2022-09-03,"Pennsylvania","42",121
2022-09-03,"Rhode Island","44",4
2022-09-03,"South Carolina","45",57
2022-09-03,"South Dakota","46",10
2022-09-03,"Tennessee","47",95
2022-09-03,"Texas","48",198
2022-09-03,"Utah","49",9
2022-09-03,"Vermont","50",5
2022-09-03,"Virginia","51",95
2022-09-03,"Washington","53",60
2022-09-03,"West Virginia","54",42
2022-09-03,"Wisconsin","55",39
2022-09-03,"Wyoming","56",7
2022-09-03,"New York","36",144
2022-09-03,"US","US",2950
2022-09-10,"Alabama","01",54
2022-09-10,"Alaska","02",6
2022-09-10,"Arizona","04",34
2022-09-10,"Arkansas","05",38
2022-09-10,"California","06",260
2022-09-10,"Colorado","08",31
2022-09-10,"Connecticut","09",29
2022-09-10,"Delaware","10",9
2022-09-10,"District of Columbia","11",4
2022-09-10,"Florida","12",254
2022-09-10,"Georgia","13",92
2022-09-10,"Hawaii","15",9
2022-09-10,"Idaho","16",13
2022-09-10,"Illinois","17",86
2022-09-10,"Indiana","18",63
2022-09-10,"Iowa","19",36
2022-09-10,"Kansas","20",16
2022-09-10,"Kentucky","21",83
2022-09-10,"Louisiana","22",45
2022-09-10,"Maine","23",8
2022-09-10,"Maryland","24",57
2022-09-10,"Massachusetts","25",39
2022-09-10,"Michigan","26",106
2022-09-10,"Minnesota","27",44
2022-09-10,"Mississippi","28",34
2022-09-10,"Missouri","29",51
2022-09-10,"Montana","30",7
2022-09-10,"Nebraska","31",18
2022-09-10,"Nevada","32",11
2022-09-10,"New Hampshire","33",13
2022-09-10,"New Jersey","34",71
2022-09-10,"New Mexico","35",16
2022-09-10,"North Carolina","37",93
2022-09-10,"North Dakota","38",4
2022-09-10,"Ohio","39",144
2022-09-10,"Oklahoma","40",47
2022-09-10,"Oregon","41",16
2022-09-10,"Pennsylvania","42",144
2022-09-10,"Rhode Island","44",11
2022-09-10,"South Carolina","45",60
2022-09-10,"South Dakota","46",8
2022-09-10,"Tennessee","47",90
2022-09-10,"Texas","48",191
2022-09-10,"Utah","49",11
2022-09-10,"Vermont","50",1
2022-09-10,"Virginia","51",68
2022-09-10,"Washington","53",53
2022-09-10,"West Virginia","54",31
2022-09-10,"Wisconsin","55",52
2022-09-10,"Wyoming","56",5
2022-09-10,"New York","36",160
2022-09-10,"US","US",2826
2022-09-17,"Alabama","01",47
2022-09-17,"Alaska","02",3
2022-09-17,"Arizona","04",37
2022-09-17,"Arkansas","05",28
2022-09-17,"California","06",191
2022-09-17,"Colorado","08",29
2022-09-17,"Connecticut","09",23
2022-09-17,"Delaware","10",7
2022-09-17,"District of Columbia","11",3
2022-09-17,"Florida","12",223
2022-09-17,"Georgia","13",69
2022-09-17,"Hawaii","15",8
2022-09-17,"Idaho","16",18
2022-09-17,"Illinois","17",84
2022-09-17,"Indiana","18",54
2022-09-17,"Iowa","19",30
2022-09-17,"Kansas","20",23
2022-09-17,"Kentucky","21",84
2022-09-17,"Louisiana","22",36
2022-09-17,"Maine","23",12
2022-09-17,"Maryland","24",57
2022-09-17,"Massachusetts","25",37
2022-09-17,"Michigan","26",91
2022-09-17,"Minnesota","27",44
2022-09-17,"Mississippi","28",50
2022-09-17,"Missouri","29",50
2022-09-17,"Montana","30",7
2022-09-17,"Nebraska","31",9
2022-09-17,"Nevada","32",12
2022-09-17,"New Hampshire","33",13
2022-09-17,"New Jersey","34",59
2022-09-17,"New Mexico","35",12
2022-09-17,"North Carolina","37",88
2022-09-17,"North Dakota","38",9
2022-09-17,"Ohio","39",111
2022-09-17,"Oklahoma","40",62
2022-09-17,"Oregon","41",36
2022-09-17,"Pennsylvania","42",113
2022-09-17,"Rhode Island","44",5
2022-09-17,"South Carolina","45",36
2022-09-17,"South Dakota","46",12
2022-09-17,"Tennessee","47",80
2022-09-17,"Texas","48",163
2022-09-17,"Utah","49",14
2022-09-17,"Vermont","50",8
2022-09-17,"Virginia","51",81
2022-09-17,"Washington","53",38
2022-09-17,"West Virginia","54",35
2022-09-17,"Wisconsin","55",38
2022-09-17,"Wyoming","56",3
2022-09-17,"New York","36",139
2022-09-17,"US","US",2521
2022-09-24,"Alabama","01",48
2022-09-24,"Alaska","02",6
2022-09-24,"Arizona","04",34
2022-09-24,"Arkansas","05",35
2022-09-24,"California","06",209
2022-09-24,"Colorado","08",41
2022-09-24,"Connecticut","09",24
2022-09-24,"Delaware","10",19
2022-09-24,"District of Columbia","11",1
2022-09-24,"Florida","12",213
2022-09-24,"Georgia","13",90
2022-09-24,"Hawaii","15",4
2022-09-24,"Idaho","16",10
2022-09-24,"Illinois","17",85
2022-09-24,"Indiana","18",57
2022-09-24,"Iowa","19",21
2022-09-24,"Kansas","20",22
2022-09-24,"Kentucky","21",71
2022-09-24,"Louisiana","22",33
2022-09-24,"Maine","23",15
2022-09-24,"Maryland","24",42
2022-09-24,"Massachusetts","25",33
2022-09-24,"Michigan","26",100
2022-09-24,"Minnesota","27",44
2022-09-24,"Mississippi","28",37
2022-09-24,"Missouri","29",61
2022-09-24,"Montana","30",7
2022-09-24,"Nebraska","31",11
2022-09-24,"Nevada","32",9
2022-09-24,"New Hampshire","33",10
2022-09-24,"New Jersey","34",82
2022-09-24,"New Mexico","35",14
2022-09-24,"North Carolina","37",104
2022-09-24,"North Dakota","38",9
2022-09-24,"Ohio","39",141
2022-09-24,"Oklahoma","40",60
2022-09-24,"Oregon","41",30
2022-09-24,"Pennsylvania","42",123
2022-09-24,"Rhode Island","44",3
2022-09-24,"South Carolina","45",41
2022-09-24,"South Dakota","46",11
2022-09-24,"Tennessee","47",85
2022-09-24,"Texas","48",157
2022-09-24,"Utah","49",5
2022-09-24,"Vermont","50",4
2022-09-24,"Virginia","51",62
2022-09-24,"Washington","53",50
2022-09-24,"West Virginia","54",30
2022-09-24,"Wisconsin","55",36
2022-09-24,"Wyoming","56",6
2022-09-24,"New York","36",128
2022-09-24,"US","US",2573
2022-10-01,"Alabama","01",32
2022-10-01,"Alaska","02",3
2022-10-01,"Arizona","04",39
2022-10-01,"Arkansas","05",37
2022-10-01,"California","06",196
2022-10-01,"Colorado","08",29
2022-10-01,"Connecticut","09",32
2022-10-01,"Delaware","10",5
2022-10-01,"District of Columbia","11",2
2022-10-01,"Florida","12",173
2022-10-01,"Georgia","13",56
2022-10-01,"Hawaii","15",3
2022-10-01,"Idaho","16",11
2022-10-01,"Illinois","17",88
2022-10-01,"Indiana","18",48
2022-10-01,"Iowa","19",29
2022-10-01,"Kansas","20",26
2022-10-01,"Kentucky","21",72
2022-10-01,"Louisiana","22",29
2022-10-01,"Maine","23",25
2022-10-01,"Maryland","24",45
2022-10-01,"Massachusetts","25",48
2022-10-01,"Michigan","26",115
2022-10-01,"Minnesota","27",40
2022-10-01,"Mississippi","28",21
2022-10-01,"Missouri","29",51
2022-10-01,"Montana","30",5
2022-10-01,"Nebraska","31",10
2022-10-01,"Nevada","32",9
2022-10-01,"New Hampshire","33",6
2022-10-01,"New Jersey","34",70
2022-10-01,"New Mexico","35",18
2022-10-01,"North Carolina","37",105
2022-10-01,"North Dakota","38",4
2022-10-01,"Ohio","39",118
2022-10-01,"Oklahoma","40",41
2022-10-01,"Oregon","41",29
2022-10-01,"Pennsylvania","42",118
2022-10-01,"Rhode Island","44",11
2022-10-01,"South Carolina","45",43
2022-10-01,"South Dakota","46",8
2022-10-01,"Tennessee","47",64
2022-10-01,"Texas","48",162
2022-10-01,"Utah","49",13
2022-10-01,"Vermont","50",5
2022-10-01,"Virginia","51",61
2022-10-01,"Washington","53",33
2022-10-01,"West Virginia","54",30
2022-10-01,"Wisconsin","55",38
2022-10-01,"Wyoming","56",1
2022-10-01,"New York","36",142
2022-10-01,"US","US",2399
2022-10-08,"Alabama","01",24
2022-10-08,"Alaska","02",3
2022-10-08,"Arizona","04",25
2022-10-08,"Arkansas","05",35
2022-10-08,"California","06",139
2022-10-08,"Colorado","08",25
2022-10-08,"Connecticut","09",27
2022-10-08,"Delaware","10",8
2022-10-08,"District of Columbia","11",2
2022-10-08,"Florida","12",155
2022-10-08,"Georgia","13",63
2022-10-08,"Hawaii","15",3
2022-10-08,"Idaho","16",11
2022-10-08,"Illinois","17",71
2022-10-08,"Indiana","18",36
2022-10-08,"Iowa","19",29
2022-10-08,"Kansas","20",18
2022-10-08,"Kentucky","21",70
2022-10-08,"Louisiana","22",28
2022-10-08,"Maine","23",17
2022-10-08,"Maryland","24",37
2022-10-08,"Massachusetts","25",52
2022-10-08,"Michigan","26",93
2022-10-08,"Minnesota","27",45
2022-10-08,"Mississippi","28",25
2022-10-08,"Missouri","29",36
2022-10-08,"Montana","30",9
2022-10-08,"Nebraska","31",9
2022-10-08,"Nevada","32",13
2022-10-08,"New Hampshire","33",8
2022-10-08,"New Jersey","34",57
2022-10-08,"New Mexico","35",9
2022-10-08,"North Carolina","37",80
2022-10-08,"North Dakota","38",4
2022-10-08,"Ohio","39",115
2022-10-08,"Oklahoma","40",43
2022-10-08,"Oregon","41",34
2022-10-08,"Pennsylvania","42",134
2022-10-08,"Rhode Island","44",5
2022-10-08,"South Carolina","45",38
2022-10-08,"South Dakota","46",7
2022-10-08,"Tennessee","47",78
2022-10-08,"Texas","48",131
2022-10-08,"Utah","49",6
2022-10-08,"Vermont","50",6
2022-10-08,"Virginia","51",61
2022-10-08,"Washington","53",40
2022-10-08,"West Virginia","54",26
2022-10-08,"Wisconsin","55",32
2022-10-08,"Wyoming","56",1
2022-10-08,"New York","36",177
2022-10-08,"US","US",2200
2022-10-15,"Alabama","01",20
2022-10-15,"Alaska","02",3
2022-10-15,"Arizona","04",29
2022-10-15,"Arkansas","05",24
2022-10-15,"California","06",138
2022-10-15,"Colorado","08",27
2022-10-15,"Connecticut","09",43
2022-10-15,"Delaware","10",7
2022-10-15,"District of Columbia","11",1
2022-10-15,"Florida","12",144
2022-10-15,"Georgia","13",43
2022-10-15,"Hawaii","15",9
2022-10-15,"Idaho","16",7
2022-10-15,"Illinois","17",53
2022-10-15,"Indiana","18",42
2022-10-15,"Iowa","19",16
2022-10-15,"Kansas","20",19
2022-10-15,"Kentucky","21",58
2022-10-15,"Louisiana","22",26
2022-10-15,"Maine","23",16
2022-10-15,"Maryland","24",44
2022-10-15,"Massachusetts","25",71
2022-10-15,"Michigan","26",98
2022-10-15,"Minnesota","27",46
2022-10-15,"Mississippi","28",32
2022-10-15,"Missouri","29",39
2022-10-15,"Montana","30",11
2022-10-15,"Nebraska","31",13
2022-10-15,"Nevada","32",11
2022-10-15,"New Hampshire","33",13
2022-10-15,"New Jersey","34",81
2022-10-15,"New Mexico","35",13
2022-10-15,"North Carolina","37",90
2022-10-15,"North Dakota","38",4
2022-10-15,"Ohio","39",99
2022-10-15,"Oklahoma","40",38
2022-10-15,"Oregon","41",24
2022-10-15,"Pennsylvania","42",132
2022-10-15,"Rhode Island","44",9
2022-10-15,"South Carolina","45",39
2022-10-15,"South Dakota","46",4
2022-10-15,"Tennessee","47",59
2022-10-15,"Texas","48",114
2022-10-15,"Utah","49",15
2022-10-15,"Vermont","50",4
2022-10-15,"Virginia","51",59
2022-10-15,"Washington","53",34
2022-10-15,"West Virginia","54",17
2022-10-15,"Wisconsin","55",37
2022-10-15,"Wyoming","56",2
2022-10-15,"New York","36",182
2022-10-15,"US","US",2159
2022-10-22,"Alabama","01",20
2022-10-22,"Alaska","02",3
2022-10-22,"Arizona","04",26
2022-10-22,"Arkansas","05",10
2022-10-22,"California","06",140
2022-10-22,"Colorado","08",28
2022-10-22,"Connecticut","09",34
2022-10-22,"Delaware","10",10
2022-10-22,"District of Columbia","11",4
2022-10-22,"Florida","12",160
2022-10-22,"Georgia","13",51
2022-10-22,"Hawaii","15",3
2022-10-22,"Idaho","16",15
2022-10-22,"Illinois","17",75
2022-10-22,"Indiana","18",53
2022-10-22,"Iowa","19",30
2022-10-22,"Kansas","20",22
2022-10-22,"Kentucky","21",44
2022-10-22,"Louisiana","22",18
2022-10-22,"Maine","23",19
2022-10-22,"Maryland","24",38
2022-10-22,"Massachusetts","25",61
2022-10-22,"Michigan","26",119
2022-10-22,"Minnesota","27",39
2022-10-22,"Mississippi","28",18
2022-10-22,"Missouri","29",58
2022-10-22,"Montana","30",8
2022-10-22,"Nebraska","31",7
2022-10-22,"Nevada","32",9
2022-10-22,"New Hampshire","33",20
2022-10-22,"New Jersey","34",101
2022-10-22,"New Mexico","35",18
2022-10-22,"North Carolina","37",88
2022-10-22,"North Dakota","38",4
2022-10-22,"Ohio","39",103
2022-10-22,"Oklahoma","40",34
2022-10-22,"Oregon","41",46
2022-10-22,"Pennsylvania","42",134
2022-10-22,"Rhode Island","44",7
2022-10-22,"South Carolina","45",29
2022-10-22,"South Dakota","46",14
2022-10-22,"Tennessee","47",56
2022-10-22,"Texas","48",99
2022-10-22,"Utah","49",12
2022-10-22,"Vermont","50",7
2022-10-22,"Virginia","51",47
2022-10-22,"Washington","53",39
2022-10-22,"West Virginia","54",33
2022-10-22,"Wisconsin","55",51
2022-10-22,"Wyoming","56",5
2022-10-22,"New York","36",196
2022-10-22,"US","US",2265
2022-10-29,"Alabama","01",33
2022-10-29,"Alaska","02",2
2022-10-29,"Arizona","04",36
2022-10-29,"Arkansas","05",21
2022-10-29,"California","06",157
2022-10-29,"Colorado","08",33
2022-10-29,"Connecticut","09",42
2022-10-29,"Delaware","10",6
2022-10-29,"District of Columbia","11",0
2022-10-29,"Florida","12",135
2022-10-29,"Georgia","13",42
2022-10-29,"Hawaii","15",5
2022-10-29,"Idaho","16",5
2022-10-29,"Illinois","17",69
2022-10-29,"Indiana","18",56
2022-10-29,"Iowa","19",24
2022-10-29,"Kansas","20",19
2022-10-29,"Kentucky","21",53
2022-10-29,"Louisiana","22",23
2022-10-29,"Maine","23",20
2022-10-29,"Maryland","24",44
2022-10-29,"Massachusetts","25",67
2022-10-29,"Michigan","26",122
2022-10-29,"Minnesota","27",60
2022-10-29,"Mississippi","28",23
2022-10-29,"Missouri","29",34
2022-10-29,"Montana","30",6
2022-10-29,"Nebraska","31",10
2022-10-29,"Nevada","32",18
2022-10-29,"New Hampshire","33",22
2022-10-29,"New Jersey","34",59
2022-10-29,"New Mexico","35",19
2022-10-29,"North Carolina","37",75
2022-10-29,"North Dakota","38",2
2022-10-29,"Ohio","39",119
2022-10-29,"Oklahoma","40",37
2022-10-29,"Oregon","41",25
2022-10-29,"Pennsylvania","42",159
2022-10-29,"Rhode Island","44",12
2022-10-29,"South Carolina","45",44
2022-10-29,"South Dakota","46",8
2022-10-29,"Tennessee","47",55
2022-10-29,"Texas","48",74
2022-10-29,"Utah","49",8
2022-10-29,"Vermont","50",15
2022-10-29,"Virginia","51",50
2022-10-29,"Washington","53",34
2022-10-29,"West Virginia","54",27
2022-10-29,"Wisconsin","55",43
2022-10-29,"Wyoming","56",7
2022-10-29,"New York","36",184
2022-10-29,"US","US",2243
2022-11-05,"Alabama","01",22
2022-11-05,"Alaska","02",2
2022-11-05,"Arizona","04",47
2022-11-05,"Arkansas","05",16
2022-11-05,"California","06",145
2022-11-05,"Colorado","08",41
2022-11-05,"Connecticut","09",35
2022-11-05,"Delaware","10",6
2022-11-05,"District of Columbia","11",3
2022-11-05,"Florida","12",113
2022-11-05,"Georgia","13",45
2022-11-05,"Hawaii","15",5
2022-11-05,"Idaho","16",13
2022-11-05,"Illinois","17",84
2022-11-05,"Indiana","18",61
2022-11-05,"Iowa","19",22
2022-11-05,"Kansas","20",20
2022-11-05,"Kentucky","21",67
2022-11-05,"Louisiana","22",18
2022-11-05,"Maine","23",14
2022-11-05,"Maryland","24",35
2022-11-05,"Massachusetts","25",58
2022-11-05,"Michigan","26",120
2022-11-05,"Minnesota","27",56
2022-11-05,"Mississippi","28",24
2022-11-05,"Missouri","29",51
2022-11-05,"Montana","30",8
2022-11-05,"Nebraska","31",22
2022-11-05,"Nevada","32",22
2022-11-05,"New Hampshire","33",20
2022-11-05,"New Jersey","34",85
2022-11-05,"New Mexico","35",18
2022-11-05,"North Carolina","37",90
2022-11-05,"North Dakota","38",3
2022-11-05,"Ohio","39",102
2022-11-05,"Oklahoma","40",33
2022-11-05,"Oregon","41",19
2022-11-05,"Pennsylvania","42",141
2022-11-05,"Rhode Island","44",7
2022-11-05,"South Carolina","45",34
2022-11-05,"South Dakota","46",12
2022-11-05,"Tennessee","47",61
2022-11-05,"Texas","48",77
2022-11-05,"Utah","49",11
2022-11-05,"Vermont","50",10
2022-11-05,"Virginia","51",52
2022-11-05,"Washington","53",34
2022-11-05,"West Virginia","54",23
2022-11-05,"Wisconsin","55",51
2022-11-05,"Wyoming","56",10
2022-11-05,"New York","36",198
2022-11-05,"US","US",2266
2022-11-12,"Alabama","01",18
2022-11-12,"Alaska","02",0
2022-11-12,"Arizona","04",43
2022-11-12,"Arkansas","05",14
2022-11-12,"California","06",161
2022-11-12,"Colorado","08",53
2022-11-12,"Connecticut","09",18
2022-11-12,"Delaware","10",9
2022-11-12,"District of Columbia","11",3
2022-11-12,"Florida","12",95
2022-11-12,"Georgia","13",30
2022-11-12,"Hawaii","15",6
2022-11-12,"Idaho","16",8
2022-11-12,"Illinois","17",81
2022-11-12,"Indiana","18",57
2022-11-12,"Iowa","19",17
2022-11-12,"Kansas","20",18
2022-11-12,"Kentucky","21",65
2022-11-12,"Louisiana","22",12
2022-11-12,"Maine","23",19
2022-11-12,"Maryland","24",47
2022-11-12,"Massachusetts","25",56
2022-11-12,"Michigan","26",129
2022-11-12,"Minnesota","27",61
2022-11-12,"Mississippi","28",15
2022-11-12,"Missouri","29",34
2022-11-12,"Montana","30",12
2022-11-12,"Nebraska","31",18
2022-11-12,"Nevada","32",21
2022-11-12,"New Hampshire","33",14
2022-11-12,"New Jersey","34",93
2022-11-12,"New Mexico","35",21
2022-11-12,"North Carolina","37",66
2022-11-12,"North Dakota","38",6
2022-11-12,"Ohio","39",115
2022-11-12,"Oklahoma","40",22
2022-11-12,"Oregon","41",26
2022-11-12,"Pennsylvania","42",138
2022-11-12,"Rhode Island","44",13
2022-11-12,"South Carolina","45",27
2022-11-12,"South Dakota","46",6
2022-11-12,"Tennessee","47",61
2022-11-12,"Texas","48",83
2022-11-12,"Utah","49",16
2022-11-12,"Vermont","50",8
2022-11-12,"Virginia","51",54
2022-11-12,"Washington","53",36
2022-11-12,"West Virginia","54",24
2022-11-12,"Wisconsin","55",73
2022-11-12,"Wyoming","56",4
2022-11-12,"New York","36",190
2022-11-12,"US","US",2216
2022-11-19,"Alabama","01",26
2022-11-19,"Alaska","02",1
2022-11-19,"Arizona","04",66
2022-11-19,"Arkansas","05",30
2022-11-19,"California","06",172
2022-11-19,"Colorado","08",63
2022-11-19,"Connecticut","09",23
2022-11-19,"Delaware","10",13
2022-11-19,"District of Columbia","11",4
2022-11-19,"Florida","12",120
2022-11-19,"Georgia","13",48
2022-11-19,"Hawaii","15",3
2022-11-19,"Idaho","16",6
2022-11-19,"Illinois","17",69
2022-11-19,"Indiana","18",47
2022-11-19,"Iowa","19",24
2022-11-19,"Kansas","20",17
2022-11-19,"Kentucky","21",51
2022-11-19,"Louisiana","22",11
2022-11-19,"Maine","23",16
2022-11-19,"Maryland","24",43
2022-11-19,"Massachusetts","25",38
2022-11-19,"Michigan","26",108
2022-11-19,"Minnesota","27",60
2022-11-19,"Mississippi","28",11
2022-11-19,"Missouri","29",48
2022-11-19,"Montana","30",10
2022-11-19,"Nebraska","31",22
2022-11-19,"Nevada","32",29
2022-11-19,"New Hampshire","33",18
2022-11-19,"New Jersey","34",91
2022-11-19,"New Mexico","35",21
2022-11-19,"North Carolina","37",76
2022-11-19,"North Dakota","38",3
2022-11-19,"Ohio","39",144
2022-11-19,"Oklahoma","40",28
2022-11-19,"Oregon","41",21
2022-11-19,"Pennsylvania","42",144
2022-11-19,"Rhode Island","44",3
2022-11-19,"South Carolina","45",25
2022-11-19,"South Dakota","46",8
2022-11-19,"Tennessee","47",81
2022-11-19,"Texas","48",80
2022-11-19,"Utah","49",18
2022-11-19,"Vermont","50",9
2022-11-19,"Virginia","51",45
2022-11-19,"Washington","53",38
2022-11-19,"West Virginia","54",17
2022-11-19,"Wisconsin","55",50
2022-11-19,"Wyoming","56",5
2022-11-19,"New York","36",178
2022-11-19,"US","US",2282
2022-11-26,"Alabama","01",27
2022-11-26,"Alaska","02",3
2022-11-26,"Arizona","04",83
2022-11-26,"Arkansas","05",20
2022-11-26,"California","06",229
2022-11-26,"Colorado","08",53
2022-11-26,"Connecticut","09",33
2022-11-26,"Delaware","10",9
2022-11-26,"District of Columbia","11",5
2022-11-26,"Florida","12",126
2022-11-26,"Georgia","13",46
2022-11-26,"Hawaii","15",6
2022-11-26,"Idaho","16",15
2022-11-26,"Illinois","17",81
2022-11-26,"Indiana","18",49
2022-11-26,"Iowa","19",19
2022-11-26,"Kansas","20",26
2022-11-26,"Kentucky","21",63
2022-11-26,"Louisiana","22",21
2022-11-26,"Maine","23",6
2022-11-26,"Maryland","24",37
2022-11-26,"Massachusetts","25",52
2022-11-26,"Michigan","26",109
2022-11-26,"Minnesota","27",60
2022-11-26,"Mississippi","28",22
2022-11-26,"Missouri","29",44
2022-11-26,"Montana","30",9
2022-11-26,"Nebraska","31",17
2022-11-26,"Nevada","32",30
2022-11-26,"New Hampshire","33",11
2022-11-26,"New Jersey","34",91
2022-11-26,"New Mexico","35",41
2022-11-26,"North Carolina","37",74
2022-11-26,"North Dakota","38",7
2022-11-26,"Ohio","39",146
2022-11-26,"Oklahoma","40",34
2022-11-26,"Oregon","41",41
2022-11-26,"Pennsylvania","42",134
2022-11-26,"Rhode Island","44",10
2022-11-26,"South Carolina","45",39
2022-11-26,"South Dakota","46",6
2022-11-26,"Tennessee","47",59
2022-11-26,"Texas","48",118
2022-11-26,"Utah","49",17
2022-11-26,"Vermont","50",6
2022-11-26,"Virginia","51",44
2022-11-26,"Washington","53",41
2022-11-26,"West Virginia","54",26
2022-11-26,"Wisconsin","55",50
2022-11-26,"Wyoming","56",12
2022-11-26,"New York","36",209
2022-11-26,"US","US",2516
2022-12-03,"Alabama","01",29
2022-12-03,"Alaska","02",0
2022-12-03,"Arizona","04",113
2022-12-03,"Arkansas","05",22
2022-12-03,"California","06",303
2022-12-03,"Colorado","08",57
2022-12-03,"Connecticut","09",27
2022-12-03,"Delaware","10",5
2022-12-03,"District of Columbia","11",3
2022-12-03,"Florida","12",131
2022-12-03,"Georgia","13",34
2022-12-03,"Hawaii","15",3
2022-12-03,"Idaho","16",12
2022-12-03,"Illinois","17",79
2022-12-03,"Indiana","18",60
2022-12-03,"Iowa","19",28
2022-12-03,"Kansas","20",30
2022-12-03,"Kentucky","21",71
2022-12-03,"Louisiana","22",17
2022-12-03,"Maine","23",21
2022-12-03,"Maryland","24",51
2022-12-03,"Massachusetts","25",53
2022-12-03,"Michigan","26",96
2022-12-03,"Minnesota","27",51
2022-12-03,"Mississippi","28",20
2022-12-03,"Missouri","29",46
2022-12-03,"Montana","30",7
2022-12-03,"Nebraska","31",24
2022-12-03,"Nevada","32",27
2022-12-03,"New Hampshire","33",11
2022-12-03,"New Jersey","34",73
2022-12-03,"New Mexico","35",38
2022-12-03,"North Carolina","37",74
2022-12-03,"North Dakota","38",3
2022-12-03,"Ohio","39",112
2022-12-03,"Oklahoma","40",38
2022-12-03,"Oregon","41",29
2022-12-03,"Pennsylvania","42",133
2022-12-03,"Rhode Island","44",8
2022-12-03,"South Carolina","45",30
2022-12-03,"South Dakota","46",10
2022-12-03,"Tennessee","47",71
2022-12-03,"Texas","48",139
2022-12-03,"Utah","49",18
2022-12-03,"Vermont","50",8
2022-12-03,"Virginia","51",40
2022-12-03,"Washington","53",65
2022-12-03,"West Virginia","54",17
2022-12-03,"Wisconsin","55",61
2022-12-03,"Wyoming","56",7
2022-12-03,"New York","36",206
2022-12-03,"US","US",2611
2022-12-10,"Alabama","01",39
2022-12-10,"Alaska","02",2
2022-12-10,"Arizona","04",136
2022-12-10,"Arkansas","05",26
2022-12-10,"California","06",377
2022-12-10,"Colorado","08",62
2022-12-10,"Connecticut","09",36
2022-12-10,"Delaware","10",15
2022-12-10,"District of Columbia","11",5
2022-12-10,"Florida","12",150
2022-12-10,"Georgia","13",72
2022-12-10,"Hawaii","15",5
2022-12-10,"Idaho","16",12
2022-12-10,"Illinois","17",92
2022-12-10,"Indiana","18",77
2022-12-10,"Iowa","19",46
2022-12-10,"Kansas","20",35
2022-12-10,"Kentucky","21",67
2022-12-10,"Louisiana","22",30
2022-12-10,"Maine","23",9
2022-12-10,"Maryland","24",55
2022-12-10,"Massachusetts","25",60
2022-12-10,"Michigan","26",98
2022-12-10,"Minnesota","27",65
2022-12-10,"Mississippi","28",40
2022-12-10,"Missouri","29",63
2022-12-10,"Montana","30",9
2022-12-10,"Nebraska","31",28
2022-12-10,"Nevada","32",43
2022-12-10,"New Hampshire","33",10
2022-12-10,"New Jersey","34",100
2022-12-10,"New Mexico","35",35
2022-12-10,"North Carolina","37",65
2022-12-10,"North Dakota","38",7
2022-12-10,"Ohio","39",136
2022-12-10,"Oklahoma","40",42
2022-12-10,"Oregon","41",46
2022-12-10,"Pennsylvania","42",121
2022-12-10,"Rhode Island","44",14
2022-12-10,"South Carolina","45",46
2022-12-10,"South Dakota","46",7
2022-12-10,"Tennessee","47",58
2022-12-10,"Texas","48",156
2022-12-10,"Utah","49",23
2022-12-10,"Vermont","50",4
2022-12-10,"Virginia","51",61
2022-12-10,"Washington","53",65
2022-12-10,"West Virginia","54",25
2022-12-10,"Wisconsin","55",50
2022-12-10,"Wyoming","56",4
2022-12-10,"New York","36",222
2022-12-10,"US","US",3051
2022-12-17,"Alabama","01",45
2022-12-17,"Alaska","02",1
2022-12-17,"Arizona","04",123
2022-12-17,"Arkansas","05",30
2022-12-17,"California","06",366
2022-12-17,"Colorado","08",46
2022-12-17,"Connecticut","09",42
2022-12-17,"Delaware","10",12
2022-12-17,"District of Columbia","11",4
2022-12-17,"Florida","12",140
2022-12-17,"Georgia","13",67
2022-12-17,"Hawaii","15",3
2022-12-17,"Idaho","16",17
2022-12-17,"Illinois","17",134
2022-12-17,"Indiana","18",83
2022-12-17,"Iowa","19",41
2022-12-17,"Kansas","20",45
2022-12-17,"Kentucky","21",74
2022-12-17,"Louisiana","22",31
2022-12-17,"Maine","23",10
2022-12-17,"Maryland","24",48
2022-12-17,"Massachusetts","25",69
2022-12-17,"Michigan","26",105
2022-12-17,"Minnesota","27",50
2022-12-17,"Mississippi","28",28
2022-12-17,"Missouri","29",77
2022-12-17,"Montana","30",4
2022-12-17,"Nebraska","31",21
2022-12-17,"Nevada","32",35
2022-12-17,"New Hampshire","33",8
2022-12-17,"New Jersey","34",117
2022-12-17,"New Mexico","35",45
2022-12-17,"North Carolina","37",82
2022-12-17,"North Dakota","38",8
2022-12-17,"Ohio","39",155
2022-12-17,"Oklahoma","40",44
2022-12-17,"Oregon","41",51
2022-12-17,"Pennsylvania","42",138
2022-12-17,"Rhode Island","44",13
2022-12-17,"South Carolina","45",49
2022-12-17,"South Dakota","46",10
2022-12-17,"Tennessee","47",66
2022-12-17,"Texas","48",170
2022-12-17,"Utah","49",18
2022-12-17,"Vermont","50",9
2022-12-17,"Virginia","51",73
2022-12-17,"Washington","53",73
2022-12-17,"West Virginia","54",25
2022-12-17,"Wisconsin","55",59
2022-12-17,"Wyoming","56",5
2022-12-17,"New York","36",249
2022-12-17,"US","US",3218
2022-12-24,"Alabama","01",35
2022-12-24,"Alaska","02",4
2022-12-24,"Arizona","04",111
2022-12-24,"Arkansas","05",35
2022-12-24,"California","06",420
2022-12-24,"Colorado","08",50
2022-12-24,"Connecticut","09",53
2022-12-24,"Delaware","10",12
2022-12-24,"District of Columbia","11",7
2022-12-24,"Florida","12",152
2022-12-24,"Georgia","13",74
2022-12-24,"Hawaii","15",6
2022-12-24,"Idaho","16",13
2022-12-24,"Illinois","17",105
2022-12-24,"Indiana","18",95
2022-12-24,"Iowa","19",42
2022-12-24,"Kansas","20",30
2022-12-24,"Kentucky","21",73
2022-12-24,"Louisiana","22",32
2022-12-24,"Maine","23",17
2022-12-24,"Maryland","24",68
2022-12-24,"Massachusetts","25",69
2022-12-24,"Michigan","26",109
2022-12-24,"Minnesota","27",40
2022-12-24,"Mississippi","28",24
2022-12-24,"Missouri","29",59
2022-12-24,"Montana","30",7
2022-12-24,"Nebraska","31",23
2022-12-24,"Nevada","32",34
2022-12-24,"New Hampshire","33",8
2022-12-24,"New Jersey","34",156
2022-12-24,"New Mexico","35",29
2022-12-24,"North Carolina","37",103
2022-12-24,"North Dakota","38",4
2022-12-24,"Ohio","39",181
2022-12-24,"Oklahoma","40",69
2022-12-24,"Oregon","41",37
2022-12-24,"Pennsylvania","42",146
2022-12-24,"Rhode Island","44",5
2022-12-24,"South Carolina","45",50
2022-12-24,"South Dakota","46",6
2022-12-24,"Tennessee","47",61
2022-12-24,"Texas","48",198
2022-12-24,"Utah","49",15
2022-12-24,"Vermont","50",5
2022-12-24,"Virginia","51",74
2022-12-24,"Washington","53",64
2022-12-24,"West Virginia","54",28
2022-12-24,"Wisconsin","55",72
2022-12-24,"Wyoming","56",5
2022-12-24,"New York","36",272
2022-12-24,"US","US",3387
2022-12-31,"Alabama","01",43
2022-12-31,"Alaska","02",2
2022-12-31,"Arizona","04",89
2022-12-31,"Arkansas","05",30
2022-12-31,"California","06",420
2022-12-31,"Colorado","08",49
2022-12-31,"Connecticut","09",60
2022-12-31,"Delaware","10",7
2022-12-31,"District of Columbia","11",12
2022-12-31,"Florida","12",186
2022-12-31,"Georgia","13",90
2022-12-31,"Hawaii","15",5
2022-12-31,"Idaho","16",9
2022-12-31,"Illinois","17",120
2022-12-31,"Indiana","18",102
2022-12-31,"Iowa","19",53
2022-12-31,"Kansas","20",38
2022-12-31,"Kentucky","21",69
2022-12-31,"Louisiana","22",32
2022-12-31,"Maine","23",14
2022-12-31,"Maryland","24",82
2022-12-31,"Massachusetts","25",93
2022-12-31,"Michigan","26",141
2022-12-31,"Minnesota","27",57
2022-12-31,"Mississippi","28",38
2022-12-31,"Missouri","29",78
2022-12-31,"Montana","30",5
2022-12-31,"Nebraska","31",21
2022-12-31,"Nevada","32",26
2022-12-31,"New Hampshire","33",19
2022-12-31,"New Jersey","34",139
2022-12-31,"New Mexico","35",31
2022-12-31,"North Carolina","37",118
2022-12-31,"North Dakota","38",6
2022-12-31,"Ohio","39",150
2022-12-31,"Oklahoma","40",67
2022-12-31,"Oregon","41",47
2022-12-31,"Pennsylvania","42",171
2022-12-31,"Rhode Island","44",11
2022-12-31,"South Carolina","45",85
2022-12-31,"South Dakota","46",5
2022-12-31,"Tennessee","47",81
2022-12-31,"Texas","48",220
2022-12-31,"Utah","49",20
2022-12-31,"Vermont","50",7
2022-12-31,"Virginia","51",87
2022-12-31,"Washington","53",68
2022-12-31,"West Virginia","54",37
2022-12-31,"Wisconsin","55",62
2022-12-31,"Wyoming","56",7
2022-12-31,"New York","36",279
2022-12-31,"US","US",3688
2023-01-07,"Alabama","01",61
2023-01-07,"Alaska","02",3
2023-01-07,"Arizona","04",89
2023-01-07,"Arkansas","05",45
2023-01-07,"California","06",394
2023-01-07,"Colorado","08",55
2023-01-07,"Connecticut","09",47
2023-01-07,"Delaware","10",11
2023-01-07,"District of Columbia","11",6
2023-01-07,"Florida","12",222
2023-01-07,"Georgia","13",119
2023-01-07,"Hawaii","15",6
2023-01-07,"Idaho","16",9
2023-01-07,"Illinois","17",120
2023-01-07,"Indiana","18",88
2023-01-07,"Iowa","19",30
2023-01-07,"Kansas","20",49
2023-01-07,"Kentucky","21",81
2023-01-07,"Louisiana","22",35
2023-01-07,"Maine","23",13
2023-01-07,"Maryland","24",68
2023-01-07,"Massachusetts","25",95
2023-01-07,"Michigan","26",120
2023-01-07,"Minnesota","27",66
2023-01-07,"Mississippi","28",47
2023-01-07,"Missouri","29",66
2023-01-07,"Montana","30",14
2023-01-07,"Nebraska","31",27
2023-01-07,"Nevada","32",26
2023-01-07,"New Hampshire","33",22
2023-01-07,"New Jersey","34",102
2023-01-07,"New Mexico","35",30
2023-01-07,"North Carolina","37",183
2023-01-07,"North Dakota","38",5
2023-01-07,"Ohio","39",169
2023-01-07,"Oklahoma","40",76
2023-01-07,"Oregon","41",33
2023-01-07,"Pennsylvania","42",202
2023-01-07,"Rhode Island","44",11
2023-01-07,"South Carolina","45",91
2023-01-07,"South Dakota","46",6
2023-01-07,"Tennessee","47",101
2023-01-07,"Texas","48",255
2023-01-07,"Utah","49",10
2023-01-07,"Vermont","50",6
2023-01-07,"Virginia","51",119
2023-01-07,"Washington","53",54
2023-01-07,"West Virginia","54",33
2023-01-07,"Wisconsin","55",65
2023-01-07,"Wyoming","56",5
2023-01-07,"New York","36",281
2023-01-07,"US","US",3871
2023-01-14,"Alabama","01",67
2023-01-14,"Alaska","02",2
2023-01-14,"Arizona","04",62
2023-01-14,"Arkansas","05",46
2023-01-14,"California","06",350
2023-01-14,"Colorado","08",46
2023-01-14,"Connecticut","09",39
2023-01-14,"Delaware","10",15
2023-01-14,"District of Columbia","11",4
2023-01-14,"Florida","12",217
2023-01-14,"Georgia","13",121
2023-01-14,"Hawaii","15",10
2023-01-14,"Idaho","16",10
2023-01-14,"Illinois","17",120
2023-01-14,"Indiana","18",64
2023-01-14,"Iowa","19",32
2023-01-14,"Kansas","20",30
2023-01-14,"Kentucky","21",81
2023-01-14,"Louisiana","22",52
2023-01-14,"Maine","23",14
2023-01-14,"Maryland","24",86
2023-01-14,"Massachusetts","25",111
2023-01-14,"Michigan","26",109
2023-01-14,"Minnesota","27",47
2023-01-14,"Mississippi","28",34
2023-01-14,"Missouri","29",50
2023-01-14,"Montana","30",12
2023-01-14,"Nebraska","31",13
2023-01-14,"Nevada","32",25
2023-01-14,"New Hampshire","33",25
2023-01-14,"New Jersey","34",118
2023-01-14,"New Mexico","35",25
2023-01-14,"North Carolina","37",159
2023-01-14,"North Dakota","38",5
2023-01-14,"Ohio","39",153
2023-01-14,"Oklahoma","40",74
2023-01-14,"Oregon","41",40
2023-01-14,"Pennsylvania","42",172
2023-01-14,"Rhode Island","44",10
2023-01-14,"South Carolina","45",105
2023-01-14,"South Dakota","46",5
2023-01-14,"Tennessee","47",106
2023-01-14,"Texas","48",278
2023-01-14,"Utah","49",15
2023-01-14,"Vermont","50",5
2023-01-14,"Virginia","51",118
2023-01-14,"Washington","53",57
2023-01-14,"West Virginia","54",28
2023-01-14,"Wisconsin","55",49
2023-01-14,"Wyoming","56",2
2023-01-14,"New York","36",270
2023-01-14,"US","US",3688
2023-01-21,"Alabama","01",61
2023-01-21,"Alaska","02",2
2023-01-21,"Arizona","04",42
2023-01-21,"Arkansas","05",38
2023-01-21,"California","06",258
2023-01-21,"Colorado","08",39
2023-01-21,"Connecticut","09",51
2023-01-21,"Delaware","10",10
2023-01-21,"District of Columbia","11",5
2023-01-21,"Florida","12",245
2023-01-21,"Georgia","13",118
2023-01-21,"Hawaii","15",10
2023-01-21,"Idaho","16",5
2023-01-21,"Illinois","17",95
2023-01-21,"Indiana","18",58
2023-01-21,"Iowa","19",26
2023-01-21,"Kansas","20",19
2023-01-21,"Kentucky","21",66
2023-01-21,"Louisiana","22",34
2023-01-21,"Maine","23",11
2023-01-21,"Maryland","24",70
2023-01-21,"Massachusetts","25",107
2023-01-21,"Michigan","26",89
2023-01-21,"Minnesota","27",64
2023-01-21,"Mississippi","28",53
2023-01-21,"Missouri","29",56
2023-01-21,"Montana","30",9
2023-01-21,"Nebraska","31",16
2023-01-21,"Nevada","32",19
2023-01-21,"New Hampshire","33",22
2023-01-21,"New Jersey","34",95
2023-01-21,"New Mexico","35",14
2023-01-21,"North Carolina","37",167
2023-01-21,"North Dakota","38",5
2023-01-21,"Ohio","39",138
2023-01-21,"Oklahoma","40",58
2023-01-21,"Oregon","41",36
2023-01-21,"Pennsylvania","42",177
2023-01-21,"Rhode Island","44",14
2023-01-21,"South Carolina","45",79
2023-01-21,"South Dakota","46",3
2023-01-21,"Tennessee","47",85
2023-01-21,"Texas","48",247
2023-01-21,"Utah","49",8
2023-01-21,"Vermont","50",7
2023-01-21,"Virginia","51",109
2023-01-21,"Washington","53",39
2023-01-21,"West Virginia","54",30
2023-01-21,"Wisconsin","55",35
2023-01-21,"Wyoming","56",3
2023-01-21,"New York","36",211
2023-01-21,"US","US",3258
2023-01-28,"Alabama","01",57
2023-01-28,"Alaska","02",2
2023-01-28,"Arizona","04",36
2023-01-28,"Arkansas","05",39
2023-01-28,"California","06",247
2023-01-28,"Colorado","08",25
2023-01-28,"Connecticut","09",43
2023-01-28,"Delaware","10",16
2023-01-28,"District of Columbia","11",3
2023-01-28,"Florida","12",205
2023-01-28,"Georgia","13",83
2023-01-28,"Hawaii","15",10
2023-01-28,"Idaho","16",10
2023-01-28,"Illinois","17",81
2023-01-28,"Indiana","18",45
2023-01-28,"Iowa","19",22
2023-01-28,"Kansas","20",29
2023-01-28,"Kentucky","21",60
2023-01-28,"Louisiana","22",37
2023-01-28,"Maine","23",21
2023-01-28,"Maryland","24",53
2023-01-28,"Massachusetts","25",69
2023-01-28,"Michigan","26",98
2023-01-28,"Minnesota","27",32
2023-01-28,"Mississippi","28",34
2023-01-28,"Missouri","29",50
2023-01-28,"Montana","30",5
2023-01-28,"Nebraska","31",17
2023-01-28,"Nevada","32",14
2023-01-28,"New Hampshire","33",19
2023-01-28,"New Jersey","34",100
2023-01-28,"New Mexico","35",27
2023-01-28,"North Carolina","37",120
2023-01-28,"North Dakota","38",5
2023-01-28,"Ohio","39",116
2023-01-28,"Oklahoma","40",53
2023-01-28,"Oregon","41",32
2023-01-28,"Pennsylvania","42",143
2023-01-28,"Rhode Island","44",10
2023-01-28,"South Carolina","45",80
2023-01-28,"South Dakota","46",4
2023-01-28,"Tennessee","47",101
2023-01-28,"Texas","48",222
2023-01-28,"Utah","49",7
2023-01-28,"Vermont","50",3
2023-01-28,"Virginia","51",93
2023-01-28,"Washington","53",44
2023-01-28,"West Virginia","54",37
2023-01-28,"Wisconsin","55",28
2023-01-28,"Wyoming","56",4
2023-01-28,"New York","36",223
2023-01-28,"US","US",2914
2023-02-04,"Alabama","01",56
2023-02-04,"Alaska","02",0
2023-02-04,"Arizona","04",36
2023-02-04,"Arkansas","05",27
2023-02-04,"California","06",184
2023-02-04,"Colorado","08",23
2023-02-04,"Connecticut","09",38
2023-02-04,"Delaware","10",11
2023-02-04,"District of Columbia","11",1
2023-02-04,"Florida","12",197
2023-02-04,"Georgia","13",85
2023-02-04,"Hawaii","15",6
2023-02-04,"Idaho","16",8
2023-02-04,"Illinois","17",82
2023-02-04,"Indiana","18",45
2023-02-04,"Iowa","19",23
2023-02-04,"Kansas","20",15
2023-02-04,"Kentucky","21",75
2023-02-04,"Louisiana","22",31
2023-02-04,"Maine","23",18
2023-02-04,"Maryland","24",64
2023-02-04,"Massachusetts","25",66
2023-02-04,"Michigan","26",86
2023-02-04,"Minnesota","27",39
2023-02-04,"Mississippi","28",34
2023-02-04,"Missouri","29",44
2023-02-04,"Montana","30",4
2023-02-04,"Nebraska","31",11
2023-02-04,"Nevada","32",11
2023-02-04,"New Hampshire","33",16
2023-02-04,"New Jersey","34",70
2023-02-04,"New Mexico","35",15
2023-02-04,"North Carolina","37",107
2023-02-04,"North Dakota","38",1
2023-02-04,"Ohio","39",99
2023-02-04,"Oklahoma","40",45
2023-02-04,"Oregon","41",27
2023-02-04,"Pennsylvania","42",147
2023-02-04,"Rhode Island","44",7
2023-02-04,"South Carolina","45",63
2023-02-04,"South Dakota","46",7
2023-02-04,"Tennessee","47",93
2023-02-04,"Texas","48",190
2023-02-04,"Utah","49",7
2023-02-04,"Vermont","50",8
2023-02-04,"Virginia","51",114
2023-02-04,"Washington","53",41
2023-02-04,"West Virginia","54",35
2023-02-04,"Wisconsin","55",38
2023-02-04,"Wyoming","56",7
2023-02-04,"New York","36",185
2023-02-04,"US","US",2642
2023-02-11,"Alabama","01",32
2023-02-11,"Alaska","02",6
2023-02-11,"Arizona","04",29
2023-02-11,"Arkansas","05",23
2023-02-11,"California","06",183
2023-02-11,"Colorado","08",21
2023-02-11,"Connecticut","09",24
2023-02-11,"Delaware","10",12
2023-02-11,"District of Columbia","11",7
2023-02-11,"Florida","12",172
2023-02-11,"Georgia","13",68
2023-02-11,"Hawaii","15",3
2023-02-11,"Idaho","16",6
2023-02-11,"Illinois","17",52
2023-02-11,"Indiana","18",43
2023-02-11,"Iowa","19",18
2023-02-11,"Kansas","20",19
2023-02-11,"Kentucky","21",61
2023-02-11,"Louisiana","22",37
2023-02-11,"Maine","23",14
2023-02-11,"Maryland","24",60
2023-02-11,"Massachusetts","25",60
2023-02-11,"Michigan","26",72
2023-02-11,"Minnesota","27",32
2023-02-11,"Mississippi","28",22
2023-02-11,"Missouri","29",56
2023-02-11,"Montana","30",4
2023-02-11,"Nebraska","31",12
2023-02-11,"Nevada","32",12
2023-02-11,"New Hampshire","33",11
2023-02-11,"New Jersey","34",86
2023-02-11,"New Mexico","35",15
2023-02-11,"North Carolina","37",102
2023-02-11,"North Dakota","38",4
2023-02-11,"Ohio","39",105
2023-02-11,"Oklahoma","40",53
2023-02-11,"Oregon","41",23
2023-02-11,"Pennsylvania","42",119
2023-02-11,"Rhode Island","44",9
2023-02-11,"South Carolina","45",60
2023-02-11,"South Dakota","46",9
2023-02-11,"Tennessee","47",68
2023-02-11,"Texas","48",169
2023-02-11,"Utah","49",4
2023-02-11,"Vermont","50",9
2023-02-11,"Virginia","51",62
2023-02-11,"Washington","53",51
2023-02-11,"West Virginia","54",26
2023-02-11,"Wisconsin","55",35
2023-02-11,"Wyoming","56",2
2023-02-11,"New York","36",165
2023-02-11,"US","US",2347
2023-02-18,"Alabama","01",43
2023-02-18,"Alaska","02",5
2023-02-18,"Arizona","04",26
2023-02-18,"Arkansas","05",24
2023-02-18,"California","06",182
2023-02-18,"Colorado","08",19
2023-02-18,"Connecticut","09",28
2023-02-18,"Delaware","10",14
2023-02-18,"District of Columbia","11",3
2023-02-18,"Florida","12",151
2023-02-18,"Georgia","13",53
2023-02-18,"Hawaii","15",4
2023-02-18,"Idaho","16",5
2023-02-18,"Illinois","17",43
2023-02-18,"Indiana","18",39
2023-02-18,"Iowa","19",30
2023-02-18,"Kansas","20",15
2023-02-18,"Kentucky","21",55
2023-02-18,"Louisiana","22",31
2023-02-18,"Maine","23",11
2023-02-18,"Maryland","24",45
2023-02-18,"Massachusetts","25",50
2023-02-18,"Michigan","26",69
2023-02-18,"Minnesota","27",43
2023-02-18,"Mississippi","28",34
2023-02-18,"Missouri","29",31
2023-02-18,"Montana","30",5
2023-02-18,"Nebraska","31",12
2023-02-18,"Nevada","32",10
2023-02-18,"New Hampshire","33",18
2023-02-18,"New Jersey","34",67
2023-02-18,"New Mexico","35",11
2023-02-18,"North Carolina","37",67
2023-02-18,"North Dakota","38",5
2023-02-18,"Ohio","39",57
2023-02-18,"Oklahoma","40",30
2023-02-18,"Oregon","41",25
2023-02-18,"Pennsylvania","42",114
2023-02-18,"Rhode Island","44",6
2023-02-18,"South Carolina","45",48
2023-02-18,"South Dakota","46",8
2023-02-18,"Tennessee","47",60
2023-02-18,"Texas","48",150
2023-02-18,"Utah","49",6
2023-02-18,"Vermont","50",12
2023-02-18,"Virginia","51",71
2023-02-18,"Washington","53",46
2023-02-18,"West Virginia","54",31
2023-02-18,"Wisconsin","55",31
2023-02-18,"Wyoming","56",4
2023-02-18,"New York","36",154
2023-02-18,"US","US",2101
2023-02-25,"Alabama","01",51
2023-02-25,"Alaska","02",2
2023-02-25,"Arizona","04",33
2023-02-25,"Arkansas","05",25
2023-02-25,"California","06",195
2023-02-25,"Colorado","08",21
2023-02-25,"Connecticut","09",22
2023-02-25,"Delaware","10",4
2023-02-25,"District of Columbia","11",4
2023-02-25,"Florida","12",157
2023-02-25,"Georgia","13",67
2023-02-25,"Hawaii","15",4
2023-02-25,"Idaho","16",8
2023-02-25,"Illinois","17",69
2023-02-25,"Indiana","18",40
2023-02-25,"Iowa","19",18
2023-02-25,"Kansas","20",20
2023-02-25,"Kentucky","21",51
2023-02-25,"Louisiana","22",24
2023-02-25,"Maine","23",10
2023-02-25,"Maryland","24",48
2023-02-25,"Massachusetts","25",60
2023-02-25,"Michigan","26",69
2023-02-25,"Minnesota","27",47
2023-02-25,"Mississippi","28",29
2023-02-25,"Missouri","29",35
2023-02-25,"Montana","30",5
2023-02-25,"Nebraska","31",17
2023-02-25,"Nevada","32",8
2023-02-25,"New Hampshire","33",7
2023-02-25,"New Jersey","34",76
2023-02-25,"New Mexico","35",10
2023-02-25,"North Carolina","37",72
2023-02-25,"North Dakota","38",7
2023-02-25,"Ohio","39",83
2023-02-25,"Oklahoma","40",41
2023-02-25,"Oregon","41",20
2023-02-25,"Pennsylvania","42",109
2023-02-25,"Rhode Island","44",8
2023-02-25,"South Carolina","45",40
2023-02-25,"South Dakota","46",11
2023-02-25,"Tennessee","47",58
2023-02-25,"Texas","48",142
2023-02-25,"Utah","49",8
2023-02-25,"Vermont","50",4
2023-02-25,"Virginia","51",61
2023-02-25,"Washington","53",47
2023-02-25,"West Virginia","54",27
2023-02-25,"Wisconsin","55",44
2023-02-25,"Wyoming","56",4
2023-02-25,"New York","36",132
2023-02-25,"US","US",2154
2023-03-04,"Alabama","01",21
2023-03-04,"Alaska","02",2
2023-03-04,"Arizona","04",33
2023-03-04,"Arkansas","05",11
2023-03-04,"California","06",202
2023-03-04,"Colorado","08",27
2023-03-04,"Connecticut","09",22
2023-03-04,"Delaware","10",6
2023-03-04,"District of Columbia","11",1
2023-03-04,"Florida","12",121
2023-03-04,"Georgia","13",41
2023-03-04,"Hawaii","15",5
2023-03-04,"Idaho","16",9
2023-03-04,"Illinois","17",70
2023-03-04,"Indiana","18",38
2023-03-04,"Iowa","19",22
2023-03-04,"Kansas","20",22
2023-03-04,"Kentucky","21",53
2023-03-04,"Louisiana","22",29
2023-03-04,"Maine","23",13
2023-03-04,"Maryland","24",51
2023-03-04,"Massachusetts","25",37
2023-03-04,"Michigan","26",81
2023-03-04,"Minnesota","27",53
2023-03-04,"Mississippi","28",25
2023-03-04,"Missouri","29",34
2023-03-04,"Montana","30",5
2023-03-04,"Nebraska","31",8
2023-03-04,"Nevada","32",19
2023-03-04,"New Hampshire","33",9
2023-03-04,"New Jersey","34",50
2023-03-04,"New Mexico","35",9
2023-03-04,"North Carolina","37",69
2023-03-04,"North Dakota","38",8
2023-03-04,"Ohio","39",95
2023-03-04,"Oklahoma","40",39
2023-03-04,"Oregon","41",37
2023-03-04,"Pennsylvania","42",115
2023-03-04,"Rhode Island","44",8
2023-03-04,"South Carolina","45",34
2023-03-04,"South Dakota","46",9
2023-03-04,"Tennessee","47",58
2023-03-04,"Texas","48",121
2023-03-04,"Utah","49",12
2023-03-04,"Vermont","50",3
2023-03-04,"Virginia","51",42
2023-03-04,"Washington","53",38
2023-03-04,"West Virginia","54",18
2023-03-04,"Wisconsin","55",34
2023-03-04,"Wyoming","56",5
2023-03-04,"New York","36",126
2023-03-04,"US","US",2000
2023-03-11,"Alabama","01",30
2023-03-11,"Alaska","02",2
2023-03-11,"Arizona","04",34
2023-03-11,"Arkansas","05",17
2023-03-11,"California","06",203
2023-03-11,"Colorado","08",25
2023-03-11,"Connecticut","09",16
2023-03-11,"Delaware","10",12
2023-03-11,"District of Columbia","11",4
2023-03-11,"Florida","12",104
2023-03-11,"Georgia","13",44
2023-03-11,"Hawaii","15",0
2023-03-11,"Idaho","16",9
2023-03-11,"Illinois","17",63
2023-03-11,"Indiana","18",37
2023-03-11,"Iowa","19",19
2023-03-11,"Kansas","20",30
2023-03-11,"Kentucky","21",42
2023-03-11,"Louisiana","22",23
2023-03-11,"Maine","23",16
2023-03-11,"Maryland","24",40
2023-03-11,"Massachusetts","25",33
2023-03-11,"Michigan","26",78
2023-03-11,"Minnesota","27",46
2023-03-11,"Mississippi","28",22
2023-03-11,"Missouri","29",38
2023-03-11,"Montana","30",10
2023-03-11,"Nebraska","31",12
2023-03-11,"Nevada","32",13
2023-03-11,"New Hampshire","33",10
2023-03-11,"New Jersey","34",37
2023-03-11,"New Mexico","35",14
2023-03-11,"North Carolina","37",63
2023-03-11,"North Dakota","38",6
2023-03-11,"Ohio","39",93
2023-03-11,"Oklahoma","40",29
2023-03-11,"Oregon","41",20
2023-03-11,"Pennsylvania","42",94
2023-03-11,"Rhode Island","44",4
2023-03-11,"South Carolina","45",24
2023-03-11,"South Dakota","46",7
2023-03-11,"Tennessee","47",40
2023-03-11,"Texas","48",115
2023-03-11,"Utah","49",9
2023-03-11,"Vermont","50",5
2023-03-11,"Virginia","51",50
2023-03-11,"Washington","53",34
2023-03-11,"West Virginia","54",18
2023-03-11,"Wisconsin","55",26
2023-03-11,"Wyoming","56",5
2023-03-11,"New York","36",124
2023-03-11,"US","US",1849
2023-03-18,"Alabama","01",22
2023-03-18,"Alaska","02",3
2023-03-18,"Arizona","04",38
2023-03-18,"Arkansas","05",13
2023-03-18,"California","06",155
2023-03-18,"Colorado","08",24
2023-03-18,"Connecticut","09",22
2023-03-18,"Delaware","10",3
2023-03-18,"District of Columbia","11",1
2023-03-18,"Florida","12",102
2023-03-18,"Georgia","13",41
2023-03-18,"Hawaii","15",3
2023-03-18,"Idaho","16",17
2023-03-18,"Illinois","17",63
2023-03-18,"Indiana","18",49
2023-03-18,"Iowa","19",29
2023-03-18,"Kansas","20",18
2023-03-18,"Kentucky","21",34
2023-03-18,"Louisiana","22",18
2023-03-18,"Maine","23",15
2023-03-18,"Maryland","24",29
2023-03-18,"Massachusetts","25",29
2023-03-18,"Michigan","26",74
2023-03-18,"Minnesota","27",45
2023-03-18,"Mississippi","28",13
2023-03-18,"Missouri","29",36
2023-03-18,"Montana","30",9
2023-03-18,"Nebraska","31",9
2023-03-18,"Nevada","32",14
2023-03-18,"New Hampshire","33",3
2023-03-18,"New Jersey","34",59
2023-03-18,"New Mexico","35",13
2023-03-18,"North Carolina","37",61
2023-03-18,"North Dakota","38",8
2023-03-18,"Ohio","39",74
2023-03-18,"Oklahoma","40",34
2023-03-18,"Oregon","41",27
2023-03-18,"Pennsylvania","42",96
2023-03-18,"Rhode Island","44",5
2023-03-18,"South Carolina","45",31
2023-03-18,"South Dakota","46",7
2023-03-18,"Tennessee","47",43
2023-03-18,"Texas","48",112
2023-03-18,"Utah","49",9
2023-03-18,"Vermont","50",8
2023-03-18,"Virginia","51",30
2023-03-18,"Washington","53",38
2023-03-18,"West Virginia","54",26
2023-03-18,"Wisconsin","55",43
2023-03-18,"Wyoming","56",3
2023-03-18,"New York","36",103
2023-03-18,"US","US",1761
2023-03-25,"Alabama","01",27
2023-03-25,"Alaska","02",1
2023-03-25,"Arizona","04",29
2023-03-25,"Arkansas","05",12
2023-03-25,"California","06",134
2023-03-25,"Colorado","08",24
2023-03-25,"Connecticut","09",15
2023-03-25,"Delaware","10",10
2023-03-25,"District of Columbia","11",2
2023-03-25,"Florida","12",95
2023-03-25,"Georgia","13",48
2023-03-25,"Hawaii","15",6
2023-03-25,"Idaho","16",16
2023-03-25,"Illinois","17",66
2023-03-25,"Indiana","18",38
2023-03-25,"Iowa","19",21
2023-03-25,"Kansas","20",24
2023-03-25,"Kentucky","21",49
2023-03-25,"Louisiana","22",22
2023-03-25,"Maine","23",18
2023-03-25,"Maryland","24",24
2023-03-25,"Massachusetts","25",37
2023-03-25,"Michigan","26",59
2023-03-25,"Minnesota","27",37
2023-03-25,"Mississippi","28",21
2023-03-25,"Missouri","29",42
2023-03-25,"Montana","30",7
2023-03-25,"Nebraska","31",26
2023-03-25,"Nevada","32",10
2023-03-25,"New Hampshire","33",4
2023-03-25,"New Jersey","34",36
2023-03-25,"New Mexico","35",17
2023-03-25,"North Carolina","37",50
2023-03-25,"North Dakota","38",1
2023-03-25,"Ohio","39",77
2023-03-25,"Oklahoma","40",35
2023-03-25,"Oregon","41",19
2023-03-25,"Pennsylvania","42",87
2023-03-25,"Rhode Island","44",5
2023-03-25,"South Carolina","45",32
2023-03-25,"South Dakota","46",7
2023-03-25,"Tennessee","47",56
2023-03-25,"Texas","48",88
2023-03-25,"Utah","49",9
2023-03-25,"Vermont","50",0
2023-03-25,"Virginia","51",37
2023-03-25,"Washington","53",40
2023-03-25,"West Virginia","54",19
2023-03-25,"Wisconsin","55",40
2023-03-25,"Wyoming","56",4
2023-03-25,"New York","36",85
2023-03-25,"US","US",1668
2023-04-01,"Alabama","01",24
2023-04-01,"Alaska","02",0
2023-04-01,"Arizona","04",32
2023-04-01,"Arkansas","05",7
2023-04-01,"California","06",129
2023-04-01,"Colorado","08",30
2023-04-01,"Connecticut","09",9
2023-04-01,"Delaware","10",7
2023-04-01,"District of Columbia","11",2
2023-04-01,"Florida","12",94
2023-04-01,"Georgia","13",39
2023-04-01,"Hawaii","15",4
2023-04-01,"Idaho","16",5
2023-04-01,"Illinois","17",63
2023-04-01,"Indiana","18",32
2023-04-01,"Iowa","19",12
2023-04-01,"Kansas","20",8
2023-04-01,"Kentucky","21",35
2023-04-01,"Louisiana","22",14
2023-04-01,"Maine","23",6
2023-04-01,"Maryland","24",30
2023-04-01,"Massachusetts","25",21
2023-04-01,"Michigan","26",60
2023-04-01,"Minnesota","27",29
2023-04-01,"Mississippi","28",16
2023-04-01,"Missouri","29",26
2023-04-01,"Montana","30",3
2023-04-01,"Nebraska","31",12
2023-04-01,"Nevada","32",11
2023-04-01,"New Hampshire","33",7
2023-04-01,"New Jersey","34",23
2023-04-01,"New Mexico","35",11
2023-04-01,"North Carolina","37",40
2023-04-01,"North Dakota","38",2
2023-04-01,"Ohio","39",90
2023-04-01,"Oklahoma","40",35
2023-04-01,"Oregon","41",34
2023-04-01,"Pennsylvania","42",75
2023-04-01,"Rhode Island","44",5
2023-04-01,"South Carolina","45",21
2023-04-01,"South Dakota","46",1
2023-04-01,"Tennessee","47",34
2023-04-01,"Texas","48",77
2023-04-01,"Utah","49",8
2023-04-01,"Vermont","50",5
2023-04-01,"Virginia","51",26
2023-04-01,"Washington","53",46
2023-04-01,"West Virginia","54",20
2023-04-01,"Wisconsin","55",27
2023-04-01,"Wyoming","56",2
2023-04-01,"New York","36",100
2023-04-01,"US","US",1449
2023-04-08,"Alabama","01",25
2023-04-08,"Alaska","02",0
2023-04-08,"Arizona","04",25
2023-04-08,"Arkansas","05",7
2023-04-08,"California","06",122
2023-04-08,"Colorado","08",27
2023-04-08,"Connecticut","09",10
2023-04-08,"Delaware","10",6
2023-04-08,"District of Columbia","11",1
2023-04-08,"Florida","12",80
2023-04-08,"Georgia","13",32
2023-04-08,"Hawaii","15",2
2023-04-08,"Idaho","16",4
2023-04-08,"Illinois","17",54
2023-04-08,"Indiana","18",26
2023-04-08,"Iowa","19",25
2023-04-08,"Kansas","20",16
2023-04-08,"Kentucky","21",28
2023-04-08,"Louisiana","22",17
2023-04-08,"Maine","23",8
2023-04-08,"Maryland","24",20
2023-04-08,"Massachusetts","25",22
2023-04-08,"Michigan","26",61
2023-04-08,"Minnesota","27",41
2023-04-08,"Mississippi","28",19
2023-04-08,"Missouri","29",36
2023-04-08,"Montana","30",5
2023-04-08,"Nebraska","31",18
2023-04-08,"Nevada","32",8
2023-04-08,"New Hampshire","33",5
2023-04-08,"New Jersey","34",34
2023-04-08,"New Mexico","35",13
2023-04-08,"North Carolina","37",39
2023-04-08,"North Dakota","38",7
2023-04-08,"Ohio","39",63
2023-04-08,"Oklahoma","40",16
2023-04-08,"Oregon","41",23
2023-04-08,"Pennsylvania","42",71
2023-04-08,"Rhode Island","44",4
2023-04-08,"South Carolina","45",19
2023-04-08,"South Dakota","46",5
2023-04-08,"Tennessee","47",46
2023-04-08,"Texas","48",76
2023-04-08,"Utah","49",4
2023-04-08,"Vermont","50",1
2023-04-08,"Virginia","51",35
2023-04-08,"Washington","53",46
2023-04-08,"West Virginia","54",13
2023-04-08,"Wisconsin","55",36
2023-04-08,"Wyoming","56",3
2023-04-08,"New York","36",69
2023-04-08,"US","US",1373
2023-04-15,"Alabama","01",13
2023-04-15,"Alaska","02",3
2023-04-15,"Arizona","04",27
2023-04-15,"Arkansas","05",11
2023-04-15,"California","06",118
2023-04-15,"Colorado","08",23
2023-04-15,"Connecticut","09",7
2023-04-15,"Delaware","10",2
2023-04-15,"District of Columbia","11",1
2023-04-15,"Florida","12",87
2023-04-15,"Georgia","13",20
2023-04-15,"Hawaii","15",8
2023-04-15,"Idaho","16",4
2023-04-15,"Illinois","17",48
2023-04-15,"Indiana","18",29
2023-04-15,"Iowa","19",16
2023-04-15,"Kansas","20",7
2023-04-15,"Kentucky","21",32
2023-04-15,"Louisiana","22",12
2023-04-15,"Maine","23",11
2023-04-15,"Maryland","24",23
2023-04-15,"Massachusetts","25",21
2023-04-15,"Michigan","26",38
2023-04-15,"Minnesota","27",30
2023-04-15,"Mississippi","28",17
2023-04-15,"Missouri","29",29
2023-04-15,"Montana","30",5
2023-04-15,"Nebraska","31",17
2023-04-15,"Nevada","32",15
2023-04-15,"New Hampshire","33",5
2023-04-15,"New Jersey","34",22
2023-04-15,"New Mexico","35",16
2023-04-15,"North Carolina","37",32
2023-04-15,"North Dakota","38",1
2023-04-15,"Ohio","39",71
2023-04-15,"Oklahoma","40",21
2023-04-15,"Oregon","41",14
2023-04-15,"Pennsylvania","42",64
2023-04-15,"Rhode Island","44",4
2023-04-15,"South Carolina","45",13
2023-04-15,"South Dakota","46",5
2023-04-15,"Tennessee","47",35
2023-04-15,"Texas","48",80
2023-04-15,"Utah","49",2
2023-04-15,"Vermont","50",10
2023-04-15,"Virginia","51",22
2023-04-15,"Washington","53",33
2023-04-15,"West Virginia","54",7
2023-04-15,"Wisconsin","55",29
2023-04-15,"Wyoming","56",3
2023-04-15,"New York","36",54
2023-04-15,"US","US",1217
2023-04-22,"Alabama","01",13
2023-04-22,"Alaska","02",2
2023-04-22,"Arizona","04",31
2023-04-22,"Arkansas","05",10
2023-04-22,"California","06",128
2023-04-22,"Colorado","08",19
2023-04-22,"Connecticut","09",11
2023-04-22,"Delaware","10",8
2023-04-22,"District of Columbia","11",2
2023-04-22,"Florida","12",70
2023-04-22,"Georgia","13",35
2023-04-22,"Hawaii","15",7
2023-04-22,"Idaho","16",5
2023-04-22,"Illinois","17",56
2023-04-22,"Indiana","18",33
2023-04-22,"Iowa","19",18
2023-04-22,"Kansas","20",13
2023-04-22,"Kentucky","21",29
2023-04-22,"Louisiana","22",18
2023-04-22,"Maine","23",7
2023-04-22,"Maryland","24",17
2023-04-22,"Massachusetts","25",15
2023-04-22,"Michigan","26",54
2023-04-22,"Minnesota","27",27
2023-04-22,"Mississippi","28",14
2023-04-22,"Missouri","29",21
2023-04-22,"Montana","30",3
2023-04-22,"Nebraska","31",7
2023-04-22,"Nevada","32",14
2023-04-22,"New Hampshire","33",7
2023-04-22,"New Jersey","34",12
2023-04-22,"New Mexico","35",14
2023-04-22,"North Carolina","37",36
2023-04-22,"North Dakota","38",3
2023-04-22,"Ohio","39",56
2023-04-22,"Oklahoma","40",14
2023-04-22,"Oregon","41",15
2023-04-22,"Pennsylvania","42",44
2023-04-22,"Rhode Island","44",4
2023-04-22,"South Carolina","45",14
2023-04-22,"South Dakota","46",10
2023-04-22,"Tennessee","47",35
2023-04-22,"Texas","48",87
2023-04-22,"Utah","49",6
2023-04-22,"Vermont","50",3
2023-04-22,"Virginia","51",30
2023-04-22,"Washington","53",27
2023-04-22,"West Virginia","54",7
2023-04-22,"Wisconsin","55",25
2023-04-22,"Wyoming","56",2
2023-04-22,"New York","36",59
2023-04-22,"US","US",1197
2023-04-29,"Alabama","01",16
2023-04-29,"Alaska","02",2
2023-04-29,"Arizona","04",30
2023-04-29,"Arkansas","05",12
2023-04-29,"California","06",98
2023-04-29,"Colorado","08",18
2023-04-29,"Connecticut","09",7
2023-04-29,"Delaware","10",4
2023-04-29,"District of Columbia","11",2
2023-04-29,"Florida","12",78
2023-04-29,"Georgia","13",24
2023-04-29,"Hawaii","15",4
2023-04-29,"Idaho","16",5
2023-04-29,"Illinois","17",31
2023-04-29,"Indiana","18",16
2023-04-29,"Iowa","19",9
2023-04-29,"Kansas","20",8
2023-04-29,"Kentucky","21",31
2023-04-29,"Louisiana","22",10
2023-04-29,"Maine","23",5
2023-04-29,"Maryland","24",16
2023-04-29,"Massachusetts","25",13
2023-04-29,"Michigan","26",50
2023-04-29,"Minnesota","27",20
2023-04-29,"Mississippi","28",16
2023-04-29,"Missouri","29",18
2023-04-29,"Montana","30",4
2023-04-29,"Nebraska","31",16
2023-04-29,"Nevada","32",7
2023-04-29,"New Hampshire","33",5
2023-04-29,"New Jersey","34",20
2023-04-29,"New Mexico","35",13
2023-04-29,"North Carolina","37",37
2023-04-29,"North Dakota","38",2
2023-04-29,"Ohio","39",58
2023-04-29,"Oklahoma","40",13
2023-04-29,"Oregon","41",14
2023-04-29,"Pennsylvania","42",36
2023-04-29,"Rhode Island","44",3
2023-04-29,"South Carolina","45",22
2023-04-29,"South Dakota","46",0
2023-04-29,"Tennessee","47",28
2023-04-29,"Texas","48",64
2023-04-29,"Utah","49",7
2023-04-29,"Vermont","50",3
2023-04-29,"Virginia","51",26
2023-04-29,"Washington","53",25
2023-04-29,"West Virginia","54",12
2023-04-29,"Wisconsin","55",17
2023-04-29,"Wyoming","56",2
2023-04-29,"New York","36",51
2023-04-29,"US","US",1028
2023-05-06,"Alabama","01",15
2023-05-06,"Alaska","02",1
2023-05-06,"Arizona","04",33
2023-05-06,"Arkansas","05",13
2023-05-06,"California","06",84
2023-05-06,"Colorado","08",18
2023-05-06,"Connecticut","09",3
2023-05-06,"Delaware","10",2
2023-05-06,"District of Columbia","11",0
2023-05-06,"Florida","12",73
2023-05-06,"Georgia","13",24
2023-05-06,"Hawaii","15",7
2023-05-06,"Idaho","16",2
2023-05-06,"Illinois","17",27
2023-05-06,"Indiana","18",18
2023-05-06,"Iowa","19",7
2023-05-06,"Kansas","20",13
2023-05-06,"Kentucky","21",29
2023-05-06,"Louisiana","22",13
2023-05-06,"Maine","23",4
2023-05-06,"Maryland","24",14
2023-05-06,"Massachusetts","25",13
2023-05-06,"Michigan","26",41
2023-05-06,"Minnesota","27",22
2023-05-06,"Mississippi","28",16
2023-05-06,"Missouri","29",17
2023-05-06,"Montana","30",6
2023-05-06,"Nebraska","31",7
2023-05-06,"Nevada","32",13
2023-05-06,"New Hampshire","33",7
2023-05-06,"New Jersey","34",17
2023-05-06,"New Mexico","35",8
2023-05-06,"North Carolina","37",29
2023-05-06,"North Dakota","38",6
2023-05-06,"Ohio","39",40
2023-05-06,"Oklahoma","40",12
2023-05-06,"Oregon","41",19
2023-05-06,"Pennsylvania","42",34
2023-05-06,"Rhode Island","44",3
2023-05-06,"South Carolina","45",18
2023-05-06,"South Dakota","46",0
2023-05-06,"Tennessee","47",27
2023-05-06,"Texas","48",56
2023-05-06,"Utah","49",4
2023-05-06,"Vermont","50",4
2023-05-06,"Virginia","51",16
2023-05-06,"Washington","53",30
2023-05-06,"West Virginia","54",9
2023-05-06,"Wisconsin","55",19
2023-05-06,"Wyoming","56",3
2023-05-06,"New York","36",50
2023-05-06,"US","US",946
2023-05-13,"Alabama","01",16
2023-05-13,"Alaska","02",1
2023-05-13,"Arizona","04",21
2023-05-13,"Arkansas","05",5
2023-05-13,"California","06",97
2023-05-13,"Colorado","08",14
2023-05-13,"Connecticut","09",5
2023-05-13,"Delaware","10",2
2023-05-13,"District of Columbia","11",1
2023-05-13,"Florida","12",71
2023-05-13,"Georgia","13",20
2023-05-13,"Hawaii","15",4
2023-05-13,"Idaho","16",2
2023-05-13,"Illinois","17",26
2023-05-13,"Indiana","18",18
2023-05-13,"Iowa","19",9
2023-05-13,"Kansas","20",6
2023-05-13,"Kentucky","21",21
2023-05-13,"Louisiana","22",5
2023-05-13,"Maine","23",5
2023-05-13,"Maryland","24",9
2023-05-13,"Massachusetts","25",13
2023-05-13,"Michigan","26",41
2023-05-13,"Minnesota","27",22
2023-05-13,"Mississippi","28",7
2023-05-13,"Missouri","29",18
2023-05-13,"Montana","30",6
2023-05-13,"Nebraska","31",7
2023-05-13,"Nevada","32",6
2023-05-13,"New Hampshire","33",1
2023-05-13,"New Jersey","34",16
2023-05-13,"New Mexico","35",6
2023-05-13,"North Carolina","37",32
2023-05-13,"North Dakota","38",4
2023-05-13,"Ohio","39",33
2023-05-13,"Oklahoma","40",24
2023-05-13,"Oregon","41",8
2023-05-13,"Pennsylvania","42",33
2023-05-13,"Rhode Island","44",0
2023-05-13,"South Carolina","45",15
2023-05-13,"South Dakota","46",4
2023-05-13,"Tennessee","47",35
2023-05-13,"Texas","48",52
2023-05-13,"Utah","49",6
2023-05-13,"Vermont","50",1
2023-05-13,"Virginia","51",22
2023-05-13,"Washington","53",10
2023-05-13,"West Virginia","54",4
2023-05-13,"Wisconsin","55",15
2023-05-13,"Wyoming","56",2
2023-05-13,"New York","36",37
2023-05-13,"US","US",838
2023-05-20,"Alabama","01",11
2023-05-20,"Alaska","02",1
2023-05-20,"Arizona","04",22
2023-05-20,"Arkansas","05",14
2023-05-20,"California","06",64
2023-05-20,"Colorado","08",14
2023-05-20,"Connecticut","09",4
2023-05-20,"Delaware","10",2
2023-05-20,"District of Columbia","11",0
2023-05-20,"Florida","12",60
2023-05-20,"Georgia","13",20
2023-05-20,"Hawaii","15",2
2023-05-20,"Idaho","16",1
2023-05-20,"Illinois","17",21
2023-05-20,"Indiana","18",16
2023-05-20,"Iowa","19",13
2023-05-20,"Kansas","20",2
2023-05-20,"Kentucky","21",18
2023-05-20,"Louisiana","22",5
2023-05-20,"Maine","23",4
2023-05-20,"Maryland","24",8
2023-05-20,"Massachusetts","25",12
2023-05-20,"Michigan","26",35
2023-05-20,"Minnesota","27",22
2023-05-20,"Mississippi","28",5
2023-05-20,"Missouri","29",20
2023-05-20,"Montana","30",3
2023-05-20,"Nebraska","31",11
2023-05-20,"Nevada","32",7
2023-05-20,"New Hampshire","33",3
2023-05-20,"New Jersey","34",17
2023-05-20,"New Mexico","35",13
2023-05-20,"North Carolina","37",24
2023-05-20,"North Dakota","38",3
2023-05-20,"Ohio","39",42
2023-05-20,"Oklahoma","40",18
2023-05-20,"Oregon","41",12
2023-05-20,"Pennsylvania","42",31
2023-05-20,"Rhode Island","44",3
2023-05-20,"South Carolina","45",16
2023-05-20,"South Dakota","46",3
2023-05-20,"Tennessee","47",13
2023-05-20,"Texas","48",58
2023-05-20,"Utah","49",1
2023-05-20,"Vermont","50",2
2023-05-20,"Virginia","51",12
2023-05-20,"Washington","53",22
2023-05-20,"West Virginia","54",4
2023-05-20,"Wisconsin","55",11
2023-05-20,"Wyoming","56",0
2023-05-20,"New York","36",34
2023-05-20,"US","US",759
2023-05-27,"Alabama","01",12
2023-05-27,"Alaska","02",1
2023-05-27,"Arizona","04",33
2023-05-27,"Arkansas","05",3
2023-05-27,"California","06",93
2023-05-27,"Colorado","08",8
2023-05-27,"Connecticut","09",6
2023-05-27,"Delaware","10",2
2023-05-27,"District of Columbia","11",1
2023-05-27,"Florida","12",62
2023-05-27,"Georgia","13",20
2023-05-27,"Hawaii","15",2
2023-05-27,"Idaho","16",1
2023-05-27,"Illinois","17",17
2023-05-27,"Indiana","18",9
2023-05-27,"Iowa","19",5
2023-05-27,"Kansas","20",9
2023-05-27,"Kentucky","21",18
2023-05-27,"Louisiana","22",9
2023-05-27,"Maine","23",5
2023-05-27,"Maryland","24",12
2023-05-27,"Massachusetts","25",11
2023-05-27,"Michigan","26",31
2023-05-27,"Minnesota","27",10
2023-05-27,"Mississippi","28",14
2023-05-27,"Missouri","29",14
2023-05-27,"Montana","30",1
2023-05-27,"Nebraska","31",4
2023-05-27,"Nevada","32",12
2023-05-27,"New Hampshire","33",4
2023-05-27,"New Jersey","34",12
2023-05-27,"New Mexico","35",10
2023-05-27,"North Carolina","37",24
2023-05-27,"North Dakota","38",1
2023-05-27,"Ohio","39",35
2023-05-27,"Oklahoma","40",10
2023-05-27,"Oregon","41",10
2023-05-27,"Pennsylvania","42",29
2023-05-27,"Rhode Island","44",3
2023-05-27,"South Carolina","45",17
2023-05-27,"South Dakota","46",9
2023-05-27,"Tennessee","47",19
2023-05-27,"Texas","48",35
2023-05-27,"Utah","49",2
2023-05-27,"Vermont","50",4
2023-05-27,"Virginia","51",19
2023-05-27,"Washington","53",14
2023-05-27,"West Virginia","54",2
2023-05-27,"Wisconsin","55",16
2023-05-27,"Wyoming","56",1
2023-05-27,"New York","36",41
2023-05-27,"US","US",742
2023-06-03,"Alabama","01",8
2023-06-03,"Alaska","02",2
2023-06-03,"Arizona","04",22
2023-06-03,"Arkansas","05",6
2023-06-03,"California","06",83
2023-06-03,"Colorado","08",7
2023-06-03,"Connecticut","09",3
2023-06-03,"Delaware","10",2
2023-06-03,"District of Columbia","11",1
2023-06-03,"Florida","12",64
2023-06-03,"Georgia","13",20
2023-06-03,"Hawaii","15",4
2023-06-03,"Idaho","16",2
2023-06-03,"Illinois","17",17
2023-06-03,"Indiana","18",16
2023-06-03,"Iowa","19",6
2023-06-03,"Kansas","20",8
2023-06-03,"Kentucky","21",24
2023-06-03,"Louisiana","22",6
2023-06-03,"Maine","23",6
2023-06-03,"Maryland","24",6
2023-06-03,"Massachusetts","25",12
2023-06-03,"Michigan","26",24
2023-06-03,"Minnesota","27",10
2023-06-03,"Mississippi","28",18
2023-06-03,"Missouri","29",9
2023-06-03,"Montana","30",2
2023-06-03,"Nebraska","31",12
2023-06-03,"Nevada","32",6
2023-06-03,"New Hampshire","33",2
2023-06-03,"New Jersey","34",15
2023-06-03,"New Mexico","35",11
2023-06-03,"North Carolina","37",28
2023-06-03,"North Dakota","38",0
2023-06-03,"Ohio","39",44
2023-06-03,"Oklahoma","40",6
2023-06-03,"Oregon","41",8
2023-06-03,"Pennsylvania","42",20
2023-06-03,"Rhode Island","44",2
2023-06-03,"South Carolina","45",11
2023-06-03,"South Dakota","46",3
2023-06-03,"Tennessee","47",10
2023-06-03,"Texas","48",39
2023-06-03,"Utah","49",3
2023-06-03,"Vermont","50",2
2023-06-03,"Virginia","51",17
2023-06-03,"Washington","53",13
2023-06-03,"West Virginia","54",6
2023-06-03,"Wisconsin","55",12
2023-06-03,"Wyoming","56",1
2023-06-03,"New York","36",34
2023-06-03,"US","US",693
2023-06-10,"Alabama","01",9
2023-06-10,"Alaska","02",1
2023-06-10,"Arizona","04",19
2023-06-10,"Arkansas","05",8
2023-06-10,"California","06",71
2023-06-10,"Colorado","08",13
2023-06-10,"Connecticut","09",1
2023-06-10,"Delaware","10",2
2023-06-10,"District of Columbia","11",0
2023-06-10,"Florida","12",69
2023-06-10,"Georgia","13",17
2023-06-10,"Hawaii","15",6
2023-06-10,"Idaho","16",2
2023-06-10,"Illinois","17",15
2023-06-10,"Indiana","18",16
2023-06-10,"Iowa","19",5
2023-06-10,"Kansas","20",3
2023-06-10,"Kentucky","21",21
2023-06-10,"Louisiana","22",7
2023-06-10,"Maine","23",3
2023-06-10,"Maryland","24",10
2023-06-10,"Massachusetts","25",9
2023-06-10,"Michigan","26",16
2023-06-10,"Minnesota","27",10
2023-06-10,"Mississippi","28",11
2023-06-10,"Missouri","29",9
2023-06-10,"Montana","30",2
2023-06-10,"Nebraska","31",4
2023-06-10,"Nevada","32",5
2023-06-10,"New Hampshire","33",1
2023-06-10,"New Jersey","34",7
2023-06-10,"New Mexico","35",8
2023-06-10,"North Carolina","37",11
2023-06-10,"North Dakota","38",1
2023-06-10,"Ohio","39",28
2023-06-10,"Oklahoma","40",12
2023-06-10,"Oregon","41",9
2023-06-10,"Pennsylvania","42",37
2023-06-10,"Rhode Island","44",5
2023-06-10,"South Carolina","45",12
2023-06-10,"South Dakota","46",1
2023-06-10,"Tennessee","47",19
2023-06-10,"Texas","48",37
2023-06-10,"Utah","49",4
2023-06-10,"Vermont","50",1
2023-06-10,"Virginia","51",12
2023-06-10,"Washington","53",12
2023-06-10,"West Virginia","54",4
2023-06-10,"Wisconsin","55",7
2023-06-10,"Wyoming","56",0
2023-06-10,"New York","36",41
2023-06-10,"US","US",633
2023-06-17,"Alabama","01",7
2023-06-17,"Alaska","02",3
2023-06-17,"Arizona","04",24
2023-06-17,"Arkansas","05",5
2023-06-17,"California","06",64
2023-06-17,"Colorado","08",11
2023-06-17,"Connecticut","09",3
2023-06-17,"Delaware","10",4
2023-06-17,"District of Columbia","11",0
2023-06-17,"Florida","12",74
2023-06-17,"Georgia","13",16
2023-06-17,"Hawaii","15",4
2023-06-17,"Idaho","16",3
2023-06-17,"Illinois","17",10
2023-06-17,"Indiana","18",17
2023-06-17,"Iowa","19",5
2023-06-17,"Kansas","20",3
2023-06-17,"Kentucky","21",15
2023-06-17,"Louisiana","22",6
2023-06-17,"Maine","23",4
2023-06-17,"Maryland","24",12
2023-06-17,"Massachusetts","25",8
2023-06-17,"Michigan","26",12
2023-06-17,"Minnesota","27",16
2023-06-17,"Mississippi","28",10
2023-06-17,"Missouri","29",12
2023-06-17,"Montana","30",1
2023-06-17,"Nebraska","31",2
2023-06-17,"Nevada","32",7
2023-06-17,"New Hampshire","33",5
2023-06-17,"New Jersey","34",9
2023-06-17,"New Mexico","35",3
2023-06-17,"North Carolina","37",25
2023-06-17,"North Dakota","38",1
2023-06-17,"Ohio","39",18
2023-06-17,"Oklahoma","40",9
2023-06-17,"Oregon","41",18
2023-06-17,"Pennsylvania","42",25
2023-06-17,"Rhode Island","44",0
2023-06-17,"South Carolina","45",15
2023-06-17,"South Dakota","46",0
2023-06-17,"Tennessee","47",11
2023-06-17,"Texas","48",38
2023-06-17,"Utah","49",7
2023-06-17,"Vermont","50",1
2023-06-17,"Virginia","51",10
2023-06-17,"Washington","53",11
2023-06-17,"West Virginia","54",3
2023-06-17,"Wisconsin","55",9
2023-06-17,"Wyoming","56",0
2023-06-17,"New York","36",36
2023-06-17,"US","US",612
2023-06-24,"Alabama","01",9
2023-06-24,"Alaska","02",1
2023-06-24,"Arizona","04",13
2023-06-24,"Arkansas","05",7
2023-06-24,"California","06",78
2023-06-24,"Colorado","08",10
2023-06-24,"Connecticut","09",1
2023-06-24,"Delaware","10",3
2023-06-24,"District of Columbia","11",0
2023-06-24,"Florida","12",71
2023-06-24,"Georgia","13",22
2023-06-24,"Hawaii","15",6
2023-06-24,"Idaho","16",1
2023-06-24,"Illinois","17",15
2023-06-24,"Indiana","18",13
2023-06-24,"Iowa","19",4
2023-06-24,"Kansas","20",5
2023-06-24,"Kentucky","21",10
2023-06-24,"Louisiana","22",8
2023-06-24,"Maine","23",1
2023-06-24,"Maryland","24",11
2023-06-24,"Massachusetts","25",11
2023-06-24,"Michigan","26",26
2023-06-24,"Minnesota","27",8
2023-06-24,"Mississippi","28",15
2023-06-24,"Missouri","29",6
2023-06-24,"Montana","30",1
2023-06-24,"Nebraska","31",2
2023-06-24,"Nevada","32",10
2023-06-24,"New Hampshire","33",2
2023-06-24,"New Jersey","34",9
2023-06-24,"New Mexico","35",2
2023-06-24,"North Carolina","37",17
2023-06-24,"North Dakota","38",1
2023-06-24,"Ohio","39",18
2023-06-24,"Oklahoma","40",7
2023-06-24,"Oregon","41",9
2023-06-24,"Pennsylvania","42",16
2023-06-24,"Rhode Island","44",1
2023-06-24,"South Carolina","45",13
2023-06-24,"South Dakota","46",1
2023-06-24,"Tennessee","47",17
2023-06-24,"Texas","48",34
2023-06-24,"Utah","49",1
2023-06-24,"Vermont","50",7
2023-06-24,"Virginia","51",7
2023-06-24,"Washington","53",17
2023-06-24,"West Virginia","54",3
2023-06-24,"Wisconsin","55",6
2023-06-24,"Wyoming","56",0
2023-06-24,"New York","36",27
2023-06-24,"US","US",583
2023-07-01,"Alabama","01",15
2023-07-01,"Alaska","02",0
2023-07-01,"Arizona","04",12
2023-07-01,"Arkansas","05",7
2023-07-01,"California","06",61
2023-07-01,"Colorado","08",9
2023-07-01,"Connecticut","09",5
2023-07-01,"Delaware","10",2
2023-07-01,"District of Columbia","11",0
2023-07-01,"Florida","12",67
2023-07-01,"Georgia","13",11
2023-07-01,"Hawaii","15",2
2023-07-01,"Idaho","16",2
2023-07-01,"Illinois","17",14
2023-07-01,"Indiana","18",10
2023-07-01,"Iowa","19",3
2023-07-01,"Kansas","20",3
2023-07-01,"Kentucky","21",8
2023-07-01,"Louisiana","22",6
2023-07-01,"Maine","23",3
2023-07-01,"Maryland","24",6
2023-07-01,"Massachusetts","25",7
2023-07-01,"Michigan","26",25
2023-07-01,"Minnesota","27",6
2023-07-01,"Mississippi","28",7
2023-07-01,"Missouri","29",12
2023-07-01,"Montana","30",1
2023-07-01,"Nebraska","31",2
2023-07-01,"Nevada","32",5
2023-07-01,"New Hampshire","33",3
2023-07-01,"New Jersey","34",21
2023-07-01,"New Mexico","35",5
2023-07-01,"North Carolina","37",23
2023-07-01,"North Dakota","38",0
2023-07-01,"Ohio","39",23
2023-07-01,"Oklahoma","40",6
2023-07-01,"Oregon","41",10
2023-07-01,"Pennsylvania","42",22
2023-07-01,"Rhode Island","44",1
2023-07-01,"South Carolina","45",9
2023-07-01,"South Dakota","46",0
2023-07-01,"Tennessee","47",9
2023-07-01,"Texas","48",25
2023-07-01,"Utah","49",2
2023-07-01,"Vermont","50",0
2023-07-01,"Virginia","51",13
2023-07-01,"Washington","53",12
2023-07-01,"West Virginia","54",1
2023-07-01,"Wisconsin","55",12
2023-07-01,"Wyoming","56",1
2023-07-01,"New York","36",33
2023-07-01,"US","US",542
2023-07-08,"Alabama","01",9
2023-07-08,"Alaska","02",2
2023-07-08,"Arizona","04",24
2023-07-08,"Arkansas","05",3
2023-07-08,"California","06",50
2023-07-08,"Colorado","08",3
2023-07-08,"Connecticut","09",5
2023-07-08,"Delaware","10",1
2023-07-08,"District of Columbia","11",0
2023-07-08,"Florida","12",69
2023-07-08,"Georgia","13",16
2023-07-08,"Hawaii","15",6
2023-07-08,"Idaho","16",3
2023-07-08,"Illinois","17",15
2023-07-08,"Indiana","18",9
2023-07-08,"Iowa","19",1
2023-07-08,"Kansas","20",6
2023-07-08,"Kentucky","21",14
2023-07-08,"Louisiana","22",9
2023-07-08,"Maine","23",0
2023-07-08,"Maryland","24",11
2023-07-08,"Massachusetts","25",9
2023-07-08,"Michigan","26",17
2023-07-08,"Minnesota","27",3
2023-07-08,"Mississippi","28",7
2023-07-08,"Missouri","29",5
2023-07-08,"Montana","30",0
2023-07-08,"Nebraska","31",1
2023-07-08,"Nevada","32",6
2023-07-08,"New Hampshire","33",4
2023-07-08,"New Jersey","34",11
2023-07-08,"New Mexico","35",4
2023-07-08,"North Carolina","37",16
2023-07-08,"North Dakota","38",1
2023-07-08,"Ohio","39",13
2023-07-08,"Oklahoma","40",8
2023-07-08,"Oregon","41",6
2023-07-08,"Pennsylvania","42",14
2023-07-08,"Rhode Island","44",2
2023-07-08,"South Carolina","45",13
2023-07-08,"South Dakota","46",2
2023-07-08,"Tennessee","47",14
2023-07-08,"Texas","48",17
2023-07-08,"Utah","49",2
2023-07-08,"Vermont","50",3
2023-07-08,"Virginia","51",10
2023-07-08,"Washington","53",9
2023-07-08,"West Virginia","54",0
2023-07-08,"Wisconsin","55",7
2023-07-08,"Wyoming","56",1
2023-07-08,"New York","36",32
2023-07-08,"US","US",493
2023-07-15,"Alabama","01",10
2023-07-15,"Alaska","02",3
2023-07-15,"Arizona","04",18
2023-07-15,"Arkansas","05",7
2023-07-15,"California","06",62
2023-07-15,"Colorado","08",8
2023-07-15,"Connecticut","09",7
2023-07-15,"Delaware","10",2
2023-07-15,"District of Columbia","11",0
2023-07-15,"Florida","12",69
2023-07-15,"Georgia","13",19
2023-07-15,"Hawaii","15",7
2023-07-15,"Idaho","16",6
2023-07-15,"Illinois","17",14
2023-07-15,"Indiana","18",8
2023-07-15,"Iowa","19",1
2023-07-15,"Kansas","20",0
2023-07-15,"Kentucky","21",7
2023-07-15,"Louisiana","22",2
2023-07-15,"Maine","23",3
2023-07-15,"Maryland","24",7
2023-07-15,"Massachusetts","25",9
2023-07-15,"Michigan","26",17
2023-07-15,"Minnesota","27",5
2023-07-15,"Mississippi","28",7
2023-07-15,"Missouri","29",3
2023-07-15,"Montana","30",0
2023-07-15,"Nebraska","31",1
2023-07-15,"Nevada","32",3
2023-07-15,"New Hampshire","33",0
2023-07-15,"New Jersey","34",16
2023-07-15,"New Mexico","35",7
2023-07-15,"North Carolina","37",24
2023-07-15,"North Dakota","38",0
2023-07-15,"Ohio","39",15
2023-07-15,"Oklahoma","40",8
2023-07-15,"Oregon","41",9
2023-07-15,"Pennsylvania","42",17
2023-07-15,"Rhode Island","44",0
2023-07-15,"South Carolina","45",12
2023-07-15,"South Dakota","46",1
2023-07-15,"Tennessee","47",12
2023-07-15,"Texas","48",25
2023-07-15,"Utah","49",4
2023-07-15,"Vermont","50",3
2023-07-15,"Virginia","51",11
2023-07-15,"Washington","53",17
2023-07-15,"West Virginia","54",0
2023-07-15,"Wisconsin","55",4
2023-07-15,"Wyoming","56",1
2023-07-15,"New York","36",19
2023-07-15,"US","US",510
2023-07-22,"Alabama","01",6
2023-07-22,"Alaska","02",3
2023-07-22,"Arizona","04",19
2023-07-22,"Arkansas","05",8
2023-07-22,"California","06",57
2023-07-22,"Colorado","08",8
2023-07-22,"Connecticut","09",8
2023-07-22,"Delaware","10",3
2023-07-22,"District of Columbia","11",0
2023-07-22,"Florida","12",73
2023-07-22,"Georgia","13",21
2023-07-22,"Hawaii","15",3
2023-07-22,"Idaho","16",2
2023-07-22,"Illinois","17",15
2023-07-22,"Indiana","18",9
2023-07-22,"Iowa","19",2
2023-07-22,"Kansas","20",4
2023-07-22,"Kentucky","21",13
2023-07-22,"Louisiana","22",13
2023-07-22,"Maine","23",3
2023-07-22,"Maryland","24",7
2023-07-22,"Massachusetts","25",9
2023-07-22,"Michigan","26",8
2023-07-22,"Minnesota","27",13
2023-07-22,"Mississippi","28",10
2023-07-22,"Missouri","29",11
2023-07-22,"Montana","30",0
2023-07-22,"Nebraska","31",1
2023-07-22,"Nevada","32",6
2023-07-22,"New Hampshire","33",1
2023-07-22,"New Jersey","34",14
2023-07-22,"New Mexico","35",2
2023-07-22,"North Carolina","37",26
2023-07-22,"North Dakota","38",0
2023-07-22,"Ohio","39",14
2023-07-22,"Oklahoma","40",4
2023-07-22,"Oregon","41",11
2023-07-22,"Pennsylvania","42",16
2023-07-22,"Rhode Island","44",5
2023-07-22,"South Carolina","45",5
2023-07-22,"South Dakota","46",1
2023-07-22,"Tennessee","47",9
2023-07-22,"Texas","48",45
2023-07-22,"Utah","49",3
2023-07-22,"Vermont","50",1
2023-07-22,"Virginia","51",11
2023-07-22,"Washington","53",7
2023-07-22,"West Virginia","54",1
2023-07-22,"Wisconsin","55",6
2023-07-22,"Wyoming","56",0
2023-07-22,"New York","36",23
2023-07-22,"US","US",540
2023-07-29,"Alabama","01",13
2023-07-29,"Alaska","02",2
2023-07-29,"Arizona","04",15
2023-07-29,"Arkansas","05",8
2023-07-29,"California","06",81
2023-07-29,"Colorado","08",10
2023-07-29,"Connecticut","09",1
2023-07-29,"Delaware","10",4
2023-07-29,"District of Columbia","11",0
2023-07-29,"Florida","12",85
2023-07-29,"Georgia","13",20
2023-07-29,"Hawaii","15",4
2023-07-29,"Idaho","16",5
2023-07-29,"Illinois","17",14
2023-07-29,"Indiana","18",12
2023-07-29,"Iowa","19",3
2023-07-29,"Kansas","20",2
2023-07-29,"Kentucky","21",13
2023-07-29,"Louisiana","22",10
2023-07-29,"Maine","23",1
2023-07-29,"Maryland","24",11
2023-07-29,"Massachusetts","25",7
2023-07-29,"Michigan","26",5
2023-07-29,"Minnesota","27",2
2023-07-29,"Mississippi","28",10
2023-07-29,"Missouri","29",5
2023-07-29,"Montana","30",0
2023-07-29,"Nebraska","31",5
2023-07-29,"Nevada","32",3
2023-07-29,"New Hampshire","33",2
2023-07-29,"New Jersey","34",7
2023-07-29,"New Mexico","35",5
2023-07-29,"North Carolina","37",19
2023-07-29,"North Dakota","38",0
2023-07-29,"Ohio","39",12
2023-07-29,"Oklahoma","40",7
2023-07-29,"Oregon","41",7
2023-07-29,"Pennsylvania","42",20
2023-07-29,"Rhode Island","44",1
2023-07-29,"South Carolina","45",6
2023-07-29,"South Dakota","46",3
2023-07-29,"Tennessee","47",16
2023-07-29,"Texas","48",30
2023-07-29,"Utah","49",3
2023-07-29,"Vermont","50",3
2023-07-29,"Virginia","51",16
2023-07-29,"Washington","53",11
2023-07-29,"West Virginia","54",3
2023-07-29,"Wisconsin","55",7
2023-07-29,"Wyoming","56",0
2023-07-29,"New York","36",24
2023-07-29,"US","US",553
2023-08-05,"Alabama","01",18
2023-08-05,"Alaska","02",3
2023-08-05,"Arizona","04",10
2023-08-05,"Arkansas","05",5
2023-08-05,"California","06",73
2023-08-05,"Colorado","08",7
2023-08-05,"Connecticut","09",9
2023-08-05,"Delaware","10",2
2023-08-05,"District of Columbia","11",1
2023-08-05,"Florida","12",131
2023-08-05,"Georgia","13",17
2023-08-05,"Hawaii","15",12
2023-08-05,"Idaho","16",6
2023-08-05,"Illinois","17",7
2023-08-05,"Indiana","18",10
2023-08-05,"Iowa","19",4
2023-08-05,"Kansas","20",5
2023-08-05,"Kentucky","21",13
2023-08-05,"Louisiana","22",8
2023-08-05,"Maine","23",5
2023-08-05,"Maryland","24",7
2023-08-05,"Massachusetts","25",3
2023-08-05,"Michigan","26",10
2023-08-05,"Minnesota","27",9
2023-08-05,"Mississippi","28",9
2023-08-05,"Missouri","29",2
2023-08-05,"Montana","30",2
2023-08-05,"Nebraska","31",1
2023-08-05,"Nevada","32",9
2023-08-05,"New Hampshire","33",1
2023-08-05,"New Jersey","34",10
2023-08-05,"New Mexico","35",2
2023-08-05,"North Carolina","37",29
2023-08-05,"North Dakota","38",0
2023-08-05,"Ohio","39",19
2023-08-05,"Oklahoma","40",11
2023-08-05,"Oregon","41",5
2023-08-05,"Pennsylvania","42",22
2023-08-05,"Rhode Island","44",0
2023-08-05,"South Carolina","45",19
2023-08-05,"South Dakota","46",0
2023-08-05,"Tennessee","47",30
2023-08-05,"Texas","48",52
2023-08-05,"Utah","49",2
2023-08-05,"Vermont","50",1
2023-08-05,"Virginia","51",16
2023-08-05,"Washington","53",16
2023-08-05,"West Virginia","54",3
2023-08-05,"Wisconsin","55",6
2023-08-05,"Wyoming","56",3
2023-08-05,"New York","36",28
2023-08-05,"US","US",673
2023-08-12,"Alabama","01",25
2023-08-12,"Alaska","02",1
2023-08-12,"Arizona","04",14
2023-08-12,"Arkansas","05",7
2023-08-12,"California","06",65
2023-08-12,"Colorado","08",9
2023-08-12,"Connecticut","09",8
2023-08-12,"Delaware","10",3
2023-08-12,"District of Columbia","11",0
2023-08-12,"Florida","12",115
2023-08-12,"Georgia","13",37
2023-08-12,"Hawaii","15",7
2023-08-12,"Idaho","16",0
2023-08-12,"Illinois","17",13
2023-08-12,"Indiana","18",11
2023-08-12,"Iowa","19",7
2023-08-12,"Kansas","20",5
2023-08-12,"Kentucky","21",16
2023-08-12,"Louisiana","22",14
2023-08-12,"Maine","23",4
2023-08-12,"Maryland","24",15
2023-08-12,"Massachusetts","25",23
2023-08-12,"Michigan","26",10
2023-08-12,"Minnesota","27",7
2023-08-12,"Mississippi","28",7
2023-08-12,"Missouri","29",9
2023-08-12,"Montana","30",0
2023-08-12,"Nebraska","31",2
2023-08-12,"Nevada","32",5
2023-08-12,"New Hampshire","33",5
2023-08-12,"New Jersey","34",18
2023-08-12,"New Mexico","35",1
2023-08-12,"North Carolina","37",27
2023-08-12,"North Dakota","38",2
2023-08-12,"Ohio","39",16
2023-08-12,"Oklahoma","40",12
2023-08-12,"Oregon","41",11
2023-08-12,"Pennsylvania","42",24
2023-08-12,"Rhode Island","44",4
2023-08-12,"South Carolina","45",15
2023-08-12,"South Dakota","46",1
2023-08-12,"Tennessee","47",25
2023-08-12,"Texas","48",62
2023-08-12,"Utah","49",2
2023-08-12,"Vermont","50",2
2023-08-12,"Virginia","51",16
2023-08-12,"Washington","53",20
2023-08-12,"West Virginia","54",6
2023-08-12,"Wisconsin","55",12
2023-08-12,"Wyoming","56",0
2023-08-12,"New York","36",31
2023-08-12,"US","US",751
2023-08-19,"Alabama","01",25
2023-08-19,"Alaska","02",0
2023-08-19,"Arizona","04",7
2023-08-19,"Arkansas","05",11
2023-08-19,"California","06",109
2023-08-19,"Colorado","08",7
2023-08-19,"Connecticut","09",8
2023-08-19,"Delaware","10",2
2023-08-19,"District of Columbia","11",4
2023-08-19,"Florida","12",128
2023-08-19,"Georgia","13",31
2023-08-19,"Hawaii","15",4
2023-08-19,"Idaho","16",2
2023-08-19,"Illinois","17",21
2023-08-19,"Indiana","18",16
2023-08-19,"Iowa","19",9
2023-08-19,"Kansas","20",5
2023-08-19,"Kentucky","21",17
2023-08-19,"Louisiana","22",23
2023-08-19,"Maine","23",6
2023-08-19,"Maryland","24",26
2023-08-19,"Massachusetts","25",17
2023-08-19,"Michigan","26",35
2023-08-19,"Minnesota","27",5
2023-08-19,"Mississippi","28",17
2023-08-19,"Missouri","29",7
2023-08-19,"Montana","30",1
2023-08-19,"Nebraska","31",1
2023-08-19,"Nevada","32",3
2023-08-19,"New Hampshire","33",2
2023-08-19,"New Jersey","34",15
2023-08-19,"New Mexico","35",4
2023-08-19,"North Carolina","37",33
2023-08-19,"North Dakota","38",2
2023-08-19,"Ohio","39",21
2023-08-19,"Oklahoma","40",12
2023-08-19,"Oregon","41",9
2023-08-19,"Pennsylvania","42",30
2023-08-19,"Rhode Island","44",3
2023-08-19,"South Carolina","45",14
2023-08-19,"South Dakota","46",0
2023-08-19,"Tennessee","47",26
2023-08-19,"Texas","48",72
2023-08-19,"Utah","49",4
2023-08-19,"Vermont","50",6
2023-08-19,"Virginia","51",19
2023-08-19,"Washington","53",27
2023-08-19,"West Virginia","54",3
2023-08-19,"Wisconsin","55",10
2023-08-19,"Wyoming","56",3
2023-08-19,"New York","36",59
2023-08-19,"US","US",921
2023-08-26,"Alabama","01",15
2023-08-26,"Alaska","02",3
2023-08-26,"Arizona","04",12
2023-08-26,"Arkansas","05",16
2023-08-26,"California","06",123
2023-08-26,"Colorado","08",17
2023-08-26,"Connecticut","09",11
2023-08-26,"Delaware","10",2
2023-08-26,"District of Columbia","11",2
2023-08-26,"Florida","12",147
2023-08-26,"Georgia","13",37
2023-08-26,"Hawaii","15",10
2023-08-26,"Idaho","16",3
2023-08-26,"Illinois","17",32
2023-08-26,"Indiana","18",16
2023-08-26,"Iowa","19",6
2023-08-26,"Kansas","20",7
2023-08-26,"Kentucky","21",23
2023-08-26,"Louisiana","22",23
2023-08-26,"Maine","23",3
2023-08-26,"Maryland","24",16
2023-08-26,"Massachusetts","25",25
2023-08-26,"Michigan","26",27
2023-08-26,"Minnesota","27",13
2023-08-26,"Mississippi","28",17
2023-08-26,"Missouri","29",20
2023-08-26,"Montana","30",3
2023-08-26,"Nebraska","31",1
2023-08-26,"Nevada","32",10
2023-08-26,"New Hampshire","33",6
2023-08-26,"New Jersey","34",23
2023-08-26,"New Mexico","35",8
2023-08-26,"North Carolina","37",38
2023-08-26,"North Dakota","38",0
2023-08-26,"Ohio","39",27
2023-08-26,"Oklahoma","40",13
2023-08-26,"Oregon","41",11
2023-08-26,"Pennsylvania","42",41
2023-08-26,"Rhode Island","44",7
2023-08-26,"South Carolina","45",18
2023-08-26,"South Dakota","46",2
2023-08-26,"Tennessee","47",33
2023-08-26,"Texas","48",61
2023-08-26,"Utah","49",6
2023-08-26,"Vermont","50",6
2023-08-26,"Virginia","51",30
2023-08-26,"Washington","53",19
2023-08-26,"West Virginia","54",8
2023-08-26,"Wisconsin","55",7
2023-08-26,"Wyoming","56",2
2023-08-26,"New York","36",61
2023-08-26,"US","US",1067
2023-09-02,"Alabama","01",29
2023-09-02,"Alaska","02",2
2023-09-02,"Arizona","04",19
2023-09-02,"Arkansas","05",14
2023-09-02,"California","06",124
2023-09-02,"Colorado","08",10
2023-09-02,"Connecticut","09",10
2023-09-02,"Delaware","10",3
2023-09-02,"District of Columbia","11",2
2023-09-02,"Florida","12",159
2023-09-02,"Georgia","13",48
2023-09-02,"Hawaii","15",8
2023-09-02,"Idaho","16",0
2023-09-02,"Illinois","17",27
2023-09-02,"Indiana","18",20
2023-09-02,"Iowa","19",9
2023-09-02,"Kansas","20",6
2023-09-02,"Kentucky","21",21
2023-09-02,"Louisiana","22",19
2023-09-02,"Maine","23",3
2023-09-02,"Maryland","24",18
2023-09-02,"Massachusetts","25",32
2023-09-02,"Michigan","26",29
2023-09-02,"Minnesota","27",11
2023-09-02,"Mississippi","28",27
2023-09-02,"Missouri","29",16
2023-09-02,"Montana","30",2
2023-09-02,"Nebraska","31",6
2023-09-02,"Nevada","32",11
2023-09-02,"New Hampshire","33",2
2023-09-02,"New Jersey","34",22
2023-09-02,"New Mexico","35",10
2023-09-02,"North Carolina","37",36
2023-09-02,"North Dakota","38",0
2023-09-02,"Ohio","39",34
2023-09-02,"Oklahoma","40",23
2023-09-02,"Oregon","41",8
2023-09-02,"Pennsylvania","42",48
2023-09-02,"Rhode Island","44",6
2023-09-02,"South Carolina","45",24
2023-09-02,"South Dakota","46",3
2023-09-02,"Tennessee","47",42
2023-09-02,"Texas","48",86
2023-09-02,"Utah","49",3
2023-09-02,"Vermont","50",6
2023-09-02,"Virginia","51",26
2023-09-02,"Washington","53",37
2023-09-02,"West Virginia","54",9
2023-09-02,"Wisconsin","55",16
2023-09-02,"Wyoming","56",0
2023-09-02,"New York","36",61
2023-09-02,"US","US",1187
2023-09-09,"Alabama","01",27
2023-09-09,"Alaska","02",2
2023-09-09,"Arizona","04",14
2023-09-09,"Arkansas","05",10
2023-09-09,"California","06",132
2023-09-09,"Colorado","08",11
2023-09-09,"Connecticut","09",17
2023-09-09,"Delaware","10",6
2023-09-09,"District of Columbia","11",4
2023-09-09,"Florida","12",151
2023-09-09,"Georgia","13",49
2023-09-09,"Hawaii","15",8
2023-09-09,"Idaho","16",4
2023-09-09,"Illinois","17",24
2023-09-09,"Indiana","18",29
2023-09-09,"Iowa","19",10
2023-09-09,"Kansas","20",3
2023-09-09,"Kentucky","21",31
2023-09-09,"Louisiana","22",17
2023-09-09,"Maine","23",10
2023-09-09,"Maryland","24",15
2023-09-09,"Massachusetts","25",33
2023-09-09,"Michigan","26",16
2023-09-09,"Minnesota","27",14
2023-09-09,"Mississippi","28",18
2023-09-09,"Missouri","29",21
2023-09-09,"Montana","30",4
2023-09-09,"Nebraska","31",4
2023-09-09,"Nevada","32",17
2023-09-09,"New Hampshire","33",6
2023-09-09,"New Jersey","34",33
2023-09-09,"New Mexico","35",10
2023-09-09,"North Carolina","37",60
2023-09-09,"North Dakota","38",3
2023-09-09,"Ohio","39",51
2023-09-09,"Oklahoma","40",12
2023-09-09,"Oregon","41",12
2023-09-09,"Pennsylvania","42",58
2023-09-09,"Rhode Island","44",4
2023-09-09,"South Carolina","45",33
2023-09-09,"South Dakota","46",4
2023-09-09,"Tennessee","47",39
2023-09-09,"Texas","48",108
2023-09-09,"Utah","49",6
2023-09-09,"Vermont","50",2
2023-09-09,"Virginia","51",28
2023-09-09,"Washington","53",37
2023-09-09,"West Virginia","54",14
2023-09-09,"Wisconsin","55",11
2023-09-09,"Wyoming","56",4
2023-09-09,"New York","36",77
2023-09-09,"US","US",1313
2023-09-16,"Alabama","01",28
2023-09-16,"Alaska","02",1
2023-09-16,"Arizona","04",23
2023-09-16,"Arkansas","05",17
2023-09-16,"California","06",131
2023-09-16,"Colorado","08",12
2023-09-16,"Connecticut","09",16
2023-09-16,"Delaware","10",6
2023-09-16,"District of Columbia","11",4
2023-09-16,"Florida","12",147
2023-09-16,"Georgia","13",57
2023-09-16,"Hawaii","15",4
2023-09-16,"Idaho","16",6
2023-09-16,"Illinois","17",34
2023-09-16,"Indiana","18",33
2023-09-16,"Iowa","19",8
2023-09-16,"Kansas","20",12
2023-09-16,"Kentucky","21",44
2023-09-16,"Louisiana","22",17
2023-09-16,"Maine","23",7
2023-09-16,"Maryland","24",32
2023-09-16,"Massachusetts","25",37
2023-09-16,"Michigan","26",38
2023-09-16,"Minnesota","27",21
2023-09-16,"Mississippi","28",23
2023-09-16,"Missouri","29",23
2023-09-16,"Montana","30",2
2023-09-16,"Nebraska","31",7
2023-09-16,"Nevada","32",11
2023-09-16,"New Hampshire","33",2
2023-09-16,"New Jersey","34",28
2023-09-16,"New Mexico","35",8
2023-09-16,"North Carolina","37",43
2023-09-16,"North Dakota","38",3
2023-09-16,"Ohio","39",65
2023-09-16,"Oklahoma","40",21
2023-09-16,"Oregon","41",20
2023-09-16,"Pennsylvania","42",57
2023-09-16,"Rhode Island","44",2
2023-09-16,"South Carolina","45",36
2023-09-16,"South Dakota","46",3
2023-09-16,"Tennessee","47",40
2023-09-16,"Texas","48",102
2023-09-16,"Utah","49",3
2023-09-16,"Vermont","50",3
2023-09-16,"Virginia","51",34
2023-09-16,"Washington","53",28
2023-09-16,"West Virginia","54",21
2023-09-16,"Wisconsin","55",9
2023-09-16,"Wyoming","56",3
2023-09-16,"New York","36",79
2023-09-16,"US","US",1411
2023-09-23,"Alabama","01",22
2023-09-23,"Alaska","02",4
2023-09-23,"Arizona","04",16
2023-09-23,"Arkansas","05",21
2023-09-23,"California","06",137
2023-09-23,"Colorado","08",12
2023-09-23,"Connecticut","09",11
2023-09-23,"Delaware","10",3
2023-09-23,"District of Columbia","11",3
2023-09-23,"Florida","12",141
2023-09-23,"Georgia","13",46
2023-09-23,"Hawaii","15",8
2023-09-23,"Idaho","16",6
2023-09-23,"Illinois","17",41
2023-09-23,"Indiana","18",31
2023-09-23,"Iowa","19",11
2023-09-23,"Kansas","20",10
2023-09-23,"Kentucky","21",37
2023-09-23,"Louisiana","22",16
2023-09-23,"Maine","23",5
2023-09-23,"Maryland","24",24
2023-09-23,"Massachusetts","25",38
2023-09-23,"Michigan","26",36
2023-09-23,"Minnesota","27",26
2023-09-23,"Mississippi","28",18
2023-09-23,"Missouri","29",22
2023-09-23,"Montana","30",1
2023-09-23,"Nebraska","31",4
2023-09-23,"Nevada","32",6
2023-09-23,"New Hampshire","33",11
2023-09-23,"New Jersey","34",35
2023-09-23,"New Mexico","35",7
2023-09-23,"North Carolina","37",62
2023-09-23,"North Dakota","38",3
2023-09-23,"Ohio","39",54
2023-09-23,"Oklahoma","40",19
2023-09-23,"Oregon","41",24
2023-09-23,"Pennsylvania","42",58
2023-09-23,"Rhode Island","44",6
2023-09-23,"South Carolina","45",24
2023-09-23,"South Dakota","46",5
2023-09-23,"Tennessee","47",46
2023-09-23,"Texas","48",104
2023-09-23,"Utah","49",6
2023-09-23,"Vermont","50",2
2023-09-23,"Virginia","51",40
2023-09-23,"Washington","53",30
2023-09-23,"West Virginia","54",17
2023-09-23,"Wisconsin","55",18
2023-09-23,"Wyoming","56",2
2023-09-23,"New York","36",89
2023-09-23,"US","US",1418
2023-09-30,"Alabama","01",26
2023-09-30,"Alaska","02",5
2023-09-30,"Arizona","04",17
2023-09-30,"Arkansas","05",9
2023-09-30,"California","06",141
2023-09-30,"Colorado","08",18
2023-09-30,"Connecticut","09",11
2023-09-30,"Delaware","10",7
2023-09-30,"District of Columbia","11",0
2023-09-30,"Florida","12",120
2023-09-30,"Georgia","13",28
2023-09-30,"Hawaii","15",9
2023-09-30,"Idaho","16",10
2023-09-30,"Illinois","17",37
2023-09-30,"Indiana","18",39
2023-09-30,"Iowa","19",6
2023-09-30,"Kansas","20",16
2023-09-30,"Kentucky","21",43
2023-09-30,"Louisiana","22",19
2023-09-30,"Maine","23",8
2023-09-30,"Maryland","24",25
2023-09-30,"Massachusetts","25",37
2023-09-30,"Michigan","26",44
2023-09-30,"Minnesota","27",19
2023-09-30,"Mississippi","28",23
2023-09-30,"Missouri","29",33
2023-09-30,"Montana","30",8
2023-09-30,"Nebraska","31",3
2023-09-30,"Nevada","32",16
2023-09-30,"New Hampshire","33",4
2023-09-30,"New Jersey","34",47
2023-09-30,"New Mexico","35",5
2023-09-30,"North Carolina","37",51
2023-09-30,"North Dakota","38",1
2023-09-30,"Ohio","39",59
2023-09-30,"Oklahoma","40",20
2023-09-30,"Oregon","41",27
2023-09-30,"Pennsylvania","42",62
2023-09-30,"Rhode Island","44",4
2023-09-30,"South Carolina","45",35
2023-09-30,"South Dakota","46",4
2023-09-30,"Tennessee","47",51
2023-09-30,"Texas","48",80
2023-09-30,"Utah","49",5
2023-09-30,"Vermont","50",5
2023-09-30,"Virginia","51",39
2023-09-30,"Washington","53",33
2023-09-30,"West Virginia","54",16
2023-09-30,"Wisconsin","55",17
2023-09-30,"Wyoming","56",2
2023-09-30,"New York","36",112
2023-09-30,"US","US",1456
2023-10-07,"Alabama","01",21
2023-10-07,"Alaska","02",3
2023-10-07,"Arizona","04",27
2023-10-07,"Arkansas","05",17
2023-10-07,"California","06",120
2023-10-07,"Colorado","08",16
2023-10-07,"Connecticut","09",22
2023-10-07,"Delaware","10",8
2023-10-07,"District of Columbia","11",2
2023-10-07,"Florida","12",103
2023-10-07,"Georgia","13",42
2023-10-07,"Hawaii","15",6
2023-10-07,"Idaho","16",3
2023-10-07,"Illinois","17",37
2023-10-07,"Indiana","18",38
2023-10-07,"Iowa","19",11
2023-10-07,"Kansas","20",7
2023-10-07,"Kentucky","21",28
2023-10-07,"Louisiana","22",12
2023-10-07,"Maine","23",10
2023-10-07,"Maryland","24",24
2023-10-07,"Massachusetts","25",34
2023-10-07,"Michigan","26",36
2023-10-07,"Minnesota","27",29
2023-10-07,"Mississippi","28",30
2023-10-07,"Missouri","29",28
2023-10-07,"Montana","30",6
2023-10-07,"Nebraska","31",5
2023-10-07,"Nevada","32",13
2023-10-07,"New Hampshire","33",10
2023-10-07,"New Jersey","34",32
2023-10-07,"New Mexico","35",14
2023-10-07,"North Carolina","37",59
2023-10-07,"North Dakota","38",4
2023-10-07,"Ohio","39",75
2023-10-07,"Oklahoma","40",20
2023-10-07,"Oregon","41",22
2023-10-07,"Pennsylvania","42",65
2023-10-07,"Rhode Island","44",9
2023-10-07,"South Carolina","45",17
2023-10-07,"South Dakota","46",5
2023-10-07,"Tennessee","47",27
2023-10-07,"Texas","48",83
2023-10-07,"Utah","49",10
2023-10-07,"Vermont","50",4
2023-10-07,"Virginia","51",38
2023-10-07,"Washington","53",31
2023-10-07,"West Virginia","54",6
2023-10-07,"Wisconsin","55",19
2023-10-07,"Wyoming","56",3
2023-10-07,"New York","36",107
2023-10-07,"US","US",1398
2023-10-14,"Alabama","01",20
2023-10-14,"Alaska","02",4
2023-10-14,"Arizona","04",29
2023-10-14,"Arkansas","05",13
2023-10-14,"California","06",94
2023-10-14,"Colorado","08",25
2023-10-14,"Connecticut","09",15
2023-10-14,"Delaware","10",7
2023-10-14,"District of Columbia","11",3
2023-10-14,"Florida","12",96
2023-10-14,"Georgia","13",19
2023-10-14,"Hawaii","15",5
2023-10-14,"Idaho","16",7
2023-10-14,"Illinois","17",30
2023-10-14,"Indiana","18",21
2023-10-14,"Iowa","19",13
2023-10-14,"Kansas","20",12
2023-10-14,"Kentucky","21",38
2023-10-14,"Louisiana","22",12
2023-10-14,"Maine","23",7
2023-10-14,"Maryland","24",29
2023-10-14,"Massachusetts","25",34
2023-10-14,"Michigan","26",40
2023-10-14,"Minnesota","27",27
2023-10-14,"Mississippi","28",18
2023-10-14,"Missouri","29",26
2023-10-14,"Montana","30",11
2023-10-14,"Nebraska","31",5
2023-10-14,"Nevada","32",12
2023-10-14,"New Hampshire","33",5
2023-10-14,"New Jersey","34",28
2023-10-14,"New Mexico","35",11
2023-10-14,"North Carolina","37",60
2023-10-14,"North Dakota","38",2
2023-10-14,"Ohio","39",52
2023-10-14,"Oklahoma","40",19
2023-10-14,"Oregon","41",29
2023-10-14,"Pennsylvania","42",65
2023-10-14,"Rhode Island","44",3
2023-10-14,"South Carolina","45",30
2023-10-14,"South Dakota","46",7
2023-10-14,"Tennessee","47",20
2023-10-14,"Texas","48",78
2023-10-14,"Utah","49",10
2023-10-14,"Vermont","50",6
2023-10-14,"Virginia","51",38
2023-10-14,"Washington","53",30
2023-10-14,"West Virginia","54",11
2023-10-14,"Wisconsin","55",23
2023-10-14,"Wyoming","56",3
2023-10-14,"New York","36",113
2023-10-14,"US","US",1315
2023-10-21,"Alabama","01",14
2023-10-21,"Alaska","02",1
2023-10-21,"Arizona","04",39
2023-10-21,"Arkansas","05",9
2023-10-21,"California","06",108
2023-10-21,"Colorado","08",29
2023-10-21,"Connecticut","09",16
2023-10-21,"Delaware","10",0
2023-10-21,"District of Columbia","11",2
2023-10-21,"Florida","12",96
2023-10-21,"Georgia","13",26
2023-10-21,"Hawaii","15",4
2023-10-21,"Idaho","16",10
2023-10-21,"Illinois","17",44
2023-10-21,"Indiana","18",20
2023-10-21,"Iowa","19",16
2023-10-21,"Kansas","20",8
2023-10-21,"Kentucky","21",32
2023-10-21,"Louisiana","22",15
2023-10-21,"Maine","23",4
2023-10-21,"Maryland","24",23
2023-10-21,"Massachusetts","25",39
2023-10-21,"Michigan","26",48
2023-10-21,"Minnesota","27",35
2023-10-21,"Mississippi","28",15
2023-10-21,"Missouri","29",35
2023-10-21,"Montana","30",2
2023-10-21,"Nebraska","31",11
2023-10-21,"Nevada","32",16
2023-10-21,"New Hampshire","33",9
2023-10-21,"New Jersey","34",44
2023-10-21,"New Mexico","35",14
2023-10-21,"North Carolina","37",58
2023-10-21,"North Dakota","38",5
2023-10-21,"Ohio","39",53
2023-10-21,"Oklahoma","40",28
2023-10-21,"Oregon","41",22
2023-10-21,"Pennsylvania","42",87
2023-10-21,"Rhode Island","44",5
2023-10-21,"South Carolina","45",31
2023-10-21,"South Dakota","46",6
2023-10-21,"Tennessee","47",35
2023-10-21,"Texas","48",72
2023-10-21,"Utah","49",6
2023-10-21,"Vermont","50",5
2023-10-21,"Virginia","51",37
2023-10-21,"Washington","53",29
2023-10-21,"West Virginia","54",13
2023-10-21,"Wisconsin","55",21
2023-10-21,"Wyoming","56",3
2023-10-21,"New York","36",94
2023-10-21,"US","US",1394
2023-10-28,"Alabama","01",8
2023-10-28,"Alaska","02",2
2023-10-28,"Arizona","04",35
2023-10-28,"Arkansas","05",8
2023-10-28,"California","06",91
2023-10-28,"Colorado","08",29
2023-10-28,"Connecticut","09",20
2023-10-28,"Delaware","10",5
2023-10-28,"District of Columbia","11",2
2023-10-28,"Florida","12",75
2023-10-28,"Georgia","13",33
2023-10-28,"Hawaii","15",5
2023-10-28,"Idaho","16",11
2023-10-28,"Illinois","17",49
2023-10-28,"Indiana","18",30
2023-10-28,"Iowa","19",14
2023-10-28,"Kansas","20",19
2023-10-28,"Kentucky","21",28
2023-10-28,"Louisiana","22",13
2023-10-28,"Maine","23",9
2023-10-28,"Maryland","24",24
2023-10-28,"Massachusetts","25",33
2023-10-28,"Michigan","26",38
2023-10-28,"Minnesota","27",26
2023-10-28,"Mississippi","28",12
2023-10-28,"Missouri","29",31
2023-10-28,"Montana","30",9
2023-10-28,"Nebraska","31",6
2023-10-28,"Nevada","32",11
2023-10-28,"New Hampshire","33",6
2023-10-28,"New Jersey","34",33
2023-10-28,"New Mexico","35",13
2023-10-28,"North Carolina","37",52
2023-10-28,"North Dakota","38",5
2023-10-28,"Ohio","39",49
2023-10-28,"Oklahoma","40",24
2023-10-28,"Oregon","41",26
2023-10-28,"Pennsylvania","42",89
2023-10-28,"Rhode Island","44",6
2023-10-28,"South Carolina","45",19
2023-10-28,"South Dakota","46",4
2023-10-28,"Tennessee","47",24
2023-10-28,"Texas","48",63
2023-10-28,"Utah","49",7
2023-10-28,"Vermont","50",7
2023-10-28,"Virginia","51",39
2023-10-28,"Washington","53",32
2023-10-28,"West Virginia","54",12
2023-10-28,"Wisconsin","55",22
2023-10-28,"Wyoming","56",4
2023-10-28,"New York","36",80
2023-10-28,"US","US",1292
2023-11-04,"Alabama","01",20
2023-11-04,"Alaska","02",4
2023-11-04,"Arizona","04",28
2023-11-04,"Arkansas","05",6
2023-11-04,"California","06",81
2023-11-04,"Colorado","08",39
2023-11-04,"Connecticut","09",18
2023-11-04,"Delaware","10",5
2023-11-04,"District of Columbia","11",4
2023-11-04,"Florida","12",71
2023-11-04,"Georgia","13",28
2023-11-04,"Hawaii","15",4
2023-11-04,"Idaho","16",6
2023-11-04,"Illinois","17",40
2023-11-04,"Indiana","18",36
2023-11-04,"Iowa","19",13
2023-11-04,"Kansas","20",11
2023-11-04,"Kentucky","21",17
2023-11-04,"Louisiana","22",12
2023-11-04,"Maine","23",12
2023-11-04,"Maryland","24",25
2023-11-04,"Massachusetts","25",34
2023-11-04,"Michigan","26",34
2023-11-04,"Minnesota","27",36
2023-11-04,"Mississippi","28",22
2023-11-04,"Missouri","29",28
2023-11-04,"Montana","30",7
2023-11-04,"Nebraska","31",7
2023-11-04,"Nevada","32",14
2023-11-04,"New Hampshire","33",6
2023-11-04,"New Jersey","34",31
2023-11-04,"New Mexico","35",10
2023-11-04,"North Carolina","37",39
2023-11-04,"North Dakota","38",3
2023-11-04,"Ohio","39",69
2023-11-04,"Oklahoma","40",17
2023-11-04,"Oregon","41",27
2023-11-04,"Pennsylvania","42",67
2023-11-04,"Rhode Island","44",3
2023-11-04,"South Carolina","45",13
2023-11-04,"South Dakota","46",3
2023-11-04,"Tennessee","47",35
2023-11-04,"Texas","48",68
2023-11-04,"Utah","49",4
2023-11-04,"Vermont","50",4
2023-11-04,"Virginia","51",33
2023-11-04,"Washington","53",30
2023-11-04,"West Virginia","54",13
2023-11-04,"Wisconsin","55",27
2023-11-04,"Wyoming","56",5
2023-11-04,"New York","36",77
2023-11-04,"US","US",1246
2023-11-11,"Alabama","01",19
2023-11-11,"Alaska","02",0
2023-11-11,"Arizona","04",30
2023-11-11,"Arkansas","05",11
2023-11-11,"California","06",87
2023-11-11,"Colorado","08",37
2023-11-11,"Connecticut","09",21
2023-11-11,"Delaware","10",4
2023-11-11,"District of Columbia","11",2
2023-11-11,"Florida","12",71
2023-11-11,"Georgia","13",32
2023-11-11,"Hawaii","15",6
2023-11-11,"Idaho","16",12
2023-11-11,"Illinois","17",57
2023-11-11,"Indiana","18",44
2023-11-11,"Iowa","19",23
2023-11-11,"Kansas","20",11
2023-11-11,"Kentucky","21",32
2023-11-11,"Louisiana","22",11
2023-11-11,"Maine","23",11
2023-11-11,"Maryland","24",43
2023-11-11,"Massachusetts","25",39
2023-11-11,"Michigan","26",55
2023-11-11,"Minnesota","27",31
2023-11-11,"Mississippi","28",15
2023-11-11,"Missouri","29",36
2023-11-11,"Montana","30",7
2023-11-11,"Nebraska","31",8
2023-11-11,"Nevada","32",8
2023-11-11,"New Hampshire","33",8
2023-11-11,"New Jersey","34",32
2023-11-11,"New Mexico","35",8
2023-11-11,"North Carolina","37",56
2023-11-11,"North Dakota","38",1
2023-11-11,"Ohio","39",59
2023-11-11,"Oklahoma","40",20
2023-11-11,"Oregon","41",19
2023-11-11,"Pennsylvania","42",85
2023-11-11,"Rhode Island","44",2
2023-11-11,"South Carolina","45",24
2023-11-11,"South Dakota","46",6
2023-11-11,"Tennessee","47",39
2023-11-11,"Texas","48",76
2023-11-11,"Utah","49",11
2023-11-11,"Vermont","50",2
2023-11-11,"Virginia","51",38
2023-11-11,"Washington","53",21
2023-11-11,"West Virginia","54",14
2023-11-11,"Wisconsin","55",28
2023-11-11,"Wyoming","56",8
2023-11-11,"New York","36",75
2023-11-11,"US","US",1395
2023-11-18,"Alabama","01",18
2023-11-18,"Alaska","02",3
2023-11-18,"Arizona","04",26
2023-11-18,"Arkansas","05",17
2023-11-18,"California","06",102
2023-11-18,"Colorado","08",39
2023-11-18,"Connecticut","09",22
2023-11-18,"Delaware","10",3
2023-11-18,"District of Columbia","11",2
2023-11-18,"Florida","12",67
2023-11-18,"Georgia","13",24
2023-11-18,"Hawaii","15",3
2023-11-18,"Idaho","16",5
2023-11-18,"Illinois","17",62
2023-11-18,"Indiana","18",39
2023-11-18,"Iowa","19",18
2023-11-18,"Kansas","20",16
2023-11-18,"Kentucky","21",41
2023-11-18,"Louisiana","22",9
2023-11-18,"Maine","23",9
2023-11-18,"Maryland","24",35
2023-11-18,"Massachusetts","25",26
2023-11-18,"Michigan","26",48
2023-11-18,"Minnesota","27",31
2023-11-18,"Mississippi","28",14
2023-11-18,"Missouri","29",39
2023-11-18,"Montana","30",9
2023-11-18,"Nebraska","31",8
2023-11-18,"Nevada","32",14
2023-11-18,"New Hampshire","33",5
2023-11-18,"New Jersey","34",34
2023-11-18,"New Mexico","35",16
2023-11-18,"North Carolina","37",64
2023-11-18,"North Dakota","38",5
2023-11-18,"Ohio","39",66
2023-11-18,"Oklahoma","40",34
2023-11-18,"Oregon","41",28
2023-11-18,"Pennsylvania","42",85
2023-11-18,"Rhode Island","44",6
2023-11-18,"South Carolina","45",27
2023-11-18,"South Dakota","46",6
2023-11-18,"Tennessee","47",33
2023-11-18,"Texas","48",72
2023-11-18,"Utah","49",10
2023-11-18,"Vermont","50",6
2023-11-18,"Virginia","51",39
2023-11-18,"Washington","53",27
2023-11-18,"West Virginia","54",15
2023-11-18,"Wisconsin","55",18
2023-11-18,"Wyoming","56",4
2023-11-18,"New York","36",82
2023-11-18,"US","US",1431
2023-11-25,"Alabama","01",14
2023-11-25,"Alaska","02",0
2023-11-25,"Arizona","04",36
2023-11-25,"Arkansas","05",11
2023-11-25,"California","06",128
2023-11-25,"Colorado","08",36
2023-11-25,"Connecticut","09",15
2023-11-25,"Delaware","10",3
2023-11-25,"District of Columbia","11",3
2023-11-25,"Florida","12",50
2023-11-25,"Georgia","13",26
2023-11-25,"Hawaii","15",3
2023-11-25,"Idaho","16",5
2023-11-25,"Illinois","17",79
2023-11-25,"Indiana","18",47
2023-11-25,"Iowa","19",23
2023-11-25,"Kansas","20",13
2023-11-25,"Kentucky","21",42
2023-11-25,"Louisiana","22",9
2023-11-25,"Maine","23",13
2023-11-25,"Maryland","24",40
2023-11-25,"Massachusetts","25",29
2023-11-25,"Michigan","26",59
2023-11-25,"Minnesota","27",39
2023-11-25,"Mississippi","28",12
2023-11-25,"Missouri","29",27
2023-11-25,"Montana","30",7
2023-11-25,"Nebraska","31",11
2023-11-25,"Nevada","32",14
2023-11-25,"New Hampshire","33",6
2023-11-25,"New Jersey","34",30
2023-11-25,"New Mexico","35",18
2023-11-25,"North Carolina","37",39
2023-11-25,"North Dakota","38",5
2023-11-25,"Ohio","39",77
2023-11-25,"Oklahoma","40",24
2023-11-25,"Oregon","41",15
2023-11-25,"Pennsylvania","42",82
2023-11-25,"Rhode Island","44",6
2023-11-25,"South Carolina","45",23
2023-11-25,"South Dakota","46",7
2023-11-25,"Tennessee","47",31
2023-11-25,"Texas","48",72
2023-11-25,"Utah","49",15
2023-11-25,"Vermont","50",2
2023-11-25,"Virginia","51",32
2023-11-25,"Washington","53",20
2023-11-25,"West Virginia","54",16
2023-11-25,"Wisconsin","55",27
2023-11-25,"Wyoming","56",3
2023-11-25,"New York","36",80
2023-11-25,"US","US",1424
2023-12-02,"Alabama","01",26
2023-12-02,"Alaska","02",0
2023-12-02,"Arizona","04",37
2023-12-02,"Arkansas","05",8
2023-12-02,"California","06",152
2023-12-02,"Colorado","08",35
2023-12-02,"Connecticut","09",18
2023-12-02,"Delaware","10",4
2023-12-02,"District of Columbia","11",1
2023-12-02,"Florida","12",65
2023-12-02,"Georgia","13",31
2023-12-02,"Hawaii","15",2
2023-12-02,"Idaho","16",9
2023-12-02,"Illinois","17",73
2023-12-02,"Indiana","18",54
2023-12-02,"Iowa","19",23
2023-12-02,"Kansas","20",31
2023-12-02,"Kentucky","21",39
2023-12-02,"Louisiana","22",15
2023-12-02,"Maine","23",13
2023-12-02,"Maryland","24",44
2023-12-02,"Massachusetts","25",32
2023-12-02,"Michigan","26",70
2023-12-02,"Minnesota","27",49
2023-12-02,"Mississippi","28",15
2023-12-02,"Missouri","29",52
2023-12-02,"Montana","30",7
2023-12-02,"Nebraska","31",14
2023-12-02,"Nevada","32",17
2023-12-02,"New Hampshire","33",7
2023-12-02,"New Jersey","34",41
2023-12-02,"New Mexico","35",27
2023-12-02,"North Carolina","37",62
2023-12-02,"North Dakota","38",5
2023-12-02,"Ohio","39",77
2023-12-02,"Oklahoma","40",36
2023-12-02,"Oregon","41",20
2023-12-02,"Pennsylvania","42",99
2023-12-02,"Rhode Island","44",2
2023-12-02,"South Carolina","45",19
2023-12-02,"South Dakota","46",6
2023-12-02,"Tennessee","47",44
2023-12-02,"Texas","48",86
2023-12-02,"Utah","49",10
2023-12-02,"Vermont","50",10
2023-12-02,"Virginia","51",56
2023-12-02,"Washington","53",33
2023-12-02,"West Virginia","54",25
2023-12-02,"Wisconsin","55",32
2023-12-02,"Wyoming","56",6
2023-12-02,"New York","36",94
2023-12-02,"US","US",1733
2023-12-09,"Alabama","01",22
2023-12-09,"Alaska","02",0
2023-12-09,"Arizona","04",43
2023-12-09,"Arkansas","05",21
2023-12-09,"California","06",147
2023-12-09,"Colorado","08",44
2023-12-09,"Connecticut","09",18
2023-12-09,"Delaware","10",11
2023-12-09,"District of Columbia","11",3
2023-12-09,"Florida","12",69
2023-12-09,"Georgia","13",25
2023-12-09,"Hawaii","15",3
2023-12-09,"Idaho","16",11
2023-12-09,"Illinois","17",75
2023-12-09,"Indiana","18",66
2023-12-09,"Iowa","19",27
2023-12-09,"Kansas","20",21
2023-12-09,"Kentucky","21",54
2023-12-09,"Louisiana","22",21
2023-12-09,"Maine","23",12
2023-12-09,"Maryland","24",35
2023-12-09,"Massachusetts","25",46
2023-12-09,"Michigan","26",84
2023-12-09,"Minnesota","27",45
2023-12-09,"Mississippi","28",30
2023-12-09,"Missouri","29",53
2023-12-09,"Montana","30",5
2023-12-09,"Nebraska","31",20
2023-12-09,"Nevada","32",13
2023-12-09,"New Hampshire","33",8
2023-12-09,"New Jersey","34",35
2023-12-09,"New Mexico","35",18
2023-12-09,"North Carolina","37",48
2023-12-09,"North Dakota","38",5
2023-12-09,"Ohio","39",101
2023-12-09,"Oklahoma","40",31
2023-12-09,"Oregon","41",20
2023-12-09,"Pennsylvania","42",91
2023-12-09,"Rhode Island","44",5
2023-12-09,"South Carolina","45",30
2023-12-09,"South Dakota","46",7
2023-12-09,"Tennessee","47",47
2023-12-09,"Texas","48",61
2023-12-09,"Utah","49",10
2023-12-09,"Vermont","50",1
2023-12-09,"Virginia","51",51
2023-12-09,"Washington","53",39
2023-12-09,"West Virginia","54",17
2023-12-09,"Wisconsin","55",45
2023-12-09,"Wyoming","56",3
2023-12-09,"New York","36",96
2023-12-09,"US","US",1793
2023-12-16,"Alabama","01",29
2023-12-16,"Alaska","02",1
2023-12-16,"Arizona","04",47
2023-12-16,"Arkansas","05",19
2023-12-16,"California","06",160
2023-12-16,"Colorado","08",28
2023-12-16,"Connecticut","09",26
2023-12-16,"Delaware","10",9
2023-12-16,"District of Columbia","11",1
2023-12-16,"Florida","12",70
2023-12-16,"Georgia","13",29
2023-12-16,"Hawaii","15",2
2023-12-16,"Idaho","16",10
2023-12-16,"Illinois","17",79
2023-12-16,"Indiana","18",74
2023-12-16,"Iowa","19",34
2023-12-16,"Kansas","20",20
2023-12-16,"Kentucky","21",56
2023-12-16,"Louisiana","22",12
2023-12-16,"Maine","23",15
2023-12-16,"Maryland","24",45
2023-12-16,"Massachusetts","25",41
2023-12-16,"Michigan","26",89
2023-12-16,"Minnesota","27",48
2023-12-16,"Mississippi","28",12
2023-12-16,"Missouri","29",49
2023-12-16,"Montana","30",8
2023-12-16,"Nebraska","31",9
2023-12-16,"Nevada","32",8
2023-12-16,"New Hampshire","33",11
2023-12-16,"New Jersey","34",40
2023-12-16,"New Mexico","35",18
2023-12-16,"North Carolina","37",64
2023-12-16,"North Dakota","38",5
2023-12-16,"Ohio","39",93
2023-12-16,"Oklahoma","40",34
2023-12-16,"Oregon","41",19
2023-12-16,"Pennsylvania","42",93
2023-12-16,"Rhode Island","44",6
2023-12-16,"South Carolina","45",28
2023-12-16,"South Dakota","46",8
2023-12-16,"Tennessee","47",50
2023-12-16,"Texas","48",71
2023-12-16,"Utah","49",10
2023-12-16,"Vermont","50",4
2023-12-16,"Virginia","51",48
2023-12-16,"Washington","53",29
2023-12-16,"West Virginia","54",21
2023-12-16,"Wisconsin","55",51
2023-12-16,"Wyoming","56",4
2023-12-16,"New York","36",108
2023-12-16,"US","US",1845
2023-12-23,"Alabama","01",34
2023-12-23,"Alaska","02",2
2023-12-23,"Arizona","04",34
2023-12-23,"Arkansas","05",21
2023-12-23,"California","06",194
2023-12-23,"Colorado","08",32
2023-12-23,"Connecticut","09",17
2023-12-23,"Delaware","10",7
2023-12-23,"District of Columbia","11",2
2023-12-23,"Florida","12",50
2023-12-23,"Georgia","13",29
2023-12-23,"Hawaii","15",2
2023-12-23,"Idaho","16",6
2023-12-23,"Illinois","17",85
2023-12-23,"Indiana","18",61
2023-12-23,"Iowa","19",34
2023-12-23,"Kansas","20",22
2023-12-23,"Kentucky","21",54
2023-12-23,"Louisiana","22",20
2023-12-23,"Maine","23",22
2023-12-23,"Maryland","24",39
2023-12-23,"Massachusetts","25",40
2023-12-23,"Michigan","26",84
2023-12-23,"Minnesota","27",47
2023-12-23,"Mississippi","28",26
2023-12-23,"Missouri","29",49
2023-12-23,"Montana","30",5
2023-12-23,"Nebraska","31",21
2023-12-23,"Nevada","32",17
2023-12-23,"New Hampshire","33",8
2023-12-23,"New Jersey","34",59
2023-12-23,"New Mexico","35",17
2023-12-23,"North Carolina","37",58
2023-12-23,"North Dakota","38",2
2023-12-23,"Ohio","39",105
2023-12-23,"Oklahoma","40",40
2023-12-23,"Oregon","41",17
2023-12-23,"Pennsylvania","42",101
2023-12-23,"Rhode Island","44",1
2023-12-23,"South Carolina","45",37
2023-12-23,"South Dakota","46",3
2023-12-23,"Tennessee","47",57
2023-12-23,"Texas","48",90
2023-12-23,"Utah","49",8
2023-12-23,"Vermont","50",5
2023-12-23,"Virginia","51",60
2023-12-23,"Washington","53",37
2023-12-23,"West Virginia","54",23
2023-12-23,"Wisconsin","55",33
2023-12-23,"Wyoming","56",4
2023-12-23,"New York","36",115
2023-12-23,"US","US",1936
2023-12-30,"Alabama","01",36
2023-12-30,"Alaska","02",0
2023-12-30,"Arizona","04",36
2023-12-30,"Arkansas","05",15
2023-12-30,"California","06",187
2023-12-30,"Colorado","08",23
2023-12-30,"Connecticut","09",25
2023-12-30,"Delaware","10",12
2023-12-30,"District of Columbia","11",2
2023-12-30,"Florida","12",66
2023-12-30,"Georgia","13",55
2023-12-30,"Hawaii","15",1
2023-12-30,"Idaho","16",12
2023-12-30,"Illinois","17",80
2023-12-30,"Indiana","18",59
2023-12-30,"Iowa","19",31
2023-12-30,"Kansas","20",21
2023-12-30,"Kentucky","21",70
2023-12-30,"Louisiana","22",24
2023-12-30,"Maine","23",18
2023-12-30,"Maryland","24",42
2023-12-30,"Massachusetts","25",72
2023-12-30,"Michigan","26",105
2023-12-30,"Minnesota","27",51
2023-12-30,"Mississippi","28",27
2023-12-30,"Missouri","29",63
2023-12-30,"Montana","30",12
2023-12-30,"Nebraska","31",15
2023-12-30,"Nevada","32",18
2023-12-30,"New Hampshire","33",11
2023-12-30,"New Jersey","34",80
2023-12-30,"New Mexico","35",16
2023-12-30,"North Carolina","37",74
2023-12-30,"North Dakota","38",5
2023-12-30,"Ohio","39",107
2023-12-30,"Oklahoma","40",52
2023-12-30,"Oregon","41",26
2023-12-30,"Pennsylvania","42",117
2023-12-30,"Rhode Island","44",7
2023-12-30,"South Carolina","45",34
2023-12-30,"South Dakota","46",8
2023-12-30,"Tennessee","47",59
2023-12-30,"Texas","48",119
2023-12-30,"Utah","49",13
2023-12-30,"Vermont","50",6
2023-12-30,"Virginia","51",76
2023-12-30,"Washington","53",37
2023-12-30,"West Virginia","54",14
2023-12-30,"Wisconsin","55",47
2023-12-30,"Wyoming","56",4
2023-12-30,"New York","36",141
2023-12-30,"US","US",2231
2024-01-06,"Alabama","01",31
2024-01-06,"Alaska","02",0
2024-01-06,"Arizona","04",40
2024-01-06,"Arkansas","05",31
2024-01-06,"California","06",223
2024-01-06,"Colorado","08",30
2024-01-06,"Connecticut","09",25
2024-01-06,"Delaware","10",7
2024-01-06,"District of Columbia","11",3
2024-01-06,"Florida","12",124
2024-01-06,"Georgia","13",59
2024-01-06,"Hawaii","15",4
2024-01-06,"Idaho","16",8
2024-01-06,"Illinois","17",81
2024-01-06,"Indiana","18",82
2024-01-06,"Iowa","19",29
2024-01-06,"Kansas","20",30
2024-01-06,"Kentucky","21",74
2024-01-06,"Louisiana","22",35
2024-01-06,"Maine","23",15
2024-01-06,"Maryland","24",61
2024-01-06,"Massachusetts","25",49
2024-01-06,"Michigan","26",98
2024-01-06,"Minnesota","27",55
2024-01-06,"Mississippi","28",34
2024-01-06,"Missouri","29",58
2024-01-06,"Montana","30",6
2024-01-06,"Nebraska","31",15
2024-01-06,"Nevada","32",11
2024-01-06,"New Hampshire","33",15
2024-01-06,"New Jersey","34",64
2024-01-06,"New Mexico","35",12
2024-01-06,"North Carolina","37",86
2024-01-06,"North Dakota","38",3
2024-01-06,"Ohio","39",140
2024-01-06,"Oklahoma","40",62
2024-01-06,"Oregon","41",21
2024-01-06,"Pennsylvania","42",128
2024-01-06,"Rhode Island","44",9
2024-01-06,"South Carolina","45",46
2024-01-06,"South Dakota","46",4
2024-01-06,"Tennessee","47",55
2024-01-06,"Texas","48",127
2024-01-06,"Utah","49",10
2024-01-06,"Vermont","50",6
2024-01-06,"Virginia","51",83
2024-01-06,"Washington","53",37
2024-01-06,"West Virginia","54",25
2024-01-06,"Wisconsin","55",52
2024-01-06,"Wyoming","56",5
2024-01-06,"New York","36",186
2024-01-06,"US","US",2494
2024-01-13,"Alabama","01",49
2024-01-13,"Alaska","02",1
2024-01-13,"Arizona","04",53
2024-01-13,"Arkansas","05",27
2024-01-13,"California","06",196
2024-01-13,"Colorado","08",28
2024-01-13,"Connecticut","09",37
2024-01-13,"Delaware","10",8
2024-01-13,"District of Columbia","11",1
2024-01-13,"Florida","12",134
2024-01-13,"Georgia","13",78
2024-01-13,"Hawaii","15",3
2024-01-13,"Idaho","16",8
2024-01-13,"Illinois","17",100
2024-01-13,"Indiana","18",66
2024-01-13,"Iowa","19",44
2024-01-13,"Kansas","20",22
2024-01-13,"Kentucky","21",65
2024-01-13,"Louisiana","22",22
2024-01-13,"Maine","23",13
2024-01-13,"Maryland","24",56
2024-01-13,"Massachusetts","25",64
2024-01-13,"Michigan","26",103
2024-01-13,"Minnesota","27",57
2024-01-13,"Mississippi","28",27
2024-01-13,"Missouri","29",41
2024-01-13,"Montana","30",5
2024-01-13,"Nebraska","31",17
2024-01-13,"Nevada","32",17
2024-01-13,"New Hampshire","33",13
2024-01-13,"New Jersey","34",99
2024-01-13,"New Mexico","35",16
2024-01-13,"North Carolina","37",109
2024-01-13,"North Dakota","38",5
2024-01-13,"Ohio","39",116
2024-01-13,"Oklahoma","40",39
2024-01-13,"Oregon","41",22
2024-01-13,"Pennsylvania","42",140
2024-01-13,"Rhode Island","44",11
2024-01-13,"South Carolina","45",46
2024-01-13,"South Dakota","46",9
2024-01-13,"Tennessee","47",59
2024-01-13,"Texas","48",151
2024-01-13,"Utah","49",15
2024-01-13,"Vermont","50",7
2024-01-13,"Virginia","51",83
2024-01-13,"Washington","53",36
2024-01-13,"West Virginia","54",24
2024-01-13,"Wisconsin","55",53
2024-01-13,"Wyoming","56",6
2024-01-13,"New York","36",185
2024-01-13,"US","US",2586
2024-01-20,"Alabama","01",43
2024-01-20,"Alaska","02",4
2024-01-20,"Arizona","04",40
2024-01-20,"Arkansas","05",32
2024-01-20,"California","06",196
2024-01-20,"Colorado","08",20
2024-01-20,"Connecticut","09",30
2024-01-20,"Delaware","10",12
2024-01-20,"District of Columbia","11",1
2024-01-20,"Florida","12",121
2024-01-20,"Georgia","13",74
2024-01-20,"Hawaii","15",4
2024-01-20,"Idaho","16",12
2024-01-20,"Illinois","17",73
2024-01-20,"Indiana","18",52
2024-01-20,"Iowa","19",38
2024-01-20,"Kansas","20",27
2024-01-20,"Kentucky","21",55
2024-01-20,"Louisiana","22",28
2024-01-20,"Maine","23",21
2024-01-20,"Maryland","24",45
2024-01-20,"Massachusetts","25",58
2024-01-20,"Michigan","26",95
2024-01-20,"Minnesota","27",37
2024-01-20,"Mississippi","28",33
2024-01-20,"Missouri","29",51
2024-01-20,"Montana","30",12
2024-01-20,"Nebraska","31",12
2024-01-20,"Nevada","32",17
2024-01-20,"New Hampshire","33",10
2024-01-20,"New Jersey","34",73
2024-01-20,"New Mexico","35",14
2024-01-20,"North Carolina","37",77
2024-01-20,"North Dakota","38",4
2024-01-20,"Ohio","39",97
2024-01-20,"Oklahoma","40",40
2024-01-20,"Oregon","41",22
2024-01-20,"Pennsylvania","42",130
2024-01-20,"Rhode Island","44",10
2024-01-20,"South Carolina","45",45
2024-01-20,"South Dakota","46",5
2024-01-20,"Tennessee","47",61
2024-01-20,"Texas","48",148
2024-01-20,"Utah","49",11
2024-01-20,"Vermont","50",7
2024-01-20,"Virginia","51",65
2024-01-20,"Washington","53",49
2024-01-20,"West Virginia","54",19
2024-01-20,"Wisconsin","55",38
2024-01-20,"Wyoming","56",5
2024-01-20,"New York","36",192
2024-01-20,"US","US",2365
2024-01-27,"Alabama","01",35
2024-01-27,"Alaska","02",2
2024-01-27,"Arizona","04",53
2024-01-27,"Arkansas","05",31
2024-01-27,"California","06",150
2024-01-27,"Colorado","08",22
2024-01-27,"Connecticut","09",30
2024-01-27,"Delaware","10",17
2024-01-27,"District of Columbia","11",5
2024-01-27,"Florida","12",122
2024-01-27,"Georgia","13",68
2024-01-27,"Hawaii","15",5
2024-01-27,"Idaho","16",11
2024-01-27,"Illinois","17",69
2024-01-27,"Indiana","18",50
2024-01-27,"Iowa","19",28
2024-01-27,"Kansas","20",14
2024-01-27,"Kentucky","21",42
2024-01-27,"Louisiana","22",34
2024-01-27,"Maine","23",8
2024-01-27,"Maryland","24",51
2024-01-27,"Massachusetts","25",42
2024-01-27,"Michigan","26",80
2024-01-27,"Minnesota","27",35
2024-01-27,"Mississippi","28",37
2024-01-27,"Missouri","29",35
2024-01-27,"Montana","30",4
2024-01-27,"Nebraska","31",13
2024-01-27,"Nevada","32",18
2024-01-27,"New Hampshire","33",14
2024-01-27,"New Jersey","34",75
2024-01-27,"New Mexico","35",8
2024-01-27,"North Carolina","37",92
2024-01-27,"North Dakota","38",4
2024-01-27,"Ohio","39",80
2024-01-27,"Oklahoma","40",37
2024-01-27,"Oregon","41",16
2024-01-27,"Pennsylvania","42",116
2024-01-27,"Rhode Island","44",6
2024-01-27,"South Carolina","45",40
2024-01-27,"South Dakota","46",8
2024-01-27,"Tennessee","47",57
2024-01-27,"Texas","48",141
2024-01-27,"Utah","49",13
2024-01-27,"Vermont","50",7
2024-01-27,"Virginia","51",74
2024-01-27,"Washington","53",26
2024-01-27,"West Virginia","54",19
2024-01-27,"Wisconsin","55",40
2024-01-27,"Wyoming","56",5
2024-01-27,"New York","36",146
2024-01-27,"US","US",2135
2024-02-03,"Alabama","01",40
2024-02-03,"Alaska","02",3
2024-02-03,"Arizona","04",24
2024-02-03,"Arkansas","05",17
2024-02-03,"California","06",145
2024-02-03,"Colorado","08",19
2024-02-03,"Connecticut","09",24
2024-02-03,"Delaware","10",7
2024-02-03,"District of Columbia","11",4
2024-02-03,"Florida","12",140
2024-02-03,"Georgia","13",45
2024-02-03,"Hawaii","15",6
2024-02-03,"Idaho","16",13
2024-02-03,"Illinois","17",44
2024-02-03,"Indiana","18",31
2024-02-03,"Iowa","19",19
2024-02-03,"Kansas","20",11
2024-02-03,"Kentucky","21",38
2024-02-03,"Louisiana","22",22
2024-02-03,"Maine","23",9
2024-02-03,"Maryland","24",53
2024-02-03,"Massachusetts","25",51
2024-02-03,"Michigan","26",55
2024-02-03,"Minnesota","27",33
2024-02-03,"Mississippi","28",32
2024-02-03,"Missouri","29",20
2024-02-03,"Montana","30",7
2024-02-03,"Nebraska","31",14
2024-02-03,"Nevada","32",21
2024-02-03,"New Hampshire","33",10
2024-02-03,"New Jersey","34",48
2024-02-03,"New Mexico","35",9
2024-02-03,"North Carolina","37",55
2024-02-03,"North Dakota","38",2
2024-02-03,"Ohio","39",59
2024-02-03,"Oklahoma","40",30
2024-02-03,"Oregon","41",15
2024-02-03,"Pennsylvania","42",90
2024-02-03,"Rhode Island","44",5
2024-02-03,"South Carolina","45",32
2024-02-03,"South Dakota","46",4
2024-02-03,"Tennessee","47",52
2024-02-03,"Texas","48",112
2024-02-03,"Utah","49",8
2024-02-03,"Vermont","50",3
2024-02-03,"Virginia","51",44
2024-02-03,"Washington","53",34
2024-02-03,"West Virginia","54",13
2024-02-03,"Wisconsin","55",28
2024-02-03,"Wyoming","56",7
2024-02-03,"New York","36",138
2024-02-03,"US","US",1745
2024-02-10,"Alabama","01",27
2024-02-10,"Alaska","02",2
2024-02-10,"Arizona","04",24
2024-02-10,"Arkansas","05",22
2024-02-10,"California","06",147
2024-02-10,"Colorado","08",16
2024-02-10,"Connecticut","09",18
2024-02-10,"Delaware","10",12
2024-02-10,"District of Columbia","11",6
2024-02-10,"Florida","12",146
2024-02-10,"Georgia","13",49
2024-02-10,"Hawaii","15",6
2024-02-10,"Idaho","16",9
2024-02-10,"Illinois","17",49
2024-02-10,"Indiana","18",40
2024-02-10,"Iowa","19",15
2024-02-10,"Kansas","20",12
2024-02-10,"Kentucky","21",45
2024-02-10,"Louisiana","22",23
2024-02-10,"Maine","23",10
2024-02-10,"Maryland","24",31
2024-02-10,"Massachusetts","25",42
2024-02-10,"Michigan","26",35
2024-02-10,"Minnesota","27",33
2024-02-10,"Mississippi","28",14
2024-02-10,"Missouri","29",27
2024-02-10,"Montana","30",2
2024-02-10,"Nebraska","31",10
2024-02-10,"Nevada","32",7
2024-02-10,"New Hampshire","33",2
2024-02-10,"New Jersey","34",59
2024-02-10,"New Mexico","35",7
2024-02-10,"North Carolina","37",78
2024-02-10,"North Dakota","38",4
2024-02-10,"Ohio","39",65
2024-02-10,"Oklahoma","40",36
2024-02-10,"Oregon","41",14
2024-02-10,"Pennsylvania","42",68
2024-02-10,"Rhode Island","44",9
2024-02-10,"South Carolina","45",31
2024-02-10,"South Dakota","46",6
2024-02-10,"Tennessee","47",38
2024-02-10,"Texas","48",105
2024-02-10,"Utah","49",1
2024-02-10,"Vermont","50",7
2024-02-10,"Virginia","51",56
2024-02-10,"Washington","53",31
2024-02-10,"West Virginia","54",4
2024-02-10,"Wisconsin","55",28
2024-02-10,"Wyoming","56",4
2024-02-10,"New York","36",90
2024-02-10,"US","US",1622
2024-02-17,"Alabama","01",20
2024-02-17,"Alaska","02",4
2024-02-17,"Arizona","04",15
2024-02-17,"Arkansas","05",11
2024-02-17,"California","06",104
2024-02-17,"Colorado","08",16
2024-02-17,"Connecticut","09",18
2024-02-17,"Delaware","10",7
2024-02-17,"District of Columbia","11",2
2024-02-17,"Florida","12",133
2024-02-17,"Georgia","13",40
2024-02-17,"Hawaii","15",8
2024-02-17,"Idaho","16",5
2024-02-17,"Illinois","17",35
2024-02-17,"Indiana","18",26
2024-02-17,"Iowa","19",9
2024-02-17,"Kansas","20",11
2024-02-17,"Kentucky","21",35
2024-02-17,"Louisiana","22",24
2024-02-17,"Maine","23",7
2024-02-17,"Maryland","24",21
2024-02-17,"Massachusetts","25",32
2024-02-17,"Michigan","26",39
2024-02-17,"Minnesota","27",22
2024-02-17,"Mississippi","28",18
2024-02-17,"Missouri","29",23
2024-02-17,"Montana","30",1
2024-02-17,"Nebraska","31",6
2024-02-17,"Nevada","32",4
2024-02-17,"New Hampshire","33",7
2024-02-17,"New Jersey","34",42
2024-02-17,"New Mexico","35",13
2024-02-17,"North Carolina","37",53
2024-02-17,"North Dakota","38",2
2024-02-17,"Ohio","39",49
2024-02-17,"Oklahoma","40",30
2024-02-17,"Oregon","41",13
2024-02-17,"Pennsylvania","42",64
2024-02-17,"Rhode Island","44",6
2024-02-17,"South Carolina","45",47
2024-02-17,"South Dakota","46",6
2024-02-17,"Tennessee","47",40
2024-02-17,"Texas","48",96
2024-02-17,"Utah","49",3
2024-02-17,"Vermont","50",5
2024-02-17,"Virginia","51",44
2024-02-17,"Washington","53",34
2024-02-17,"West Virginia","54",8
2024-02-17,"Wisconsin","55",30
2024-02-17,"Wyoming","56",5
2024-02-17,"New York","36",96
2024-02-17,"US","US",1389
2024-02-24,"Alabama","01",26
2024-02-24,"Alaska","02",2
2024-02-24,"Arizona","04",24
2024-02-24,"Arkansas","05",12
2024-02-24,"California","06",103
2024-02-24,"Colorado","08",7
2024-02-24,"Connecticut","09",16
2024-02-24,"Delaware","10",8
2024-02-24,"District of Columbia","11",0
2024-02-24,"Florida","12",117
2024-02-24,"Georgia","13",55
2024-02-24,"Hawaii","15",3
2024-02-24,"Idaho","16",2
2024-02-24,"Illinois","17",46
2024-02-24,"Indiana","18",28
2024-02-24,"Iowa","19",6
2024-02-24,"Kansas","20",8
2024-02-24,"Kentucky","21",31
2024-02-24,"Louisiana","22",23
2024-02-24,"Maine","23",15
2024-02-24,"Maryland","24",28
2024-02-24,"Massachusetts","25",17
2024-02-24,"Michigan","26",38
2024-02-24,"Minnesota","27",28
2024-02-24,"Mississippi","28",19
2024-02-24,"Missouri","29",21
2024-02-24,"Montana","30",2
2024-02-24,"Nebraska","31",9
2024-02-24,"Nevada","32",15
2024-02-24,"New Hampshire","33",3
2024-02-24,"New Jersey","34",37
2024-02-24,"New Mexico","35",14
2024-02-24,"North Carolina","37",69
2024-02-24,"North Dakota","38",1
2024-02-24,"Ohio","39",45
2024-02-24,"Oklahoma","40",24
2024-02-24,"Oregon","41",14
2024-02-24,"Pennsylvania","42",53
2024-02-24,"Rhode Island","44",1
2024-02-24,"South Carolina","45",32
2024-02-24,"South Dakota","46",5
2024-02-24,"Tennessee","47",35
2024-02-24,"Texas","48",96
2024-02-24,"Utah","49",3
2024-02-24,"Vermont","50",4
2024-02-24,"Virginia","51",36
2024-02-24,"Washington","53",32
2024-02-24,"West Virginia","54",6
2024-02-24,"Wisconsin","55",23
2024-02-24,"Wyoming","56",2
2024-02-24,"New York","36",82
2024-02-24,"US","US",1326
2024-03-02,"Alabama","01",29
2024-03-02,"Alaska","02",2
2024-03-02,"Arizona","04",20
2024-03-02,"Arkansas","05",8
2024-03-02,"California","06",103
2024-03-02,"Colorado","08",8
2024-03-02,"Connecticut","09",10
2024-03-02,"Delaware","10",10
2024-03-02,"District of Columbia","11",3
2024-03-02,"Florida","12",104
2024-03-02,"Georgia","13",54
2024-03-02,"Hawaii","15",5
2024-03-02,"Idaho","16",4
2024-03-02,"Illinois","17",42
2024-03-02,"Indiana","18",20
2024-03-02,"Iowa","19",11
2024-03-02,"Kansas","20",9
2024-03-02,"Kentucky","21",27
2024-03-02,"Louisiana","22",19
2024-03-02,"Maine","23",3
2024-03-02,"Maryland","24",32
2024-03-02,"Massachusetts","25",19
2024-03-02,"Michigan","26",45
2024-03-02,"Minnesota","27",21
2024-03-02,"Mississippi","28",27
2024-03-02,"Missouri","29",23
2024-03-02,"Montana","30",1
2024-03-02,"Nebraska","31",9
2024-03-02,"Nevada","32",4
2024-03-02,"New Hampshire","33",5
2024-03-02,"New Jersey","34",31
2024-03-02,"New Mexico","35",6
2024-03-02,"North Carolina","37",63
2024-03-02,"North Dakota","38",5
2024-03-02,"Ohio","39",46
2024-03-02,"Oklahoma","40",22
2024-03-02,"Oregon","41",20
2024-03-02,"Pennsylvania","42",54
2024-03-02,"Rhode Island","44",3
2024-03-02,"South Carolina","45",41
2024-03-02,"South Dakota","46",1
2024-03-02,"Tennessee","47",41
2024-03-02,"Texas","48",78
2024-03-02,"Utah","49",4
2024-03-02,"Vermont","50",3
2024-03-02,"Virginia","51",44
2024-03-02,"Washington","53",21
2024-03-02,"West Virginia","54",11
2024-03-02,"Wisconsin","55",26
2024-03-02,"Wyoming","56",2
2024-03-02,"New York","36",71
2024-03-02,"US","US",1270
2024-03-09,"Alabama","01",24
2024-03-09,"Alaska","02",5
2024-03-09,"Arizona","04",11
2024-03-09,"Arkansas","05",11
2024-03-09,"California","06",72
2024-03-09,"Colorado","08",4
2024-03-09,"Connecticut","09",11
2024-03-09,"Delaware","10",2
2024-03-09,"District of Columbia","11",3
2024-03-09,"Florida","12",87
2024-03-09,"Georgia","13",50
2024-03-09,"Hawaii","15",1
2024-03-09,"Idaho","16",8
2024-03-09,"Illinois","17",33
2024-03-09,"Indiana","18",15
2024-03-09,"Iowa","19",8
2024-03-09,"Kansas","20",13
2024-03-09,"Kentucky","21",34
2024-03-09,"Louisiana","22",18
2024-03-09,"Maine","23",5
2024-03-09,"Maryland","24",27
2024-03-09,"Massachusetts","25",24
2024-03-09,"Michigan","26",38
2024-03-09,"Minnesota","27",16
2024-03-09,"Mississippi","28",30
2024-03-09,"Missouri","29",10
2024-03-09,"Montana","30",5
2024-03-09,"Nebraska","31",12
2024-03-09,"Nevada","32",6
2024-03-09,"New Hampshire","33",9
2024-03-09,"New Jersey","34",31
2024-03-09,"New Mexico","35",2
2024-03-09,"North Carolina","37",68
2024-03-09,"North Dakota","38",2
2024-03-09,"Ohio","39",38
2024-03-09,"Oklahoma","40",19
2024-03-09,"Oregon","41",10
2024-03-09,"Pennsylvania","42",38
2024-03-09,"Rhode Island","44",2
2024-03-09,"South Carolina","45",32
2024-03-09,"South Dakota","46",8
2024-03-09,"Tennessee","47",31
2024-03-09,"Texas","48",80
2024-03-09,"Utah","49",2
2024-03-09,"Vermont","50",5
2024-03-09,"Virginia","51",34
2024-03-09,"Washington","53",20
2024-03-09,"West Virginia","54",8
2024-03-09,"Wisconsin","55",16
2024-03-09,"Wyoming","56",4
2024-03-09,"New York","36",60
2024-03-09,"US","US",1102
2024-03-16,"Alabama","01",20
2024-03-16,"Alaska","02",2
2024-03-16,"Arizona","04",18
2024-03-16,"Arkansas","05",20
2024-03-16,"California","06",72
2024-03-16,"Colorado","08",10
2024-03-16,"Connecticut","09",11
2024-03-16,"Delaware","10",4
2024-03-16,"District of Columbia","11",4
2024-03-16,"Florida","12",81
2024-03-16,"Georgia","13",50
2024-03-16,"Hawaii","15",2
2024-03-16,"Idaho","16",7
2024-03-16,"Illinois","17",39
2024-03-16,"Indiana","18",26
2024-03-16,"Iowa","19",10
2024-03-16,"Kansas","20",7
2024-03-16,"Kentucky","21",26
2024-03-16,"Louisiana","22",14
2024-03-16,"Maine","23",9
2024-03-16,"Maryland","24",18
2024-03-16,"Massachusetts","25",16
2024-03-16,"Michigan","26",35
2024-03-16,"Minnesota","27",18
2024-03-16,"Mississippi","28",24
2024-03-16,"Missouri","29",12
2024-03-16,"Montana","30",7
2024-03-16,"Nebraska","31",6
2024-03-16,"Nevada","32",4
2024-03-16,"New Hampshire","33",3
2024-03-16,"New Jersey","34",27
2024-03-16,"New Mexico","35",9
2024-03-16,"North Carolina","37",51
2024-03-16,"North Dakota","38",3
2024-03-16,"Ohio","39",45
2024-03-16,"Oklahoma","40",17
2024-03-16,"Oregon","41",16
2024-03-16,"Pennsylvania","42",44
2024-03-16,"Rhode Island","44",2
2024-03-16,"South Carolina","45",13
2024-03-16,"South Dakota","46",6
2024-03-16,"Tennessee","47",34
2024-03-16,"Texas","48",71
2024-03-16,"Utah","49",4
2024-03-16,"Vermont","50",2
2024-03-16,"Virginia","51",27
2024-03-16,"Washington","53",21
2024-03-16,"West Virginia","54",5
2024-03-16,"Wisconsin","55",15
2024-03-16,"Wyoming","56",1
2024-03-16,"New York","36",54
2024-03-16,"US","US",1042
2024-03-23,"Alabama","01",15
2024-03-23,"Alaska","02",2
2024-03-23,"Arizona","04",8
2024-03-23,"Arkansas","05",12
2024-03-23,"California","06",65
2024-03-23,"Colorado","08",7
2024-03-23,"Connecticut","09",7
2024-03-23,"Delaware","10",4
2024-03-23,"District of Columbia","11",0
2024-03-23,"Florida","12",70
2024-03-23,"Georgia","13",38
2024-03-23,"Hawaii","15",2
2024-03-23,"Idaho","16",5
2024-03-23,"Illinois","17",24
2024-03-23,"Indiana","18",22
2024-03-23,"Iowa","19",6
2024-03-23,"Kansas","20",10
2024-03-23,"Kentucky","21",16
2024-03-23,"Louisiana","22",14
2024-03-23,"Maine","23",2
2024-03-23,"Maryland","24",20
2024-03-23,"Massachusetts","25",20
2024-03-23,"Michigan","26",32
2024-03-23,"Minnesota","27",16
2024-03-23,"Mississippi","28",12
2024-03-23,"Missouri","29",15
2024-03-23,"Montana","30",3
2024-03-23,"Nebraska","31",7
2024-03-23,"Nevada","32",3
2024-03-23,"New Hampshire","33",6
2024-03-23,"New Jersey","34",19
2024-03-23,"New Mexico","35",6
2024-03-23,"North Carolina","37",45
2024-03-23,"North Dakota","38",1
2024-03-23,"Ohio","39",32
2024-03-23,"Oklahoma","40",15
2024-03-23,"Oregon","41",14
2024-03-23,"Pennsylvania","42",33
2024-03-23,"Rhode Island","44",5
2024-03-23,"South Carolina","45",26
2024-03-23,"South Dakota","46",1
2024-03-23,"Tennessee","47",29
2024-03-23,"Texas","48",55
2024-03-23,"Utah","49",3
2024-03-23,"Vermont","50",1
2024-03-23,"Virginia","51",23
2024-03-23,"Washington","53",15
2024-03-23,"West Virginia","54",11
2024-03-23,"Wisconsin","55",11
2024-03-23,"Wyoming","56",0
2024-03-23,"New York","36",43
2024-03-23,"US","US",851
2024-03-30,"Alabama","01",18
2024-03-30,"Alaska","02",3
2024-03-30,"Arizona","04",17
2024-03-30,"Arkansas","05",10
2024-03-30,"California","06",39
2024-03-30,"Colorado","08",10
2024-03-30,"Connecticut","09",6
2024-03-30,"Delaware","10",5
2024-03-30,"District of Columbia","11",0
2024-03-30,"Florida","12",50
2024-03-30,"Georgia","13",35
2024-03-30,"Hawaii","15",1
2024-03-30,"Idaho","16",8
2024-03-30,"Illinois","17",24
2024-03-30,"Indiana","18",21
2024-03-30,"Iowa","19",4
2024-03-30,"Kansas","20",6
2024-03-30,"Kentucky","21",27
2024-03-30,"Louisiana","22",14
2024-03-30,"Maine","23",7
2024-03-30,"Maryland","24",19
2024-03-30,"Massachusetts","25",6
2024-03-30,"Michigan","26",17
2024-03-30,"Minnesota","27",15
2024-03-30,"Mississippi","28",8
2024-03-30,"Missouri","29",14
2024-03-30,"Montana","30",1
2024-03-30,"Nebraska","31",3
2024-03-30,"Nevada","32",5
2024-03-30,"New Hampshire","33",1
2024-03-30,"New Jersey","34",13
2024-03-30,"New Mexico","35",7
2024-03-30,"North Carolina","37",34
2024-03-30,"North Dakota","38",1
2024-03-30,"Ohio","39",33
2024-03-30,"Oklahoma","40",19
2024-03-30,"Oregon","41",9
2024-03-30,"Pennsylvania","42",34
2024-03-30,"Rhode Island","44",1
2024-03-30,"South Carolina","45",23
2024-03-30,"South Dakota","46",1
2024-03-30,"Tennessee","47",17
2024-03-30,"Texas","48",42
2024-03-30,"Utah","49",3
2024-03-30,"Vermont","50",2
2024-03-30,"Virginia","51",28
2024-03-30,"Washington","53",11
2024-03-30,"West Virginia","54",8
2024-03-30,"Wisconsin","55",14
2024-03-30,"Wyoming","56",4
2024-03-30,"New York","36",41
2024-03-30,"US","US",739
2024-04-06,"Alabama","01",12
2024-04-06,"Alaska","02",0
2024-04-06,"Arizona","04",8
2024-04-06,"Arkansas","05",8
2024-04-06,"California","06",38
2024-04-06,"Colorado","08",10
2024-04-06,"Connecticut","09",8
2024-04-06,"Delaware","10",6
2024-04-06,"District of Columbia","11",1
2024-04-06,"Florida","12",50
2024-04-06,"Georgia","13",24
2024-04-06,"Hawaii","15",4
2024-04-06,"Idaho","16",0
2024-04-06,"Illinois","17",28
2024-04-06,"Indiana","18",12
2024-04-06,"Iowa","19",1
2024-04-06,"Kansas","20",4
2024-04-06,"Kentucky","21",15
2024-04-06,"Louisiana","22",15
2024-04-06,"Maine","23",5
2024-04-06,"Maryland","24",10
2024-04-06,"Massachusetts","25",12
2024-04-06,"Michigan","26",24
2024-04-06,"Minnesota","27",13
2024-04-06,"Mississippi","28",19
2024-04-06,"Missouri","29",6
2024-04-06,"Montana","30",3
2024-04-06,"Nebraska","31",1
2024-04-06,"Nevada","32",5
2024-04-06,"New Hampshire","33",3
2024-04-06,"New Jersey","34",11
2024-04-06,"New Mexico","35",4
2024-04-06,"North Carolina","37",31
2024-04-06,"North Dakota","38",4
2024-04-06,"Ohio","39",24
2024-04-06,"Oklahoma","40",10
2024-04-06,"Oregon","41",3
2024-04-06,"Pennsylvania","42",28
2024-04-06,"Rhode Island","44",4
2024-04-06,"South Carolina","45",18
2024-04-06,"South Dakota","46",1
2024-04-06,"Tennessee","47",23
2024-04-06,"Texas","48",46
2024-04-06,"Utah","49",3
2024-04-06,"Vermont","50",0
2024-04-06,"Virginia","51",13
2024-04-06,"Washington","53",18
2024-04-06,"West Virginia","54",7
2024-04-06,"Wisconsin","55",12
2024-04-06,"Wyoming","56",1
2024-04-06,"New York","36",27
2024-04-06,"US","US",633
2024-04-13,"Alabama","01",11
2024-04-13,"Alaska","02",0
2024-04-13,"Arizona","04",11
2024-04-13,"Arkansas","05",5
2024-04-13,"California","06",37
2024-04-13,"Colorado","08",10
2024-04-13,"Connecticut","09",4
2024-04-13,"Delaware","10",3
2024-04-13,"District of Columbia","11",0
2024-04-13,"Florida","12",46
2024-04-13,"Georgia","13",20
2024-04-13,"Hawaii","15",1
2024-04-13,"Idaho","16",5
2024-04-13,"Illinois","17",15
2024-04-13,"Indiana","18",12
2024-04-13,"Iowa","19",5
2024-04-13,"Kansas","20",2
2024-04-13,"Kentucky","21",20
2024-04-13,"Louisiana","22",10
2024-04-13,"Maine","23",3
2024-04-13,"Maryland","24",15
2024-04-13,"Massachusetts","25",8
2024-04-13,"Michigan","26",17
2024-04-13,"Minnesota","27",14
2024-04-13,"Mississippi","28",10
2024-04-13,"Missouri","29",7
2024-04-13,"Montana","30",3
2024-04-13,"Nebraska","31",5
2024-04-13,"Nevada","32",3
2024-04-13,"New Hampshire","33",5
2024-04-13,"New Jersey","34",10
2024-04-13,"New Mexico","35",8
2024-04-13,"North Carolina","37",24
2024-04-13,"North Dakota","38",1
2024-04-13,"Ohio","39",25
2024-04-13,"Oklahoma","40",17
2024-04-13,"Oregon","41",7
2024-04-13,"Pennsylvania","42",27
2024-04-13,"Rhode Island","44",4
2024-04-13,"South Carolina","45",10
2024-04-13,"South Dakota","46",0
2024-04-13,"Tennessee","47",14
2024-04-13,"Texas","48",24
2024-04-13,"Utah","49",0
2024-04-13,"Vermont","50",0
2024-04-13,"Virginia","51",19
2024-04-13,"Washington","53",15
2024-04-13,"West Virginia","54",6
2024-04-13,"Wisconsin","55",13
2024-04-13,"Wyoming","56",0
2024-04-13,"New York","36",42
2024-04-13,"US","US",573
2024-04-20,"Alabama","01",9
2024-04-20,"Alaska","02",2
2024-04-20,"Arizona","04",9
2024-04-20,"Arkansas","05",5
2024-04-20,"California","06",33
2024-04-20,"Colorado","08",8
2024-04-20,"Connecticut","09",3
2024-04-20,"Delaware","10",4
2024-04-20,"District of Columbia","11",2
2024-04-20,"Florida","12",36
2024-04-20,"Georgia","13",16
2024-04-20,"Hawaii","15",0
2024-04-20,"Idaho","16",2
2024-04-20,"Illinois","17",21
2024-04-20,"Indiana","18",12
2024-04-20,"Iowa","19",3
2024-04-20,"Kansas","20",3
2024-04-20,"Kentucky","21",14
2024-04-20,"Louisiana","22",7
2024-04-20,"Maine","23",3
2024-04-20,"Maryland","24",15
2024-04-20,"Massachusetts","25",12
2024-04-20,"Michigan","26",15
2024-04-20,"Minnesota","27",11
2024-04-20,"Mississippi","28",9
2024-04-20,"Missouri","29",8
2024-04-20,"Montana","30",1
2024-04-20,"Nebraska","31",2
2024-04-20,"Nevada","32",5
2024-04-20,"New Hampshire","33",3
2024-04-20,"New Jersey","34",16
2024-04-20,"New Mexico","35",7
2024-04-20,"North Carolina","37",26
2024-04-20,"North Dakota","38",1
2024-04-20,"Ohio","39",20
2024-04-20,"Oklahoma","40",7
2024-04-20,"Oregon","41",8
2024-04-20,"Pennsylvania","42",28
2024-04-20,"Rhode Island","44",0
2024-04-20,"South Carolina","45",15
2024-04-20,"South Dakota","46",0
2024-04-20,"Tennessee","47",14
2024-04-20,"Texas","48",21
2024-04-20,"Utah","49",2
2024-04-20,"Vermont","50",1
2024-04-20,"Virginia","51",15
2024-04-20,"Washington","53",9
2024-04-20,"West Virginia","54",6
2024-04-20,"Wisconsin","55",4
2024-04-20,"Wyoming","56",2
2024-04-20,"New York","36",24
2024-04-20,"US","US",499
2024-04-27,"Alabama","01",6
2024-04-27,"Alaska","02",1
2024-04-27,"Arizona","04",13
2024-04-27,"Arkansas","05",6
2024-04-27,"California","06",30
2024-04-27,"Colorado","08",6
2024-04-27,"Connecticut","09",3
2024-04-27,"Delaware","10",3
2024-04-27,"District of Columbia","11",0
2024-04-27,"Florida","12",38
2024-04-27,"Georgia","13",8
2024-04-27,"Hawaii","15",1
2024-04-27,"Idaho","16",0
2024-04-27,"Illinois","17",10
2024-04-27,"Indiana","18",9
2024-04-27,"Iowa","19",3
2024-04-27,"Kansas","20",3
2024-04-27,"Kentucky","21",15
2024-04-27,"Louisiana","22",8
2024-04-27,"Maine","23",3
2024-04-27,"Maryland","24",12
2024-04-27,"Massachusetts","25",4
2024-04-27,"Michigan","26",14
2024-04-27,"Minnesota","27",12
2024-04-27,"Mississippi","28",11
2024-04-27,"Missouri","29",7
2024-04-27,"Montana","30",2
2024-04-27,"Nebraska","31",4
2024-04-27,"Nevada","32",5
2024-04-27,"New Hampshire","33",1
2024-04-27,"New Jersey","34",12
2024-04-27,"New Mexico","35",4
2024-04-27,"North Carolina","37",18
2024-04-27,"North Dakota","38",1
2024-04-27,"Ohio","39",22
2024-04-27,"Oklahoma","40",15
2024-04-27,"Oregon","41",5
2024-04-27,"Pennsylvania","42",18
2024-04-27,"Rhode Island","44",0
2024-04-27,"South Carolina","45",13
2024-04-27,"South Dakota","46",2
2024-04-27,"Tennessee","47",6
2024-04-27,"Texas","48",29
2024-04-27,"Utah","49",1
2024-04-27,"Vermont","50",0
2024-04-27,"Virginia","51",7
2024-04-27,"Washington","53",5
2024-04-27,"West Virginia","54",2
2024-04-27,"Wisconsin","55",8
2024-04-27,"Wyoming","56",0
2024-04-27,"New York","36",23
2024-04-27,"US","US",429
2024-05-04,"Alabama","01",9
2024-05-04,"Alaska","02",0
2024-05-04,"Arizona","04",7
2024-05-04,"Arkansas","05",5
2024-05-04,"California","06",38
2024-05-04,"Colorado","08",7
2024-05-04,"Connecticut","09",3
2024-05-04,"Delaware","10",6
2024-05-04,"District of Columbia","11",0
2024-05-04,"Florida","12",46
2024-05-04,"Georgia","13",16
2024-05-04,"Hawaii","15",1
2024-05-04,"Idaho","16",1
2024-05-04,"Illinois","17",9
2024-05-04,"Indiana","18",6
2024-05-04,"Iowa","19",3
2024-05-04,"Kansas","20",3
2024-05-04,"Kentucky","21",15
2024-05-04,"Louisiana","22",3
2024-05-04,"Maine","23",6
2024-05-04,"Maryland","24",9
2024-05-04,"Massachusetts","25",11
2024-05-04,"Michigan","26",18
2024-05-04,"Minnesota","27",8
2024-05-04,"Mississippi","28",10
2024-05-04,"Missouri","29",3
2024-05-04,"Montana","30",4
2024-05-04,"Nebraska","31",4
2024-05-04,"Nevada","32",5
2024-05-04,"New Hampshire","33",1
2024-05-04,"New Jersey","34",14
2024-05-04,"New Mexico","35",4
2024-05-04,"North Carolina","37",17
2024-05-04,"North Dakota","38",1
2024-05-04,"Ohio","39",15
2024-05-04,"Oklahoma","40",6
2024-05-04,"Oregon","41",6
2024-05-04,"Pennsylvania","42",13
2024-05-04,"Rhode Island","44",1
2024-05-04,"South Carolina","45",9
2024-05-04,"South Dakota","46",5
2024-05-04,"Tennessee","47",8
2024-05-04,"Texas","48",15
2024-05-04,"Utah","49",2
2024-05-04,"Vermont","50",1
2024-05-04,"Virginia","51",21
2024-05-04,"Washington","53",5
2024-05-04,"West Virginia","54",4
2024-05-04,"Wisconsin","55",6
2024-05-04,"Wyoming","56",1
2024-05-04,"New York","36",15
2024-05-04,"US","US",426
2024-05-11,"Alabama","01",6
2024-05-11,"Alaska","02",1
2024-05-11,"Arizona","04",9
2024-05-11,"Arkansas","05",3
2024-05-11,"California","06",35
2024-05-11,"Colorado","08",4
2024-05-11,"Connecticut","09",4
2024-05-11,"Delaware","10",0
2024-05-11,"District of Columbia","11",0
2024-05-11,"Florida","12",31
2024-05-11,"Georgia","13",9
2024-05-11,"Hawaii","15",3
2024-05-11,"Idaho","16",5
2024-05-11,"Illinois","17",10
2024-05-11,"Indiana","18",7
2024-05-11,"Iowa","19",4
2024-05-11,"Kansas","20",4
2024-05-11,"Kentucky","21",8
2024-05-11,"Louisiana","22",3
2024-05-11,"Maine","23",3
2024-05-11,"Maryland","24",6
2024-05-11,"Massachusetts","25",5
2024-05-11,"Michigan","26",7
2024-05-11,"Minnesota","27",4
2024-05-11,"Mississippi","28",4
2024-05-11,"Missouri","29",8
2024-05-11,"Montana","30",2
2024-05-11,"Nebraska","31",5
2024-05-11,"Nevada","32",2
2024-05-11,"New Hampshire","33",0
2024-05-11,"New Jersey","34",5
2024-05-11,"New Mexico","35",3
2024-05-11,"North Carolina","37",11
2024-05-11,"North Dakota","38",0
2024-05-11,"Ohio","39",12
2024-05-11,"Oklahoma","40",6
2024-05-11,"Oregon","41",3
2024-05-11,"Pennsylvania","42",14
2024-05-11,"Rhode Island","44",1
2024-05-11,"South Carolina","45",5
2024-05-11,"South Dakota","46",2
2024-05-11,"Tennessee","47",9
2024-05-11,"Texas","48",15
2024-05-11,"Utah","49",4
2024-05-11,"Vermont","50",2
2024-05-11,"Virginia","51",8
2024-05-11,"Washington","53",10
2024-05-11,"West Virginia","54",4
2024-05-11,"Wisconsin","55",9
2024-05-11,"Wyoming","56",0
2024-05-11,"New York","36",19
2024-05-11,"US","US",334
2024-05-18,"Alabama","01",4
2024-05-18,"Alaska","02",2
2024-05-18,"Arizona","04",6
2024-05-18,"Arkansas","05",5
2024-05-18,"California","06",41
2024-05-18,"Colorado","08",5
2024-05-18,"Connecticut","09",4
2024-05-18,"Delaware","10",3
2024-05-18,"District of Columbia","11",0
2024-05-18,"Florida","12",32
2024-05-18,"Georgia","13",13
2024-05-18,"Hawaii","15",2
2024-05-18,"Idaho","16",1
2024-05-18,"Illinois","17",9
2024-05-18,"Indiana","18",5
2024-05-18,"Iowa","19",0
2024-05-18,"Kansas","20",2
2024-05-18,"Kentucky","21",7
2024-05-18,"Louisiana","22",2
2024-05-18,"Maine","23",2
2024-05-18,"Maryland","24",12
2024-05-18,"Massachusetts","25",8
2024-05-18,"Michigan","26",8
2024-05-18,"Minnesota","27",10
2024-05-18,"Mississippi","28",6
2024-05-18,"Missouri","29",7
2024-05-18,"Montana","30",0
2024-05-18,"Nebraska","31",1
2024-05-18,"Nevada","32",4
2024-05-18,"New Hampshire","33",0
2024-05-18,"New Jersey","34",8
2024-05-18,"New Mexico","35",6
2024-05-18,"North Carolina","37",19
2024-05-18,"North Dakota","38",1
2024-05-18,"Ohio","39",14
2024-05-18,"Oklahoma","40",6
2024-05-18,"Oregon","41",1
2024-05-18,"Pennsylvania","42",9
2024-05-18,"Rhode Island","44",0
2024-05-18,"South Carolina","45",2
2024-05-18,"South Dakota","46",2
2024-05-18,"Tennessee","47",10
2024-05-18,"Texas","48",20
2024-05-18,"Utah","49",2
2024-05-18,"Vermont","50",1
2024-05-18,"Virginia","51",7
2024-05-18,"Washington","53",5
2024-05-18,"West Virginia","54",1
2024-05-18,"Wisconsin","55",4
2024-05-18,"Wyoming","56",0
2024-05-18,"New York","36",21
2024-05-18,"US","US",340
2024-05-25,"Alabama","01",1
2024-05-25,"Alaska","02",1
2024-05-25,"Arizona","04",15
2024-05-25,"Arkansas","05",4
2024-05-25,"California","06",39
2024-05-25,"Colorado","08",3
2024-05-25,"Connecticut","09",3
2024-05-25,"Delaware","10",2
2024-05-25,"District of Columbia","11",0
2024-05-25,"Florida","12",26
2024-05-25,"Georgia","13",15
2024-05-25,"Hawaii","15",6
2024-05-25,"Idaho","16",1
2024-05-25,"Illinois","17",6
2024-05-25,"Indiana","18",7
2024-05-25,"Iowa","19",5
2024-05-25,"Kansas","20",2
2024-05-25,"Kentucky","21",7
2024-05-25,"Louisiana","22",2
2024-05-25,"Maine","23",2
2024-05-25,"Maryland","24",11
2024-05-25,"Massachusetts","25",7
2024-05-25,"Michigan","26",7
2024-05-25,"Minnesota","27",8
2024-05-25,"Mississippi","28",4
2024-05-25,"Missouri","29",6
2024-05-25,"Montana","30",3
2024-05-25,"Nebraska","31",5
2024-05-25,"Nevada","32",1
2024-05-25,"New Hampshire","33",3
2024-05-25,"New Jersey","34",11
2024-05-25,"New Mexico","35",3
2024-05-25,"North Carolina","37",12
2024-05-25,"North Dakota","38",0
2024-05-25,"Ohio","39",16
2024-05-25,"Oklahoma","40",2
2024-05-25,"Oregon","41",7
2024-05-25,"Pennsylvania","42",11
2024-05-25,"Rhode Island","44",1
2024-05-25,"South Carolina","45",4
2024-05-25,"South Dakota","46",2
2024-05-25,"Tennessee","47",9
2024-05-25,"Texas","48",21
2024-05-25,"Utah","49",3
2024-05-25,"Vermont","50",1
2024-05-25,"Virginia","51",11
2024-05-25,"Washington","53",4
2024-05-25,"West Virginia","54",4
2024-05-25,"Wisconsin","55",2
2024-05-25,"Wyoming","56",0
2024-05-25,"New York","36",18
2024-05-25,"US","US",344
2024-06-01,"Alabama","01",5
2024-06-01,"Alaska","02",0
2024-06-01,"Arizona","04",13
2024-06-01,"Arkansas","05",3
2024-06-01,"California","06",39
2024-06-01,"Colorado","08",7
2024-06-01,"Connecticut","09",4
2024-06-01,"Delaware","10",1
2024-06-01,"District of Columbia","11",0
2024-06-01,"Florida","12",30
2024-06-01,"Georgia","13",8
2024-06-01,"Hawaii","15",3
2024-06-01,"Idaho","16",2
2024-06-01,"Illinois","17",10
2024-06-01,"Indiana","18",5
2024-06-01,"Iowa","19",1
2024-06-01,"Kansas","20",1
2024-06-01,"Kentucky","21",9
2024-06-01,"Louisiana","22",3
2024-06-01,"Maine","23",4
2024-06-01,"Maryland","24",9
2024-06-01,"Massachusetts","25",6
2024-06-01,"Michigan","26",7
2024-06-01,"Minnesota","27",3
2024-06-01,"Mississippi","28",8
2024-06-01,"Missouri","29",3
2024-06-01,"Montana","30",1
2024-06-01,"Nebraska","31",0
2024-06-01,"Nevada","32",1
2024-06-01,"New Hampshire","33",1
2024-06-01,"New Jersey","34",10
2024-06-01,"New Mexico","35",2
2024-06-01,"North Carolina","37",14
2024-06-01,"North Dakota","38",1
2024-06-01,"Ohio","39",11
2024-06-01,"Oklahoma","40",5
2024-06-01,"Oregon","41",6
2024-06-01,"Pennsylvania","42",10
2024-06-01,"Rhode Island","44",0
2024-06-01,"South Carolina","45",4
2024-06-01,"South Dakota","46",1
2024-06-01,"Tennessee","47",6
2024-06-01,"Texas","48",21
2024-06-01,"Utah","49",1
2024-06-01,"Vermont","50",1
2024-06-01,"Virginia","51",6
2024-06-01,"Washington","53",6
2024-06-01,"West Virginia","54",9
2024-06-01,"Wisconsin","55",5
2024-06-01,"Wyoming","56",2
2024-06-01,"New York","36",16
2024-06-01,"US","US",324
2024-06-08,"Alabama","01",6
2024-06-08,"Alaska","02",0
2024-06-08,"Arizona","04",6
2024-06-08,"Arkansas","05",2
2024-06-08,"California","06",48
2024-06-08,"Colorado","08",6
2024-06-08,"Connecticut","09",2
2024-06-08,"Delaware","10",2
2024-06-08,"District of Columbia","11",0
2024-06-08,"Florida","12",33
2024-06-08,"Georgia","13",6
2024-06-08,"Hawaii","15",5
2024-06-08,"Idaho","16",2
2024-06-08,"Illinois","17",3
2024-06-08,"Indiana","18",5
2024-06-08,"Iowa","19",3
2024-06-08,"Kansas","20",3
2024-06-08,"Kentucky","21",5
2024-06-08,"Louisiana","22",3
2024-06-08,"Maine","23",1
2024-06-08,"Maryland","24",6
2024-06-08,"Massachusetts","25",9
2024-06-08,"Michigan","26",9
2024-06-08,"Minnesota","27",3
2024-06-08,"Mississippi","28",2
2024-06-08,"Missouri","29",5
2024-06-08,"Montana","30",3
2024-06-08,"Nebraska","31",3
2024-06-08,"Nevada","32",5
2024-06-08,"New Hampshire","33",2
2024-06-08,"New Jersey","34",7
2024-06-08,"New Mexico","35",3
2024-06-08,"North Carolina","37",9
2024-06-08,"North Dakota","38",0
2024-06-08,"Ohio","39",10
2024-06-08,"Oklahoma","40",5
2024-06-08,"Oregon","41",4
2024-06-08,"Pennsylvania","42",12
2024-06-08,"Rhode Island","44",0
2024-06-08,"South Carolina","45",3
2024-06-08,"South Dakota","46",1
2024-06-08,"Tennessee","47",7
2024-06-08,"Texas","48",25
2024-06-08,"Utah","49",1
2024-06-08,"Vermont","50",1
2024-06-08,"Virginia","51",8
2024-06-08,"Washington","53",3
2024-06-08,"West Virginia","54",5
2024-06-08,"Wisconsin","55",4
2024-06-08,"Wyoming","56",0
2024-06-08,"New York","36",18
2024-06-08,"US","US",314
2024-06-15,"Alabama","01",4
2024-06-15,"Alaska","02",0
2024-06-15,"Arizona","04",12
2024-06-15,"Arkansas","05",3
2024-06-15,"California","06",37
2024-06-15,"Colorado","08",9
2024-06-15,"Connecticut","09",4
2024-06-15,"Delaware","10",0
2024-06-15,"District of Columbia","11",0
2024-06-15,"Florida","12",42
2024-06-15,"Georgia","13",8
2024-06-15,"Hawaii","15",11
2024-06-15,"Idaho","16",3
2024-06-15,"Illinois","17",10
2024-06-15,"Indiana","18",9
2024-06-15,"Iowa","19",5
2024-06-15,"Kansas","20",1
2024-06-15,"Kentucky","21",10
2024-06-15,"Louisiana","22",6
2024-06-15,"Maine","23",1
2024-06-15,"Maryland","24",7
2024-06-15,"Massachusetts","25",6
2024-06-15,"Michigan","26",12
2024-06-15,"Minnesota","27",4
2024-06-15,"Mississippi","28",6
2024-06-15,"Missouri","29",3
2024-06-15,"Montana","30",2
2024-06-15,"Nebraska","31",4
2024-06-15,"Nevada","32",1
2024-06-15,"New Hampshire","33",2
2024-06-15,"New Jersey","34",9
2024-06-15,"New Mexico","35",8
2024-06-15,"North Carolina","37",10
2024-06-15,"North Dakota","38",2
2024-06-15,"Ohio","39",6
2024-06-15,"Oklahoma","40",6
2024-06-15,"Oregon","41",8
2024-06-15,"Pennsylvania","42",11
2024-06-15,"Rhode Island","44",3
2024-06-15,"South Carolina","45",8
2024-06-15,"South Dakota","46",0
2024-06-15,"Tennessee","47",4
2024-06-15,"Texas","48",20
2024-06-15,"Utah","49",1
2024-06-15,"Vermont","50",1
2024-06-15,"Virginia","51",5
2024-06-15,"Washington","53",12
2024-06-15,"West Virginia","54",1
2024-06-15,"Wisconsin","55",1
2024-06-15,"Wyoming","56",0
2024-06-15,"New York","36",27
2024-06-15,"US","US",365
2024-06-22,"Alabama","01",8
2024-06-22,"Alaska","02",1
2024-06-22,"Arizona","04",21
2024-06-22,"Arkansas","05",4
2024-06-22,"California","06",67
2024-06-22,"Colorado","08",15
2024-06-22,"Connecticut","09",5
2024-06-22,"Delaware","10",1
2024-06-22,"District of Columbia","11",0
2024-06-22,"Florida","12",53
2024-06-22,"Georgia","13",9
2024-06-22,"Hawaii","15",10
2024-06-22,"Idaho","16",1
2024-06-22,"Illinois","17",6
2024-06-22,"Indiana","18",5
2024-06-22,"Iowa","19",1
2024-06-22,"Kansas","20",2
2024-06-22,"Kentucky","21",9
2024-06-22,"Louisiana","22",3
2024-06-22,"Maine","23",1
2024-06-22,"Maryland","24",8
2024-06-22,"Massachusetts","25",9
2024-06-22,"Michigan","26",14
2024-06-22,"Minnesota","27",5
2024-06-22,"Mississippi","28",8
2024-06-22,"Missouri","29",7
2024-06-22,"Montana","30",1
2024-06-22,"Nebraska","31",2
2024-06-22,"Nevada","32",6
2024-06-22,"New Hampshire","33",1
2024-06-22,"New Jersey","34",13
2024-06-22,"New Mexico","35",3
2024-06-22,"North Carolina","37",10
2024-06-22,"North Dakota","38",0
2024-06-22,"Ohio","39",10
2024-06-22,"Oklahoma","40",4
2024-06-22,"Oregon","41",2
2024-06-22,"Pennsylvania","42",13
2024-06-22,"Rhode Island","44",0
2024-06-22,"South Carolina","45",6
2024-06-22,"South Dakota","46",0
2024-06-22,"Tennessee","47",6
2024-06-22,"Texas","48",30
2024-06-22,"Utah","49",3
2024-06-22,"Vermont","50",0
2024-06-22,"Virginia","51",8
2024-06-22,"Washington","53",14
2024-06-22,"West Virginia","54",5
2024-06-22,"Wisconsin","55",3
2024-06-22,"Wyoming","56",1
2024-06-22,"New York","36",18
2024-06-22,"US","US",432
2024-06-29,"Alabama","01",5
2024-06-29,"Alaska","02",1
2024-06-29,"Arizona","04",20
2024-06-29,"Arkansas","05",1
2024-06-29,"California","06",58
2024-06-29,"Colorado","08",11
2024-06-29,"Connecticut","09",4
2024-06-29,"Delaware","10",1
2024-06-29,"District of Columbia","11",0
2024-06-29,"Florida","12",47
2024-06-29,"Georgia","13",11
2024-06-29,"Hawaii","15",13
2024-06-29,"Idaho","16",4
2024-06-29,"Illinois","17",8
2024-06-29,"Indiana","18",9
2024-06-29,"Iowa","19",5
2024-06-29,"Kansas","20",5
2024-06-29,"Kentucky","21",15
2024-06-29,"Louisiana","22",2
2024-06-29,"Maine","23",1
2024-06-29,"Maryland","24",7
2024-06-29,"Massachusetts","25",9
2024-06-29,"Michigan","26",9
2024-06-29,"Minnesota","27",6
2024-06-29,"Mississippi","28",4
2024-06-29,"Missouri","29",8
2024-06-29,"Montana","30",1
2024-06-29,"Nebraska","31",3
2024-06-29,"Nevada","32",5
2024-06-29,"New Hampshire","33",1
2024-06-29,"New Jersey","34",12
2024-06-29,"New Mexico","35",5
2024-06-29,"North Carolina","37",11
2024-06-29,"North Dakota","38",0
2024-06-29,"Ohio","39",16
2024-06-29,"Oklahoma","40",11
2024-06-29,"Oregon","41",7
2024-06-29,"Pennsylvania","42",11
2024-06-29,"Rhode Island","44",2
2024-06-29,"South Carolina","45",7
2024-06-29,"South Dakota","46",1
2024-06-29,"Tennessee","47",8
2024-06-29,"Texas","48",30
2024-06-29,"Utah","49",4
2024-06-29,"Vermont","50",0
2024-06-29,"Virginia","51",2
2024-06-29,"Washington","53",12
2024-06-29,"West Virginia","54",1
2024-06-29,"Wisconsin","55",5
2024-06-29,"Wyoming","56",0
2024-06-29,"New York","36",24
2024-06-29,"US","US",443
2024-07-06,"Alabama","01",9
2024-07-06,"Alaska","02",1
2024-07-06,"Arizona","04",21
2024-07-06,"Arkansas","05",8
2024-07-06,"California","06",73
2024-07-06,"Colorado","08",7
2024-07-06,"Connecticut","09",5
2024-07-06,"Delaware","10",1
2024-07-06,"District of Columbia","11",1
2024-07-06,"Florida","12",69
2024-07-06,"Georgia","13",15
2024-07-06,"Hawaii","15",13
2024-07-06,"Idaho","16",2
2024-07-06,"Illinois","17",11
2024-07-06,"Indiana","18",4
2024-07-06,"Iowa","19",3
2024-07-06,"Kansas","20",3
2024-07-06,"Kentucky","21",8
2024-07-06,"Louisiana","22",2
2024-07-06,"Maine","23",2
2024-07-06,"Maryland","24",8
2024-07-06,"Massachusetts","25",18
2024-07-06,"Michigan","26",14
2024-07-06,"Minnesota","27",6
2024-07-06,"Mississippi","28",8
2024-07-06,"Missouri","29",8
2024-07-06,"Montana","30",3
2024-07-06,"Nebraska","31",3
2024-07-06,"Nevada","32",9
2024-07-06,"New Hampshire","33",2
2024-07-06,"New Jersey","34",9
2024-07-06,"New Mexico","35",6
2024-07-06,"North Carolina","37",16
2024-07-06,"North Dakota","38",0
2024-07-06,"Ohio","39",9
2024-07-06,"Oklahoma","40",2
2024-07-06,"Oregon","41",10
2024-07-06,"Pennsylvania","42",11
2024-07-06,"Rhode Island","44",3
2024-07-06,"South Carolina","45",13
2024-07-06,"South Dakota","46",4
2024-07-06,"Tennessee","47",10
2024-07-06,"Texas","48",28
2024-07-06,"Utah","49",7
2024-07-06,"Vermont","50",0
2024-07-06,"Virginia","51",9
2024-07-06,"Washington","53",21
2024-07-06,"West Virginia","54",0
2024-07-06,"Wisconsin","55",8
2024-07-06,"Wyoming","56",0
2024-07-06,"New York","36",30
2024-07-06,"US","US",533
2024-07-13,"Alabama","01",8
2024-07-13,"Alaska","02",1
2024-07-13,"Arizona","04",15
2024-07-13,"Arkansas","05",3
2024-07-13,"California","06",66
2024-07-13,"Colorado","08",9
2024-07-13,"Connecticut","09",5
2024-07-13,"Delaware","10",3
2024-07-13,"District of Columbia","11",2
2024-07-13,"Florida","12",91
2024-07-13,"Georgia","13",11
2024-07-13,"Hawaii","15",4
2024-07-13,"Idaho","16",0
2024-07-13,"Illinois","17",14
2024-07-13,"Indiana","18",6
2024-07-13,"Iowa","19",1
2024-07-13,"Kansas","20",4
2024-07-13,"Kentucky","21",13
2024-07-13,"Louisiana","22",6
2024-07-13,"Maine","23",1
2024-07-13,"Maryland","24",19
2024-07-13,"Massachusetts","25",9
2024-07-13,"Michigan","26",13
2024-07-13,"Minnesota","27",10
2024-07-13,"Mississippi","28",14
2024-07-13,"Missouri","29",10
2024-07-13,"Montana","30",0
2024-07-13,"Nebraska","31",2
2024-07-13,"Nevada","32",9
2024-07-13,"New Hampshire","33",2
2024-07-13,"New Jersey","34",12
2024-07-13,"New Mexico","35",4
2024-07-13,"North Carolina","37",17
2024-07-13,"North Dakota","38",2
2024-07-13,"Ohio","39",17
2024-07-13,"Oklahoma","40",5
2024-07-13,"Oregon","41",15
2024-07-13,"Pennsylvania","42",24
2024-07-13,"Rhode Island","44",2
2024-07-13,"South Carolina","45",9
2024-07-13,"South Dakota","46",4
2024-07-13,"Tennessee","47",12
2024-07-13,"Texas","48",45
2024-07-13,"Utah","49",3
2024-07-13,"Vermont","50",1
2024-07-13,"Virginia","51",7
2024-07-13,"Washington","53",16
2024-07-13,"West Virginia","54",3
2024-07-13,"Wisconsin","55",9
2024-07-13,"Wyoming","56",3
2024-07-13,"New York","36",32
2024-07-13,"US","US",593
2024-07-20,"Alabama","01",15
2024-07-20,"Alaska","02",1
2024-07-20,"Arizona","04",14
2024-07-20,"Arkansas","05",7
2024-07-20,"California","06",95
2024-07-20,"Colorado","08",12
2024-07-20,"Connecticut","09",9
2024-07-20,"Delaware","10",2
2024-07-20,"District of Columbia","11",1
2024-07-20,"Florida","12",113
2024-07-20,"Georgia","13",16
2024-07-20,"Hawaii","15",6
2024-07-20,"Idaho","16",1
2024-07-20,"Illinois","17",11
2024-07-20,"Indiana","18",10
2024-07-20,"Iowa","19",3
2024-07-20,"Kansas","20",2
2024-07-20,"Kentucky","21",12
2024-07-20,"Louisiana","22",7
2024-07-20,"Maine","23",3
2024-07-20,"Maryland","24",13
2024-07-20,"Massachusetts","25",23
2024-07-20,"Michigan","26",9
2024-07-20,"Minnesota","27",9
2024-07-20,"Mississippi","28",11
2024-07-20,"Missouri","29",9
2024-07-20,"Montana","30",3
2024-07-20,"Nebraska","31",5
2024-07-20,"Nevada","32",10
2024-07-20,"New Hampshire","33",3
2024-07-20,"New Jersey","34",29
2024-07-20,"New Mexico","35",3
2024-07-20,"North Carolina","37",24
2024-07-20,"North Dakota","38",1
2024-07-20,"Ohio","39",23
2024-07-20,"Oklahoma","40",7
2024-07-20,"Oregon","41",14
2024-07-20,"Pennsylvania","42",17
2024-07-20,"Rhode Island","44",0
2024-07-20,"South Carolina","45",10
2024-07-20,"South Dakota","46",1
2024-07-20,"Tennessee","47",16
2024-07-20,"Texas","48",55
2024-07-20,"Utah","49",3
2024-07-20,"Vermont","50",3
2024-07-20,"Virginia","51",15
2024-07-20,"Washington","53",20
2024-07-20,"West Virginia","54",0
2024-07-20,"Wisconsin","55",8
2024-07-20,"Wyoming","56",3
2024-07-20,"New York","36",48
2024-07-20,"US","US",735
2024-07-27,"Alabama","01",15
2024-07-27,"Alaska","02",3
2024-07-27,"Arizona","04",19
2024-07-27,"Arkansas","05",4
2024-07-27,"California","06",88
2024-07-27,"Colorado","08",20
2024-07-27,"Connecticut","09",10
2024-07-27,"Delaware","10",1
2024-07-27,"District of Columbia","11",2
2024-07-27,"Florida","12",113
2024-07-27,"Georgia","13",15
2024-07-27,"Hawaii","15",15
2024-07-27,"Idaho","16",2
2024-07-27,"Illinois","17",22
2024-07-27,"Indiana","18",14
2024-07-27,"Iowa","19",5
2024-07-27,"Kansas","20",3
2024-07-27,"Kentucky","21",16
2024-07-27,"Louisiana","22",16
2024-07-27,"Maine","23",3
2024-07-27,"Maryland","24",13
2024-07-27,"Massachusetts","25",13
2024-07-27,"Michigan","26",17
2024-07-27,"Minnesota","27",11
2024-07-27,"Mississippi","28",16
2024-07-27,"Missouri","29",10
2024-07-27,"Montana","30",8
2024-07-27,"Nebraska","31",3
2024-07-27,"Nevada","32",4
2024-07-27,"New Hampshire","33",0
2024-07-27,"New Jersey","34",26
2024-07-27,"New Mexico","35",4
2024-07-27,"North Carolina","37",28
2024-07-27,"North Dakota","38",0
2024-07-27,"Ohio","39",34
2024-07-27,"Oklahoma","40",14
2024-07-27,"Oregon","41",14
2024-07-27,"Pennsylvania","42",37
2024-07-27,"Rhode Island","44",0
2024-07-27,"South Carolina","45",16
2024-07-27,"South Dakota","46",3
2024-07-27,"Tennessee","47",19
2024-07-27,"Texas","48",67
2024-07-27,"Utah","49",1
2024-07-27,"Vermont","50",0
2024-07-27,"Virginia","51",19
2024-07-27,"Washington","53",25
2024-07-27,"West Virginia","54",3
2024-07-27,"Wisconsin","55",10
2024-07-27,"Wyoming","56",3
2024-07-27,"New York","36",53
2024-07-27,"US","US",857
2024-08-03,"Alabama","01",15
2024-08-03,"Alaska","02",2
2024-08-03,"Arizona","04",17
2024-08-03,"Arkansas","05",4
2024-08-03,"California","06",121
2024-08-03,"Colorado","08",18
2024-08-03,"Connecticut","09",8
2024-08-03,"Delaware","10",5
2024-08-03,"District of Columbia","11",1
2024-08-03,"Florida","12",136
2024-08-03,"Georgia","13",29
2024-08-03,"Hawaii","15",9
2024-08-03,"Idaho","16",2
2024-08-03,"Illinois","17",29
2024-08-03,"Indiana","18",13
2024-08-03,"Iowa","19",8
2024-08-03,"Kansas","20",7
2024-08-03,"Kentucky","21",10
2024-08-03,"Louisiana","22",19
2024-08-03,"Maine","23",4
2024-08-03,"Maryland","24",23
2024-08-03,"Massachusetts","25",20
2024-08-03,"Michigan","26",23
2024-08-03,"Minnesota","27",21
2024-08-03,"Mississippi","28",15
2024-08-03,"Missouri","29",18
2024-08-03,"Montana","30",3
2024-08-03,"Nebraska","31",6
2024-08-03,"Nevada","32",8
2024-08-03,"New Hampshire","33",2
2024-08-03,"New Jersey","34",22
2024-08-03,"New Mexico","35",12
2024-08-03,"North Carolina","37",22
2024-08-03,"North Dakota","38",1
2024-08-03,"Ohio","39",27
2024-08-03,"Oklahoma","40",22
2024-08-03,"Oregon","41",12
2024-08-03,"Pennsylvania","42",25
2024-08-03,"Rhode Island","44",6
2024-08-03,"South Carolina","45",19
2024-08-03,"South Dakota","46",2
2024-08-03,"Tennessee","47",14
2024-08-03,"Texas","48",86
2024-08-03,"Utah","49",6
2024-08-03,"Vermont","50",2
2024-08-03,"Virginia","51",16
2024-08-03,"Washington","53",24
2024-08-03,"West Virginia","54",7
2024-08-03,"Wisconsin","55",8
2024-08-03,"Wyoming","56",3
2024-08-03,"New York","36",52
2024-08-03,"US","US",984
2024-08-10,"Alabama","01",20
2024-08-10,"Alaska","02",2
2024-08-10,"Arizona","04",16
2024-08-10,"Arkansas","05",12
2024-08-10,"California","06",117
2024-08-10,"Colorado","08",12
2024-08-10,"Connecticut","09",11
2024-08-10,"Delaware","10",4
2024-08-10,"District of Columbia","11",1
2024-08-10,"Florida","12",118
2024-08-10,"Georgia","13",36
2024-08-10,"Hawaii","15",5
2024-08-10,"Idaho","16",5
2024-08-10,"Illinois","17",32
2024-08-10,"Indiana","18",16
2024-08-10,"Iowa","19",14
2024-08-10,"Kansas","20",11
2024-08-10,"Kentucky","21",15
2024-08-10,"Louisiana","22",17
2024-08-10,"Maine","23",6
2024-08-10,"Maryland","24",16
2024-08-10,"Massachusetts","25",22
2024-08-10,"Michigan","26",23
2024-08-10,"Minnesota","27",10
2024-08-10,"Mississippi","28",19
2024-08-10,"Missouri","29",21
2024-08-10,"Montana","30",4
2024-08-10,"Nebraska","31",2
2024-08-10,"Nevada","32",6
2024-08-10,"New Hampshire","33",9
2024-08-10,"New Jersey","34",31
2024-08-10,"New Mexico","35",8
2024-08-10,"North Carolina","37",27
2024-08-10,"North Dakota","38",0
2024-08-10,"Ohio","39",31
2024-08-10,"Oklahoma","40",23
2024-08-10,"Oregon","41",17
2024-08-10,"Pennsylvania","42",35
2024-08-10,"Rhode Island","44",7
2024-08-10,"South Carolina","45",13
2024-08-10,"South Dakota","46",2
2024-08-10,"Tennessee","47",35
2024-08-10,"Texas","48",85
2024-08-10,"Utah","49",5
2024-08-10,"Vermont","50",7
2024-08-10,"Virginia","51",31
2024-08-10,"Washington","53",20
2024-08-10,"West Virginia","54",10
2024-08-10,"Wisconsin","55",16
2024-08-10,"Wyoming","56",3
2024-08-10,"New York","36",61
2024-08-10,"US","US",1069
2024-08-17,"Alabama","01",17
2024-08-17,"Alaska","02",3
2024-08-17,"Arizona","04",15
2024-08-17,"Arkansas","05",10
2024-08-17,"California","06",121
2024-08-17,"Colorado","08",8
2024-08-17,"Connecticut","09",15
2024-08-17,"Delaware","10",5
2024-08-17,"District of Columbia","11",0
2024-08-17,"Florida","12",121
2024-08-17,"Georgia","13",32
2024-08-17,"Hawaii","15",10
2024-08-17,"Idaho","16",3
2024-08-17,"Illinois","17",40
2024-08-17,"Indiana","18",24
2024-08-17,"Iowa","19",14
2024-08-17,"Kansas","20",5
2024-08-17,"Kentucky","21",20
2024-08-17,"Louisiana","22",23
2024-08-17,"Maine","23",7
2024-08-17,"Maryland","24",22
2024-08-17,"Massachusetts","25",21
2024-08-17,"Michigan","26",17
2024-08-17,"Minnesota","27",25
2024-08-17,"Mississippi","28",21
2024-08-17,"Missouri","29",23
2024-08-17,"Montana","30",1
2024-08-17,"Nebraska","31",7
2024-08-17,"Nevada","32",8
2024-08-17,"New Hampshire","33",8
2024-08-17,"New Jersey","34",21
2024-08-17,"New Mexico","35",5
2024-08-17,"North Carolina","37",50
2024-08-17,"North Dakota","38",3
2024-08-17,"Ohio","39",27
2024-08-17,"Oklahoma","40",19
2024-08-17,"Oregon","41",19
2024-08-17,"Pennsylvania","42",32
2024-08-17,"Rhode Island","44",5
2024-08-17,"South Carolina","45",18
2024-08-17,"South Dakota","46",2
2024-08-17,"Tennessee","47",22
2024-08-17,"Texas","48",78
2024-08-17,"Utah","49",4
2024-08-17,"Vermont","50",4
2024-08-17,"Virginia","51",26
2024-08-17,"Washington","53",28
2024-08-17,"West Virginia","54",5
2024-08-17,"Wisconsin","55",11
2024-08-17,"Wyoming","56",1
2024-08-17,"New York","36",56
2024-08-17,"US","US",1082
2024-08-24,"Alabama","01",24
2024-08-24,"Alaska","02",2
2024-08-24,"Arizona","04",16
2024-08-24,"Arkansas","05",15
2024-08-24,"California","06",147
2024-08-24,"Colorado","08",14
2024-08-24,"Connecticut","09",22
2024-08-24,"Delaware","10",4
2024-08-24,"District of Columbia","11",0
2024-08-24,"Florida","12",113
2024-08-24,"Georgia","13",34
2024-08-24,"Hawaii","15",8
2024-08-24,"Idaho","16",9
2024-08-24,"Illinois","17",47
2024-08-24,"Indiana","18",23
2024-08-24,"Iowa","19",16
2024-08-24,"Kansas","20",12
2024-08-24,"Kentucky","21",27
2024-08-24,"Louisiana","22",29
2024-08-24,"Maine","23",9
2024-08-24,"Maryland","24",26
2024-08-24,"Massachusetts","25",27
2024-08-24,"Michigan","26",28
2024-08-24,"Minnesota","27",21
2024-08-24,"Mississippi","28",20
2024-08-24,"Missouri","29",20
2024-08-24,"Montana","30",2
2024-08-24,"Nebraska","31",5
2024-08-24,"Nevada","32",8
2024-08-24,"New Hampshire","33",7
2024-08-24,"New Jersey","34",24
2024-08-24,"New Mexico","35",5
2024-08-24,"North Carolina","37",39
2024-08-24,"North Dakota","38",2
2024-08-24,"Ohio","39",47
2024-08-24,"Oklahoma","40",20
2024-08-24,"Oregon","41",14
2024-08-24,"Pennsylvania","42",54
2024-08-24,"Rhode Island","44",8
2024-08-24,"South Carolina","45",19
2024-08-24,"South Dakota","46",5
2024-08-24,"Tennessee","47",28
2024-08-24,"Texas","48",90
2024-08-24,"Utah","49",3
2024-08-24,"Vermont","50",7
2024-08-24,"Virginia","51",37
2024-08-24,"Washington","53",23
2024-08-24,"West Virginia","54",12
2024-08-24,"Wisconsin","55",15
2024-08-24,"Wyoming","56",6
2024-08-24,"New York","36",60
2024-08-24,"US","US",1253
2024-08-31,"Alabama","01",28
2024-08-31,"Alaska","02",1
2024-08-31,"Arizona","04",17
2024-08-31,"Arkansas","05",10
2024-08-31,"California","06",146
2024-08-31,"Colorado","08",23
2024-08-31,"Connecticut","09",18
2024-08-31,"Delaware","10",2
2024-08-31,"District of Columbia","11",3
2024-08-31,"Florida","12",116
2024-08-31,"Georgia","13",44
2024-08-31,"Hawaii","15",7
2024-08-31,"Idaho","16",8
2024-08-31,"Illinois","17",40
2024-08-31,"Indiana","18",31
2024-08-31,"Iowa","19",19
2024-08-31,"Kansas","20",14
2024-08-31,"Kentucky","21",39
2024-08-31,"Louisiana","22",12
2024-08-31,"Maine","23",7
2024-08-31,"Maryland","24",29
2024-08-31,"Massachusetts","25",25
2024-08-31,"Michigan","26",34
2024-08-31,"Minnesota","27",19
2024-08-31,"Mississippi","28",20
2024-08-31,"Missouri","29",27
2024-08-31,"Montana","30",5
2024-08-31,"Nebraska","31",10
2024-08-31,"Nevada","32",9
2024-08-31,"New Hampshire","33",5
2024-08-31,"New Jersey","34",26
2024-08-31,"New Mexico","35",9
2024-08-31,"North Carolina","37",63
2024-08-31,"North Dakota","38",3
2024-08-31,"Ohio","39",35
2024-08-31,"Oklahoma","40",21
2024-08-31,"Oregon","41",9
2024-08-31,"Pennsylvania","42",64
2024-08-31,"Rhode Island","44",6
2024-08-31,"South Carolina","45",25
2024-08-31,"South Dakota","46",3
2024-08-31,"Tennessee","47",47
2024-08-31,"Texas","48",86
2024-08-31,"Utah","49",7
2024-08-31,"Vermont","50",6
2024-08-31,"Virginia","51",43
2024-08-31,"Washington","53",28
2024-08-31,"West Virginia","54",13
2024-08-31,"Wisconsin","55",22
2024-08-31,"Wyoming","56",2
2024-08-31,"New York","36",72
2024-08-31,"US","US",1358
2024-09-07,"Alabama","01",25
2024-09-07,"Alaska","02",1
2024-09-07,"Arizona","04",18
2024-09-07,"Arkansas","05",17
2024-09-07,"California","06",132
2024-09-07,"Colorado","08",16
2024-09-07,"Connecticut","09",16
2024-09-07,"Delaware","10",5
2024-09-07,"District of Columbia","11",3
2024-09-07,"Florida","12",93
2024-09-07,"Georgia","13",41
2024-09-07,"Hawaii","15",4
2024-09-07,"Idaho","16",12
2024-09-07,"Illinois","17",40
2024-09-07,"Indiana","18",24
2024-09-07,"Iowa","19",11
2024-09-07,"Kansas","20",8
2024-09-07,"Kentucky","21",28
2024-09-07,"Louisiana","22",10
2024-09-07,"Maine","23",9
2024-09-07,"Maryland","24",26
2024-09-07,"Massachusetts","25",25
2024-09-07,"Michigan","26",33
2024-09-07,"Minnesota","27",14
2024-09-07,"Mississippi","28",19
2024-09-07,"Missouri","29",26
2024-09-07,"Montana","30",8
2024-09-07,"Nebraska","31",4
2024-09-07,"Nevada","32",6
2024-09-07,"New Hampshire","33",9
2024-09-07,"New Jersey","34",16
2024-09-07,"New Mexico","35",15
2024-09-07,"North Carolina","37",53
2024-09-07,"North Dakota","38",2
2024-09-07,"Ohio","39",55
2024-09-07,"Oklahoma","40",15
2024-09-07,"Oregon","41",14
2024-09-07,"Pennsylvania","42",62
2024-09-07,"Rhode Island","44",2
2024-09-07,"South Carolina","45",32
2024-09-07,"South Dakota","46",2
2024-09-07,"Tennessee","47",38
2024-09-07,"Texas","48",75
2024-09-07,"Utah","49",3
2024-09-07,"Vermont","50",3
2024-09-07,"Virginia","51",41
2024-09-07,"Washington","53",23
2024-09-07,"West Virginia","54",13
2024-09-07,"Wisconsin","55",17
2024-09-07,"Wyoming","56",2
2024-09-07,"New York","36",62
2024-09-07,"US","US",1228
2024-09-14,"Alabama","01",24
2024-09-14,"Alaska","02",0
2024-09-14,"Arizona","04",15
2024-09-14,"Arkansas","05",12
2024-09-14,"California","06",112
2024-09-14,"Colorado","08",19
2024-09-14,"Connecticut","09",12
2024-09-14,"Delaware","10",2
2024-09-14,"District of Columbia","11",0
2024-09-14,"Florida","12",85
2024-09-14,"Georgia","13",32
2024-09-14,"Hawaii","15",7
2024-09-14,"Idaho","16",4
2024-09-14,"Illinois","17",43
2024-09-14,"Indiana","18",33
2024-09-14,"Iowa","19",21
2024-09-14,"Kansas","20",14
2024-09-14,"Kentucky","21",35
2024-09-14,"Louisiana","22",13
2024-09-14,"Maine","23",8
2024-09-14,"Maryland","24",28
2024-09-14,"Massachusetts","25",24
2024-09-14,"Michigan","26",32
2024-09-14,"Minnesota","27",20
2024-09-14,"Mississippi","28",23
2024-09-14,"Missouri","29",38
2024-09-14,"Montana","30",3
2024-09-14,"Nebraska","31",10
2024-09-14,"Nevada","32",2
2024-09-14,"New Hampshire","33",6
2024-09-14,"New Jersey","34",21
2024-09-14,"New Mexico","35",3
2024-09-14,"North Carolina","37",78
2024-09-14,"North Dakota","38",2
2024-09-14,"Ohio","39",50
2024-09-14,"Oklahoma","40",22
2024-09-14,"Oregon","41",17
2024-09-14,"Pennsylvania","42",70
2024-09-14,"Rhode Island","44",2
2024-09-14,"South Carolina","45",27
2024-09-14,"South Dakota","46",3
2024-09-14,"Tennessee","47",34
2024-09-14,"Texas","48",61
2024-09-14,"Utah","49",6
2024-09-14,"Vermont","50",5
2024-09-14,"Virginia","51",35
2024-09-14,"Washington","53",22
2024-09-14,"West Virginia","54",17
2024-09-14,"Wisconsin","55",19
2024-09-14,"Wyoming","56",2
2024-09-14,"New York","36",69
2024-09-14,"US","US",1242
2024-09-21,"Alabama","01",18
2024-09-21,"Alaska","02",4
2024-09-21,"Arizona","04",11
2024-09-21,"Arkansas","05",12
2024-09-21,"California","06",102
2024-09-21,"Colorado","08",14
2024-09-21,"Connecticut","09",7
2024-09-21,"Delaware","10",5
2024-09-21,"District of Columbia","11",1
2024-09-21,"Florida","12",71
2024-09-21,"Georgia","13",25
2024-09-21,"Hawaii","15",4
2024-09-21,"Idaho","16",10
2024-09-21,"Illinois","17",42
2024-09-21,"Indiana","18",33
2024-09-21,"Iowa","19",12
2024-09-21,"Kansas","20",12
2024-09-21,"Kentucky","21",19
2024-09-21,"Louisiana","22",7
2024-09-21,"Maine","23",8
2024-09-21,"Maryland","24",24
2024-09-21,"Massachusetts","25",20
2024-09-21,"Michigan","26",36
2024-09-21,"Minnesota","27",25
2024-09-21,"Mississippi","28",18
2024-09-21,"Missouri","29",31
2024-09-21,"Montana","30",4
2024-09-21,"Nebraska","31",7
2024-09-21,"Nevada","32",10
2024-09-21,"New Hampshire","33",7
2024-09-21,"New Jersey","34",21
2024-09-21,"New Mexico","35",9
2024-09-21,"North Carolina","37",47
2024-09-21,"North Dakota","38",5
2024-09-21,"Ohio","39",54
2024-09-21,"Oklahoma","40",14
2024-09-21,"Oregon","41",20
2024-09-21,"Pennsylvania","42",57
2024-09-21,"Rhode Island","44",2
2024-09-21,"South Carolina","45",14
2024-09-21,"South Dakota","46",3
2024-09-21,"Tennessee","47",25
2024-09-21,"Texas","48",47
2024-09-21,"Utah","49",8
2024-09-21,"Vermont","50",4
2024-09-21,"Virginia","51",33
2024-09-21,"Washington","53",23
2024-09-21,"West Virginia","54",24
2024-09-21,"Wisconsin","55",18
2024-09-21,"Wyoming","56",1
2024-09-21,"New York","36",74
2024-09-21,"US","US",1102
2024-09-28,"Alabama","01",15
2024-09-28,"Alaska","02",0
2024-09-28,"Arizona","04",17
2024-09-28,"Arkansas","05",14
2024-09-28,"California","06",92
2024-09-28,"Colorado","08",12
2024-09-28,"Connecticut","09",12
2024-09-28,"Delaware","10",7
2024-09-28,"District of Columbia","11",1
2024-09-28,"Florida","12",73
2024-09-28,"Georgia","13",30
2024-09-28,"Hawaii","15",2
2024-09-28,"Idaho","16",6
2024-09-28,"Illinois","17",31
2024-09-28,"Indiana","18",25
2024-09-28,"Iowa","19",18
2024-09-28,"Kansas","20",14
2024-09-28,"Kentucky","21",35
2024-09-28,"Louisiana","22",10
2024-09-28,"Maine","23",6
2024-09-28,"Maryland","24",27
2024-09-28,"Massachusetts","25",28
2024-09-28,"Michigan","26",41
2024-09-28,"Minnesota","27",26
2024-09-28,"Mississippi","28",12
2024-09-28,"Missouri","29",16
2024-09-28,"Montana","30",2
2024-09-28,"Nebraska","31",12
2024-09-28,"Nevada","32",6
2024-09-28,"New Hampshire","33",10
2024-09-28,"New Jersey","34",24
2024-09-28,"New Mexico","35",6
2024-09-28,"North Carolina","37",34
2024-09-28,"North Dakota","38",0
2024-09-28,"Ohio","39",43
2024-09-28,"Oklahoma","40",21
2024-09-28,"Oregon","41",18
2024-09-28,"Pennsylvania","42",55
2024-09-28,"Rhode Island","44",1
2024-09-28,"South Carolina","45",32
2024-09-28,"South Dakota","46",7
2024-09-28,"Tennessee","47",25
2024-09-28,"Texas","48",37
2024-09-28,"Utah","49",9
2024-09-28,"Vermont","50",3
2024-09-28,"Virginia","51",28
2024-09-28,"Washington","53",18
2024-09-28,"West Virginia","54",14
2024-09-28,"Wisconsin","55",14
2024-09-28,"Wyoming","56",1
2024-09-28,"New York","36",44
2024-09-28,"US","US",1034
2024-10-05,"Alabama","01",18
2024-10-05,"Alaska","02",3
2024-10-05,"Arizona","04",16
2024-10-05,"Arkansas","05",14
2024-10-05,"California","06",84
2024-10-05,"Colorado","08",20
2024-10-05,"Connecticut","09",14
2024-10-05,"Delaware","10",8
2024-10-05,"District of Columbia","11",0
2024-10-05,"Florida","12",60
2024-10-05,"Georgia","13",13
2024-10-05,"Hawaii","15",3
2024-10-05,"Idaho","16",4
2024-10-05,"Illinois","17",31
2024-10-05,"Indiana","18",13
2024-10-05,"Iowa","19",16
2024-10-05,"Kansas","20",11
2024-10-05,"Kentucky","21",24
2024-10-05,"Louisiana","22",9
2024-10-05,"Maine","23",9
2024-10-05,"Maryland","24",25
2024-10-05,"Massachusetts","25",15
2024-10-05,"Michigan","26",37
2024-10-05,"Minnesota","27",14
2024-10-05,"Mississippi","28",12
2024-10-05,"Missouri","29",20
2024-10-05,"Montana","30",4
2024-10-05,"Nebraska","31",17
2024-10-05,"Nevada","32",9
2024-10-05,"New Hampshire","33",7
2024-10-05,"New Jersey","34",16
2024-10-05,"New Mexico","35",9
2024-10-05,"North Carolina","37",31
2024-10-05,"North Dakota","38",1
2024-10-05,"Ohio","39",39
2024-10-05,"Oklahoma","40",20
2024-10-05,"Oregon","41",11
2024-10-05,"Pennsylvania","42",64
2024-10-05,"Rhode Island","44",3
2024-10-05,"South Carolina","45",14
2024-10-05,"South Dakota","46",7
2024-10-05,"Tennessee","47",19
2024-10-05,"Texas","48",49
2024-10-05,"Utah","49",3
2024-10-05,"Vermont","50",12
2024-10-05,"Virginia","51",31
2024-10-05,"Washington","53",19
2024-10-05,"West Virginia","54",17
2024-10-05,"Wisconsin","55",17
2024-10-05,"Wyoming","56",5
2024-10-05,"New York","36",57
2024-10-05,"US","US",974
2024-10-12,"Alabama","01",11
2024-10-12,"Alaska","02",1
2024-10-12,"Arizona","04",13
2024-10-12,"Arkansas","05",5
2024-10-12,"California","06",75
2024-10-12,"Colorado","08",19
2024-10-12,"Connecticut","09",10
2024-10-12,"Delaware","10",6
2024-10-12,"District of Columbia","11",0
2024-10-12,"Florida","12",50
2024-10-12,"Georgia","13",13
2024-10-12,"Hawaii","15",4
2024-10-12,"Idaho","16",9
2024-10-12,"Illinois","17",34
2024-10-12,"Indiana","18",20
2024-10-12,"Iowa","19",13
2024-10-12,"Kansas","20",5
2024-10-12,"Kentucky","21",19
2024-10-12,"Louisiana","22",6
2024-10-12,"Maine","23",8
2024-10-12,"Maryland","24",17
2024-10-12,"Massachusetts","25",14
2024-10-12,"Michigan","26",32
2024-10-12,"Minnesota","27",16
2024-10-12,"Mississippi","28",9
2024-10-12,"Missouri","29",21
2024-10-12,"Montana","30",6
2024-10-12,"Nebraska","31",8
2024-10-12,"Nevada","32",4
2024-10-12,"New Hampshire","33",7
2024-10-12,"New Jersey","34",20
2024-10-12,"New Mexico","35",9
2024-10-12,"North Carolina","37",23
2024-10-12,"North Dakota","38",3
2024-10-12,"Ohio","39",38
2024-10-12,"Oklahoma","40",13
2024-10-12,"Oregon","41",19
2024-10-12,"Pennsylvania","42",44
2024-10-12,"Rhode Island","44",1
2024-10-12,"South Carolina","45",9
2024-10-12,"South Dakota","46",3
2024-10-12,"Tennessee","47",19
2024-10-12,"Texas","48",46
2024-10-12,"Utah","49",4
2024-10-12,"Vermont","50",2
2024-10-12,"Virginia","51",16
2024-10-12,"Washington","53",25
2024-10-12,"West Virginia","54",9
2024-10-12,"Wisconsin","55",5
2024-10-12,"Wyoming","56",2
2024-10-12,"New York","36",42
2024-10-12,"US","US",807
2024-10-19,"Alabama","01",14
2024-10-19,"Alaska","02",0
2024-10-19,"Arizona","04",17
2024-10-19,"Arkansas","05",3
2024-10-19,"California","06",46
2024-10-19,"Colorado","08",12
2024-10-19,"Connecticut","09",12
2024-10-19,"Delaware","10",8
2024-10-19,"District of Columbia","11",2
2024-10-19,"Florida","12",58
2024-10-19,"Georgia","13",19
2024-10-19,"Hawaii","15",0
2024-10-19,"Idaho","16",9
2024-10-19,"Illinois","17",21
2024-10-19,"Indiana","18",10
2024-10-19,"Iowa","19",8
2024-10-19,"Kansas","20",7
2024-10-19,"Kentucky","21",16
2024-10-19,"Louisiana","22",3
2024-10-19,"Maine","23",7
2024-10-19,"Maryland","24",9
2024-10-19,"Massachusetts","25",21
2024-10-19,"Michigan","26",39
2024-10-19,"Minnesota","27",19
2024-10-19,"Mississippi","28",13
2024-10-19,"Missouri","29",20
2024-10-19,"Montana","30",4
2024-10-19,"Nebraska","31",3
2024-10-19,"Nevada","32",3
2024-10-19,"New Hampshire","33",1
2024-10-19,"New Jersey","34",14
2024-10-19,"New Mexico","35",8
2024-10-19,"North Carolina","37",23
2024-10-19,"North Dakota","38",1
2024-10-19,"Ohio","39",34
2024-10-19,"Oklahoma","40",15
2024-10-19,"Oregon","41",9
2024-10-19,"Pennsylvania","42",46
2024-10-19,"Rhode Island","44",3
2024-10-19,"South Carolina","45",13
2024-10-19,"South Dakota","46",3
2024-10-19,"Tennessee","47",23
2024-10-19,"Texas","48",28
2024-10-19,"Utah","49",1
2024-10-19,"Vermont","50",4
2024-10-19,"Virginia","51",15
2024-10-19,"Washington","53",22
2024-10-19,"West Virginia","54",8
2024-10-19,"Wisconsin","55",18
2024-10-19,"Wyoming","56",3
2024-10-19,"New York","36",43
2024-10-19,"US","US",738
2024-10-26,"Alabama","01",9
2024-10-26,"Alaska","02",0
2024-10-26,"Arizona","04",18
2024-10-26,"Arkansas","05",7
2024-10-26,"California","06",43
2024-10-26,"Colorado","08",11
2024-10-26,"Connecticut","09",8
2024-10-26,"Delaware","10",5
2024-10-26,"District of Columbia","11",1
2024-10-26,"Florida","12",38
2024-10-26,"Georgia","13",15
2024-10-26,"Hawaii","15",3
2024-10-26,"Idaho","16",1
2024-10-26,"Illinois","17",17
2024-10-26,"Indiana","18",25
2024-10-26,"Iowa","19",7
2024-10-26,"Kansas","20",3
2024-10-26,"Kentucky","21",22
2024-10-26,"Louisiana","22",9
2024-10-26,"Maine","23",5
2024-10-26,"Maryland","24",13
2024-10-26,"Massachusetts","25",13
2024-10-26,"Michigan","26",26
2024-10-26,"Minnesota","27",18
2024-10-26,"Mississippi","28",4
2024-10-26,"Missouri","29",12
2024-10-26,"Montana","30",1
2024-10-26,"Nebraska","31",5
2024-10-26,"Nevada","32",7
2024-10-26,"New Hampshire","33",1
2024-10-26,"New Jersey","34",24
2024-10-26,"New Mexico","35",8
2024-10-26,"North Carolina","37",18
2024-10-26,"North Dakota","38",1
2024-10-26,"Ohio","39",33
2024-10-26,"Oklahoma","40",10
2024-10-26,"Oregon","41",14
2024-10-26,"Pennsylvania","42",38
2024-10-26,"Rhode Island","44",1
2024-10-26,"South Carolina","45",9
2024-10-26,"South Dakota","46",1
2024-10-26,"Tennessee","47",12
2024-10-26,"Texas","48",32
2024-10-26,"Utah","49",5
2024-10-26,"Vermont","50",0
2024-10-26,"Virginia","51",15
2024-10-26,"Washington","53",16
2024-10-26,"West Virginia","54",6
2024-10-26,"Wisconsin","55",13
2024-10-26,"Wyoming","56",2
2024-10-26,"New York","36",41
2024-10-26,"US","US",646
2024-11-02,"Alabama","01",7
2024-11-02,"Alaska","02",1
2024-11-02,"Arizona","04",15
2024-11-02,"Arkansas","05",4
2024-11-02,"California","06",36
2024-11-02,"Colorado","08",9
2024-11-02,"Connecticut","09",10
2024-11-02,"Delaware","10",4
2024-11-02,"District of Columbia","11",1
2024-11-02,"Florida","12",30
2024-11-02,"Georgia","13",13
2024-11-02,"Hawaii","15",2
2024-11-02,"Idaho","16",5
2024-11-02,"Illinois","17",22
2024-11-02,"Indiana","18",20
2024-11-02,"Iowa","19",7
2024-11-02,"Kansas","20",4
2024-11-02,"Kentucky","21",11
2024-11-02,"Louisiana","22",4
2024-11-02,"Maine","23",5
2024-11-02,"Maryland","24",14
2024-11-02,"Massachusetts","25",18
2024-11-02,"Michigan","26",18
2024-11-02,"Minnesota","27",16
2024-11-02,"Mississippi","28",5
2024-11-02,"Missouri","29",11
2024-11-02,"Montana","30",3
2024-11-02,"Nebraska","31",1
2024-11-02,"Nevada","32",4
2024-11-02,"New Hampshire","33",3
2024-11-02,"New Jersey","34",16
2024-11-02,"New Mexico","35",4
2024-11-02,"North Carolina","37",18
2024-11-02,"North Dakota","38",0
2024-11-02,"Ohio","39",22
2024-11-02,"Oklahoma","40",8
2024-11-02,"Oregon","41",8
2024-11-02,"Pennsylvania","42",35
2024-11-02,"Rhode Island","44",4
2024-11-02,"South Carolina","45",9
2024-11-02,"South Dakota","46",6
2024-11-02,"Tennessee","47",19
2024-11-02,"Texas","48",21
2024-11-02,"Utah","49",5
2024-11-02,"Vermont","50",2
2024-11-02,"Virginia","51",27
2024-11-02,"Washington","53",19
2024-11-02,"West Virginia","54",9
2024-11-02,"Wisconsin","55",18
2024-11-02,"Wyoming","56",3
2024-11-02,"New York","36",46
2024-11-02,"US","US",602
2024-11-09,"Alabama","01",6
2024-11-09,"Alaska","02",1
2024-11-09,"Arizona","04",14
2024-11-09,"Arkansas","05",10
2024-11-09,"California","06",35
2024-11-09,"Colorado","08",10
2024-11-09,"Connecticut","09",5
2024-11-09,"Delaware","10",3
2024-11-09,"District of Columbia","11",1
2024-11-09,"Florida","12",32
2024-11-09,"Georgia","13",15
2024-11-09,"Hawaii","15",1
2024-11-09,"Idaho","16",1
2024-11-09,"Illinois","17",15
2024-11-09,"Indiana","18",10
2024-11-09,"Iowa","19",9
2024-11-09,"Kansas","20",5
2024-11-09,"Kentucky","21",10
2024-11-09,"Louisiana","22",4
2024-11-09,"Maine","23",7
2024-11-09,"Maryland","24",20
2024-11-09,"Massachusetts","25",14
2024-11-09,"Michigan","26",26
2024-11-09,"Minnesota","27",11
2024-11-09,"Mississippi","28",12
2024-11-09,"Missouri","29",7
2024-11-09,"Montana","30",6
2024-11-09,"Nebraska","31",9
2024-11-09,"Nevada","32",4
2024-11-09,"New Hampshire","33",4
2024-11-09,"New Jersey","34",18
2024-11-09,"New Mexico","35",2
2024-11-09,"North Carolina","37",17
2024-11-09,"North Dakota","38",3
2024-11-09,"Ohio","39",23
2024-11-09,"Oklahoma","40",8
2024-11-09,"Oregon","41",8
2024-11-09,"Pennsylvania","42",40
2024-11-09,"Rhode Island","44",4
2024-11-09,"South Carolina","45",6
2024-11-09,"South Dakota","46",3
2024-11-09,"Tennessee","47",18
2024-11-09,"Texas","48",15
2024-11-09,"Utah","49",6
2024-11-09,"Vermont","50",1
2024-11-09,"Virginia","51",10
2024-11-09,"Washington","53",24
2024-11-09,"West Virginia","54",7
2024-11-09,"Wisconsin","55",5
2024-11-09,"Wyoming","56",1
2024-11-09,"New York","36",34
2024-11-09,"US","US",560
2024-11-16,"Alabama","01",7
2024-11-16,"Alaska","02",0
2024-11-16,"Arizona","04",17
2024-11-16,"Arkansas","05",4
2024-11-16,"California","06",47
2024-11-16,"Colorado","08",9
2024-11-16,"Connecticut","09",6
2024-11-16,"Delaware","10",2
2024-11-16,"District of Columbia","11",0
2024-11-16,"Florida","12",28
2024-11-16,"Georgia","13",9
2024-11-16,"Hawaii","15",1
2024-11-16,"Idaho","16",3
2024-11-16,"Illinois","17",18
2024-11-16,"Indiana","18",14
2024-11-16,"Iowa","19",7
2024-11-16,"Kansas","20",4
2024-11-16,"Kentucky","21",13
2024-11-16,"Louisiana","22",8
2024-11-16,"Maine","23",2
2024-11-16,"Maryland","24",10
2024-11-16,"Massachusetts","25",13
2024-11-16,"Michigan","26",20
2024-11-16,"Minnesota","27",21
2024-11-16,"Mississippi","28",15
2024-11-16,"Missouri","29",17
2024-11-16,"Montana","30",2
2024-11-16,"Nebraska","31",5
2024-11-16,"Nevada","32",5
2024-11-16,"New Hampshire","33",6
2024-11-16,"New Jersey","34",6
2024-11-16,"New Mexico","35",7
2024-11-16,"North Carolina","37",14
2024-11-16,"North Dakota","38",2
2024-11-16,"Ohio","39",18
2024-11-16,"Oklahoma","40",9
2024-11-16,"Oregon","41",6
2024-11-16,"Pennsylvania","42",36
2024-11-16,"Rhode Island","44",2
2024-11-16,"South Carolina","45",6
2024-11-16,"South Dakota","46",2
2024-11-16,"Tennessee","47",13
2024-11-16,"Texas","48",16
2024-11-16,"Utah","49",1
2024-11-16,"Vermont","50",1
2024-11-16,"Virginia","51",15
2024-11-16,"Washington","53",17
2024-11-16,"West Virginia","54",4
2024-11-16,"Wisconsin","55",9
2024-11-16,"Wyoming","56",1
2024-11-16,"New York","36",33
2024-11-16,"US","US",531
2024-11-23,"Alabama","01",7
2024-11-23,"Alaska","02",1
2024-11-23,"Arizona","04",20
2024-11-23,"Arkansas","05",6
2024-11-23,"California","06",46
2024-11-23,"Colorado","08",10
2024-11-23,"Connecticut","09",2
2024-11-23,"Delaware","10",1
2024-11-23,"District of Columbia","11",0
2024-11-23,"Florida","12",22
2024-11-23,"Georgia","13",3
2024-11-23,"Hawaii","15",1
2024-11-23,"Idaho","16",1
2024-11-23,"Illinois","17",12
2024-11-23,"Indiana","18",13
2024-11-23,"Iowa","19",5
2024-11-23,"Kansas","20",2
2024-11-23,"Kentucky","21",8
2024-11-23,"Louisiana","22",6
2024-11-23,"Maine","23",3
2024-11-23,"Maryland","24",10
2024-11-23,"Massachusetts","25",14
2024-11-23,"Michigan","26",22
2024-11-23,"Minnesota","27",11
2024-11-23,"Mississippi","28",5
2024-11-23,"Missouri","29",9
2024-11-23,"Montana","30",3
2024-11-23,"Nebraska","31",7
2024-11-23,"Nevada","32",0
2024-11-23,"New Hampshire","33",1
2024-11-23,"New Jersey","34",10
2024-11-23,"New Mexico","35",6
2024-11-23,"North Carolina","37",17
2024-11-23,"North Dakota","38",3
2024-11-23,"Ohio","39",25
2024-11-23,"Oklahoma","40",11
2024-11-23,"Oregon","41",11
2024-11-23,"Pennsylvania","42",39
2024-11-23,"Rhode Island","44",3
2024-11-23,"South Carolina","45",4
2024-11-23,"South Dakota","46",1
2024-11-23,"Tennessee","47",9
2024-11-23,"Texas","48",10
2024-11-23,"Utah","49",6
2024-11-23,"Vermont","50",1
2024-11-23,"Virginia","51",12
2024-11-23,"Washington","53",9
2024-11-23,"West Virginia","54",6
2024-11-23,"Wisconsin","55",7
2024-11-23,"Wyoming","56",1
2024-11-23,"New York","36",30
2024-11-23,"US","US",472
2024-11-30,"Alabama","01",5
2024-11-30,"Alaska","02",0
2024-11-30,"Arizona","04",25
2024-11-30,"Arkansas","05",7
2024-11-30,"California","06",38
2024-11-30,"Colorado","08",9
2024-11-30,"Connecticut","09",2
2024-11-30,"Delaware","10",3
2024-11-30,"District of Columbia","11",0
2024-11-30,"Florida","12",37
2024-11-30,"Georgia","13",6
2024-11-30,"Hawaii","15",1
2024-11-30,"Idaho","16",0
2024-11-30,"Illinois","17",18
2024-11-30,"Indiana","18",8
2024-11-30,"Iowa","19",10
2024-11-30,"Kansas","20",3
2024-11-30,"Kentucky","21",18
2024-11-30,"Louisiana","22",6
2024-11-30,"Maine","23",9
2024-11-30,"Maryland","24",15
2024-11-30,"Massachusetts","25",15
2024-11-30,"Michigan","26",14
2024-11-30,"Minnesota","27",15
2024-11-30,"Mississippi","28",15
2024-11-30,"Missouri","29",7
2024-11-30,"Montana","30",4
2024-11-30,"Nebraska","31",4
2024-11-30,"Nevada","32",5
2024-11-30,"New Hampshire","33",3
2024-11-30,"New Jersey","34",12
2024-11-30,"New Mexico","35",3
2024-11-30,"North Carolina","37",10
2024-11-30,"North Dakota","38",2
2024-11-30,"Ohio","39",23
2024-11-30,"Oklahoma","40",6
2024-11-30,"Oregon","41",8
2024-11-30,"Pennsylvania","42",30
2024-11-30,"Rhode Island","44",0
2024-11-30,"South Carolina","45",7
2024-11-30,"South Dakota","46",1
2024-11-30,"Tennessee","47",12
2024-11-30,"Texas","48",14
2024-11-30,"Utah","49",5
2024-11-30,"Vermont","50",3
2024-11-30,"Virginia","51",11
2024-11-30,"Washington","53",16
2024-11-30,"West Virginia","54",2
2024-11-30,"Wisconsin","55",13
2024-11-30,"Wyoming","56",1
2024-11-30,"New York","36",19
2024-11-30,"US","US",500
2024-12-07,"Alabama","01",3
2024-12-07,"Alaska","02",1
2024-12-07,"Arizona","04",23
2024-12-07,"Arkansas","05",4
2024-12-07,"California","06",50
2024-12-07,"Colorado","08",6
2024-12-07,"Connecticut","09",7
2024-12-07,"Delaware","10",2
2024-12-07,"District of Columbia","11",0
2024-12-07,"Florida","12",25
2024-12-07,"Georgia","13",9
2024-12-07,"Hawaii","15",1
2024-12-07,"Idaho","16",1
2024-12-07,"Illinois","17",17
2024-12-07,"Indiana","18",11
2024-12-07,"Iowa","19",8
2024-12-07,"Kansas","20",8
2024-12-07,"Kentucky","21",23
2024-12-07,"Louisiana","22",4
2024-12-07,"Maine","23",7
2024-12-07,"Maryland","24",8
2024-12-07,"Massachusetts","25",14
2024-12-07,"Michigan","26",22
2024-12-07,"Minnesota","27",12
2024-12-07,"Mississippi","28",10
2024-12-07,"Missouri","29",7
2024-12-07,"Montana","30",1
2024-12-07,"Nebraska","31",6
2024-12-07,"Nevada","32",1
2024-12-07,"New Hampshire","33",2
2024-12-07,"New Jersey","34",6
2024-12-07,"New Mexico","35",10
2024-12-07,"North Carolina","37",24
2024-12-07,"North Dakota","38",2
2024-12-07,"Ohio","39",21
2024-12-07,"Oklahoma","40",7
2024-12-07,"Oregon","41",13
2024-12-07,"Pennsylvania","42",27
2024-12-07,"Rhode Island","44",4
2024-12-07,"South Carolina","45",11
2024-12-07,"South Dakota","46",4
2024-12-07,"Tennessee","47",18
2024-12-07,"Texas","48",15
2024-12-07,"Utah","49",4
2024-12-07,"Vermont","50",3
2024-12-07,"Virginia","51",10
2024-12-07,"Washington","53",3
2024-12-07,"West Virginia","54",5
2024-12-07,"Wisconsin","55",4
2024-12-07,"Wyoming","56",0
2024-12-07,"New York","36",19
2024-12-07,"US","US",503
2024-12-14,"Alabama","01",6
2024-12-14,"Alaska","02",1
2024-12-14,"Arizona","04",23
2024-12-14,"Arkansas","05",7
2024-12-14,"California","06",57
2024-12-14,"Colorado","08",16
2024-12-14,"Connecticut","09",4
2024-12-14,"Delaware","10",1
2024-12-14,"District of Columbia","11",0
2024-12-14,"Florida","12",27
2024-12-14,"Georgia","13",10
2024-12-14,"Hawaii","15",1
2024-12-14,"Idaho","16",4
2024-12-14,"Illinois","17",11
2024-12-14,"Indiana","18",21
2024-12-14,"Iowa","19",6
2024-12-14,"Kansas","20",7
2024-12-14,"Kentucky","21",22
2024-12-14,"Louisiana","22",3
2024-12-14,"Maine","23",5
2024-12-14,"Maryland","24",14
2024-12-14,"Massachusetts","25",16
2024-12-14,"Michigan","26",20
2024-12-14,"Minnesota","27",23
2024-12-14,"Mississippi","28",10
2024-12-14,"Missouri","29",11
2024-12-14,"Montana","30",1
2024-12-14,"Nebraska","31",9
2024-12-14,"Nevada","32",1
2024-12-14,"New Hampshire","33",0
2024-12-14,"New Jersey","34",18
2024-12-14,"New Mexico","35",13
2024-12-14,"North Carolina","37",19
2024-12-14,"North Dakota","38",3
2024-12-14,"Ohio","39",23
2024-12-14,"Oklahoma","40",10
2024-12-14,"Oregon","41",10
2024-12-14,"Pennsylvania","42",23
2024-12-14,"Rhode Island","44",3
2024-12-14,"South Carolina","45",3
2024-12-14,"South Dakota","46",0
2024-12-14,"Tennessee","47",17
2024-12-14,"Texas","48",24
2024-12-14,"Utah","49",9
2024-12-14,"Vermont","50",2
2024-12-14,"Virginia","51",10
2024-12-14,"Washington","53",10
2024-12-14,"West Virginia","54",9
2024-12-14,"Wisconsin","55",11
2024-12-14,"Wyoming","56",1
2024-12-14,"New York","36",16
2024-12-14,"US","US",571
2024-12-21,"Alabama","01",14
2024-12-21,"Alaska","02",0
2024-12-21,"Arizona","04",20
2024-12-21,"Arkansas","05",8
2024-12-21,"California","06",36
2024-12-21,"Colorado","08",15
2024-12-21,"Connecticut","09",8
2024-12-21,"Delaware","10",0
2024-12-21,"District of Columbia","11",0
2024-12-21,"Florida","12",26
2024-12-21,"Georgia","13",14
2024-12-21,"Hawaii","15",2
2024-12-21,"Idaho","16",5
2024-12-21,"Illinois","17",22
2024-12-21,"Indiana","18",25
2024-12-21,"Iowa","19",9
2024-12-21,"Kansas","20",15
2024-12-21,"Kentucky","21",12
2024-12-21,"Louisiana","22",5
2024-12-21,"Maine","23",1
2024-12-21,"Maryland","24",14
2024-12-21,"Massachusetts","25",15
2024-12-21,"Michigan","26",26
2024-12-21,"Minnesota","27",10
2024-12-21,"Mississippi","28",6
2024-12-21,"Missouri","29",14
2024-12-21,"Montana","30",4
2024-12-21,"Nebraska","31",3
2024-12-21,"Nevada","32",5
2024-12-21,"New Hampshire","33",2
2024-12-21,"New Jersey","34",11
2024-12-21,"New Mexico","35",11
2024-12-21,"North Carolina","37",18
2024-12-21,"North Dakota","38",4
2024-12-21,"Ohio","39",35
2024-12-21,"Oklahoma","40",11
2024-12-21,"Oregon","41",3
2024-12-21,"Pennsylvania","42",31
2024-12-21,"Rhode Island","44",6
2024-12-21,"South Carolina","45",5
2024-12-21,"South Dakota","46",4
2024-12-21,"Tennessee","47",15
2024-12-21,"Texas","48",21
2024-12-21,"Utah","49",5
2024-12-21,"Vermont","50",1
2024-12-21,"Virginia","51",11
2024-12-21,"Washington","53",16
2024-12-21,"West Virginia","54",3
2024-12-21,"Wisconsin","55",16
2024-12-21,"Wyoming","56",5
2024-12-21,"New York","36",28
2024-12-21,"US","US",596
2024-12-28,"Alabama","01",7
2024-12-28,"Alaska","02",0
2024-12-28,"Arizona","04",22
2024-12-28,"Arkansas","05",10
2024-12-28,"California","06",56
2024-12-28,"Colorado","08",12
2024-12-28,"Connecticut","09",11
2024-12-28,"Delaware","10",3
2024-12-28,"District of Columbia","11",0
2024-12-28,"Florida","12",19
2024-12-28,"Georgia","13",14
2024-12-28,"Hawaii","15",0
2024-12-28,"Idaho","16",2
2024-12-28,"Illinois","17",25
2024-12-28,"Indiana","18",27
2024-12-28,"Iowa","19",9
2024-12-28,"Kansas","20",7
2024-12-28,"Kentucky","21",15
2024-12-28,"Louisiana","22",5
2024-12-28,"Maine","23",8
2024-12-28,"Maryland","24",13
2024-12-28,"Massachusetts","25",19
2024-12-28,"Michigan","26",32
2024-12-28,"Minnesota","27",16
2024-12-28,"Mississippi","28",8
2024-12-28,"Missouri","29",24
2024-12-28,"Montana","30",1
2024-12-28,"Nebraska","31",5
2024-12-28,"Nevada","32",5
2024-12-28,"New Hampshire","33",5
2024-12-28,"New Jersey","34",18
2024-12-28,"New Mexico","35",5
2024-12-28,"North Carolina","37",18
2024-12-28,"North Dakota","38",2
2024-12-28,"Ohio","39",37
2024-12-28,"Oklahoma","40",14
2024-12-28,"Oregon","41",6
2024-12-28,"Pennsylvania","42",43
2024-12-28,"Rhode Island","44",3
2024-12-28,"South Carolina","45",8
2024-12-28,"South Dakota","46",5
2024-12-28,"Tennessee","47",16
2024-12-28,"Texas","48",28
2024-12-28,"Utah","49",4
2024-12-28,"Vermont","50",1
2024-12-28,"Virginia","51",14
2024-12-28,"Washington","53",4
2024-12-28,"West Virginia","54",5
2024-12-28,"Wisconsin","55",22
2024-12-28,"Wyoming","56",2
2024-12-28,"New York","36",41
2024-12-28,"US","US",676
2025-01-04,"Alabama","01",9
2025-01-04,"Alaska","02",1
2025-01-04,"Arizona","04",23
2025-01-04,"Arkansas","05",10
2025-01-04,"California","06",55
2025-01-04,"Colorado","08",12
2025-01-04,"Connecticut","09",7
2025-01-04,"Delaware","10",4
2025-01-04,"District of Columbia","11",0
2025-01-04,"Florida","12",32
2025-01-04,"Georgia","13",21
2025-01-04,"Hawaii","15",1
2025-01-04,"Idaho","16",3
2025-01-04,"Illinois","17",45
2025-01-04,"Indiana","18",32
2025-01-04,"Iowa","19",9
2025-01-04,"Kansas","20",21
2025-01-04,"Kentucky","21",28
2025-01-04,"Louisiana","22",8
2025-01-04,"Maine","23",6
2025-01-04,"Maryland","24",16
2025-01-04,"Massachusetts","25",20
2025-01-04,"Michigan","26",47
2025-01-04,"Minnesota","27",23
2025-01-04,"Mississippi","28",10
2025-01-04,"Missouri","29",19
2025-01-04,"Montana","30",2
2025-01-04,"Nebraska","31",7
2025-01-04,"Nevada","32",4
2025-01-04,"New Hampshire","33",6
2025-01-04,"New Jersey","34",26
2025-01-04,"New Mexico","35",15
2025-01-04,"North Carolina","37",18
2025-01-04,"North Dakota","38",1
2025-01-04,"Ohio","39",61
2025-01-04,"Oklahoma","40",17
2025-01-04,"Oregon","41",3
2025-01-04,"Pennsylvania","42",52
2025-01-04,"Rhode Island","44",4
2025-01-04,"South Carolina","45",25
2025-01-04,"South Dakota","46",8
2025-01-04,"Tennessee","47",28
2025-01-04,"Texas","48",24
2025-01-04,"Utah","49",8
2025-01-04,"Vermont","50",3
2025-01-04,"Virginia","51",32
2025-01-04,"Washington","53",7
2025-01-04,"West Virginia","54",4
2025-01-04,"Wisconsin","55",34
2025-01-04,"Wyoming","56",2
2025-01-04,"New York","36",54
2025-01-04,"US","US",907
2025-01-11,"Alabama","01",14
2025-01-11,"Alaska","02",0
2025-01-11,"Arizona","04",23
2025-01-11,"Arkansas","05",14
2025-01-11,"California","06",53
2025-01-11,"Colorado","08",12
2025-01-11,"Connecticut","09",11
2025-01-11,"Delaware","10",4
2025-01-11,"District of Columbia","11",0
2025-01-11,"Florida","12",39
2025-01-11,"Georgia","13",30
2025-01-11,"Hawaii","15",1
2025-01-11,"Idaho","16",6
2025-01-11,"Illinois","17",44
2025-01-11,"Indiana","18",42
2025-01-11,"Iowa","19",10
2025-01-11,"Kansas","20",11
2025-01-11,"Kentucky","21",37
2025-01-11,"Louisiana","22",9
2025-01-11,"Maine","23",13
2025-01-11,"Maryland","24",24
2025-01-11,"Massachusetts","25",33
2025-01-11,"Michigan","26",45
2025-01-11,"Minnesota","27",37
2025-01-11,"Mississippi","28",20
2025-01-11,"Missouri","29",24
2025-01-11,"Montana","30",5
2025-01-11,"Nebraska","31",7
2025-01-11,"Nevada","32",4
2025-01-11,"New Hampshire","33",4
2025-01-11,"New Jersey","34",43
2025-01-11,"New Mexico","35",14
2025-01-11,"North Carolina","37",27
2025-01-11,"North Dakota","38",5
2025-01-11,"Ohio","39",57
2025-01-11,"Oklahoma","40",18
2025-01-11,"Oregon","41",8
2025-01-11,"Pennsylvania","42",61
2025-01-11,"Rhode Island","44",3
2025-01-11,"South Carolina","45",21
2025-01-11,"South Dakota","46",4
2025-01-11,"Tennessee","47",27
2025-01-11,"Texas","48",39
2025-01-11,"Utah","49",3
2025-01-11,"Vermont","50",1
2025-01-11,"Virginia","51",31
2025-01-11,"Washington","53",11
2025-01-11,"West Virginia","54",13
2025-01-11,"Wisconsin","55",21
2025-01-11,"Wyoming","56",0
2025-01-11,"New York","36",64
2025-01-11,"US","US",1047
2025-01-18,"Alabama","01",18
2025-01-18,"Alaska","02",3
2025-01-18,"Arizona","04",26
2025-01-18,"Arkansas","05",9
2025-01-18,"California","06",54
2025-01-18,"Colorado","08",16
2025-01-18,"Connecticut","09",9
2025-01-18,"Delaware","10",7
2025-01-18,"District of Columbia","11",0
2025-01-18,"Florida","12",34
2025-01-18,"Georgia","13",17
2025-01-18,"Hawaii","15",1
2025-01-18,"Idaho","16",4
2025-01-18,"Illinois","17",43
2025-01-18,"Indiana","18",43
2025-01-18,"Iowa","19",12
2025-01-18,"Kansas","20",8
2025-01-18,"Kentucky","21",33
2025-01-18,"Louisiana","22",5
2025-01-18,"Maine","23",7
2025-01-18,"Maryland","24",21
2025-01-18,"Massachusetts","25",28
2025-01-18,"Michigan","26",68
2025-01-18,"Minnesota","27",24
2025-01-18,"Mississippi","28",12
2025-01-18,"Missouri","29",24
2025-01-18,"Montana","30",2
2025-01-18,"Nebraska","31",6
2025-01-18,"Nevada","32",5
2025-01-18,"New Hampshire","33",6
2025-01-18,"New Jersey","34",26
2025-01-18,"New Mexico","35",14
2025-01-18,"North Carolina","37",20
2025-01-18,"North Dakota","38",5
2025-01-18,"Ohio","39",72
2025-01-18,"Oklahoma","40",26
2025-01-18,"Oregon","41",8
2025-01-18,"Pennsylvania","42",64
2025-01-18,"Rhode Island","44",6
2025-01-18,"South Carolina","45",15
2025-01-18,"South Dakota","46",3
2025-01-18,"Tennessee","47",31
2025-01-18,"Texas","48",31
2025-01-18,"Utah","49",3
2025-01-18,"Vermont","50",2
2025-01-18,"Virginia","51",35
2025-01-18,"Washington","53",11
2025-01-18,"West Virginia","54",6
2025-01-18,"Wisconsin","55",29
2025-01-18,"Wyoming","56",1
2025-01-18,"New York","36",47
2025-01-18,"US","US",1000
2025-01-25,"Alabama","01",16
2025-01-25,"Alaska","02",0
2025-01-25,"Arizona","04",24
2025-01-25,"Arkansas","05",12
2025-01-25,"California","06",60
2025-01-25,"Colorado","08",21
2025-01-25,"Connecticut","09",15
2025-01-25,"Delaware","10",10
2025-01-25,"District of Columbia","11",0
2025-01-25,"Florida","12",31
2025-01-25,"Georgia","13",19
2025-01-25,"Hawaii","15",2
2025-01-25,"Idaho","16",2
2025-01-25,"Illinois","17",33
2025-01-25,"Indiana","18",36
2025-01-25,"Iowa","19",12
2025-01-25,"Kansas","20",13
2025-01-25,"Kentucky","21",25
2025-01-25,"Louisiana","22",6
2025-01-25,"Maine","23",9
2025-01-25,"Maryland","24",22
2025-01-25,"Massachusetts","25",26
2025-01-25,"Michigan","26",50
2025-01-25,"Minnesota","27",20
2025-01-25,"Mississippi","28",8
2025-01-25,"Missouri","29",27
2025-01-25,"Montana","30",1
2025-01-25,"Nebraska","31",6
2025-01-25,"Nevada","32",8
2025-01-25,"New Hampshire","33",7
2025-01-25,"New Jersey","34",30
2025-01-25,"New Mexico","35",12
2025-01-25,"North Carolina","37",32
2025-01-25,"North Dakota","38",2
2025-01-25,"Ohio","39",49
2025-01-25,"Oklahoma","40",24
2025-01-25,"Oregon","41",4
2025-01-25,"Pennsylvania","42",55
2025-01-25,"Rhode Island","44",5
2025-01-25,"South Carolina","45",19
2025-01-25,"South Dakota","46",5
2025-01-25,"Tennessee","47",33
2025-01-25,"Texas","48",31
2025-01-25,"Utah","49",4
2025-01-25,"Vermont","50",10
2025-01-25,"Virginia","51",22
2025-01-25,"Washington","53",8
2025-01-25,"West Virginia","54",6
2025-01-25,"Wisconsin","55",25
2025-01-25,"Wyoming","56",1
2025-01-25,"New York","36",66
2025-01-25,"US","US",964
2025-02-01,"Alabama","01",8
2025-02-01,"Alaska","02",0
2025-02-01,"Arizona","04",12
2025-02-01,"Arkansas","05",14
2025-02-01,"California","06",62
2025-02-01,"Colorado","08",12
2025-02-01,"Connecticut","09",10
2025-02-01,"Delaware","10",3
2025-02-01,"District of Columbia","11",0
2025-02-01,"Florida","12",43
2025-02-01,"Georgia","13",16
2025-02-01,"Hawaii","15",0
2025-02-01,"Idaho","16",3
2025-02-01,"Illinois","17",46
2025-02-01,"Indiana","18",29
2025-02-01,"Iowa","19",15
2025-02-01,"Kansas","20",8
2025-02-01,"Kentucky","21",22
2025-02-01,"Louisiana","22",9
2025-02-01,"Maine","23",7
2025-02-01,"Maryland","24",12
2025-02-01,"Massachusetts","25",37
2025-02-01,"Michigan","26",49
2025-02-01,"Minnesota","27",28
2025-02-01,"Mississippi","28",12
2025-02-01,"Missouri","29",24
2025-02-01,"Montana","30",1
2025-02-01,"Nebraska","31",5
2025-02-01,"Nevada","32",2
2025-02-01,"New Hampshire","33",6
2025-02-01,"New Jersey","34",38
2025-02-01,"New Mexico","35",7
2025-02-01,"North Carolina","37",32
2025-02-01,"North Dakota","38",3
2025-02-01,"Ohio","39",52
2025-02-01,"Oklahoma","40",23
2025-02-01,"Oregon","41",7
2025-02-01,"Pennsylvania","42",66
2025-02-01,"Rhode Island","44",4
2025-02-01,"South Carolina","45",18
2025-02-01,"South Dakota","46",5
2025-02-01,"Tennessee","47",29
2025-02-01,"Texas","48",31
2025-02-01,"Utah","49",2
2025-02-01,"Vermont","50",1
2025-02-01,"Virginia","51",23
2025-02-01,"Washington","53",9
2025-02-01,"West Virginia","54",9
2025-02-01,"Wisconsin","55",23
2025-02-01,"Wyoming","56",1
2025-02-01,"New York","36",62
2025-02-01,"US","US",940
2025-02-08,"Alabama","01",17
2025-02-08,"Alaska","02",2
2025-02-08,"Arizona","04",14
2025-02-08,"Arkansas","05",11
2025-02-08,"California","06",68
2025-02-08,"Colorado","08",8
2025-02-08,"Connecticut","09",11
2025-02-08,"Delaware","10",3
2025-02-08,"District of Columbia","11",0
2025-02-08,"Florida","12",33
2025-02-08,"Georgia","13",18
2025-02-08,"Hawaii","15",0
2025-02-08,"Idaho","16",3
2025-02-08,"Illinois","17",23
2025-02-08,"Indiana","18",23
2025-02-08,"Iowa","19",10
2025-02-08,"Kansas","20",6
2025-02-08,"Kentucky","21",20
2025-02-08,"Louisiana","22",7
2025-02-08,"Maine","23",5
2025-02-08,"Maryland","24",23
2025-02-08,"Massachusetts","25",13
2025-02-08,"Michigan","26",35
2025-02-08,"Minnesota","27",18
2025-02-08,"Mississippi","28",8
2025-02-08,"Missouri","29",16
2025-02-08,"Montana","30",5
2025-02-08,"Nebraska","31",5
2025-02-08,"Nevada","32",4
2025-02-08,"New Hampshire","33",8
2025-02-08,"New Jersey","34",30
2025-02-08,"New Mexico","35",8
2025-02-08,"North Carolina","37",33
2025-02-08,"North Dakota","38",2
2025-02-08,"Ohio","39",42
2025-02-08,"Oklahoma","40",21
2025-02-08,"Oregon","41",9
2025-02-08,"Pennsylvania","42",57
2025-02-08,"Rhode Island","44",2
2025-02-08,"South Carolina","45",23
2025-02-08,"South Dakota","46",3
2025-02-08,"Tennessee","47",23
2025-02-08,"Texas","48",48
2025-02-08,"Utah","49",2
2025-02-08,"Vermont","50",4
2025-02-08,"Virginia","51",20
2025-02-08,"Washington","53",9
2025-02-08,"West Virginia","54",2
2025-02-08,"Wisconsin","55",26
2025-02-08,"Wyoming","56",3
2025-02-08,"New York","36",51
2025-02-08,"US","US",835
2025-02-15,"Alabama","01",10
2025-02-15,"Alaska","02",0
2025-02-15,"Arizona","04",12
2025-02-15,"Arkansas","05",12
2025-02-15,"California","06",42
2025-02-15,"Colorado","08",10
2025-02-15,"Connecticut","09",9
2025-02-15,"Delaware","10",3
2025-02-15,"District of Columbia","11",0
2025-02-15,"Florida","12",33
2025-02-15,"Georgia","13",24
2025-02-15,"Hawaii","15",1
2025-02-15,"Idaho","16",2
2025-02-15,"Illinois","17",25
2025-02-15,"Indiana","18",23
2025-02-15,"Iowa","19",5
2025-02-15,"Kansas","20",10
2025-02-15,"Kentucky","21",21
2025-02-15,"Louisiana","22",8
2025-02-15,"Maine","23",3
2025-02-15,"Maryland","24",13
2025-02-15,"Massachusetts","25",18
2025-02-15,"Michigan","26",42
2025-02-15,"Minnesota","27",11
2025-02-15,"Mississippi","28",9
2025-02-15,"Missouri","29",24
2025-02-15,"Montana","30",4
2025-02-15,"Nebraska","31",10
2025-02-15,"Nevada","32",4
2025-02-15,"New Hampshire","33",7
2025-02-15,"New Jersey","34",22
2025-02-15,"New Mexico","35",6
2025-02-15,"North Carolina","37",31
2025-02-15,"North Dakota","38",1
2025-02-15,"Ohio","39",46
2025-02-15,"Oklahoma","40",17
2025-02-15,"Oregon","41",8
2025-02-15,"Pennsylvania","42",39
2025-02-15,"Rhode Island","44",2
2025-02-15,"South Carolina","45",14
2025-02-15,"South Dakota","46",5
2025-02-15,"Tennessee","47",9
2025-02-15,"Texas","48",46
2025-02-15,"Utah","49",3
2025-02-15,"Vermont","50",2
2025-02-15,"Virginia","51",21
2025-02-15,"Washington","53",6
2025-02-15,"West Virginia","54",6
2025-02-15,"Wisconsin","55",22
2025-02-15,"Wyoming","56",1
2025-02-15,"New York","36",50
2025-02-15,"US","US",752
2025-02-22,"Alabama","01",13
2025-02-22,"Alaska","02",0
2025-02-22,"Arizona","04",22
2025-02-22,"Arkansas","05",10
2025-02-22,"California","06",51
2025-02-22,"Colorado","08",8
2025-02-22,"Connecticut","09",7
2025-02-22,"Delaware","10",2
2025-02-22,"District of Columbia","11",2
2025-02-22,"Florida","12",30
2025-02-22,"Georgia","13",17
2025-02-22,"Hawaii","15",0
2025-02-22,"Idaho","16",3
2025-02-22,"Illinois","17",20
2025-02-22,"Indiana","18",25
2025-02-22,"Iowa","19",8
2025-02-22,"Kansas","20",3
2025-02-22,"Kentucky","21",16
2025-02-22,"Louisiana","22",8
2025-02-22,"Maine","23",2
2025-02-22,"Maryland","24",14
2025-02-22,"Massachusetts","25",16
2025-02-22,"Michigan","26",37
2025-02-22,"Minnesota","27",7
2025-02-22,"Mississippi","28",9
2025-02-22,"Missouri","29",29
2025-02-22,"Montana","30",2
2025-02-22,"Nebraska","31",9
2025-02-22,"Nevada","32",1
2025-02-22,"New Hampshire","33",3
2025-02-22,"New Jersey","34",25
2025-02-22,"New Mexico","35",5
2025-02-22,"North Carolina","37",21
2025-02-22,"North Dakota","38",1
2025-02-22,"Ohio","39",43
2025-02-22,"Oklahoma","40",14
2025-02-22,"Oregon","41",7
2025-02-22,"Pennsylvania","42",56
2025-02-22,"Rhode Island","44",1
2025-02-22,"South Carolina","45",24
2025-02-22,"South Dakota","46",7
2025-02-22,"Tennessee","47",22
2025-02-22,"Texas","48",34
2025-02-22,"Utah","49",1
2025-02-22,"Vermont","50",4
2025-02-22,"Virginia","51",23
2025-02-22,"Washington","53",5
2025-02-22,"West Virginia","54",5
2025-02-22,"Wisconsin","55",13
2025-02-22,"Wyoming","56",0
2025-02-22,"New York","36",55
2025-02-22,"US","US",740
2025-03-01,"Alabama","01",10
2025-03-01,"Alaska","02",0
2025-03-01,"Arizona","04",10
2025-03-01,"Arkansas","05",3
2025-03-01,"California","06",35
2025-03-01,"Colorado","08",11
2025-03-01,"Connecticut","09",13
2025-03-01,"Delaware","10",10
2025-03-01,"District of Columbia","11",3
2025-03-01,"Florida","12",30
2025-03-01,"Georgia","13",24
2025-03-01,"Hawaii","15",0
2025-03-01,"Idaho","16",4
2025-03-01,"Illinois","17",33
2025-03-01,"Indiana","18",26
2025-03-01,"Iowa","19",5
2025-03-01,"Kansas","20",6
2025-03-01,"Kentucky","21",29
2025-03-01,"Louisiana","22",6
2025-03-01,"Maine","23",4
2025-03-01,"Maryland","24",16
2025-03-01,"Massachusetts","25",14
2025-03-01,"Michigan","26",25
2025-03-01,"Minnesota","27",14
2025-03-01,"Mississippi","28",4
2025-03-01,"Missouri","29",12
2025-03-01,"Montana","30",2
2025-03-01,"Nebraska","31",5
2025-03-01,"Nevada","32",5
2025-03-01,"New Hampshire","33",4
2025-03-01,"New Jersey","34",24
2025-03-01,"New Mexico","35",2
2025-03-01,"North Carolina","37",26
2025-03-01,"North Dakota","38",0
2025-03-01,"Ohio","39",39
2025-03-01,"Oklahoma","40",15
2025-03-01,"Oregon","41",1
2025-03-01,"Pennsylvania","42",33
2025-03-01,"Rhode Island","44",1
2025-03-01,"South Carolina","45",7
2025-03-01,"South Dakota","46",4
2025-03-01,"Tennessee","47",23
2025-03-01,"Texas","48",41
2025-03-01,"Utah","49",1
2025-03-01,"Vermont","50",1
2025-03-01,"Virginia","51",24
2025-03-01,"Washington","53",9
2025-03-01,"West Virginia","54",10
2025-03-01,"Wisconsin","55",19
2025-03-01,"Wyoming","56",2
2025-03-01,"New York","36",56
2025-03-01,"US","US",701
2025-03-08,"Alabama","01",15
2025-03-08,"Alaska","02",0
2025-03-08,"Arizona","04",12
2025-03-08,"Arkansas","05",11
2025-03-08,"California","06",39
2025-03-08,"Colorado","08",3
2025-03-08,"Connecticut","09",3
2025-03-08,"Delaware","10",4
2025-03-08,"District of Columbia","11",0
2025-03-08,"Florida","12",29
2025-03-08,"Georgia","13",16
2025-03-08,"Hawaii","15",1
2025-03-08,"Idaho","16",1
2025-03-08,"Illinois","17",38
2025-03-08,"Indiana","18",15
2025-03-08,"Iowa","19",11
2025-03-08,"Kansas","20",4
2025-03-08,"Kentucky","21",25
2025-03-08,"Louisiana","22",5
2025-03-08,"Maine","23",1
2025-03-08,"Maryland","24",12
2025-03-08,"Massachusetts","25",8
2025-03-08,"Michigan","26",21
2025-03-08,"Minnesota","27",10
2025-03-08,"Mississippi","28",6
2025-03-08,"Missouri","29",17
2025-03-08,"Montana","30",2
2025-03-08,"Nebraska","31",4
2025-03-08,"Nevada","32",2
2025-03-08,"New Hampshire","33",4
2025-03-08,"New Jersey","34",15
2025-03-08,"New Mexico","35",5
2025-03-08,"North Carolina","37",29
2025-03-08,"North Dakota","38",3
2025-03-08,"Ohio","39",34
2025-03-08,"Oklahoma","40",13
2025-03-08,"Oregon","41",6
2025-03-08,"Pennsylvania","42",49
2025-03-08,"Rhode Island","44",3
2025-03-08,"South Carolina","45",8
2025-03-08,"South Dakota","46",1
2025-03-08,"Tennessee","47",14
2025-03-08,"Texas","48",26
2025-03-08,"Utah","49",2
2025-03-08,"Vermont","50",4
2025-03-08,"Virginia","51",16
2025-03-08,"Washington","53",10
2025-03-08,"West Virginia","54",3
2025-03-08,"Wisconsin","55",9
2025-03-08,"Wyoming","56",2
2025-03-08,"New York","36",45
2025-03-08,"US","US",616
2025-03-15,"Alabama","01",9
2025-03-15,"Alaska","02",0
2025-03-15,"Arizona","04",5
2025-03-15,"Arkansas","05",5
2025-03-15,"California","06",28
2025-03-15,"Colorado","08",5
2025-03-15,"Connecticut","09",8
2025-03-15,"Delaware","10",3
2025-03-15,"District of Columbia","11",1
2025-03-15,"Florida","12",15
2025-03-15,"Georgia","13",14
2025-03-15,"Hawaii","15",0
2025-03-15,"Idaho","16",4
2025-03-15,"Illinois","17",25
2025-03-15,"Indiana","18",13
2025-03-15,"Iowa","19",7
2025-03-15,"Kansas","20",6
2025-03-15,"Kentucky","21",21
2025-03-15,"Louisiana","22",9
2025-03-15,"Maine","23",3
2025-03-15,"Maryland","24",10
2025-03-15,"Massachusetts","25",10
2025-03-15,"Michigan","26",16
2025-03-15,"Minnesota","27",15
2025-03-15,"Mississippi","28",7
2025-03-15,"Missouri","29",7
2025-03-15,"Montana","30",3
2025-03-15,"Nebraska","31",4
2025-03-15,"Nevada","32",2
2025-03-15,"New Hampshire","33",6
2025-03-15,"New Jersey","34",11
2025-03-15,"New Mexico","35",2
2025-03-15,"North Carolina","37",37
2025-03-15,"North Dakota","38",1
2025-03-15,"Ohio","39",24
2025-03-15,"Oklahoma","40",5
2025-03-15,"Oregon","41",7
2025-03-15,"Pennsylvania","42",21
2025-03-15,"Rhode Island","44",1
2025-03-15,"South Carolina","45",10
2025-03-15,"South Dakota","46",2
2025-03-15,"Tennessee","47",20
2025-03-15,"Texas","48",28
2025-03-15,"Utah","49",1
2025-03-15,"Vermont","50",2
2025-03-15,"Virginia","51",19
2025-03-15,"Washington","53",9
2025-03-15,"West Virginia","54",5
2025-03-15,"Wisconsin","55",7
2025-03-15,"Wyoming","56",2
2025-03-15,"New York","36",28
2025-03-15,"US","US",503
2025-03-22,"Alabama","01",10
2025-03-22,"Alaska","02",0
2025-03-22,"Arizona","04",7
2025-03-22,"Arkansas","05",4
2025-03-22,"California","06",31
2025-03-22,"Colorado","08",7
2025-03-22,"Connecticut","09",4
2025-03-22,"Delaware","10",0
2025-03-22,"District of Columbia","11",0
2025-03-22,"Florida","12",25
2025-03-22,"Georgia","13",16
2025-03-22,"Hawaii","15",1
2025-03-22,"Idaho","16",4
2025-03-22,"Illinois","17",15
2025-03-22,"Indiana","18",7
2025-03-22,"Iowa","19",7
2025-03-22,"Kansas","20",4
2025-03-22,"Kentucky","21",16
2025-03-22,"Louisiana","22",8
2025-03-22,"Maine","23",1
2025-03-22,"Maryland","24",8
2025-03-22,"Massachusetts","25",6
2025-03-22,"Michigan","26",18
2025-03-22,"Minnesota","27",10
2025-03-22,"Mississippi","28",10
2025-03-22,"Missouri","29",10
2025-03-22,"Montana","30",2
2025-03-22,"Nebraska","31",3
2025-03-22,"Nevada","32",3
2025-03-22,"New Hampshire","33",2
2025-03-22,"New Jersey","34",20
2025-03-22,"New Mexico","35",3
2025-03-22,"North Carolina","37",22
2025-03-22,"North Dakota","38",2
2025-03-22,"Ohio","39",19
2025-03-22,"Oklahoma","40",14
2025-03-22,"Oregon","41",2
2025-03-22,"Pennsylvania","42",18
2025-03-22,"Rhode Island","44",1
2025-03-22,"South Carolina","45",9
2025-03-22,"South Dakota","46",1
2025-03-22,"Tennessee","47",19
2025-03-22,"Texas","48",37
2025-03-22,"Utah","49",2
2025-03-22,"Vermont","50",0
2025-03-22,"Virginia","51",18
2025-03-22,"Washington","53",5
2025-03-22,"West Virginia","54",1
2025-03-22,"Wisconsin","55",9
2025-03-22,"Wyoming","56",0
2025-03-22,"New York","36",32
2025-03-22,"US","US",473
2025-03-29,"Alabama","01",20
2025-03-29,"Alaska","02",1
2025-03-29,"Arizona","04",10
2025-03-29,"Arkansas","05",4
2025-03-29,"California","06",21
2025-03-29,"Colorado","08",2
2025-03-29,"Connecticut","09",3
2025-03-29,"Delaware","10",2
2025-03-29,"District of Columbia","11",0
2025-03-29,"Florida","12",28
2025-03-29,"Georgia","13",18
2025-03-29,"Hawaii","15",0
2025-03-29,"Idaho","16",3
2025-03-29,"Illinois","17",13
2025-03-29,"Indiana","18",11
2025-03-29,"Iowa","19",8
2025-03-29,"Kansas","20",5
2025-03-29,"Kentucky","21",13
2025-03-29,"Louisiana","22",4
2025-03-29,"Maine","23",0
2025-03-29,"Maryland","24",18
2025-03-29,"Massachusetts","25",5
2025-03-29,"Michigan","26",11
2025-03-29,"Minnesota","27",10
2025-03-29,"Mississippi","28",11
2025-03-29,"Missouri","29",9
2025-03-29,"Montana","30",1
2025-03-29,"Nebraska","31",3
2025-03-29,"Nevada","32",0
2025-03-29,"New Hampshire","33",0
2025-03-29,"New Jersey","34",15
2025-03-29,"New Mexico","35",3
2025-03-29,"North Carolina","37",31
2025-03-29,"North Dakota","38",0
2025-03-29,"Ohio","39",19
2025-03-29,"Oklahoma","40",16
2025-03-29,"Oregon","41",5
2025-03-29,"Pennsylvania","42",19
2025-03-29,"Rhode Island","44",2
2025-03-29,"South Carolina","45",11
2025-03-29,"South Dakota","46",2
2025-03-29,"Tennessee","47",23
2025-03-29,"Texas","48",29
2025-03-29,"Utah","49",0
2025-03-29,"Vermont","50",1
2025-03-29,"Virginia","51",25
2025-03-29,"Washington","53",7
2025-03-29,"West Virginia","54",2
2025-03-29,"Wisconsin","55",10
2025-03-29,"Wyoming","56",0
2025-03-29,"New York","36",33
2025-03-29,"US","US",487
2025-04-05,"Alabama","01",5
2025-04-05,"Alaska","02",0
2025-04-05,"Arizona","04",10
2025-04-05,"Arkansas","05",5
2025-04-05,"California","06",31
2025-04-05,"Colorado","08",6
2025-04-05,"Connecticut","09",2
2025-04-05,"Delaware","10",0
2025-04-05,"District of Columbia","11",0
2025-04-05,"Florida","12",25
2025-04-05,"Georgia","13",22
2025-04-05,"Hawaii","15",0
2025-04-05,"Idaho","16",1
2025-04-05,"Illinois","17",12
2025-04-05,"Indiana","18",13
2025-04-05,"Iowa","19",1
2025-04-05,"Kansas","20",1
2025-04-05,"Kentucky","21",16
2025-04-05,"Louisiana","22",6
2025-04-05,"Maine","23",0
2025-04-05,"Maryland","24",13
2025-04-05,"Massachusetts","25",4
2025-04-05,"Michigan","26",10
2025-04-05,"Minnesota","27",7
2025-04-05,"Mississippi","28",6
2025-04-05,"Missouri","29",4
2025-04-05,"Montana","30",0
2025-04-05,"Nebraska","31",3
2025-04-05,"Nevada","32",1
2025-04-05,"New Hampshire","33",1
2025-04-05,"New Jersey","34",8
2025-04-05,"New Mexico","35",5
2025-04-05,"North Carolina","37",23
2025-04-05,"North Dakota","38",1
2025-04-05,"Ohio","39",12
2025-04-05,"Oklahoma","40",10
2025-04-05,"Oregon","41",3
2025-04-05,"Pennsylvania","42",17
2025-04-05,"Rhode Island","44",0
2025-04-05,"South Carolina","45",7
2025-04-05,"South Dakota","46",1
2025-04-05,"Tennessee","47",20
2025-04-05,"Texas","48",29
2025-04-05,"Utah","49",0
2025-04-05,"Vermont","50",1
2025-04-05,"Virginia","51",18
2025-04-05,"Washington","53",10
2025-04-05,"West Virginia","54",5
2025-04-05,"Wisconsin","55",9
2025-04-05,"Wyoming","56",0
2025-04-05,"New York","36",33
2025-04-05,"US","US",417
2025-04-12,"Alabama","01",6
2025-04-12,"Alaska","02",0
2025-04-12,"Arizona","04",9
2025-04-12,"Arkansas","05",5
2025-04-12,"California","06",28
2025-04-12,"Colorado","08",3
2025-04-12,"Connecticut","09",2
2025-04-12,"Delaware","10",1
2025-04-12,"District of Columbia","11",1
2025-04-12,"Florida","12",22
2025-04-12,"Georgia","13",13
2025-04-12,"Hawaii","15",0
2025-04-12,"Idaho","16",2
2025-04-12,"Illinois","17",13
2025-04-12,"Indiana","18",11
2025-04-12,"Iowa","19",2
2025-04-12,"Kansas","20",0
2025-04-12,"Kentucky","21",17
2025-04-12,"Louisiana","22",4
2025-04-12,"Maine","23",1
2025-04-12,"Maryland","24",5
2025-04-12,"Massachusetts","25",5
2025-04-12,"Michigan","26",11
2025-04-12,"Minnesota","27",5
2025-04-12,"Mississippi","28",7
2025-04-12,"Missouri","29",5
2025-04-12,"Montana","30",0
2025-04-12,"Nebraska","31",0
2025-04-12,"Nevada","32",1
2025-04-12,"New Hampshire","33",1
2025-04-12,"New Jersey","34",12
2025-04-12,"New Mexico","35",2
2025-04-12,"North Carolina","37",24
2025-04-12,"North Dakota","38",1
2025-04-12,"Ohio","39",13
2025-04-12,"Oklahoma","40",11
2025-04-12,"Oregon","41",4
2025-04-12,"Pennsylvania","42",9
2025-04-12,"Rhode Island","44",0
2025-04-12,"South Carolina","45",15
2025-04-12,"South Dakota","46",0
2025-04-12,"Tennessee","47",14
2025-04-12,"Texas","48",18
2025-04-12,"Utah","49",2
2025-04-12,"Vermont","50",1
2025-04-12,"Virginia","51",11
2025-04-12,"Washington","53",5
2025-04-12,"West Virginia","54",4
2025-04-12,"Wisconsin","55",8
2025-04-12,"Wyoming","56",2
2025-04-12,"New York","36",35
2025-04-12,"US","US",371
2025-04-19,"Alabama","01",7
2025-04-19,"Alaska","02",0
2025-04-19,"Arizona","04",7
2025-04-19,"Arkansas","05",5
2025-04-19,"California","06",27
2025-04-19,"Colorado","08",3
2025-04-19,"Connecticut","09",4
2025-04-19,"Delaware","10",1
2025-04-19,"District of Columbia","11",0
2025-04-19,"Florida","12",17
2025-04-19,"Georgia","13",13
2025-04-19,"Hawaii","15",1
2025-04-19,"Idaho","16",2
2025-04-19,"Illinois","17",13
2025-04-19,"Indiana","18",4
2025-04-19,"Iowa","19",4
2025-04-19,"Kansas","20",2
2025-04-19,"Kentucky","21",14
2025-04-19,"Louisiana","22",3
2025-04-19,"Maine","23",3
2025-04-19,"Maryland","24",9
2025-04-19,"Massachusetts","25",5
2025-04-19,"Michigan","26",11
2025-04-19,"Minnesota","27",4
2025-04-19,"Mississippi","28",6
2025-04-19,"Missouri","29",2
2025-04-19,"Montana","30",1
2025-04-19,"Nebraska","31",2
2025-04-19,"Nevada","32",1
2025-04-19,"New Hampshire","33",0
2025-04-19,"New Jersey","34",18
2025-04-19,"New Mexico","35",4
2025-04-19,"North Carolina","37",20
2025-04-19,"North Dakota","38",2
2025-04-19,"Ohio","39",19
2025-04-19,"Oklahoma","40",8
2025-04-19,"Oregon","41",5
2025-04-19,"Pennsylvania","42",14
2025-04-19,"Rhode Island","44",2
2025-04-19,"South Carolina","45",13
2025-04-19,"South Dakota","46",2
2025-04-19,"Tennessee","47",13
2025-04-19,"Texas","48",26
2025-04-19,"Utah","49",1
2025-04-19,"Vermont","50",1
2025-04-19,"Virginia","51",17
2025-04-19,"Washington","53",5
2025-04-19,"West Virginia","54",2
2025-04-19,"Wisconsin","55",7
2025-04-19,"Wyoming","56",1
2025-04-19,"New York","36",38
2025-04-19,"US","US",389
2025-04-26,"Alabama","01",6
2025-04-26,"Alaska","02",0
2025-04-26,"Arizona","04",4
2025-04-26,"Arkansas","05",5
2025-04-26,"California","06",27
2025-04-26,"Colorado","08",6
2025-04-26,"Connecticut","09",1
2025-04-26,"Delaware","10",1
2025-04-26,"District of Columbia","11",0
2025-04-26,"Florida","12",19
2025-04-26,"Georgia","13",7
2025-04-26,"Hawaii","15",1
2025-04-26,"Idaho","16",1
2025-04-26,"Illinois","17",11
2025-04-26,"Indiana","18",6
2025-04-26,"Iowa","19",4
2025-04-26,"Kansas","20",2
2025-04-26,"Kentucky","21",10
2025-04-26,"Louisiana","22",3
2025-04-26,"Maine","23",0
2025-04-26,"Maryland","24",11
2025-04-26,"Massachusetts","25",6
2025-04-26,"Michigan","26",12
2025-04-26,"Minnesota","27",12
2025-04-26,"Mississippi","28",8
2025-04-26,"Missouri","29",3
2025-04-26,"Montana","30",1
2025-04-26,"Nebraska","31",4
2025-04-26,"Nevada","32",5
2025-04-26,"New Hampshire","33",1
2025-04-26,"New Jersey","34",12
2025-04-26,"New Mexico","35",1
2025-04-26,"North Carolina","37",15
2025-04-26,"North Dakota","38",0
2025-04-26,"Ohio","39",12
2025-04-26,"Oklahoma","40",11
2025-04-26,"Oregon","41",4
2025-04-26,"Pennsylvania","42",17
2025-04-26,"Rhode Island","44",0
2025-04-26,"South Carolina","45",4
2025-04-26,"South Dakota","46",2
2025-04-26,"Tennessee","47",12
2025-04-26,"Texas","48",20
2025-04-26,"Utah","49",0
2025-04-26,"Vermont","50",1
2025-04-26,"Virginia","51",6
2025-04-26,"Washington","53",5
2025-04-26,"West Virginia","54",3
2025-04-26,"Wisconsin","55",4
2025-04-26,"Wyoming","56",0
2025-04-26,"New York","36",28
2025-04-26,"US","US",334
2025-05-03,"Alabama","01",2
2025-05-03,"Alaska","02",0
2025-05-03,"Arizona","04",4
2025-05-03,"Arkansas","05",4
2025-05-03,"California","06",25
2025-05-03,"Colorado","08",4
2025-05-03,"Connecticut","09",2
2025-05-03,"Delaware","10",1
2025-05-03,"District of Columbia","11",0
2025-05-03,"Florida","12",13
2025-05-03,"Georgia","13",5
2025-05-03,"Hawaii","15",2
2025-05-03,"Idaho","16",2
2025-05-03,"Illinois","17",7
2025-05-03,"Indiana","18",5
2025-05-03,"Iowa","19",2
2025-05-03,"Kansas","20",2
2025-05-03,"Kentucky","21",5
2025-05-03,"Louisiana","22",1
2025-05-03,"Maine","23",1
2025-05-03,"Maryland","24",7
2025-05-03,"Massachusetts","25",10
2025-05-03,"Michigan","26",6
2025-05-03,"Minnesota","27",8
2025-05-03,"Mississippi","28",4
2025-05-03,"Missouri","29",3
2025-05-03,"Montana","30",0
2025-05-03,"Nebraska","31",2
2025-05-03,"Nevada","32",3
2025-05-03,"New Hampshire","33",0
2025-05-03,"New Jersey","34",14
2025-05-03,"New Mexico","35",1
2025-05-03,"North Carolina","37",17
2025-05-03,"North Dakota","38",1
2025-05-03,"Ohio","39",14
2025-05-03,"Oklahoma","40",4
2025-05-03,"Oregon","41",5
2025-05-03,"Pennsylvania","42",9
2025-05-03,"Rhode Island","44",0
2025-05-03,"South Carolina","45",7
2025-05-03,"South Dakota","46",2
2025-05-03,"Tennessee","47",9
2025-05-03,"Texas","48",23
2025-05-03,"Utah","49",2
2025-05-03,"Vermont","50",1
2025-05-03,"Virginia","51",4
2025-05-03,"Washington","53",13
2025-05-03,"West Virginia","54",0
2025-05-03,"Wisconsin","55",3
2025-05-03,"Wyoming","56",0
2025-05-03,"New York","36",34
2025-05-03,"US","US",293
2025-05-10,"Alabama","01",5
2025-05-10,"Alaska","02",1
2025-05-10,"Arizona","04",4
2025-05-10,"Arkansas","05",2
2025-05-10,"California","06",24
2025-05-10,"Colorado","08",1
2025-05-10,"Connecticut","09",5
2025-05-10,"Delaware","10",0
2025-05-10,"District of Columbia","11",0
2025-05-10,"Florida","12",12
2025-05-10,"Georgia","13",13
2025-05-10,"Hawaii","15",0
2025-05-10,"Idaho","16",0
2025-05-10,"Illinois","17",9
2025-05-10,"Indiana","18",6
2025-05-10,"Iowa","19",6
2025-05-10,"Kansas","20",1
2025-05-10,"Kentucky","21",8
2025-05-10,"Louisiana","22",1
2025-05-10,"Maine","23",2
2025-05-10,"Maryland","24",5
2025-05-10,"Massachusetts","25",5
2025-05-10,"Michigan","26",13
2025-05-10,"Minnesota","27",5
2025-05-10,"Mississippi","28",7
2025-05-10,"Missouri","29",2
2025-05-10,"Montana","30",1
2025-05-10,"Nebraska","31",1
2025-05-10,"Nevada","32",2
2025-05-10,"New Hampshire","33",0
2025-05-10,"New Jersey","34",13
2025-05-10,"New Mexico","35",1
2025-05-10,"North Carolina","37",8
2025-05-10,"North Dakota","38",1
2025-05-10,"Ohio","39",7
2025-05-10,"Oklahoma","40",0
2025-05-10,"Oregon","41",3
2025-05-10,"Pennsylvania","42",9
2025-05-10,"Rhode Island","44",2
2025-05-10,"South Carolina","45",7
2025-05-10,"South Dakota","46",1
2025-05-10,"Tennessee","47",7
2025-05-10,"Texas","48",13
2025-05-10,"Utah","49",1
2025-05-10,"Vermont","50",3
2025-05-10,"Virginia","51",4
2025-05-10,"Washington","53",8
2025-05-10,"West Virginia","54",2
2025-05-10,"Wisconsin","55",3
2025-05-10,"Wyoming","56",0
2025-05-10,"New York","36",29
2025-05-10,"US","US",263
2025-05-17,"Alabama","01",6
2025-05-17,"Alaska","02",0
2025-05-17,"Arizona","04",7
2025-05-17,"Arkansas","05",1
2025-05-17,"California","06",16
2025-05-17,"Colorado","08",6
2025-05-17,"Connecticut","09",2
2025-05-17,"Delaware","10",0
2025-05-17,"District of Columbia","11",1
2025-05-17,"Florida","12",13
2025-05-17,"Georgia","13",7
2025-05-17,"Hawaii","15",3
2025-05-17,"Idaho","16",4
2025-05-17,"Illinois","17",6
2025-05-17,"Indiana","18",8
2025-05-17,"Iowa","19",2
2025-05-17,"Kansas","20",3
2025-05-17,"Kentucky","21",2
2025-05-17,"Louisiana","22",1
2025-05-17,"Maine","23",1
2025-05-17,"Maryland","24",11
2025-05-17,"Massachusetts","25",8
2025-05-17,"Michigan","26",6
2025-05-17,"Minnesota","27",5
2025-05-17,"Mississippi","28",4
2025-05-17,"Missouri","29",3
2025-05-17,"Montana","30",0
2025-05-17,"Nebraska","31",1
2025-05-17,"Nevada","32",1
2025-05-17,"New Hampshire","33",1
2025-05-17,"New Jersey","34",8
2025-05-17,"New Mexico","35",2
2025-05-17,"North Carolina","37",12
2025-05-17,"North Dakota","38",0
2025-05-17,"Ohio","39",6
2025-05-17,"Oklahoma","40",2
2025-05-17,"Oregon","41",4
2025-05-17,"Pennsylvania","42",9
2025-05-17,"Rhode Island","44",1
2025-05-17,"South Carolina","45",4
2025-05-17,"South Dakota","46",0
2025-05-17,"Tennessee","47",7
2025-05-17,"Texas","48",13
2025-05-17,"Utah","49",0
2025-05-17,"Vermont","50",0
2025-05-17,"Virginia","51",7
2025-05-17,"Washington","53",8
2025-05-17,"West Virginia","54",0
2025-05-17,"Wisconsin","55",2
2025-05-17,"Wyoming","56",1
2025-05-17,"New York","36",16
2025-05-17,"US","US",231
2025-05-24,"Alabama","01",5
2025-05-24,"Alaska","02",0
2025-05-24,"Arizona","04",5
2025-05-24,"Arkansas","05",1
2025-05-24,"California","06",17
2025-05-24,"Colorado","08",5
2025-05-24,"Connecticut","09",3
2025-05-24,"Delaware","10",0
2025-05-24,"District of Columbia","11",0
2025-05-24,"Florida","12",21
2025-05-24,"Georgia","13",10
2025-05-24,"Hawaii","15",1
2025-05-24,"Idaho","16",3
2025-05-24,"Illinois","17",4
2025-05-24,"Indiana","18",5
2025-05-24,"Iowa","19",1
2025-05-24,"Kansas","20",2
2025-05-24,"Kentucky","21",3
2025-05-24,"Louisiana","22",2
2025-05-24,"Maine","23",1
2025-05-24,"Maryland","24",4
2025-05-24,"Massachusetts","25",5
2025-05-24,"Michigan","26",2
2025-05-24,"Minnesota","27",5
2025-05-24,"Mississippi","28",8
2025-05-24,"Missouri","29",5
2025-05-24,"Montana","30",2
2025-05-24,"Nebraska","31",2
2025-05-24,"Nevada","32",0
2025-05-24,"New Hampshire","33",0
2025-05-24,"New Jersey","34",8
2025-05-24,"New Mexico","35",2
2025-05-24,"North Carolina","37",7
2025-05-24,"North Dakota","38",0
2025-05-24,"Ohio","39",5
2025-05-24,"Oklahoma","40",2
2025-05-24,"Oregon","41",1
2025-05-24,"Pennsylvania","42",7
2025-05-24,"Rhode Island","44",1
2025-05-24,"South Carolina","45",3
2025-05-24,"South Dakota","46",0
2025-05-24,"Tennessee","47",5
2025-05-24,"Texas","48",9
2025-05-24,"Utah","49",0
2025-05-24,"Vermont","50",0
2025-05-24,"Virginia","51",2
2025-05-24,"Washington","53",6
2025-05-24,"West Virginia","54",1
2025-05-24,"Wisconsin","55",0
2025-05-24,"Wyoming","56",1
2025-05-24,"New York","36",11
2025-05-24,"US","US",193
2025-05-31,"Alabama","01",2
2025-05-31,"Alaska","02",1
2025-05-31,"Arizona","04",1
2025-05-31,"Arkansas","05",2
2025-05-31,"California","06",20
2025-05-31,"Colorado","08",4
2025-05-31,"Connecticut","09",3
2025-05-31,"Delaware","10",1
2025-05-31,"District of Columbia","11",0
2025-05-31,"Florida","12",19
2025-05-31,"Georgia","13",5
2025-05-31,"Hawaii","15",3
2025-05-31,"Idaho","16",4
2025-05-31,"Illinois","17",3
2025-05-31,"Indiana","18",3
2025-05-31,"Iowa","19",2
2025-05-31,"Kansas","20",0
2025-05-31,"Kentucky","21",4
2025-05-31,"Louisiana","22",1
2025-05-31,"Maine","23",0
2025-05-31,"Maryland","24",1
2025-05-31,"Massachusetts","25",4
2025-05-31,"Michigan","26",5
2025-05-31,"Minnesota","27",1
2025-05-31,"Mississippi","28",3
2025-05-31,"Missouri","29",4
2025-05-31,"Montana","30",1
2025-05-31,"Nebraska","31",0
2025-05-31,"Nevada","32",1
2025-05-31,"New Hampshire","33",0
2025-05-31,"New Jersey","34",8
2025-05-31,"New Mexico","35",2
2025-05-31,"North Carolina","37",11
2025-05-31,"North Dakota","38",0
2025-05-31,"Ohio","39",3
2025-05-31,"Oklahoma","40",2
2025-05-31,"Oregon","41",6
2025-05-31,"Pennsylvania","42",8
2025-05-31,"Rhode Island","44",1
2025-05-31,"South Carolina","45",4
2025-05-31,"South Dakota","46",1
2025-05-31,"Tennessee","47",7
2025-05-31,"Texas","48",15
2025-05-31,"Utah","49",0
2025-05-31,"Vermont","50",1
2025-05-31,"Virginia","51",5
2025-05-31,"Washington","53",8
2025-05-31,"West Virginia","54",1
2025-05-31,"Wisconsin","55",5
2025-05-31,"Wyoming","56",1
2025-05-31,"New York","36",21
2025-05-31,"US","US",208
2025-06-07,"Alabama","01",0
2025-06-07,"Alaska","02",1
2025-06-07,"Arizona","04",3
2025-06-07,"Arkansas","05",2
2025-06-07,"California","06",28
2025-06-07,"Colorado","08",0
2025-06-07,"Connecticut","09",0
2025-06-07,"Delaware","10",0
2025-06-07,"District of Columbia","11",0
2025-06-07,"Florida","12",18
2025-06-07,"Georgia","13",1
2025-06-07,"Hawaii","15",2
2025-06-07,"Idaho","16",1
2025-06-07,"Illinois","17",4
2025-06-07,"Indiana","18",1
2025-06-07,"Iowa","19",1
2025-06-07,"Kansas","20",3
2025-06-07,"Kentucky","21",1
2025-06-07,"Louisiana","22",2
2025-06-07,"Maine","23",1
2025-06-07,"Maryland","24",1
2025-06-07,"Massachusetts","25",4
2025-06-07,"Michigan","26",6
2025-06-07,"Minnesota","27",6
2025-06-07,"Mississippi","28",7
2025-06-07,"Missouri","29",1
2025-06-07,"Montana","30",3
2025-06-07,"Nebraska","31",0
2025-06-07,"Nevada","32",4
2025-06-07,"New Hampshire","33",1
2025-06-07,"New Jersey","34",16
2025-06-07,"New Mexico","35",3
2025-06-07,"North Carolina","37",5
2025-06-07,"North Dakota","38",1
2025-06-07,"Ohio","39",4
2025-06-07,"Oklahoma","40",2
2025-06-07,"Oregon","41",4
2025-06-07,"Pennsylvania","42",1
2025-06-07,"Rhode Island","44",0
2025-06-07,"South Carolina","45",6
2025-06-07,"South Dakota","46",1
2025-06-07,"Tennessee","47",4
2025-06-07,"Texas","48",8
2025-06-07,"Utah","49",1
2025-06-07,"Vermont","50",1
2025-06-07,"Virginia","51",5
2025-06-07,"Washington","53",4
2025-06-07,"West Virginia","54",1
2025-06-07,"Wisconsin","55",2
2025-06-07,"Wyoming","56",1
2025-06-07,"New York","36",18
2025-06-07,"US","US",190
2025-06-14,"Alabama","01",3
2025-06-14,"Alaska","02",1
2025-06-14,"Arizona","04",3
2025-06-14,"Arkansas","05",1
2025-06-14,"California","06",24
2025-06-14,"Colorado","08",3
2025-06-14,"Connecticut","09",0
2025-06-14,"Delaware","10",1
2025-06-14,"District of Columbia","11",0
2025-06-14,"Florida","12",14
2025-06-14,"Georgia","13",4
2025-06-14,"Hawaii","15",5
2025-06-14,"Idaho","16",0
2025-06-14,"Illinois","17",2
2025-06-14,"Indiana","18",7
2025-06-14,"Iowa","19",3
2025-06-14,"Kansas","20",0
2025-06-14,"Kentucky","21",3
2025-06-14,"Louisiana","22",2
2025-06-14,"Maine","23",2
2025-06-14,"Maryland","24",1
2025-06-14,"Massachusetts","25",5
2025-06-14,"Michigan","26",8
2025-06-14,"Minnesota","27",4
2025-06-14,"Mississippi","28",4
2025-06-14,"Missouri","29",5
2025-06-14,"Montana","30",2
2025-06-14,"Nebraska","31",0
2025-06-14,"Nevada","32",2
2025-06-14,"New Hampshire","33",0
2025-06-14,"New Jersey","34",5
2025-06-14,"New Mexico","35",1
2025-06-14,"North Carolina","37",2
2025-06-14,"North Dakota","38",1
2025-06-14,"Ohio","39",5
2025-06-14,"Oklahoma","40",1
2025-06-14,"Oregon","41",4
2025-06-14,"Pennsylvania","42",3
2025-06-14,"Rhode Island","44",1
2025-06-14,"South Carolina","45",3
2025-06-14,"South Dakota","46",0
2025-06-14,"Tennessee","47",0
2025-06-14,"Texas","48",3
2025-06-14,"Utah","49",3
2025-06-14,"Vermont","50",1
2025-06-14,"Virginia","51",4
2025-06-14,"Washington","53",4
2025-06-14,"West Virginia","54",3
2025-06-14,"Wisconsin","55",1
2025-06-14,"Wyoming","56",0
2025-06-14,"New York","36",15
2025-06-14,"US","US",169
2025-06-21,"Alabama","01",2
2025-06-21,"Alaska","02",0
2025-06-21,"Arizona","04",5
2025-06-21,"Arkansas","05",1
2025-06-21,"California","06",32
2025-06-21,"Colorado","08",6
2025-06-21,"Connecticut","09",1
2025-06-21,"Delaware","10",0
2025-06-21,"District of Columbia","11",0
2025-06-21,"Florida","12",18
2025-06-21,"Georgia","13",3
2025-06-21,"Hawaii","15",0
2025-06-21,"Idaho","16",2
2025-06-21,"Illinois","17",3
2025-06-21,"Indiana","18",4
2025-06-21,"Iowa","19",2
2025-06-21,"Kansas","20",0
2025-06-21,"Kentucky","21",2
2025-06-21,"Louisiana","22",1
2025-06-21,"Maine","23",1
2025-06-21,"Maryland","24",8
2025-06-21,"Massachusetts","25",4
2025-06-21,"Michigan","26",4
2025-06-21,"Minnesota","27",4
2025-06-21,"Mississippi","28",0
2025-06-21,"Missouri","29",1
2025-06-21,"Montana","30",0
2025-06-21,"Nebraska","31",1
2025-06-21,"Nevada","32",0
2025-06-21,"New Hampshire","33",0
2025-06-21,"New Jersey","34",3
2025-06-21,"New Mexico","35",2
2025-06-21,"North Carolina","37",7
2025-06-21,"North Dakota","38",1
2025-06-21,"Ohio","39",6
2025-06-21,"Oklahoma","40",2
2025-06-21,"Oregon","41",2
2025-06-21,"Pennsylvania","42",4
2025-06-21,"Rhode Island","44",2
2025-06-21,"South Carolina","45",1
2025-06-21,"South Dakota","46",0
2025-06-21,"Tennessee","47",7
2025-06-21,"Texas","48",17
2025-06-21,"Utah","49",2
2025-06-21,"Vermont","50",1
2025-06-21,"Virginia","51",5
2025-06-21,"Washington","53",2
2025-06-21,"West Virginia","54",0
2025-06-21,"Wisconsin","55",3
2025-06-21,"Wyoming","56",0
2025-06-21,"New York","36",9
2025-06-21,"US","US",181
2025-06-28,"Alabama","01",4
2025-06-28,"Alaska","02",0
2025-06-28,"Arizona","04",2
2025-06-28,"Arkansas","05",1
2025-06-28,"California","06",24
2025-06-28,"Colorado","08",4
2025-06-28,"Connecticut","09",2
2025-06-28,"Delaware","10",0
2025-06-28,"District of Columbia","11",0
2025-06-28,"Florida","12",23
2025-06-28,"Georgia","13",9
2025-06-28,"Hawaii","15",1
2025-06-28,"Idaho","16",1
2025-06-28,"Illinois","17",1
2025-06-28,"Indiana","18",2
2025-06-28,"Iowa","19",2
2025-06-28,"Kansas","20",0
2025-06-28,"Kentucky","21",4
2025-06-28,"Louisiana","22",1
2025-06-28,"Maine","23",0
2025-06-28,"Maryland","24",4
2025-06-28,"Massachusetts","25",3
2025-06-28,"Michigan","26",4
2025-06-28,"Minnesota","27",2
2025-06-28,"Mississippi","28",3
2025-06-28,"Missouri","29",2
2025-06-28,"Montana","30",2
2025-06-28,"Nebraska","31",3
2025-06-28,"Nevada","32",0
2025-06-28,"New Hampshire","33",3
2025-06-28,"New Jersey","34",4
2025-06-28,"New Mexico","35",0
2025-06-28,"North Carolina","37",6
2025-06-28,"North Dakota","38",0
2025-06-28,"Ohio","39",5
2025-06-28,"Oklahoma","40",1
2025-06-28,"Oregon","41",5
2025-06-28,"Pennsylvania","42",5
2025-06-28,"Rhode Island","44",0
2025-06-28,"South Carolina","45",2
2025-06-28,"South Dakota","46",0
2025-06-28,"Tennessee","47",1
2025-06-28,"Texas","48",10
2025-06-28,"Utah","49",0
2025-06-28,"Vermont","50",0
2025-06-28,"Virginia","51",2
2025-06-28,"Washington","53",3
2025-06-28,"West Virginia","54",1
2025-06-28,"Wisconsin","55",2
2025-06-28,"Wyoming","56",1
2025-06-28,"New York","36",10
2025-06-28,"US","US",165
2025-07-05,"Alabama","01",3
2025-07-05,"Alaska","02",0
2025-07-05,"Arizona","04",3
2025-07-05,"Arkansas","05",0
2025-07-05,"California","06",28
2025-07-05,"Colorado","08",2
2025-07-05,"Connecticut","09",5
2025-07-05,"Delaware","10",0
2025-07-05,"District of Columbia","11",0
2025-07-05,"Florida","12",23
2025-07-05,"Georgia","13",3
2025-07-05,"Hawaii","15",3
2025-07-05,"Idaho","16",2
2025-07-05,"Illinois","17",1
2025-07-05,"Indiana","18",2
2025-07-05,"Iowa","19",2
2025-07-05,"Kansas","20",1
2025-07-05,"Kentucky","21",3
2025-07-05,"Louisiana","22",1
2025-07-05,"Maine","23",1
2025-07-05,"Maryland","24",9
2025-07-05,"Massachusetts","25",6
2025-07-05,"Michigan","26",2
2025-07-05,"Minnesota","27",4
2025-07-05,"Mississippi","28",2
2025-07-05,"Missouri","29",2
2025-07-05,"Montana","30",1
2025-07-05,"Nebraska","31",0
2025-07-05,"Nevada","32",2
2025-07-05,"New Hampshire","33",1
2025-07-05,"New Jersey","34",7
2025-07-05,"New Mexico","35",2
2025-07-05,"North Carolina","37",6
2025-07-05,"North Dakota","38",0
2025-07-05,"Ohio","39",5
2025-07-05,"Oklahoma","40",0
2025-07-05,"Oregon","41",3
2025-07-05,"Pennsylvania","42",4
2025-07-05,"Rhode Island","44",1
2025-07-05,"South Carolina","45",2
2025-07-05,"South Dakota","46",0
2025-07-05,"Tennessee","47",2
2025-07-05,"Texas","48",14
2025-07-05,"Utah","49",1
2025-07-05,"Vermont","50",1
2025-07-05,"Virginia","51",3
2025-07-05,"Washington","53",4
2025-07-05,"West Virginia","54",1
2025-07-05,"Wisconsin","55",1
2025-07-05,"Wyoming","56",0
2025-07-05,"New York","36",15
2025-07-05,"US","US",184
2025-07-12,"Alabama","01",4
2025-07-12,"Alaska","02",0
2025-07-12,"Arizona","04",3
2025-07-12,"Arkansas","05",2
2025-07-12,"California","06",25
2025-07-12,"Colorado","08",2
2025-07-12,"Connecticut","09",2
2025-07-12,"Delaware","10",0
2025-07-12,"District of Columbia","11",1
2025-07-12,"Florida","12",24
2025-07-12,"Georgia","13",2
2025-07-12,"Hawaii","15",2
2025-07-12,"Idaho","16",2
2025-07-12,"Illinois","17",2
2025-07-12,"Indiana","18",4
2025-07-12,"Iowa","19",1
2025-07-12,"Kansas","20",0
2025-07-12,"Kentucky","21",5
2025-07-12,"Louisiana","22",2
2025-07-12,"Maine","23",0
2025-07-12,"Maryland","24",2
2025-07-12,"Massachusetts","25",4
2025-07-12,"Michigan","26",5
2025-07-12,"Minnesota","27",3
2025-07-12,"Mississippi","28",3
2025-07-12,"Missouri","29",1
2025-07-12,"Montana","30",1
2025-07-12,"Nebraska","31",1
2025-07-12,"Nevada","32",2
2025-07-12,"New Hampshire","33",1
2025-07-12,"New Jersey","34",2
2025-07-12,"New Mexico","35",0
2025-07-12,"North Carolina","37",8
2025-07-12,"North Dakota","38",0
2025-07-12,"Ohio","39",3
2025-07-12,"Oklahoma","40",3
2025-07-12,"Oregon","41",2
2025-07-12,"Pennsylvania","42",4
2025-07-12,"Rhode Island","44",1
2025-07-12,"South Carolina","45",0
2025-07-12,"South Dakota","46",0
2025-07-12,"Tennessee","47",3
2025-07-12,"Texas","48",13
2025-07-12,"Utah","49",0
2025-07-12,"Vermont","50",0
2025-07-12,"Virginia","51",6
2025-07-12,"Washington","53",5
2025-07-12,"West Virginia","54",1
2025-07-12,"Wisconsin","55",0
2025-07-12,"Wyoming","56",0
2025-07-12,"New York","36",8
2025-07-12,"US","US",165
2025-07-19,"Alabama","01",4
2025-07-19,"Alaska","02",1
2025-07-19,"Arizona","04",3
2025-07-19,"Arkansas","05",0
2025-07-19,"California","06",22
2025-07-19,"Colorado","08",3
2025-07-19,"Connecticut","09",1
2025-07-19,"Delaware","10",0
2025-07-19,"District of Columbia","11",0
2025-07-19,"Florida","12",31
2025-07-19,"Georgia","13",6
2025-07-19,"Hawaii","15",3
2025-07-19,"Idaho","16",0
2025-07-19,"Illinois","17",2
2025-07-19,"Indiana","18",3
2025-07-19,"Iowa","19",1
2025-07-19,"Kansas","20",1
2025-07-19,"Kentucky","21",2
2025-07-19,"Louisiana","22",0
2025-07-19,"Maine","23",0
2025-07-19,"Maryland","24",2
2025-07-19,"Massachusetts","25",6
2025-07-19,"Michigan","26",2
2025-07-19,"Minnesota","27",3
2025-07-19,"Mississippi","28",5
2025-07-19,"Missouri","29",2
2025-07-19,"Montana","30",1
2025-07-19,"Nebraska","31",1
2025-07-19,"Nevada","32",0
2025-07-19,"New Hampshire","33",0
2025-07-19,"New Jersey","34",1
2025-07-19,"New Mexico","35",2
2025-07-19,"North Carolina","37",8
2025-07-19,"North Dakota","38",0
2025-07-19,"Ohio","39",6
2025-07-19,"Oklahoma","40",3
2025-07-19,"Oregon","41",4
2025-07-19,"Pennsylvania","42",2
2025-07-19,"Rhode Island","44",0
2025-07-19,"South Carolina","45",1
2025-07-19,"South Dakota","46",0
2025-07-19,"Tennessee","47",3
2025-07-19,"Texas","48",11
2025-07-19,"Utah","49",1
2025-07-19,"Vermont","50",1
2025-07-19,"Virginia","51",4
2025-07-19,"Washington","53",6
2025-07-19,"West Virginia","54",0
2025-07-19,"Wisconsin","55",1
2025-07-19,"Wyoming","56",1
2025-07-19,"New York","36",17
2025-07-19,"US","US",177
2025-07-26,"Alabama","01",5
2025-07-26,"Alaska","02",1
2025-07-26,"Arizona","04",2
2025-07-26,"Arkansas","05",5
2025-07-26,"California","06",29
2025-07-26,"Colorado","08",3
2025-07-26,"Connecticut","09",2
2025-07-26,"Delaware","10",1
2025-07-26,"District of Columbia","11",0
2025-07-26,"Florida","12",29
2025-07-26,"Georgia","13",5
2025-07-26,"Hawaii","15",4
2025-07-26,"Idaho","16",0
2025-07-26,"Illinois","17",4
2025-07-26,"Indiana","18",2
2025-07-26,"Iowa","19",1
2025-07-26,"Kansas","20",1
2025-07-26,"Kentucky","21",0
2025-07-26,"Louisiana","22",3
2025-07-26,"Maine","23",1
2025-07-26,"Maryland","24",1
2025-07-26,"Massachusetts","25",3
2025-07-26,"Michigan","26",2
2025-07-26,"Minnesota","27",1
2025-07-26,"Mississippi","28",4
2025-07-26,"Missouri","29",2
2025-07-26,"Montana","30",0
2025-07-26,"Nebraska","31",0
2025-07-26,"Nevada","32",1
2025-07-26,"New Hampshire","33",1
2025-07-26,"New Jersey","34",2
2025-07-26,"New Mexico","35",0
2025-07-26,"North Carolina","37",6
2025-07-26,"North Dakota","38",0
2025-07-26,"Ohio","39",7
2025-07-26,"Oklahoma","40",1
2025-07-26,"Oregon","41",4
2025-07-26,"Pennsylvania","42",3
2025-07-26,"Rhode Island","44",0
2025-07-26,"South Carolina","45",3
2025-07-26,"South Dakota","46",0
2025-07-26,"Tennessee","47",5
2025-07-26,"Texas","48",17
2025-07-26,"Utah","49",2
2025-07-26,"Vermont","50",0
2025-07-26,"Virginia","51",5
2025-07-26,"Washington","53",7
2025-07-26,"West Virginia","54",0
2025-07-26,"Wisconsin","55",1
2025-07-26,"Wyoming","56",1
2025-07-26,"New York","36",5
2025-07-26,"US","US",182
2025-08-02,"Alabama","01",0
2025-08-02,"Alaska","02",0
2025-08-02,"Arizona","04",6
2025-08-02,"Arkansas","05",1
2025-08-02,"California","06",29
2025-08-02,"Colorado","08",0
2025-08-02,"Connecticut","09",1
2025-08-02,"Delaware","10",1
2025-08-02,"District of Columbia","11",2
2025-08-02,"Florida","12",38
2025-08-02,"Georgia","13",6
2025-08-02,"Hawaii","15",4
2025-08-02,"Idaho","16",1
2025-08-02,"Illinois","17",0
2025-08-02,"Indiana","18",0
2025-08-02,"Iowa","19",0
2025-08-02,"Kansas","20",0
2025-08-02,"Kentucky","21",0
2025-08-02,"Louisiana","22",2
2025-08-02,"Maine","23",0
2025-08-02,"Maryland","24",6
2025-08-02,"Massachusetts","25",6
2025-08-02,"Michigan","26",5
2025-08-02,"Minnesota","27",3
2025-08-02,"Mississippi","28",3
2025-08-02,"Missouri","29",3
2025-08-02,"Montana","30",0
2025-08-02,"Nebraska","31",1
2025-08-02,"Nevada","32",2
2025-08-02,"New Hampshire","33",2
2025-08-02,"New Jersey","34",3
2025-08-02,"New Mexico","35",0
2025-08-02,"North Carolina","37",4
2025-08-02,"North Dakota","38",0
2025-08-02,"Ohio","39",4
2025-08-02,"Oklahoma","40",3
2025-08-02,"Oregon","41",3
2025-08-02,"Pennsylvania","42",4
2025-08-02,"Rhode Island","44",0
2025-08-02,"South Carolina","45",5
2025-08-02,"South Dakota","46",0
2025-08-02,"Tennessee","47",5
2025-08-02,"Texas","48",22
2025-08-02,"Utah","49",0
2025-08-02,"Vermont","50",0
2025-08-02,"Virginia","51",6
2025-08-02,"Washington","53",4
2025-08-02,"West Virginia","54",0
2025-08-02,"Wisconsin","55",2
2025-08-02,"Wyoming","56",0
2025-08-02,"New York","36",7
2025-08-02,"US","US",194
2025-08-09,"Alabama","01",1
2025-08-09,"Alaska","02",1
2025-08-09,"Arizona","04",3
2025-08-09,"Arkansas","05",1
2025-08-09,"California","06",33
2025-08-09,"Colorado","08",2
2025-08-09,"Connecticut","09",0
2025-08-09,"Delaware","10",1
2025-08-09,"District of Columbia","11",0
2025-08-09,"Florida","12",38
2025-08-09,"Georgia","13",6
2025-08-09,"Hawaii","15",1
2025-08-09,"Idaho","16",0
2025-08-09,"Illinois","17",3
2025-08-09,"Indiana","18",4
2025-08-09,"Iowa","19",1
2025-08-09,"Kansas","20",2
2025-08-09,"Kentucky","21",4
2025-08-09,"Louisiana","22",2
2025-08-09,"Maine","23",3
2025-08-09,"Maryland","24",2
2025-08-09,"Massachusetts","25",3
2025-08-09,"Michigan","26",4
2025-08-09,"Minnesota","27",2
2025-08-09,"Mississippi","28",3
2025-08-09,"Missouri","29",3
2025-08-09,"Montana","30",0
2025-08-09,"Nebraska","31",0
2025-08-09,"Nevada","32",4
2025-08-09,"New Hampshire","33",1
2025-08-09,"New Jersey","34",3
2025-08-09,"New Mexico","35",0
2025-08-09,"North Carolina","37",5
2025-08-09,"North Dakota","38",0
2025-08-09,"Ohio","39",1
2025-08-09,"Oklahoma","40",2
2025-08-09,"Oregon","41",4
2025-08-09,"Pennsylvania","42",2
2025-08-09,"Rhode Island","44",0
2025-08-09,"South Carolina","45",0
2025-08-09,"South Dakota","46",0
2025-08-09,"Tennessee","47",2
2025-08-09,"Texas","48",25
2025-08-09,"Utah","49",0
2025-08-09,"Vermont","50",0
2025-08-09,"Virginia","51",5
2025-08-09,"Washington","53",7
2025-08-09,"West Virginia","54",0
2025-08-09,"Wisconsin","55",0
2025-08-09,"Wyoming","56",0
2025-08-09,"New York","36",10
2025-08-09,"US","US",194
