"time_value","fips","geo_value_fullname","age_group","value"
2020-08-08,"32","Nevada","0-130",0
2020-09-19,"32","Nevada","0-130",NA
2020-09-26,"32","Nevada","0-130",0
2020-10-03,"32","Nevada","0-130",0
2020-10-10,"32","Nevada","0-130",0
2020-10-17,"32","Nevada","0-130",0
2020-10-17,"48","Texas","0-130",3
2020-10-24,"01","Alabama","0-130",3
2020-10-24,"02","Alaska","0-130",0
2020-10-24,"06","California","0-130",9
2020-10-24,"09","Connecticut","0-130",0
2020-10-24,"11","District of Columbia","0-130",0
2020-10-24,"13","Georgia","0-130",8
2020-10-24,"66","Guam","0-130",2
2020-10-24,"16","Idaho","0-130",1
2020-10-24,"18","Indiana","0-130",0
2020-10-24,"19","Iowa","0-130",1
2020-10-24,"20","Kansas","0-130",6
2020-10-24,"21","Kentucky","0-130",12
2020-10-24,"24","Maryland","0-130",0
2020-10-24,"25","Massachusetts","0-130",0
2020-10-24,"30","Montana","0-130",0
2020-10-24,"31","Nebraska","0-130",0
2020-10-24,"32","Nevada","0-130",5
2020-10-24,"33","New Hampshire","0-130",0
2020-10-24,"35","New Mexico","0-130",1
2020-10-24,"69","Northern Mariana Islands","0-130",0
2020-10-24,"44","Rhode Island","0-130",2
2020-10-24,"47","Tennessee","0-130",20
2020-10-24,"48","Texas","0-130",66
2020-10-24,"78","Virgin Islands","0-130",0
2020-10-24,"56","Wyoming","0-130",0
2020-10-31,"01","Alabama","0-130",18
2020-10-31,"02","Alaska","0-130",0
2020-10-31,"05","Arkansas","0-130",8
2020-10-31,"06","California","0-130",NA
2020-10-31,"08","Colorado","0-130",0
2020-10-31,"09","Connecticut","0-130",0
2020-10-31,"11","District of Columbia","0-130",0
2020-10-31,"13","Georgia","0-130",18
2020-10-31,"66","Guam","0-130",3
2020-10-31,"16","Idaho","0-130",0
2020-10-31,"18","Indiana","0-130",0
2020-10-31,"19","Iowa","0-130",2
2020-10-31,"20","Kansas","0-130",8
2020-10-31,"21","Kentucky","0-130",7
2020-10-31,"23","Maine","0-130",0
2020-10-31,"24","Maryland","0-130",1
2020-10-31,"25","Massachusetts","0-130",3
2020-10-31,"26","Michigan","0-130",13
2020-10-31,"28","Mississippi","0-130",5
2020-10-31,"30","Montana","0-130",1
2020-10-31,"31","Nebraska","0-130",0
2020-10-31,"32","Nevada","0-130",53
2020-10-31,"33","New Hampshire","0-130",0
2020-10-31,"35","New Mexico","0-130",5
2020-10-31,"38","North Dakota","0-130",0
2020-10-31,"69","Northern Mariana Islands","0-130",0
2020-10-31,"40","Oklahoma","0-130",9
2020-10-31,"41","Oregon","0-130",0
2020-10-31,"72","Puerto Rico","0-130",22
2020-10-31,"44","Rhode Island","0-130",3
2020-10-31,"45","South Carolina","0-130",3
2020-10-31,"46","South Dakota","0-130",0
2020-10-31,"47","Tennessee","0-130",30
2020-10-31,"48","Texas","0-130",134
2020-10-31,"US","US","0-130",471
2020-10-31,"78","Virgin Islands","0-130",0
2020-10-31,"51","Virginia","0-130",21
2020-10-31,"53","Washington","0-130",0
2020-10-31,"54","West Virginia","0-130",1
2020-10-31,"56","Wyoming","0-130",1
2020-11-07,"01","Alabama","0-130",21
2020-11-07,"02","Alaska","0-130",0
2020-11-07,"04","Arizona","0-130",10
2020-11-07,"05","Arkansas","0-130",14
2020-11-07,"06","California","0-130",27
2020-11-07,"08","Colorado","0-130",3
2020-11-07,"09","Connecticut","0-130",0
2020-11-07,"11","District of Columbia","0-130",0
2020-11-07,"13","Georgia","0-130",14
2020-11-07,"66","Guam","0-130",1
2020-11-07,"16","Idaho","0-130",0
2020-11-07,"17","Illinois","0-130",7
2020-11-07,"18","Indiana","0-130",6
2020-11-07,"19","Iowa","0-130",9
2020-11-07,"20","Kansas","0-130",2
2020-11-07,"21","Kentucky","0-130",11
2020-11-07,"22","Louisiana","0-130",5
2020-11-07,"23","Maine","0-130",0
2020-11-07,"24","Maryland","0-130",2
2020-11-07,"25","Massachusetts","0-130",6
2020-11-07,"26","Michigan","0-130",9
2020-11-07,"27","Minnesota","0-130",1
2020-11-07,"28","Mississippi","0-130",13
2020-11-07,"29","Missouri","0-130",8
2020-11-07,"30","Montana","0-130",1
2020-11-07,"31","Nebraska","0-130",2
2020-11-07,"32","Nevada","0-130",3
2020-11-07,"33","New Hampshire","0-130",0
2020-11-07,"34","New Jersey","0-130",4
2020-11-07,"35","New Mexico","0-130",10
2020-11-07,"36","New York","0-130",10
2020-11-07,"38","North Dakota","0-130",1
2020-11-07,"69","Northern Mariana Islands","0-130",0
2020-11-07,"39","Ohio","0-130",3
2020-11-07,"40","Oklahoma","0-130",9
2020-11-07,"41","Oregon","0-130",1
2020-11-07,"42","Pennsylvania","0-130",16
2020-11-07,"72","Puerto Rico","0-130",11
2020-11-07,"44","Rhode Island","0-130",2
2020-11-07,"45","South Carolina","0-130",3
2020-11-07,"46","South Dakota","0-130",1
2020-11-07,"47","Tennessee","0-130",28
2020-11-07,"48","Texas","0-130",177
2020-11-07,"US","US","0-130",520
2020-11-07,"49","Utah","0-130",1
2020-11-07,"50","Vermont","0-130",0
2020-11-07,"78","Virgin Islands","0-130",0
2020-11-07,"51","Virginia","0-130",19
2020-11-07,"53","Washington","0-130",0
2020-11-07,"54","West Virginia","0-130",2
2020-11-07,"55","Wisconsin","0-130",9
2020-11-07,"56","Wyoming","0-130",0
2020-11-14,"01","Alabama","0-130",25
2020-11-14,"02","Alaska","0-130",0
2020-11-14,"04","Arizona","0-130",21
2020-11-14,"05","Arkansas","0-130",10
2020-11-14,"06","California","0-130",41
2020-11-14,"08","Colorado","0-130",5
2020-11-14,"09","Connecticut","0-130",1
2020-11-14,"11","District of Columbia","0-130",0
2020-11-14,"13","Georgia","0-130",34
2020-11-14,"66","Guam","0-130",0
2020-11-14,"16","Idaho","0-130",1
2020-11-14,"17","Illinois","0-130",3
2020-11-14,"18","Indiana","0-130",8
2020-11-14,"19","Iowa","0-130",16
2020-11-14,"20","Kansas","0-130",3
2020-11-14,"21","Kentucky","0-130",15
2020-11-14,"22","Louisiana","0-130",23
2020-11-14,"23","Maine","0-130",0
2020-11-14,"24","Maryland","0-130",3
2020-11-14,"25","Massachusetts","0-130",3
2020-11-14,"26","Michigan","0-130",11
2020-11-14,"27","Minnesota","0-130",30
2020-11-14,"28","Mississippi","0-130",14
2020-11-14,"29","Missouri","0-130",11
2020-11-14,"30","Montana","0-130",1
2020-11-14,"31","Nebraska","0-130",3
2020-11-14,"32","Nevada","0-130",1
2020-11-14,"33","New Hampshire","0-130",0
2020-11-14,"34","New Jersey","0-130",1
2020-11-14,"35","New Mexico","0-130",7
2020-11-14,"36","New York","0-130",11
2020-11-14,"38","North Dakota","0-130",7
2020-11-14,"69","Northern Mariana Islands","0-130",0
2020-11-14,"39","Ohio","0-130",4
2020-11-14,"40","Oklahoma","0-130",16
2020-11-14,"41","Oregon","0-130",0
2020-11-14,"42","Pennsylvania","0-130",4
2020-11-14,"72","Puerto Rico","0-130",18
2020-11-14,"44","Rhode Island","0-130",0
2020-11-14,"45","South Carolina","0-130",2
2020-11-14,"46","South Dakota","0-130",2
2020-11-14,"47","Tennessee","0-130",44
2020-11-14,"48","Texas","0-130",171
2020-11-14,"US","US","0-130",653
2020-11-14,"49","Utah","0-130",1
2020-11-14,"50","Vermont","0-130",1
2020-11-14,"78","Virgin Islands","0-130",6
2020-11-14,"51","Virginia","0-130",22
2020-11-14,"53","Washington","0-130",2
2020-11-14,"54","West Virginia","0-130",1
2020-11-14,"55","Wisconsin","0-130",4
2020-11-14,"56","Wyoming","0-130",0
2020-11-21,"01","Alabama","0-130",11
2020-11-21,"02","Alaska","0-130",0
2020-11-21,"04","Arizona","0-130",17
2020-11-21,"05","Arkansas","0-130",6
2020-11-21,"06","California","0-130",39
2020-11-21,"08","Colorado","0-130",5
2020-11-21,"09","Connecticut","0-130",2
2020-11-21,"11","District of Columbia","0-130",0
2020-11-21,"13","Georgia","0-130",30
2020-11-21,"66","Guam","0-130",0
2020-11-21,"16","Idaho","0-130",0
2020-11-21,"17","Illinois","0-130",5
2020-11-21,"18","Indiana","0-130",8
2020-11-21,"19","Iowa","0-130",4
2020-11-21,"20","Kansas","0-130",4
2020-11-21,"21","Kentucky","0-130",11
2020-11-21,"22","Louisiana","0-130",8
2020-11-21,"23","Maine","0-130",0
2020-11-21,"24","Maryland","0-130",4
2020-11-21,"25","Massachusetts","0-130",1
2020-11-21,"26","Michigan","0-130",16
2020-11-21,"27","Minnesota","0-130",8
2020-11-21,"28","Mississippi","0-130",6
2020-11-21,"29","Missouri","0-130",8
2020-11-21,"30","Montana","0-130",1
2020-11-21,"31","Nebraska","0-130",1
2020-11-21,"32","Nevada","0-130",6
2020-11-21,"33","New Hampshire","0-130",1
2020-11-21,"34","New Jersey","0-130",13
2020-11-21,"35","New Mexico","0-130",0
2020-11-21,"36","New York","0-130",19
2020-11-21,"37","North Carolina","0-130",18
2020-11-21,"38","North Dakota","0-130",0
2020-11-21,"69","Northern Mariana Islands","0-130",0
2020-11-21,"39","Ohio","0-130",2
2020-11-21,"40","Oklahoma","0-130",8
2020-11-21,"41","Oregon","0-130",0
2020-11-21,"42","Pennsylvania","0-130",6
2020-11-21,"72","Puerto Rico","0-130",30
2020-11-21,"44","Rhode Island","0-130",0
2020-11-21,"45","South Carolina","0-130",7
2020-11-21,"46","South Dakota","0-130",1
2020-11-21,"47","Tennessee","0-130",50
2020-11-21,"48","Texas","0-130",184
2020-11-21,"US","US","0-130",608
2020-11-21,"49","Utah","0-130",0
2020-11-21,"50","Vermont","0-130",1
2020-11-21,"78","Virgin Islands","0-130",1
2020-11-21,"51","Virginia","0-130",23
2020-11-21,"53","Washington","0-130",2
2020-11-21,"54","West Virginia","0-130",7
2020-11-21,"55","Wisconsin","0-130",0
2020-11-21,"56","Wyoming","0-130",0
2020-11-28,"01","Alabama","0-130",17
2020-11-28,"02","Alaska","0-130",0
2020-11-28,"04","Arizona","0-130",13
2020-11-28,"05","Arkansas","0-130",13
2020-11-28,"06","California","0-130",76
2020-11-28,"08","Colorado","0-130",3
2020-11-28,"09","Connecticut","0-130",0
2020-11-28,"11","District of Columbia","0-130",0
2020-11-28,"13","Georgia","0-130",10
2020-11-28,"66","Guam","0-130",2
2020-11-28,"16","Idaho","0-130",0
2020-11-28,"17","Illinois","0-130",11
2020-11-28,"18","Indiana","0-130",5
2020-11-28,"19","Iowa","0-130",9
2020-11-28,"20","Kansas","0-130",4
2020-11-28,"21","Kentucky","0-130",16
2020-11-28,"22","Louisiana","0-130",7
2020-11-28,"23","Maine","0-130",0
2020-11-28,"24","Maryland","0-130",3
2020-11-28,"25","Massachusetts","0-130",1
2020-11-28,"26","Michigan","0-130",5
2020-11-28,"27","Minnesota","0-130",1
2020-11-28,"28","Mississippi","0-130",12
2020-11-28,"29","Missouri","0-130",16
2020-11-28,"30","Montana","0-130",0
2020-11-28,"31","Nebraska","0-130",0
2020-11-28,"32","Nevada","0-130",2
2020-11-28,"33","New Hampshire","0-130",0
2020-11-28,"34","New Jersey","0-130",4
2020-11-28,"35","New Mexico","0-130",1
2020-11-28,"36","New York","0-130",20
2020-11-28,"37","North Carolina","0-130",19
2020-11-28,"38","North Dakota","0-130",1
2020-11-28,"69","Northern Mariana Islands","0-130",0
2020-11-28,"39","Ohio","0-130",4
2020-11-28,"40","Oklahoma","0-130",11
2020-11-28,"41","Oregon","0-130",2
2020-11-28,"42","Pennsylvania","0-130",3
2020-11-28,"72","Puerto Rico","0-130",37
2020-11-28,"44","Rhode Island","0-130",0
2020-11-28,"45","South Carolina","0-130",6
2020-11-28,"46","South Dakota","0-130",0
2020-11-28,"47","Tennessee","0-130",38
2020-11-28,"48","Texas","0-130",221
2020-11-28,"US","US","0-130",684
2020-11-28,"49","Utah","0-130",0
2020-11-28,"50","Vermont","0-130",0
2020-11-28,"78","Virgin Islands","0-130",0
2020-11-28,"51","Virginia","0-130",33
2020-11-28,"53","Washington","0-130",3
2020-11-28,"54","West Virginia","0-130",4
2020-11-28,"55","Wisconsin","0-130",4
2020-11-28,"56","Wyoming","0-130",0
2020-12-05,"01","Alabama","0-130",12
2020-12-05,"02","Alaska","0-130",2
2020-12-05,"04","Arizona","0-130",19
2020-12-05,"05","Arkansas","0-130",6
2020-12-05,"06","California","0-130",47
2020-12-05,"08","Colorado","0-130",2
2020-12-05,"09","Connecticut","0-130",2
2020-12-05,"11","District of Columbia","0-130",0
2020-12-05,"12","Florida","0-130",31
2020-12-05,"13","Georgia","0-130",13
2020-12-05,"66","Guam","0-130",1
2020-12-05,"15","Hawaii","0-130",0
2020-12-05,"16","Idaho","0-130",1
2020-12-05,"17","Illinois","0-130",6
2020-12-05,"18","Indiana","0-130",3
2020-12-05,"19","Iowa","0-130",1
2020-12-05,"20","Kansas","0-130",7
2020-12-05,"21","Kentucky","0-130",20
2020-12-05,"22","Louisiana","0-130",9
2020-12-05,"23","Maine","0-130",0
2020-12-05,"24","Maryland","0-130",0
2020-12-05,"25","Massachusetts","0-130",3
2020-12-05,"26","Michigan","0-130",8
2020-12-05,"27","Minnesota","0-130",1
2020-12-05,"28","Mississippi","0-130",11
2020-12-05,"29","Missouri","0-130",15
2020-12-05,"30","Montana","0-130",0
2020-12-05,"31","Nebraska","0-130",2
2020-12-05,"32","Nevada","0-130",10
2020-12-05,"33","New Hampshire","0-130",0
2020-12-05,"34","New Jersey","0-130",14
2020-12-05,"35","New Mexico","0-130",0
2020-12-05,"36","New York","0-130",21
2020-12-05,"37","North Carolina","0-130",9
2020-12-05,"38","North Dakota","0-130",4
2020-12-05,"69","Northern Mariana Islands","0-130",0
2020-12-05,"39","Ohio","0-130",7
2020-12-05,"40","Oklahoma","0-130",21
2020-12-05,"41","Oregon","0-130",0
2020-12-05,"42","Pennsylvania","0-130",16
2020-12-05,"72","Puerto Rico","0-130",15
2020-12-05,"44","Rhode Island","0-130",0
2020-12-05,"45","South Carolina","0-130",8
2020-12-05,"46","South Dakota","0-130",1
2020-12-05,"47","Tennessee","0-130",24
2020-12-05,"48","Texas","0-130",247
2020-12-05,"US","US","0-130",658
2020-12-05,"49","Utah","0-130",0
2020-12-05,"50","Vermont","0-130",0
2020-12-05,"78","Virgin Islands","0-130",0
2020-12-05,"51","Virginia","0-130",27
2020-12-05,"53","Washington","0-130",3
2020-12-05,"54","West Virginia","0-130",9
2020-12-05,"55","Wisconsin","0-130",0
2020-12-05,"56","Wyoming","0-130",0
2020-12-12,"01","Alabama","0-130",6
2020-12-12,"02","Alaska","0-130",4
2020-12-12,"04","Arizona","0-130",33
2020-12-12,"05","Arkansas","0-130",12
2020-12-12,"06","California","0-130",54
2020-12-12,"08","Colorado","0-130",5
2020-12-12,"09","Connecticut","0-130",0
2020-12-12,"11","District of Columbia","0-130",0
2020-12-12,"12","Florida","0-130",38
2020-12-12,"13","Georgia","0-130",19
2020-12-12,"66","Guam","0-130",1
2020-12-12,"15","Hawaii","0-130",0
2020-12-12,"16","Idaho","0-130",1
2020-12-12,"17","Illinois","0-130",2
2020-12-12,"18","Indiana","0-130",6
2020-12-12,"19","Iowa","0-130",NA
2020-12-12,"20","Kansas","0-130",4
2020-12-12,"21","Kentucky","0-130",12
2020-12-12,"22","Louisiana","0-130",21
2020-12-12,"23","Maine","0-130",0
2020-12-12,"24","Maryland","0-130",0
2020-12-12,"25","Massachusetts","0-130",1
2020-12-12,"26","Michigan","0-130",6
2020-12-12,"27","Minnesota","0-130",0
2020-12-12,"28","Mississippi","0-130",8
2020-12-12,"29","Missouri","0-130",7
2020-12-12,"30","Montana","0-130",0
2020-12-12,"31","Nebraska","0-130",4
2020-12-12,"32","Nevada","0-130",11
2020-12-12,"33","New Hampshire","0-130",0
2020-12-12,"34","New Jersey","0-130",10
2020-12-12,"35","New Mexico","0-130",1
2020-12-12,"36","New York","0-130",31
2020-12-12,"37","North Carolina","0-130",11
2020-12-12,"38","North Dakota","0-130",2
2020-12-12,"69","Northern Mariana Islands","0-130",0
2020-12-12,"39","Ohio","0-130",6
2020-12-12,"40","Oklahoma","0-130",7
2020-12-12,"41","Oregon","0-130",0
2020-12-12,"42","Pennsylvania","0-130",11
2020-12-12,"72","Puerto Rico","0-130",22
2020-12-12,"44","Rhode Island","0-130",0
2020-12-12,"45","South Carolina","0-130",4
2020-12-12,"46","South Dakota","0-130",2
2020-12-12,"47","Tennessee","0-130",21
2020-12-12,"48","Texas","0-130",217
2020-12-12,"US","US","0-130",643
2020-12-12,"49","Utah","0-130",4
2020-12-12,"50","Vermont","0-130",0
2020-12-12,"78","Virgin Islands","0-130",0
2020-12-12,"51","Virginia","0-130",30
2020-12-12,"53","Washington","0-130",3
2020-12-12,"54","West Virginia","0-130",2
2020-12-12,"55","Wisconsin","0-130",1
2020-12-12,"56","Wyoming","0-130",0
2020-12-19,"01","Alabama","0-130",35
2020-12-19,"02","Alaska","0-130",7
2020-12-19,"04","Arizona","0-130",11
2020-12-19,"05","Arkansas","0-130",11
2020-12-19,"06","California","0-130",53
2020-12-19,"08","Colorado","0-130",5
2020-12-19,"09","Connecticut","0-130",3
2020-12-19,"11","District of Columbia","0-130",0
2020-12-19,"12","Florida","0-130",34
2020-12-19,"13","Georgia","0-130",20
2020-12-19,"66","Guam","0-130",0
2020-12-19,"15","Hawaii","0-130",0
2020-12-19,"16","Idaho","0-130",2
2020-12-19,"17","Illinois","0-130",3
2020-12-19,"18","Indiana","0-130",11
2020-12-19,"19","Iowa","0-130",4
2020-12-19,"20","Kansas","0-130",10
2020-12-19,"21","Kentucky","0-130",33
2020-12-19,"22","Louisiana","0-130",17
2020-12-19,"23","Maine","0-130",0
2020-12-19,"24","Maryland","0-130",2
2020-12-19,"25","Massachusetts","0-130",3
2020-12-19,"26","Michigan","0-130",11
2020-12-19,"27","Minnesota","0-130",0
2020-12-19,"28","Mississippi","0-130",11
2020-12-19,"29","Missouri","0-130",17
2020-12-19,"30","Montana","0-130",1
2020-12-19,"31","Nebraska","0-130",4
2020-12-19,"32","Nevada","0-130",7
2020-12-19,"33","New Hampshire","0-130",0
2020-12-19,"34","New Jersey","0-130",14
2020-12-19,"35","New Mexico","0-130",4
2020-12-19,"36","New York","0-130",36
2020-12-19,"37","North Carolina","0-130",8
2020-12-19,"38","North Dakota","0-130",0
2020-12-19,"69","Northern Mariana Islands","0-130",0
2020-12-19,"39","Ohio","0-130",5
2020-12-19,"40","Oklahoma","0-130",23
2020-12-19,"41","Oregon","0-130",0
2020-12-19,"42","Pennsylvania","0-130",6
2020-12-19,"72","Puerto Rico","0-130",28
2020-12-19,"44","Rhode Island","0-130",0
2020-12-19,"45","South Carolina","0-130",7
2020-12-19,"46","South Dakota","0-130",2
2020-12-19,"47","Tennessee","0-130",23
2020-12-19,"48","Texas","0-130",263
2020-12-19,"US","US","0-130",766
2020-12-19,"49","Utah","0-130",0
2020-12-19,"50","Vermont","0-130",0
2020-12-19,"78","Virgin Islands","0-130",0
2020-12-19,"51","Virginia","0-130",24
2020-12-19,"53","Washington","0-130",1
2020-12-19,"54","West Virginia","0-130",5
2020-12-19,"55","Wisconsin","0-130",2
2020-12-19,"56","Wyoming","0-130",0
2020-12-26,"01","Alabama","0-130",19
2020-12-26,"02","Alaska","0-130",1
2020-12-26,"04","Arizona","0-130",8
2020-12-26,"05","Arkansas","0-130",9
2020-12-26,"06","California","0-130",70
2020-12-26,"08","Colorado","0-130",5
2020-12-26,"09","Connecticut","0-130",0
2020-12-26,"11","District of Columbia","0-130",0
2020-12-26,"12","Florida","0-130",50
2020-12-26,"13","Georgia","0-130",21
2020-12-26,"66","Guam","0-130",0
2020-12-26,"15","Hawaii","0-130",0
2020-12-26,"16","Idaho","0-130",2
2020-12-26,"17","Illinois","0-130",3
2020-12-26,"18","Indiana","0-130",6
2020-12-26,"19","Iowa","0-130",2
2020-12-26,"20","Kansas","0-130",1
2020-12-26,"21","Kentucky","0-130",20
2020-12-26,"22","Louisiana","0-130",17
2020-12-26,"23","Maine","0-130",0
2020-12-26,"24","Maryland","0-130",2
2020-12-26,"25","Massachusetts","0-130",4
2020-12-26,"26","Michigan","0-130",10
2020-12-26,"27","Minnesota","0-130",1
2020-12-26,"28","Mississippi","0-130",19
2020-12-26,"29","Missouri","0-130",10
2020-12-26,"30","Montana","0-130",1
2020-12-26,"31","Nebraska","0-130",2
2020-12-26,"32","Nevada","0-130",3
2020-12-26,"33","New Hampshire","0-130",0
2020-12-26,"34","New Jersey","0-130",9
2020-12-26,"35","New Mexico","0-130",2
2020-12-26,"36","New York","0-130",37
2020-12-26,"37","North Carolina","0-130",10
2020-12-26,"38","North Dakota","0-130",2
2020-12-26,"69","Northern Mariana Islands","0-130",0
2020-12-26,"39","Ohio","0-130",14
2020-12-26,"40","Oklahoma","0-130",10
2020-12-26,"41","Oregon","0-130",0
2020-12-26,"42","Pennsylvania","0-130",9
2020-12-26,"72","Puerto Rico","0-130",10
2020-12-26,"44","Rhode Island","0-130",0
2020-12-26,"45","South Carolina","0-130",10
2020-12-26,"46","South Dakota","0-130",1
2020-12-26,"47","Tennessee","0-130",41
2020-12-26,"48","Texas","0-130",263
2020-12-26,"US","US","0-130",753
2020-12-26,"49","Utah","0-130",0
2020-12-26,"50","Vermont","0-130",0
2020-12-26,"78","Virgin Islands","0-130",0
2020-12-26,"51","Virginia","0-130",39
2020-12-26,"53","Washington","0-130",3
2020-12-26,"54","West Virginia","0-130",5
2020-12-26,"55","Wisconsin","0-130",2
2020-12-26,"56","Wyoming","0-130",0
2021-01-02,"01","Alabama","0-130",20
2021-01-02,"02","Alaska","0-130",0
2021-01-02,"04","Arizona","0-130",44
2021-01-02,"05","Arkansas","0-130",20
2021-01-02,"06","California","0-130",51
2021-01-02,"08","Colorado","0-130",0
2021-01-02,"09","Connecticut","0-130",1
2021-01-02,"11","District of Columbia","0-130",0
2021-01-02,"12","Florida","0-130",31
2021-01-02,"13","Georgia","0-130",36
2021-01-02,"66","Guam","0-130",0
2021-01-02,"15","Hawaii","0-130",0
2021-01-02,"16","Idaho","0-130",0
2021-01-02,"17","Illinois","0-130",8
2021-01-02,"18","Indiana","0-130",4
2021-01-02,"19","Iowa","0-130",7
2021-01-02,"20","Kansas","0-130",1
2021-01-02,"21","Kentucky","0-130",5
2021-01-02,"22","Louisiana","0-130",16
2021-01-02,"23","Maine","0-130",0
2021-01-02,"24","Maryland","0-130",4
2021-01-02,"25","Massachusetts","0-130",7
2021-01-02,"26","Michigan","0-130",5
2021-01-02,"27","Minnesota","0-130",0
2021-01-02,"28","Mississippi","0-130",5
2021-01-02,"29","Missouri","0-130",6
2021-01-02,"30","Montana","0-130",0
2021-01-02,"31","Nebraska","0-130",0
2021-01-02,"32","Nevada","0-130",17
2021-01-02,"33","New Hampshire","0-130",1
2021-01-02,"34","New Jersey","0-130",10
2021-01-02,"35","New Mexico","0-130",1
2021-01-02,"36","New York","0-130",21
2021-01-02,"37","North Carolina","0-130",15
2021-01-02,"38","North Dakota","0-130",0
2021-01-02,"69","Northern Mariana Islands","0-130",0
2021-01-02,"39","Ohio","0-130",21
2021-01-02,"40","Oklahoma","0-130",22
2021-01-02,"41","Oregon","0-130",2
2021-01-02,"42","Pennsylvania","0-130",14
2021-01-02,"72","Puerto Rico","0-130",7
2021-01-02,"44","Rhode Island","0-130",0
2021-01-02,"45","South Carolina","0-130",13
2021-01-02,"46","South Dakota","0-130",0
2021-01-02,"47","Tennessee","0-130",34
2021-01-02,"48","Texas","0-130",250
2021-01-02,"US","US","0-130",743
2021-01-02,"49","Utah","0-130",1
2021-01-02,"50","Vermont","0-130",0
2021-01-02,"78","Virgin Islands","0-130",2
2021-01-02,"51","Virginia","0-130",37
2021-01-02,"53","Washington","0-130",0
2021-01-02,"54","West Virginia","0-130",4
2021-01-02,"55","Wisconsin","0-130",0
2021-01-02,"56","Wyoming","0-130",0
2021-01-09,"01","Alabama","0-130",33
2021-01-09,"02","Alaska","0-130",0
2021-01-09,"04","Arizona","0-130",9
2021-01-09,"05","Arkansas","0-130",20
2021-01-09,"06","California","0-130",75
2021-01-09,"08","Colorado","0-130",0
2021-01-09,"09","Connecticut","0-130",1
2021-01-09,"11","District of Columbia","0-130",0
2021-01-09,"12","Florida","0-130",40
2021-01-09,"13","Georgia","0-130",22
2021-01-09,"66","Guam","0-130",0
2021-01-09,"15","Hawaii","0-130",0
2021-01-09,"16","Idaho","0-130",2
2021-01-09,"17","Illinois","0-130",10
2021-01-09,"18","Indiana","0-130",6
2021-01-09,"19","Iowa","0-130",2
2021-01-09,"20","Kansas","0-130",2
2021-01-09,"21","Kentucky","0-130",7
2021-01-09,"22","Louisiana","0-130",4
2021-01-09,"23","Maine","0-130",0
2021-01-09,"24","Maryland","0-130",10
2021-01-09,"25","Massachusetts","0-130",3
2021-01-09,"26","Michigan","0-130",6
2021-01-09,"27","Minnesota","0-130",1
2021-01-09,"28","Mississippi","0-130",28
2021-01-09,"29","Missouri","0-130",13
2021-01-09,"30","Montana","0-130",0
2021-01-09,"31","Nebraska","0-130",2
2021-01-09,"32","Nevada","0-130",9
2021-01-09,"33","New Hampshire","0-130",0
2021-01-09,"34","New Jersey","0-130",11
2021-01-09,"35","New Mexico","0-130",3
2021-01-09,"36","New York","0-130",11
2021-01-09,"37","North Carolina","0-130",12
2021-01-09,"38","North Dakota","0-130",1
2021-01-09,"69","Northern Mariana Islands","0-130",0
2021-01-09,"39","Ohio","0-130",11
2021-01-09,"40","Oklahoma","0-130",20
2021-01-09,"41","Oregon","0-130",0
2021-01-09,"42","Pennsylvania","0-130",16
2021-01-09,"72","Puerto Rico","0-130",16
2021-01-09,"44","Rhode Island","0-130",0
2021-01-09,"45","South Carolina","0-130",5
2021-01-09,"46","South Dakota","0-130",1
2021-01-09,"47","Tennessee","0-130",26
2021-01-09,"48","Texas","0-130",126
2021-01-09,"US","US","0-130",604
2021-01-09,"49","Utah","0-130",0
2021-01-09,"50","Vermont","0-130",0
2021-01-09,"78","Virgin Islands","0-130",2
2021-01-09,"51","Virginia","0-130",30
2021-01-09,"53","Washington","0-130",2
2021-01-09,"54","West Virginia","0-130",6
2021-01-09,"55","Wisconsin","0-130",0
2021-01-09,"56","Wyoming","0-130",0
2021-01-16,"01","Alabama","0-130",42
2021-01-16,"02","Alaska","0-130",0
2021-01-16,"04","Arizona","0-130",14
2021-01-16,"05","Arkansas","0-130",17
2021-01-16,"06","California","0-130",45
2021-01-16,"08","Colorado","0-130",4
2021-01-16,"09","Connecticut","0-130",1
2021-01-16,"11","District of Columbia","0-130",0
2021-01-16,"12","Florida","0-130",48
2021-01-16,"13","Georgia","0-130",40
2021-01-16,"66","Guam","0-130",0
2021-01-16,"15","Hawaii","0-130",0
2021-01-16,"16","Idaho","0-130",2
2021-01-16,"17","Illinois","0-130",4
2021-01-16,"18","Indiana","0-130",5
2021-01-16,"19","Iowa","0-130",7
2021-01-16,"20","Kansas","0-130",9
2021-01-16,"21","Kentucky","0-130",7
2021-01-16,"22","Louisiana","0-130",5
2021-01-16,"23","Maine","0-130",0
2021-01-16,"24","Maryland","0-130",4
2021-01-16,"25","Massachusetts","0-130",3
2021-01-16,"26","Michigan","0-130",6
2021-01-16,"27","Minnesota","0-130",1
2021-01-16,"28","Mississippi","0-130",29
2021-01-16,"29","Missouri","0-130",8
2021-01-16,"30","Montana","0-130",0
2021-01-16,"31","Nebraska","0-130",4
2021-01-16,"32","Nevada","0-130",13
2021-01-16,"33","New Hampshire","0-130",0
2021-01-16,"34","New Jersey","0-130",6
2021-01-16,"35","New Mexico","0-130",3
2021-01-16,"36","New York","0-130",18
2021-01-16,"37","North Carolina","0-130",24
2021-01-16,"38","North Dakota","0-130",2
2021-01-16,"69","Northern Mariana Islands","0-130",0
2021-01-16,"39","Ohio","0-130",7
2021-01-16,"40","Oklahoma","0-130",9
2021-01-16,"41","Oregon","0-130",0
2021-01-16,"42","Pennsylvania","0-130",19
2021-01-16,"72","Puerto Rico","0-130",20
2021-01-16,"44","Rhode Island","0-130",0
2021-01-16,"45","South Carolina","0-130",5
2021-01-16,"46","South Dakota","0-130",0
2021-01-16,"47","Tennessee","0-130",34
2021-01-16,"48","Texas","0-130",118
2021-01-16,"US","US","0-130",649
2021-01-16,"49","Utah","0-130",1
2021-01-16,"50","Vermont","0-130",0
2021-01-16,"78","Virgin Islands","0-130",0
2021-01-16,"51","Virginia","0-130",49
2021-01-16,"53","Washington","0-130",0
2021-01-16,"54","West Virginia","0-130",0
2021-01-16,"55","Wisconsin","0-130",1
2021-01-16,"56","Wyoming","0-130",12
2021-01-23,"01","Alabama","0-130",22
2021-01-23,"02","Alaska","0-130",0
2021-01-23,"04","Arizona","0-130",3
2021-01-23,"05","Arkansas","0-130",13
2021-01-23,"06","California","0-130",40
2021-01-23,"08","Colorado","0-130",5
2021-01-23,"09","Connecticut","0-130",0
2021-01-23,"11","District of Columbia","0-130",0
2021-01-23,"12","Florida","0-130",50
2021-01-23,"13","Georgia","0-130",25
2021-01-23,"66","Guam","0-130",0
2021-01-23,"15","Hawaii","0-130",0
2021-01-23,"16","Idaho","0-130",0
2021-01-23,"17","Illinois","0-130",1
2021-01-23,"18","Indiana","0-130",8
2021-01-23,"19","Iowa","0-130",1
2021-01-23,"20","Kansas","0-130",1
2021-01-23,"21","Kentucky","0-130",3
2021-01-23,"22","Louisiana","0-130",20
2021-01-23,"23","Maine","0-130",0
2021-01-23,"24","Maryland","0-130",3
2021-01-23,"25","Massachusetts","0-130",3
2021-01-23,"26","Michigan","0-130",6
2021-01-23,"27","Minnesota","0-130",0
2021-01-23,"28","Mississippi","0-130",14
2021-01-23,"29","Missouri","0-130",9
2021-01-23,"30","Montana","0-130",0
2021-01-23,"31","Nebraska","0-130",1
2021-01-23,"32","Nevada","0-130",2
2021-01-23,"33","New Hampshire","0-130",1
2021-01-23,"34","New Jersey","0-130",9
2021-01-23,"35","New Mexico","0-130",10
2021-01-23,"36","New York","0-130",19
2021-01-23,"37","North Carolina","0-130",4
2021-01-23,"38","North Dakota","0-130",0
2021-01-23,"69","Northern Mariana Islands","0-130",0
2021-01-23,"39","Ohio","0-130",6
2021-01-23,"40","Oklahoma","0-130",3
2021-01-23,"41","Oregon","0-130",0
2021-01-23,"42","Pennsylvania","0-130",21
2021-01-23,"72","Puerto Rico","0-130",15
2021-01-23,"44","Rhode Island","0-130",0
2021-01-23,"45","South Carolina","0-130",6
2021-01-23,"46","South Dakota","0-130",0
2021-01-23,"47","Tennessee","0-130",26
2021-01-23,"48","Texas","0-130",337
2021-01-23,"US","US","0-130",715
2021-01-23,"49","Utah","0-130",0
2021-01-23,"50","Vermont","0-130",0
2021-01-23,"78","Virgin Islands","0-130",0
2021-01-23,"51","Virginia","0-130",28
2021-01-23,"53","Washington","0-130",0
2021-01-23,"54","West Virginia","0-130",0
2021-01-23,"55","Wisconsin","0-130",0
2021-01-23,"56","Wyoming","0-130",0
2021-01-30,"01","Alabama","0-130",46
2021-01-30,"02","Alaska","0-130",0
2021-01-30,"04","Arizona","0-130",2
2021-01-30,"05","Arkansas","0-130",21
2021-01-30,"06","California","0-130",24
2021-01-30,"08","Colorado","0-130",5
2021-01-30,"09","Connecticut","0-130",0
2021-01-30,"11","District of Columbia","0-130",0
2021-01-30,"12","Florida","0-130",41
2021-01-30,"13","Georgia","0-130",33
2021-01-30,"66","Guam","0-130",0
2021-01-30,"15","Hawaii","0-130",0
2021-01-30,"16","Idaho","0-130",0
2021-01-30,"17","Illinois","0-130",1
2021-01-30,"18","Indiana","0-130",6
2021-01-30,"19","Iowa","0-130",3
2021-01-30,"20","Kansas","0-130",1
2021-01-30,"21","Kentucky","0-130",13
2021-01-30,"22","Louisiana","0-130",20
2021-01-30,"23","Maine","0-130",0
2021-01-30,"24","Maryland","0-130",4
2021-01-30,"25","Massachusetts","0-130",0
2021-01-30,"26","Michigan","0-130",3
2021-01-30,"27","Minnesota","0-130",12
2021-01-30,"28","Mississippi","0-130",14
2021-01-30,"29","Missouri","0-130",6
2021-01-30,"30","Montana","0-130",0
2021-01-30,"31","Nebraska","0-130",1
2021-01-30,"32","Nevada","0-130",5
2021-01-30,"33","New Hampshire","0-130",1
2021-01-30,"34","New Jersey","0-130",9
2021-01-30,"35","New Mexico","0-130",2
2021-01-30,"36","New York","0-130",23
2021-01-30,"37","North Carolina","0-130",10
2021-01-30,"38","North Dakota","0-130",1
2021-01-30,"69","Northern Mariana Islands","0-130",0
2021-01-30,"39","Ohio","0-130",8
2021-01-30,"40","Oklahoma","0-130",9
2021-01-30,"41","Oregon","0-130",0
2021-01-30,"42","Pennsylvania","0-130",11
2021-01-30,"72","Puerto Rico","0-130",26
2021-01-30,"44","Rhode Island","0-130",0
2021-01-30,"45","South Carolina","0-130",9
2021-01-30,"46","South Dakota","0-130",0
2021-01-30,"47","Tennessee","0-130",39
2021-01-30,"48","Texas","0-130",121
2021-01-30,"US","US","0-130",551
2021-01-30,"49","Utah","0-130",0
2021-01-30,"50","Vermont","0-130",0
2021-01-30,"78","Virgin Islands","0-130",0
2021-01-30,"51","Virginia","0-130",18
2021-01-30,"53","Washington","0-130",0
2021-01-30,"54","West Virginia","0-130",0
2021-01-30,"55","Wisconsin","0-130",3
2021-01-30,"56","Wyoming","0-130",0
2021-02-06,"01","Alabama","0-130",37
2021-02-06,"02","Alaska","0-130",0
2021-02-06,"04","Arizona","0-130",3
2021-02-06,"05","Arkansas","0-130",9
2021-02-06,"06","California","0-130",18
2021-02-06,"08","Colorado","0-130",2
2021-02-06,"09","Connecticut","0-130",0
2021-02-06,"11","District of Columbia","0-130",0
2021-02-06,"12","Florida","0-130",52
2021-02-06,"13","Georgia","0-130",16
2021-02-06,"66","Guam","0-130",3
2021-02-06,"15","Hawaii","0-130",0
2021-02-06,"16","Idaho","0-130",0
2021-02-06,"17","Illinois","0-130",8
2021-02-06,"18","Indiana","0-130",10
2021-02-06,"19","Iowa","0-130",2
2021-02-06,"20","Kansas","0-130",0
2021-02-06,"21","Kentucky","0-130",2
2021-02-06,"22","Louisiana","0-130",12
2021-02-06,"23","Maine","0-130",0
2021-02-06,"24","Maryland","0-130",0
2021-02-06,"25","Massachusetts","0-130",3
2021-02-06,"26","Michigan","0-130",2
2021-02-06,"27","Minnesota","0-130",0
2021-02-06,"28","Mississippi","0-130",10
2021-02-06,"29","Missouri","0-130",7
2021-02-06,"30","Montana","0-130",0
2021-02-06,"31","Nebraska","0-130",0
2021-02-06,"32","Nevada","0-130",2
2021-02-06,"33","New Hampshire","0-130",0
2021-02-06,"34","New Jersey","0-130",11
2021-02-06,"35","New Mexico","0-130",4
2021-02-06,"36","New York","0-130",20
2021-02-06,"37","North Carolina","0-130",4
2021-02-06,"38","North Dakota","0-130",0
2021-02-06,"69","Northern Mariana Islands","0-130",0
2021-02-06,"39","Ohio","0-130",6
2021-02-06,"40","Oklahoma","0-130",9
2021-02-06,"41","Oregon","0-130",0
2021-02-06,"42","Pennsylvania","0-130",10
2021-02-06,"72","Puerto Rico","0-130",16
2021-02-06,"44","Rhode Island","0-130",0
2021-02-06,"45","South Carolina","0-130",4
2021-02-06,"46","South Dakota","0-130",0
2021-02-06,"47","Tennessee","0-130",44
2021-02-06,"48","Texas","0-130",146
2021-02-06,"US","US","0-130",505
2021-02-06,"49","Utah","0-130",0
2021-02-06,"50","Vermont","0-130",1
2021-02-06,"78","Virgin Islands","0-130",0
2021-02-06,"51","Virginia","0-130",27
2021-02-06,"53","Washington","0-130",0
2021-02-06,"54","West Virginia","0-130",0
2021-02-06,"55","Wisconsin","0-130",5
2021-02-06,"56","Wyoming","0-130",0
2021-02-13,"01","Alabama","0-130",33
2021-02-13,"02","Alaska","0-130",0
2021-02-13,"04","Arizona","0-130",3
2021-02-13,"05","Arkansas","0-130",19
2021-02-13,"06","California","0-130",24
2021-02-13,"08","Colorado","0-130",1
2021-02-13,"09","Connecticut","0-130",0
2021-02-13,"11","District of Columbia","0-130",0
2021-02-13,"12","Florida","0-130",51
2021-02-13,"13","Georgia","0-130",30
2021-02-13,"66","Guam","0-130",1
2021-02-13,"15","Hawaii","0-130",0
2021-02-13,"16","Idaho","0-130",0
2021-02-13,"17","Illinois","0-130",1
2021-02-13,"18","Indiana","0-130",8
2021-02-13,"19","Iowa","0-130",1
2021-02-13,"20","Kansas","0-130",4
2021-02-13,"21","Kentucky","0-130",2
2021-02-13,"22","Louisiana","0-130",12
2021-02-13,"23","Maine","0-130",1
2021-02-13,"24","Maryland","0-130",1
2021-02-13,"25","Massachusetts","0-130",1
2021-02-13,"26","Michigan","0-130",0
2021-02-13,"27","Minnesota","0-130",0
2021-02-13,"28","Mississippi","0-130",9
2021-02-13,"29","Missouri","0-130",4
2021-02-13,"30","Montana","0-130",0
2021-02-13,"31","Nebraska","0-130",1
2021-02-13,"32","Nevada","0-130",0
2021-02-13,"33","New Hampshire","0-130",1
2021-02-13,"34","New Jersey","0-130",7
2021-02-13,"35","New Mexico","0-130",4
2021-02-13,"36","New York","0-130",13
2021-02-13,"37","North Carolina","0-130",3
2021-02-13,"38","North Dakota","0-130",0
2021-02-13,"69","Northern Mariana Islands","0-130",0
2021-02-13,"39","Ohio","0-130",9
2021-02-13,"40","Oklahoma","0-130",2
2021-02-13,"41","Oregon","0-130",1
2021-02-13,"42","Pennsylvania","0-130",18
2021-02-13,"72","Puerto Rico","0-130",13
2021-02-13,"44","Rhode Island","0-130",0
2021-02-13,"45","South Carolina","0-130",5
2021-02-13,"46","South Dakota","0-130",2
2021-02-13,"47","Tennessee","0-130",30
2021-02-13,"48","Texas","0-130",120
2021-02-13,"US","US","0-130",463
2021-02-13,"49","Utah","0-130",0
2021-02-13,"50","Vermont","0-130",0
2021-02-13,"78","Virgin Islands","0-130",0
2021-02-13,"51","Virginia","0-130",26
2021-02-13,"53","Washington","0-130",1
2021-02-13,"54","West Virginia","0-130",0
2021-02-13,"55","Wisconsin","0-130",1
2021-02-13,"56","Wyoming","0-130",0
2021-02-20,"01","Alabama","0-130",29
2021-02-20,"02","Alaska","0-130",0
2021-02-20,"04","Arizona","0-130",4
2021-02-20,"05","Arkansas","0-130",16
2021-02-20,"06","California","0-130",16
2021-02-20,"08","Colorado","0-130",1
2021-02-20,"09","Connecticut","0-130",0
2021-02-20,"11","District of Columbia","0-130",0
2021-02-20,"12","Florida","0-130",42
2021-02-20,"13","Georgia","0-130",33
2021-02-20,"66","Guam","0-130",0
2021-02-20,"15","Hawaii","0-130",0
2021-02-20,"16","Idaho","0-130",0
2021-02-20,"17","Illinois","0-130",1
2021-02-20,"18","Indiana","0-130",6
2021-02-20,"19","Iowa","0-130",4
2021-02-20,"20","Kansas","0-130",5
2021-02-20,"21","Kentucky","0-130",0
2021-02-20,"22","Louisiana","0-130",7
2021-02-20,"23","Maine","0-130",1
2021-02-20,"24","Maryland","0-130",1
2021-02-20,"25","Massachusetts","0-130",3
2021-02-20,"26","Michigan","0-130",1
2021-02-20,"27","Minnesota","0-130",5
2021-02-20,"28","Mississippi","0-130",15
2021-02-20,"29","Missouri","0-130",13
2021-02-20,"30","Montana","0-130",0
2021-02-20,"31","Nebraska","0-130",5
2021-02-20,"32","Nevada","0-130",5
2021-02-20,"33","New Hampshire","0-130",1
2021-02-20,"34","New Jersey","0-130",9
2021-02-20,"35","New Mexico","0-130",1
2021-02-20,"36","New York","0-130",21
2021-02-20,"37","North Carolina","0-130",8
2021-02-20,"38","North Dakota","0-130",0
2021-02-20,"69","Northern Mariana Islands","0-130",0
2021-02-20,"39","Ohio","0-130",12
2021-02-20,"40","Oklahoma","0-130",9
2021-02-20,"41","Oregon","0-130",0
2021-02-20,"42","Pennsylvania","0-130",9
2021-02-20,"72","Puerto Rico","0-130",16
2021-02-20,"44","Rhode Island","0-130",0
2021-02-20,"45","South Carolina","0-130",7
2021-02-20,"46","South Dakota","0-130",1
2021-02-20,"47","Tennessee","0-130",29
2021-02-20,"48","Texas","0-130",107
2021-02-20,"US","US","0-130",480
2021-02-20,"49","Utah","0-130",0
2021-02-20,"50","Vermont","0-130",0
2021-02-20,"78","Virgin Islands","0-130",0
2021-02-20,"51","Virginia","0-130",23
2021-02-20,"53","Washington","0-130",2
2021-02-20,"54","West Virginia","0-130",0
2021-02-20,"55","Wisconsin","0-130",12
2021-02-20,"56","Wyoming","0-130",0
2021-02-27,"01","Alabama","0-130",31
2021-02-27,"02","Alaska","0-130",0
2021-02-27,"04","Arizona","0-130",5
2021-02-27,"05","Arkansas","0-130",10
2021-02-27,"06","California","0-130",22
2021-02-27,"08","Colorado","0-130",0
2021-02-27,"09","Connecticut","0-130",0
2021-02-27,"11","District of Columbia","0-130",0
2021-02-27,"12","Florida","0-130",41
2021-02-27,"13","Georgia","0-130",18
2021-02-27,"66","Guam","0-130",1
2021-02-27,"15","Hawaii","0-130",0
2021-02-27,"16","Idaho","0-130",0
2021-02-27,"17","Illinois","0-130",2
2021-02-27,"18","Indiana","0-130",1
2021-02-27,"19","Iowa","0-130",0
2021-02-27,"20","Kansas","0-130",0
2021-02-27,"21","Kentucky","0-130",5
2021-02-27,"22","Louisiana","0-130",19
2021-02-27,"23","Maine","0-130",0
2021-02-27,"24","Maryland","0-130",1
2021-02-27,"25","Massachusetts","0-130",2
2021-02-27,"26","Michigan","0-130",4
2021-02-27,"27","Minnesota","0-130",8
2021-02-27,"28","Mississippi","0-130",7
2021-02-27,"29","Missouri","0-130",15
2021-02-27,"30","Montana","0-130",1
2021-02-27,"31","Nebraska","0-130",7
2021-02-27,"32","Nevada","0-130",6
2021-02-27,"33","New Hampshire","0-130",0
2021-02-27,"34","New Jersey","0-130",12
2021-02-27,"35","New Mexico","0-130",1
2021-02-27,"36","New York","0-130",10
2021-02-27,"37","North Carolina","0-130",8
2021-02-27,"38","North Dakota","0-130",0
2021-02-27,"69","Northern Mariana Islands","0-130",0
2021-02-27,"39","Ohio","0-130",11
2021-02-27,"40","Oklahoma","0-130",14
2021-02-27,"41","Oregon","0-130",1
2021-02-27,"42","Pennsylvania","0-130",14
2021-02-27,"72","Puerto Rico","0-130",17
2021-02-27,"44","Rhode Island","0-130",0
2021-02-27,"45","South Carolina","0-130",9
2021-02-27,"46","South Dakota","0-130",1
2021-02-27,"47","Tennessee","0-130",13
2021-02-27,"48","Texas","0-130",77
2021-02-27,"US","US","0-130",426
2021-02-27,"49","Utah","0-130",0
2021-02-27,"50","Vermont","0-130",0
2021-02-27,"78","Virgin Islands","0-130",0
2021-02-27,"51","Virginia","0-130",27
2021-02-27,"53","Washington","0-130",3
2021-02-27,"54","West Virginia","0-130",0
2021-02-27,"55","Wisconsin","0-130",2
2021-02-27,"56","Wyoming","0-130",0
2021-03-06,"01","Alabama","0-130",29
2021-03-06,"02","Alaska","0-130",0
2021-03-06,"04","Arizona","0-130",15
2021-03-06,"05","Arkansas","0-130",10
2021-03-06,"06","California","0-130",14
2021-03-06,"08","Colorado","0-130",8
2021-03-06,"09","Connecticut","0-130",0
2021-03-06,"11","District of Columbia","0-130",0
2021-03-06,"12","Florida","0-130",43
2021-03-06,"13","Georgia","0-130",12
2021-03-06,"66","Guam","0-130",0
2021-03-06,"15","Hawaii","0-130",0
2021-03-06,"16","Idaho","0-130",0
2021-03-06,"17","Illinois","0-130",2
2021-03-06,"18","Indiana","0-130",3
2021-03-06,"19","Iowa","0-130",0
2021-03-06,"20","Kansas","0-130",0
2021-03-06,"21","Kentucky","0-130",15
2021-03-06,"22","Louisiana","0-130",8
2021-03-06,"23","Maine","0-130",2
2021-03-06,"24","Maryland","0-130",1
2021-03-06,"25","Massachusetts","0-130",2
2021-03-06,"26","Michigan","0-130",3
2021-03-06,"27","Minnesota","0-130",18
2021-03-06,"28","Mississippi","0-130",13
2021-03-06,"29","Missouri","0-130",5
2021-03-06,"30","Montana","0-130",0
2021-03-06,"31","Nebraska","0-130",4
2021-03-06,"32","Nevada","0-130",0
2021-03-06,"33","New Hampshire","0-130",0
2021-03-06,"34","New Jersey","0-130",5
2021-03-06,"35","New Mexico","0-130",1
2021-03-06,"36","New York","0-130",14
2021-03-06,"37","North Carolina","0-130",4
2021-03-06,"38","North Dakota","0-130",0
2021-03-06,"69","Northern Mariana Islands","0-130",0
2021-03-06,"39","Ohio","0-130",12
2021-03-06,"40","Oklahoma","0-130",10
2021-03-06,"41","Oregon","0-130",0
2021-03-06,"42","Pennsylvania","0-130",5
2021-03-06,"72","Puerto Rico","0-130",30
2021-03-06,"44","Rhode Island","0-130",0
2021-03-06,"45","South Carolina","0-130",6
2021-03-06,"46","South Dakota","0-130",0
2021-03-06,"47","Tennessee","0-130",22
2021-03-06,"48","Texas","0-130",81
2021-03-06,"US","US","0-130",436
2021-03-06,"49","Utah","0-130",0
2021-03-06,"50","Vermont","0-130",0
2021-03-06,"78","Virgin Islands","0-130",0
2021-03-06,"51","Virginia","0-130",33
2021-03-06,"53","Washington","0-130",5
2021-03-06,"54","West Virginia","0-130",0
2021-03-06,"55","Wisconsin","0-130",1
2021-03-06,"56","Wyoming","0-130",0
2021-03-13,"01","Alabama","0-130",23
2021-03-13,"02","Alaska","0-130",0
2021-03-13,"04","Arizona","0-130",0
2021-03-13,"05","Arkansas","0-130",21
2021-03-13,"06","California","0-130",14
2021-03-13,"08","Colorado","0-130",2
2021-03-13,"09","Connecticut","0-130",0
2021-03-13,"11","District of Columbia","0-130",0
2021-03-13,"12","Florida","0-130",25
2021-03-13,"13","Georgia","0-130",14
2021-03-13,"66","Guam","0-130",0
2021-03-13,"15","Hawaii","0-130",0
2021-03-13,"16","Idaho","0-130",1
2021-03-13,"17","Illinois","0-130",0
2021-03-13,"18","Indiana","0-130",3
2021-03-13,"19","Iowa","0-130",2
2021-03-13,"20","Kansas","0-130",6
2021-03-13,"21","Kentucky","0-130",12
2021-03-13,"22","Louisiana","0-130",11
2021-03-13,"23","Maine","0-130",0
2021-03-13,"24","Maryland","0-130",3
2021-03-13,"25","Massachusetts","0-130",5
2021-03-13,"26","Michigan","0-130",2
2021-03-13,"27","Minnesota","0-130",8
2021-03-13,"28","Mississippi","0-130",18
2021-03-13,"29","Missouri","0-130",2
2021-03-13,"30","Montana","0-130",0
2021-03-13,"31","Nebraska","0-130",5
2021-03-13,"32","Nevada","0-130",13
2021-03-13,"33","New Hampshire","0-130",0
2021-03-13,"34","New Jersey","0-130",10
2021-03-13,"35","New Mexico","0-130",0
2021-03-13,"36","New York","0-130",17
2021-03-13,"37","North Carolina","0-130",5
2021-03-13,"38","North Dakota","0-130",0
2021-03-13,"69","Northern Mariana Islands","0-130",0
2021-03-13,"39","Ohio","0-130",7
2021-03-13,"40","Oklahoma","0-130",3
2021-03-13,"41","Oregon","0-130",0
2021-03-13,"42","Pennsylvania","0-130",11
2021-03-13,"72","Puerto Rico","0-130",36
2021-03-13,"44","Rhode Island","0-130",0
2021-03-13,"45","South Carolina","0-130",7
2021-03-13,"46","South Dakota","0-130",0
2021-03-13,"47","Tennessee","0-130",32
2021-03-13,"48","Texas","0-130",120
2021-03-13,"US","US","0-130",454
2021-03-13,"49","Utah","0-130",0
2021-03-13,"50","Vermont","0-130",0
2021-03-13,"78","Virgin Islands","0-130",0
2021-03-13,"51","Virginia","0-130",12
2021-03-13,"53","Washington","0-130",1
2021-03-13,"54","West Virginia","0-130",1
2021-03-13,"55","Wisconsin","0-130",1
2021-03-13,"56","Wyoming","0-130",1
2021-03-20,"01","Alabama","0-130",28
2021-03-20,"02","Alaska","0-130",0
2021-03-20,"04","Arizona","0-130",4
2021-03-20,"05","Arkansas","0-130",13
2021-03-20,"06","California","0-130",10
2021-03-20,"08","Colorado","0-130",0
2021-03-20,"09","Connecticut","0-130",0
2021-03-20,"11","District of Columbia","0-130",0
2021-03-20,"12","Florida","0-130",55
2021-03-20,"13","Georgia","0-130",39
2021-03-20,"66","Guam","0-130",0
2021-03-20,"15","Hawaii","0-130",0
2021-03-20,"16","Idaho","0-130",2
2021-03-20,"17","Illinois","0-130",0
2021-03-20,"18","Indiana","0-130",3
2021-03-20,"19","Iowa","0-130",0
2021-03-20,"20","Kansas","0-130",0
2021-03-20,"21","Kentucky","0-130",2
2021-03-20,"22","Louisiana","0-130",1
2021-03-20,"23","Maine","0-130",1
2021-03-20,"24","Maryland","0-130",0
2021-03-20,"25","Massachusetts","0-130",5
2021-03-20,"26","Michigan","0-130",0
2021-03-20,"27","Minnesota","0-130",0
2021-03-20,"28","Mississippi","0-130",10
2021-03-20,"29","Missouri","0-130",2
2021-03-20,"30","Montana","0-130",0
2021-03-20,"31","Nebraska","0-130",0
2021-03-20,"32","Nevada","0-130",2
2021-03-20,"33","New Hampshire","0-130",0
2021-03-20,"34","New Jersey","0-130",11
2021-03-20,"35","New Mexico","0-130",1
2021-03-20,"36","New York","0-130",11
2021-03-20,"37","North Carolina","0-130",6
2021-03-20,"38","North Dakota","0-130",0
2021-03-20,"69","Northern Mariana Islands","0-130",0
2021-03-20,"39","Ohio","0-130",5
2021-03-20,"40","Oklahoma","0-130",5
2021-03-20,"41","Oregon","0-130",0
2021-03-20,"42","Pennsylvania","0-130",9
2021-03-20,"72","Puerto Rico","0-130",44
2021-03-20,"44","Rhode Island","0-130",0
2021-03-20,"45","South Carolina","0-130",3
2021-03-20,"46","South Dakota","0-130",0
2021-03-20,"47","Tennessee","0-130",24
2021-03-20,"48","Texas","0-130",49
2021-03-20,"US","US","0-130",376
2021-03-20,"49","Utah","0-130",0
2021-03-20,"50","Vermont","0-130",0
2021-03-20,"78","Virgin Islands","0-130",0
2021-03-20,"51","Virginia","0-130",25
2021-03-20,"53","Washington","0-130",3
2021-03-20,"54","West Virginia","0-130",0
2021-03-20,"55","Wisconsin","0-130",2
2021-03-20,"56","Wyoming","0-130",1
2021-03-27,"01","Alabama","0-130",18
2021-03-27,"02","Alaska","0-130",0
2021-03-27,"04","Arizona","0-130",3
2021-03-27,"05","Arkansas","0-130",14
2021-03-27,"06","California","0-130",16
2021-03-27,"08","Colorado","0-130",1
2021-03-27,"09","Connecticut","0-130",0
2021-03-27,"11","District of Columbia","0-130",0
2021-03-27,"12","Florida","0-130",49
2021-03-27,"13","Georgia","0-130",26
2021-03-27,"66","Guam","0-130",0
2021-03-27,"15","Hawaii","0-130",0
2021-03-27,"16","Idaho","0-130",1
2021-03-27,"17","Illinois","0-130",2
2021-03-27,"18","Indiana","0-130",8
2021-03-27,"19","Iowa","0-130",10
2021-03-27,"20","Kansas","0-130",1
2021-03-27,"21","Kentucky","0-130",1
2021-03-27,"22","Louisiana","0-130",9
2021-03-27,"23","Maine","0-130",0
2021-03-27,"24","Maryland","0-130",1
2021-03-27,"25","Massachusetts","0-130",0
2021-03-27,"26","Michigan","0-130",0
2021-03-27,"27","Minnesota","0-130",0
2021-03-27,"28","Mississippi","0-130",8
2021-03-27,"29","Missouri","0-130",2
2021-03-27,"30","Montana","0-130",0
2021-03-27,"31","Nebraska","0-130",1
2021-03-27,"32","Nevada","0-130",0
2021-03-27,"33","New Hampshire","0-130",0
2021-03-27,"34","New Jersey","0-130",7
2021-03-27,"35","New Mexico","0-130",0
2021-03-27,"36","New York","0-130",13
2021-03-27,"37","North Carolina","0-130",3
2021-03-27,"38","North Dakota","0-130",0
2021-03-27,"69","Northern Mariana Islands","0-130",0
2021-03-27,"39","Ohio","0-130",6
2021-03-27,"40","Oklahoma","0-130",4
2021-03-27,"41","Oregon","0-130",0
2021-03-27,"42","Pennsylvania","0-130",10
2021-03-27,"72","Puerto Rico","0-130",28
2021-03-27,"44","Rhode Island","0-130",0
2021-03-27,"45","South Carolina","0-130",6
2021-03-27,"46","South Dakota","0-130",0
2021-03-27,"47","Tennessee","0-130",33
2021-03-27,"48","Texas","0-130",55
2021-03-27,"US","US","0-130",368
2021-03-27,"49","Utah","0-130",1
2021-03-27,"50","Vermont","0-130",0
2021-03-27,"78","Virgin Islands","0-130",0
2021-03-27,"51","Virginia","0-130",26
2021-03-27,"53","Washington","0-130",1
2021-03-27,"54","West Virginia","0-130",0
2021-03-27,"55","Wisconsin","0-130",1
2021-03-27,"56","Wyoming","0-130",3
2021-04-03,"01","Alabama","0-130",11
2021-04-03,"02","Alaska","0-130",0
2021-04-03,"04","Arizona","0-130",5
2021-04-03,"05","Arkansas","0-130",11
2021-04-03,"06","California","0-130",4
2021-04-03,"08","Colorado","0-130",0
2021-04-03,"09","Connecticut","0-130",0
2021-04-03,"11","District of Columbia","0-130",0
2021-04-03,"12","Florida","0-130",56
2021-04-03,"13","Georgia","0-130",23
2021-04-03,"66","Guam","0-130",0
2021-04-03,"15","Hawaii","0-130",0
2021-04-03,"16","Idaho","0-130",0
2021-04-03,"17","Illinois","0-130",7
2021-04-03,"18","Indiana","0-130",55
2021-04-03,"19","Iowa","0-130",3
2021-04-03,"20","Kansas","0-130",2
2021-04-03,"21","Kentucky","0-130",2
2021-04-03,"22","Louisiana","0-130",5
2021-04-03,"23","Maine","0-130",0
2021-04-03,"24","Maryland","0-130",1
2021-04-03,"25","Massachusetts","0-130",3
2021-04-03,"26","Michigan","0-130",1
2021-04-03,"27","Minnesota","0-130",0
2021-04-03,"28","Mississippi","0-130",6
2021-04-03,"29","Missouri","0-130",3
2021-04-03,"30","Montana","0-130",0
2021-04-03,"31","Nebraska","0-130",4
2021-04-03,"32","Nevada","0-130",4
2021-04-03,"33","New Hampshire","0-130",0
2021-04-03,"34","New Jersey","0-130",7
2021-04-03,"35","New Mexico","0-130",0
2021-04-03,"36","New York","0-130",24
2021-04-03,"37","North Carolina","0-130",1
2021-04-03,"38","North Dakota","0-130",0
2021-04-03,"69","Northern Mariana Islands","0-130",0
2021-04-03,"39","Ohio","0-130",7
2021-04-03,"40","Oklahoma","0-130",16
2021-04-03,"41","Oregon","0-130",0
2021-04-03,"42","Pennsylvania","0-130",12
2021-04-03,"72","Puerto Rico","0-130",12
2021-04-03,"44","Rhode Island","0-130",0
2021-04-03,"45","South Carolina","0-130",2
2021-04-03,"46","South Dakota","0-130",0
2021-04-03,"47","Tennessee","0-130",25
2021-04-03,"48","Texas","0-130",55
2021-04-03,"US","US","0-130",384
2021-04-03,"49","Utah","0-130",0
2021-04-03,"50","Vermont","0-130",1
2021-04-03,"78","Virgin Islands","0-130",0
2021-04-03,"51","Virginia","0-130",14
2021-04-03,"53","Washington","0-130",1
2021-04-03,"54","West Virginia","0-130",0
2021-04-03,"55","Wisconsin","0-130",1
2021-04-03,"56","Wyoming","0-130",0
2021-04-10,"01","Alabama","0-130",13
2021-04-10,"02","Alaska","0-130",0
2021-04-10,"04","Arizona","0-130",4
2021-04-10,"05","Arkansas","0-130",14
2021-04-10,"06","California","0-130",7
2021-04-10,"08","Colorado","0-130",1
2021-04-10,"09","Connecticut","0-130",0
2021-04-10,"11","District of Columbia","0-130",0
2021-04-10,"12","Florida","0-130",39
2021-04-10,"13","Georgia","0-130",8
2021-04-10,"66","Guam","0-130",0
2021-04-10,"15","Hawaii","0-130",0
2021-04-10,"16","Idaho","0-130",1
2021-04-10,"17","Illinois","0-130",7
2021-04-10,"18","Indiana","0-130",11
2021-04-10,"19","Iowa","0-130",1
2021-04-10,"20","Kansas","0-130",6
2021-04-10,"21","Kentucky","0-130",1
2021-04-10,"22","Louisiana","0-130",9
2021-04-10,"23","Maine","0-130",0
2021-04-10,"24","Maryland","0-130",0
2021-04-10,"25","Massachusetts","0-130",4
2021-04-10,"26","Michigan","0-130",5
2021-04-10,"27","Minnesota","0-130",0
2021-04-10,"28","Mississippi","0-130",9
2021-04-10,"29","Missouri","0-130",4
2021-04-10,"30","Montana","0-130",2
2021-04-10,"31","Nebraska","0-130",1
2021-04-10,"32","Nevada","0-130",3
2021-04-10,"33","New Hampshire","0-130",1
2021-04-10,"34","New Jersey","0-130",9
2021-04-10,"35","New Mexico","0-130",2
2021-04-10,"36","New York","0-130",27
2021-04-10,"37","North Carolina","0-130",3
2021-04-10,"38","North Dakota","0-130",1
2021-04-10,"69","Northern Mariana Islands","0-130",0
2021-04-10,"39","Ohio","0-130",1
2021-04-10,"40","Oklahoma","0-130",8
2021-04-10,"41","Oregon","0-130",0
2021-04-10,"42","Pennsylvania","0-130",16
2021-04-10,"72","Puerto Rico","0-130",27
2021-04-10,"44","Rhode Island","0-130",0
2021-04-10,"45","South Carolina","0-130",1
2021-04-10,"46","South Dakota","0-130",0
2021-04-10,"47","Tennessee","0-130",22
2021-04-10,"48","Texas","0-130",61
2021-04-10,"US","US","0-130",348
2021-04-10,"49","Utah","0-130",0
2021-04-10,"50","Vermont","0-130",0
2021-04-10,"78","Virgin Islands","0-130",0
2021-04-10,"51","Virginia","0-130",18
2021-04-10,"53","Washington","0-130",1
2021-04-10,"54","West Virginia","0-130",0
2021-04-10,"55","Wisconsin","0-130",0
2021-04-10,"56","Wyoming","0-130",0
2021-04-17,"01","Alabama","0-130",11
2021-04-17,"02","Alaska","0-130",3
2021-04-17,"04","Arizona","0-130",4
2021-04-17,"05","Arkansas","0-130",16
2021-04-17,"06","California","0-130",11
2021-04-17,"08","Colorado","0-130",0
2021-04-17,"09","Connecticut","0-130",0
2021-04-17,"11","District of Columbia","0-130",0
2021-04-17,"12","Florida","0-130",39
2021-04-17,"13","Georgia","0-130",17
2021-04-17,"66","Guam","0-130",0
2021-04-17,"15","Hawaii","0-130",0
2021-04-17,"16","Idaho","0-130",0
2021-04-17,"17","Illinois","0-130",3
2021-04-17,"18","Indiana","0-130",11
2021-04-17,"19","Iowa","0-130",13
2021-04-17,"20","Kansas","0-130",3
2021-04-17,"21","Kentucky","0-130",3
2021-04-17,"22","Louisiana","0-130",5
2021-04-17,"23","Maine","0-130",0
2021-04-17,"24","Maryland","0-130",1
2021-04-17,"25","Massachusetts","0-130",0
2021-04-17,"26","Michigan","0-130",16
2021-04-17,"27","Minnesota","0-130",0
2021-04-17,"28","Mississippi","0-130",2
2021-04-17,"29","Missouri","0-130",0
2021-04-17,"30","Montana","0-130",0
2021-04-17,"31","Nebraska","0-130",6
2021-04-17,"32","Nevada","0-130",5
2021-04-17,"33","New Hampshire","0-130",1
2021-04-17,"34","New Jersey","0-130",10
2021-04-17,"35","New Mexico","0-130",1
2021-04-17,"36","New York","0-130",21
2021-04-17,"37","North Carolina","0-130",10
2021-04-17,"38","North Dakota","0-130",0
2021-04-17,"69","Northern Mariana Islands","0-130",0
2021-04-17,"39","Ohio","0-130",9
2021-04-17,"40","Oklahoma","0-130",10
2021-04-17,"41","Oregon","0-130",0
2021-04-17,"42","Pennsylvania","0-130",12
2021-04-17,"72","Puerto Rico","0-130",28
2021-04-17,"44","Rhode Island","0-130",0
2021-04-17,"45","South Carolina","0-130",9
2021-04-17,"46","South Dakota","0-130",1
2021-04-17,"47","Tennessee","0-130",28
2021-04-17,"48","Texas","0-130",41
2021-04-17,"US","US","0-130",370
2021-04-17,"49","Utah","0-130",0
2021-04-17,"50","Vermont","0-130",2
2021-04-17,"78","Virgin Islands","0-130",0
2021-04-17,"51","Virginia","0-130",18
2021-04-17,"53","Washington","0-130",0
2021-04-17,"54","West Virginia","0-130",0
2021-04-17,"55","Wisconsin","0-130",0
2021-04-17,"56","Wyoming","0-130",0
2021-04-24,"01","Alabama","0-130",32
2021-04-24,"02","Alaska","0-130",7
2021-04-24,"04","Arizona","0-130",3
2021-04-24,"05","Arkansas","0-130",18
2021-04-24,"06","California","0-130",13
2021-04-24,"08","Colorado","0-130",1
2021-04-24,"09","Connecticut","0-130",0
2021-04-24,"11","District of Columbia","0-130",0
2021-04-24,"12","Florida","0-130",49
2021-04-24,"13","Georgia","0-130",20
2021-04-24,"66","Guam","0-130",0
2021-04-24,"15","Hawaii","0-130",0
2021-04-24,"16","Idaho","0-130",0
2021-04-24,"17","Illinois","0-130",1
2021-04-24,"18","Indiana","0-130",5
2021-04-24,"19","Iowa","0-130",2
2021-04-24,"20","Kansas","0-130",4
2021-04-24,"21","Kentucky","0-130",6
2021-04-24,"22","Louisiana","0-130",16
2021-04-24,"23","Maine","0-130",0
2021-04-24,"24","Maryland","0-130",0
2021-04-24,"25","Massachusetts","0-130",1
2021-04-24,"26","Michigan","0-130",11
2021-04-24,"27","Minnesota","0-130",1
2021-04-24,"28","Mississippi","0-130",10
2021-04-24,"29","Missouri","0-130",3
2021-04-24,"30","Montana","0-130",0
2021-04-24,"31","Nebraska","0-130",5
2021-04-24,"32","Nevada","0-130",7
2021-04-24,"33","New Hampshire","0-130",1
2021-04-24,"34","New Jersey","0-130",10
2021-04-24,"35","New Mexico","0-130",0
2021-04-24,"36","New York","0-130",21
2021-04-24,"37","North Carolina","0-130",57
2021-04-24,"38","North Dakota","0-130",0
2021-04-24,"69","Northern Mariana Islands","0-130",0
2021-04-24,"39","Ohio","0-130",3
2021-04-24,"40","Oklahoma","0-130",5
2021-04-24,"41","Oregon","0-130",0
2021-04-24,"42","Pennsylvania","0-130",12
2021-04-24,"72","Puerto Rico","0-130",25
2021-04-24,"44","Rhode Island","0-130",0
2021-04-24,"45","South Carolina","0-130",7
2021-04-24,"46","South Dakota","0-130",5
2021-04-24,"47","Tennessee","0-130",22
2021-04-24,"48","Texas","0-130",51
2021-04-24,"US","US","0-130",472
2021-04-24,"49","Utah","0-130",0
2021-04-24,"50","Vermont","0-130",0
2021-04-24,"78","Virgin Islands","0-130",0
2021-04-24,"51","Virginia","0-130",32
2021-04-24,"53","Washington","0-130",2
2021-04-24,"54","West Virginia","0-130",1
2021-04-24,"55","Wisconsin","0-130",1
2021-04-24,"56","Wyoming","0-130",0
2021-05-01,"01","Alabama","0-130",20
2021-05-01,"02","Alaska","0-130",7
2021-05-01,"04","Arizona","0-130",21
2021-05-01,"05","Arkansas","0-130",15
2021-05-01,"06","California","0-130",8
2021-05-01,"08","Colorado","0-130",0
2021-05-01,"09","Connecticut","0-130",0
2021-05-01,"11","District of Columbia","0-130",0
2021-05-01,"12","Florida","0-130",31
2021-05-01,"13","Georgia","0-130",14
2021-05-01,"66","Guam","0-130",0
2021-05-01,"15","Hawaii","0-130",0
2021-05-01,"16","Idaho","0-130",0
2021-05-01,"17","Illinois","0-130",3
2021-05-01,"18","Indiana","0-130",3
2021-05-01,"19","Iowa","0-130",2
2021-05-01,"20","Kansas","0-130",4
2021-05-01,"21","Kentucky","0-130",2
2021-05-01,"22","Louisiana","0-130",5
2021-05-01,"23","Maine","0-130",0
2021-05-01,"24","Maryland","0-130",0
2021-05-01,"25","Massachusetts","0-130",1
2021-05-01,"26","Michigan","0-130",3
2021-05-01,"27","Minnesota","0-130",2
2021-05-01,"28","Mississippi","0-130",4
2021-05-01,"29","Missouri","0-130",7
2021-05-01,"30","Montana","0-130",0
2021-05-01,"31","Nebraska","0-130",0
2021-05-01,"32","Nevada","0-130",13
2021-05-01,"33","New Hampshire","0-130",0
2021-05-01,"34","New Jersey","0-130",5
2021-05-01,"35","New Mexico","0-130",0
2021-05-01,"36","New York","0-130",16
2021-05-01,"37","North Carolina","0-130",102
2021-05-01,"38","North Dakota","0-130",0
2021-05-01,"69","Northern Mariana Islands","0-130",0
2021-05-01,"39","Ohio","0-130",3
2021-05-01,"40","Oklahoma","0-130",5
2021-05-01,"41","Oregon","0-130",1
2021-05-01,"42","Pennsylvania","0-130",6
2021-05-01,"72","Puerto Rico","0-130",46
2021-05-01,"44","Rhode Island","0-130",0
2021-05-01,"45","South Carolina","0-130",4
2021-05-01,"46","South Dakota","0-130",4
2021-05-01,"47","Tennessee","0-130",17
2021-05-01,"48","Texas","0-130",50
2021-05-01,"US","US","0-130",451
2021-05-01,"49","Utah","0-130",1
2021-05-01,"50","Vermont","0-130",0
2021-05-01,"78","Virgin Islands","0-130",0
2021-05-01,"51","Virginia","0-130",22
2021-05-01,"53","Washington","0-130",0
2021-05-01,"54","West Virginia","0-130",0
2021-05-01,"55","Wisconsin","0-130",4
2021-05-01,"56","Wyoming","0-130",0
2021-05-08,"01","Alabama","0-130",14
2021-05-08,"02","Alaska","0-130",7
2021-05-08,"04","Arizona","0-130",2
2021-05-08,"05","Arkansas","0-130",6
2021-05-08,"06","California","0-130",13
2021-05-08,"08","Colorado","0-130",0
2021-05-08,"09","Connecticut","0-130",1
2021-05-08,"11","District of Columbia","0-130",0
2021-05-08,"12","Florida","0-130",38
2021-05-08,"13","Georgia","0-130",24
2021-05-08,"66","Guam","0-130",0
2021-05-08,"15","Hawaii","0-130",0
2021-05-08,"16","Idaho","0-130",0
2021-05-08,"17","Illinois","0-130",1
2021-05-08,"18","Indiana","0-130",2
2021-05-08,"19","Iowa","0-130",2
2021-05-08,"20","Kansas","0-130",10
2021-05-08,"21","Kentucky","0-130",3
2021-05-08,"22","Louisiana","0-130",6
2021-05-08,"23","Maine","0-130",1
2021-05-08,"24","Maryland","0-130",1
2021-05-08,"25","Massachusetts","0-130",2
2021-05-08,"26","Michigan","0-130",1
2021-05-08,"27","Minnesota","0-130",1
2021-05-08,"28","Mississippi","0-130",9
2021-05-08,"29","Missouri","0-130",3
2021-05-08,"30","Montana","0-130",0
2021-05-08,"31","Nebraska","0-130",0
2021-05-08,"32","Nevada","0-130",2
2021-05-08,"33","New Hampshire","0-130",3
2021-05-08,"34","New Jersey","0-130",8
2021-05-08,"35","New Mexico","0-130",0
2021-05-08,"36","New York","0-130",12
2021-05-08,"37","North Carolina","0-130",34
2021-05-08,"38","North Dakota","0-130",0
2021-05-08,"69","Northern Mariana Islands","0-130",0
2021-05-08,"39","Ohio","0-130",1
2021-05-08,"40","Oklahoma","0-130",8
2021-05-08,"41","Oregon","0-130",0
2021-05-08,"42","Pennsylvania","0-130",19
2021-05-08,"72","Puerto Rico","0-130",24
2021-05-08,"44","Rhode Island","0-130",0
2021-05-08,"45","South Carolina","0-130",2
2021-05-08,"46","South Dakota","0-130",3
2021-05-08,"47","Tennessee","0-130",14
2021-05-08,"48","Texas","0-130",36
2021-05-08,"US","US","0-130",342
2021-05-08,"49","Utah","0-130",0
2021-05-08,"50","Vermont","0-130",3
2021-05-08,"78","Virgin Islands","0-130",0
2021-05-08,"51","Virginia","0-130",22
2021-05-08,"53","Washington","0-130",2
2021-05-08,"54","West Virginia","0-130",1
2021-05-08,"55","Wisconsin","0-130",0
2021-05-08,"56","Wyoming","0-130",1
2021-05-15,"01","Alabama","0-130",19
2021-05-15,"02","Alaska","0-130",7
2021-05-15,"04","Arizona","0-130",2
2021-05-15,"05","Arkansas","0-130",6
2021-05-15,"06","California","0-130",5
2021-05-15,"08","Colorado","0-130",0
2021-05-15,"09","Connecticut","0-130",0
2021-05-15,"11","District of Columbia","0-130",0
2021-05-15,"12","Florida","0-130",35
2021-05-15,"13","Georgia","0-130",7
2021-05-15,"66","Guam","0-130",0
2021-05-15,"15","Hawaii","0-130",0
2021-05-15,"16","Idaho","0-130",0
2021-05-15,"17","Illinois","0-130",2
2021-05-15,"18","Indiana","0-130",3
2021-05-15,"19","Iowa","0-130",0
2021-05-15,"20","Kansas","0-130",0
2021-05-15,"21","Kentucky","0-130",1
2021-05-15,"22","Louisiana","0-130",4
2021-05-15,"23","Maine","0-130",0
2021-05-15,"24","Maryland","0-130",2
2021-05-15,"25","Massachusetts","0-130",0
2021-05-15,"26","Michigan","0-130",3
2021-05-15,"27","Minnesota","0-130",0
2021-05-15,"28","Mississippi","0-130",12
2021-05-15,"29","Missouri","0-130",1
2021-05-15,"30","Montana","0-130",0
2021-05-15,"31","Nebraska","0-130",0
2021-05-15,"32","Nevada","0-130",2
2021-05-15,"33","New Hampshire","0-130",0
2021-05-15,"34","New Jersey","0-130",15
2021-05-15,"35","New Mexico","0-130",0
2021-05-15,"36","New York","0-130",9
2021-05-15,"37","North Carolina","0-130",15
2021-05-15,"38","North Dakota","0-130",1
2021-05-15,"69","Northern Mariana Islands","0-130",0
2021-05-15,"39","Ohio","0-130",2
2021-05-15,"40","Oklahoma","0-130",9
2021-05-15,"41","Oregon","0-130",0
2021-05-15,"42","Pennsylvania","0-130",8
2021-05-15,"72","Puerto Rico","0-130",13
2021-05-15,"44","Rhode Island","0-130",0
2021-05-15,"45","South Carolina","0-130",3
2021-05-15,"46","South Dakota","0-130",1
2021-05-15,"47","Tennessee","0-130",24
2021-05-15,"48","Texas","0-130",35
2021-05-15,"US","US","0-130",274
2021-05-15,"49","Utah","0-130",0
2021-05-15,"50","Vermont","0-130",0
2021-05-15,"78","Virgin Islands","0-130",0
2021-05-15,"51","Virginia","0-130",20
2021-05-15,"53","Washington","0-130",5
2021-05-15,"54","West Virginia","0-130",2
2021-05-15,"55","Wisconsin","0-130",1
2021-05-15,"56","Wyoming","0-130",0
2021-05-22,"01","Alabama","0-130",16
2021-05-22,"02","Alaska","0-130",7
2021-05-22,"04","Arizona","0-130",5
2021-05-22,"05","Arkansas","0-130",3
2021-05-22,"06","California","0-130",13
2021-05-22,"08","Colorado","0-130",1
2021-05-22,"09","Connecticut","0-130",0
2021-05-22,"11","District of Columbia","0-130",0
2021-05-22,"12","Florida","0-130",35
2021-05-22,"13","Georgia","0-130",16
2021-05-22,"66","Guam","0-130",0
2021-05-22,"15","Hawaii","0-130",0
2021-05-22,"16","Idaho","0-130",0
2021-05-22,"17","Illinois","0-130",3
2021-05-22,"18","Indiana","0-130",4
2021-05-22,"19","Iowa","0-130",1
2021-05-22,"20","Kansas","0-130",2
2021-05-22,"21","Kentucky","0-130",2
2021-05-22,"22","Louisiana","0-130",6
2021-05-22,"23","Maine","0-130",0
2021-05-22,"24","Maryland","0-130",0
2021-05-22,"25","Massachusetts","0-130",0
2021-05-22,"26","Michigan","0-130",0
2021-05-22,"27","Minnesota","0-130",0
2021-05-22,"28","Mississippi","0-130",15
2021-05-22,"29","Missouri","0-130",2
2021-05-22,"30","Montana","0-130",0
2021-05-22,"31","Nebraska","0-130",5
2021-05-22,"32","Nevada","0-130",0
2021-05-22,"33","New Hampshire","0-130",0
2021-05-22,"34","New Jersey","0-130",6
2021-05-22,"35","New Mexico","0-130",1
2021-05-22,"36","New York","0-130",23
2021-05-22,"37","North Carolina","0-130",12
2021-05-22,"38","North Dakota","0-130",0
2021-05-22,"69","Northern Mariana Islands","0-130",0
2021-05-22,"39","Ohio","0-130",1
2021-05-22,"40","Oklahoma","0-130",8
2021-05-22,"41","Oregon","0-130",0
2021-05-22,"42","Pennsylvania","0-130",14
2021-05-22,"72","Puerto Rico","0-130",14
2021-05-22,"44","Rhode Island","0-130",0
2021-05-22,"45","South Carolina","0-130",8
2021-05-22,"46","South Dakota","0-130",0
2021-05-22,"47","Tennessee","0-130",10
2021-05-22,"48","Texas","0-130",41
2021-05-22,"US","US","0-130",294
2021-05-22,"49","Utah","0-130",1
2021-05-22,"50","Vermont","0-130",0
2021-05-22,"78","Virgin Islands","0-130",0
2021-05-22,"51","Virginia","0-130",13
2021-05-22,"53","Washington","0-130",3
2021-05-22,"54","West Virginia","0-130",1
2021-05-22,"55","Wisconsin","0-130",0
2021-05-22,"56","Wyoming","0-130",2
2021-05-29,"01","Alabama","0-130",15
2021-05-29,"02","Alaska","0-130",8
2021-05-29,"04","Arizona","0-130",0
2021-05-29,"05","Arkansas","0-130",1
2021-05-29,"06","California","0-130",9
2021-05-29,"08","Colorado","0-130",1
2021-05-29,"09","Connecticut","0-130",0
2021-05-29,"11","District of Columbia","0-130",0
2021-05-29,"12","Florida","0-130",31
2021-05-29,"13","Georgia","0-130",8
2021-05-29,"66","Guam","0-130",2
2021-05-29,"15","Hawaii","0-130",0
2021-05-29,"16","Idaho","0-130",0
2021-05-29,"17","Illinois","0-130",2
2021-05-29,"18","Indiana","0-130",3
2021-05-29,"19","Iowa","0-130",1
2021-05-29,"20","Kansas","0-130",0
2021-05-29,"21","Kentucky","0-130",7
2021-05-29,"22","Louisiana","0-130",9
2021-05-29,"23","Maine","0-130",0
2021-05-29,"24","Maryland","0-130",0
2021-05-29,"25","Massachusetts","0-130",0
2021-05-29,"26","Michigan","0-130",2
2021-05-29,"27","Minnesota","0-130",0
2021-05-29,"28","Mississippi","0-130",10
2021-05-29,"29","Missouri","0-130",3
2021-05-29,"30","Montana","0-130",0
2021-05-29,"31","Nebraska","0-130",0
2021-05-29,"32","Nevada","0-130",0
2021-05-29,"33","New Hampshire","0-130",0
2021-05-29,"34","New Jersey","0-130",4
2021-05-29,"35","New Mexico","0-130",0
2021-05-29,"36","New York","0-130",15
2021-05-29,"37","North Carolina","0-130",6
2021-05-29,"38","North Dakota","0-130",10
2021-05-29,"69","Northern Mariana Islands","0-130",0
2021-05-29,"39","Ohio","0-130",3
2021-05-29,"40","Oklahoma","0-130",10
2021-05-29,"41","Oregon","0-130",1
2021-05-29,"42","Pennsylvania","0-130",21
2021-05-29,"72","Puerto Rico","0-130",6
2021-05-29,"44","Rhode Island","0-130",0
2021-05-29,"45","South Carolina","0-130",0
2021-05-29,"46","South Dakota","0-130",2
2021-05-29,"47","Tennessee","0-130",5
2021-05-29,"48","Texas","0-130",38
2021-05-29,"US","US","0-130",247
2021-05-29,"49","Utah","0-130",0
2021-05-29,"50","Vermont","0-130",0
2021-05-29,"78","Virgin Islands","0-130",0
2021-05-29,"51","Virginia","0-130",11
2021-05-29,"53","Washington","0-130",0
2021-05-29,"54","West Virginia","0-130",0
2021-05-29,"55","Wisconsin","0-130",3
2021-05-29,"56","Wyoming","0-130",0
2021-06-05,"01","Alabama","0-130",18
2021-06-05,"02","Alaska","0-130",7
2021-06-05,"04","Arizona","0-130",3
2021-06-05,"05","Arkansas","0-130",7
2021-06-05,"06","California","0-130",3
2021-06-05,"08","Colorado","0-130",0
2021-06-05,"09","Connecticut","0-130",0
2021-06-05,"11","District of Columbia","0-130",0
2021-06-05,"12","Florida","0-130",23
2021-06-05,"13","Georgia","0-130",9
2021-06-05,"66","Guam","0-130",0
2021-06-05,"15","Hawaii","0-130",0
2021-06-05,"16","Idaho","0-130",0
2021-06-05,"17","Illinois","0-130",3
2021-06-05,"18","Indiana","0-130",4
2021-06-05,"19","Iowa","0-130",0
2021-06-05,"20","Kansas","0-130",0
2021-06-05,"21","Kentucky","0-130",2
2021-06-05,"22","Louisiana","0-130",17
2021-06-05,"23","Maine","0-130",0
2021-06-05,"24","Maryland","0-130",0
2021-06-05,"25","Massachusetts","0-130",0
2021-06-05,"26","Michigan","0-130",1
2021-06-05,"27","Minnesota","0-130",0
2021-06-05,"28","Mississippi","0-130",11
2021-06-05,"29","Missouri","0-130",0
2021-06-05,"30","Montana","0-130",0
2021-06-05,"31","Nebraska","0-130",0
2021-06-05,"32","Nevada","0-130",2
2021-06-05,"33","New Hampshire","0-130",0
2021-06-05,"34","New Jersey","0-130",2
2021-06-05,"35","New Mexico","0-130",3
2021-06-05,"36","New York","0-130",14
2021-06-05,"37","North Carolina","0-130",1
2021-06-05,"38","North Dakota","0-130",0
2021-06-05,"69","Northern Mariana Islands","0-130",0
2021-06-05,"39","Ohio","0-130",0
2021-06-05,"40","Oklahoma","0-130",9
2021-06-05,"41","Oregon","0-130",0
2021-06-05,"42","Pennsylvania","0-130",9
2021-06-05,"72","Puerto Rico","0-130",5
2021-06-05,"44","Rhode Island","0-130",0
2021-06-05,"45","South Carolina","0-130",2
2021-06-05,"46","South Dakota","0-130",0
2021-06-05,"47","Tennessee","0-130",34
2021-06-05,"48","Texas","0-130",45
2021-06-05,"US","US","0-130",252
2021-06-05,"49","Utah","0-130",0
2021-06-05,"50","Vermont","0-130",0
2021-06-05,"78","Virgin Islands","0-130",0
2021-06-05,"51","Virginia","0-130",16
2021-06-05,"53","Washington","0-130",0
2021-06-05,"54","West Virginia","0-130",0
2021-06-05,"55","Wisconsin","0-130",2
2021-06-05,"56","Wyoming","0-130",0
2021-06-12,"01","Alabama","0-130",22
2021-06-12,"02","Alaska","0-130",7
2021-06-12,"04","Arizona","0-130",3
2021-06-12,"05","Arkansas","0-130",1
2021-06-12,"06","California","0-130",3
2021-06-12,"08","Colorado","0-130",0
2021-06-12,"09","Connecticut","0-130",0
2021-06-12,"11","District of Columbia","0-130",0
2021-06-12,"12","Florida","0-130",13
2021-06-12,"13","Georgia","0-130",9
2021-06-12,"66","Guam","0-130",1
2021-06-12,"15","Hawaii","0-130",0
2021-06-12,"16","Idaho","0-130",1
2021-06-12,"17","Illinois","0-130",1
2021-06-12,"18","Indiana","0-130",0
2021-06-12,"20","Kansas","0-130",0
2021-06-12,"21","Kentucky","0-130",3
2021-06-12,"22","Louisiana","0-130",14
2021-06-12,"23","Maine","0-130",0
2021-06-12,"24","Maryland","0-130",1
2021-06-12,"25","Massachusetts","0-130",0
2021-06-12,"26","Michigan","0-130",0
2021-06-12,"27","Minnesota","0-130",0
2021-06-12,"28","Mississippi","0-130",13
2021-06-12,"29","Missouri","0-130",0
2021-06-12,"30","Montana","0-130",0
2021-06-12,"31","Nebraska","0-130",0
2021-06-12,"32","Nevada","0-130",3
2021-06-12,"33","New Hampshire","0-130",0
2021-06-12,"34","New Jersey","0-130",6
2021-06-12,"36","New York","0-130",6
2021-06-12,"37","North Carolina","0-130",9
2021-06-12,"38","North Dakota","0-130",0
2021-06-12,"69","Northern Mariana Islands","0-130",0
2021-06-12,"39","Ohio","0-130",3
2021-06-12,"40","Oklahoma","0-130",5
2021-06-12,"41","Oregon","0-130",0
2021-06-12,"42","Pennsylvania","0-130",15
2021-06-12,"72","Puerto Rico","0-130",9
2021-06-12,"44","Rhode Island","0-130",0
2021-06-12,"45","South Carolina","0-130",0
2021-06-12,"46","South Dakota","0-130",8
2021-06-12,"47","Tennessee","0-130",11
2021-06-12,"48","Texas","0-130",39
2021-06-12,"US","US","0-130",231
2021-06-12,"49","Utah","0-130",0
2021-06-12,"50","Vermont","0-130",0
2021-06-12,"78","Virgin Islands","0-130",0
2021-06-12,"51","Virginia","0-130",13
2021-06-12,"53","Washington","0-130",0
2021-06-12,"54","West Virginia","0-130",0
2021-06-12,"55","Wisconsin","0-130",1
2021-06-12,"56","Wyoming","0-130",8
2021-06-19,"01","Alabama","0-130",8
2021-06-19,"02","Alaska","0-130",7
2021-06-19,"04","Arizona","0-130",3
2021-06-19,"05","Arkansas","0-130",4
2021-06-19,"06","California","0-130",9
2021-06-19,"08","Colorado","0-130",0
2021-06-19,"09","Connecticut","0-130",0
2021-06-19,"11","District of Columbia","0-130",0
2021-06-19,"12","Florida","0-130",12
2021-06-19,"13","Georgia","0-130",7
2021-06-19,"66","Guam","0-130",0
2021-06-19,"15","Hawaii","0-130",0
2021-06-19,"16","Idaho","0-130",0
2021-06-19,"17","Illinois","0-130",3
2021-06-19,"18","Indiana","0-130",2
2021-06-19,"20","Kansas","0-130",0
2021-06-19,"21","Kentucky","0-130",4
2021-06-19,"22","Louisiana","0-130",9
2021-06-19,"24","Maryland","0-130",2
2021-06-19,"26","Michigan","0-130",0
2021-06-19,"27","Minnesota","0-130",1
2021-06-19,"28","Mississippi","0-130",9
2021-06-19,"29","Missouri","0-130",0
2021-06-19,"30","Montana","0-130",1
2021-06-19,"31","Nebraska","0-130",0
2021-06-19,"32","Nevada","0-130",9
2021-06-19,"33","New Hampshire","0-130",0
2021-06-19,"34","New Jersey","0-130",5
2021-06-19,"36","New York","0-130",2
2021-06-19,"37","North Carolina","0-130",6
2021-06-19,"38","North Dakota","0-130",NA
2021-06-19,"69","Northern Mariana Islands","0-130",0
2021-06-19,"39","Ohio","0-130",3
2021-06-19,"40","Oklahoma","0-130",6
2021-06-19,"41","Oregon","0-130",1
2021-06-19,"42","Pennsylvania","0-130",11
2021-06-19,"72","Puerto Rico","0-130",16
2021-06-19,"44","Rhode Island","0-130",0
2021-06-19,"45","South Carolina","0-130",0
2021-06-19,"46","South Dakota","0-130",4
2021-06-19,"48","Texas","0-130",34
2021-06-19,"US","US","0-130",214
2021-06-19,"49","Utah","0-130",0
2021-06-19,"50","Vermont","0-130",0
2021-06-19,"78","Virgin Islands","0-130",0
2021-06-19,"51","Virginia","0-130",20
2021-06-19,"53","Washington","0-130",0
2021-06-19,"54","West Virginia","0-130",0
2021-06-19,"55","Wisconsin","0-130",0
2021-06-19,"56","Wyoming","0-130",4
2021-06-26,"01","Alabama","0-130",7
2021-06-26,"02","Alaska","0-130",7
2021-06-26,"04","Arizona","0-130",3
2021-06-26,"05","Arkansas","0-130",4
2021-06-26,"06","California","0-130",6
2021-06-26,"09","Connecticut","0-130",0
2021-06-26,"11","District of Columbia","0-130",0
2021-06-26,"12","Florida","0-130",20
2021-06-26,"13","Georgia","0-130",3
2021-06-26,"66","Guam","0-130",0
2021-06-26,"15","Hawaii","0-130",0
2021-06-26,"16","Idaho","0-130",1
2021-06-26,"17","Illinois","0-130",4
2021-06-26,"18","Indiana","0-130",3
2021-06-26,"20","Kansas","0-130",3
2021-06-26,"22","Louisiana","0-130",8
2021-06-26,"24","Maryland","0-130",2
2021-06-26,"26","Michigan","0-130",0
2021-06-26,"27","Minnesota","0-130",0
2021-06-26,"28","Mississippi","0-130",8
2021-06-26,"29","Missouri","0-130",2
2021-06-26,"30","Montana","0-130",0
2021-06-26,"31","Nebraska","0-130",0
2021-06-26,"32","Nevada","0-130",2
2021-06-26,"33","New Hampshire","0-130",0
2021-06-26,"34","New Jersey","0-130",5
2021-06-26,"36","New York","0-130",0
2021-06-26,"37","North Carolina","0-130",6
2021-06-26,"38","North Dakota","0-130",2
2021-06-26,"69","Northern Mariana Islands","0-130",0
2021-06-26,"39","Ohio","0-130",0
2021-06-26,"40","Oklahoma","0-130",7
2021-06-26,"41","Oregon","0-130",0
2021-06-26,"42","Pennsylvania","0-130",11
2021-06-26,"72","Puerto Rico","0-130",19
2021-06-26,"44","Rhode Island","0-130",0
2021-06-26,"45","South Carolina","0-130",0
2021-06-26,"46","South Dakota","0-130",3
2021-06-26,"48","Texas","0-130",36
2021-06-26,"US","US","0-130",203
2021-06-26,"49","Utah","0-130",0
2021-06-26,"50","Vermont","0-130",0
2021-06-26,"78","Virgin Islands","0-130",0
2021-06-26,"51","Virginia","0-130",18
2021-06-26,"53","Washington","0-130",0
2021-06-26,"54","West Virginia","0-130",0
2021-06-26,"55","Wisconsin","0-130",0
2021-06-26,"56","Wyoming","0-130",0
2021-07-03,"01","Alabama","0-130",17
2021-07-03,"02","Alaska","0-130",7
2021-07-03,"04","Arizona","0-130",3
2021-07-03,"05","Arkansas","0-130",2
2021-07-03,"06","California","0-130",5
2021-07-03,"09","Connecticut","0-130",0
2021-07-03,"11","District of Columbia","0-130",0
2021-07-03,"12","Florida","0-130",20
2021-07-03,"13","Georgia","0-130",8
2021-07-03,"15","Hawaii","0-130",0
2021-07-03,"16","Idaho","0-130",0
2021-07-03,"17","Illinois","0-130",4
2021-07-03,"18","Indiana","0-130",2
2021-07-03,"20","Kansas","0-130",2
2021-07-03,"22","Louisiana","0-130",9
2021-07-03,"24","Maryland","0-130",2
2021-07-03,"26","Michigan","0-130",0
2021-07-03,"27","Minnesota","0-130",0
2021-07-03,"28","Mississippi","0-130",9
2021-07-03,"29","Missouri","0-130",1
2021-07-03,"30","Montana","0-130",0
2021-07-03,"31","Nebraska","0-130",0
2021-07-03,"32","Nevada","0-130",1
2021-07-03,"33","New Hampshire","0-130",0
2021-07-03,"34","New Jersey","0-130",2
2021-07-03,"36","New York","0-130",2
2021-07-03,"37","North Carolina","0-130",5
2021-07-03,"38","North Dakota","0-130",1
2021-07-03,"69","Northern Mariana Islands","0-130",0
2021-07-03,"39","Ohio","0-130",2
2021-07-03,"40","Oklahoma","0-130",5
2021-07-03,"41","Oregon","0-130",1
2021-07-03,"42","Pennsylvania","0-130",12
2021-07-03,"72","Puerto Rico","0-130",18
2021-07-03,"44","Rhode Island","0-130",0
2021-07-03,"45","South Carolina","0-130",0
2021-07-03,"46","South Dakota","0-130",2
2021-07-03,"48","Texas","0-130",54
2021-07-03,"US","US","0-130",221
2021-07-03,"49","Utah","0-130",1
2021-07-03,"50","Vermont","0-130",0
2021-07-03,"78","Virgin Islands","0-130",0
2021-07-03,"51","Virginia","0-130",12
2021-07-03,"53","Washington","0-130",0
2021-07-03,"54","West Virginia","0-130",0
2021-07-03,"55","Wisconsin","0-130",0
2021-07-03,"56","Wyoming","0-130",0
2021-07-10,"01","Alabama","0-130",7
2021-07-10,"02","Alaska","0-130",7
2021-07-10,"04","Arizona","0-130",2
2021-07-10,"05","Arkansas","0-130",1
2021-07-10,"06","California","0-130",8
2021-07-10,"09","Connecticut","0-130",0
2021-07-10,"11","District of Columbia","0-130",1
2021-07-10,"12","Florida","0-130",22
2021-07-10,"13","Georgia","0-130",4
2021-07-10,"15","Hawaii","0-130",1
2021-07-10,"16","Idaho","0-130",0
2021-07-10,"17","Illinois","0-130",5
2021-07-10,"18","Indiana","0-130",4
2021-07-10,"20","Kansas","0-130",0
2021-07-10,"22","Louisiana","0-130",19
2021-07-10,"24","Maryland","0-130",0
2021-07-10,"26","Michigan","0-130",0
2021-07-10,"27","Minnesota","0-130",0
2021-07-10,"28","Mississippi","0-130",1
2021-07-10,"29","Missouri","0-130",3
2021-07-10,"30","Montana","0-130",0
2021-07-10,"31","Nebraska","0-130",0
2021-07-10,"32","Nevada","0-130",2
2021-07-10,"33","New Hampshire","0-130",0
2021-07-10,"34","New Jersey","0-130",4
2021-07-10,"36","New York","0-130",1
2021-07-10,"37","North Carolina","0-130",4
2021-07-10,"38","North Dakota","0-130",4
2021-07-10,"69","Northern Mariana Islands","0-130",0
2021-07-10,"39","Ohio","0-130",0
2021-07-10,"40","Oklahoma","0-130",6
2021-07-10,"41","Oregon","0-130",1
2021-07-10,"42","Pennsylvania","0-130",9
2021-07-10,"72","Puerto Rico","0-130",21
2021-07-10,"44","Rhode Island","0-130",0
2021-07-10,"45","South Carolina","0-130",0
2021-07-10,"46","South Dakota","0-130",4
2021-07-10,"48","Texas","0-130",76
2021-07-10,"US","US","0-130",243
2021-07-10,"49","Utah","0-130",1
2021-07-10,"50","Vermont","0-130",0
2021-07-10,"78","Virgin Islands","0-130",0
2021-07-10,"51","Virginia","0-130",19
2021-07-10,"53","Washington","0-130",0
2021-07-10,"54","West Virginia","0-130",0
2021-07-10,"55","Wisconsin","0-130",0
2021-07-10,"56","Wyoming","0-130",0
2021-07-17,"01","Alabama","0-130",18
2021-07-17,"02","Alaska","0-130",7
2021-07-17,"04","Arizona","0-130",0
2021-07-17,"05","Arkansas","0-130",1
2021-07-17,"06","California","0-130",7
2021-07-17,"09","Connecticut","0-130",0
2021-07-17,"11","District of Columbia","0-130",0
2021-07-17,"12","Florida","0-130",39
2021-07-17,"13","Georgia","0-130",4
2021-07-17,"15","Hawaii","0-130",1
2021-07-17,"16","Idaho","0-130",0
2021-07-17,"17","Illinois","0-130",5
2021-07-17,"18","Indiana","0-130",9
2021-07-17,"20","Kansas","0-130",4
2021-07-17,"22","Louisiana","0-130",26
2021-07-17,"26","Michigan","0-130",1
2021-07-17,"27","Minnesota","0-130",0
2021-07-17,"28","Mississippi","0-130",6
2021-07-17,"29","Missouri","0-130",1
2021-07-17,"30","Montana","0-130",0
2021-07-17,"31","Nebraska","0-130",0
2021-07-17,"32","Nevada","0-130",3
2021-07-17,"33","New Hampshire","0-130",0
2021-07-17,"34","New Jersey","0-130",2
2021-07-17,"36","New York","0-130",3
2021-07-17,"37","North Carolina","0-130",6
2021-07-17,"38","North Dakota","0-130",2
2021-07-17,"69","Northern Mariana Islands","0-130",0
2021-07-17,"39","Ohio","0-130",0
2021-07-17,"40","Oklahoma","0-130",9
2021-07-17,"41","Oregon","0-130",0
2021-07-17,"42","Pennsylvania","0-130",7
2021-07-17,"72","Puerto Rico","0-130",13
2021-07-17,"44","Rhode Island","0-130",0
2021-07-17,"45","South Carolina","0-130",0
2021-07-17,"46","South Dakota","0-130",2
2021-07-17,"48","Texas","0-130",84
2021-07-17,"US","US","0-130",292
2021-07-17,"49","Utah","0-130",1
2021-07-17,"50","Vermont","0-130",0
2021-07-17,"78","Virgin Islands","0-130",0
2021-07-17,"51","Virginia","0-130",15
2021-07-17,"53","Washington","0-130",0
2021-07-17,"54","West Virginia","0-130",1
2021-07-17,"55","Wisconsin","0-130",0
2021-07-17,"56","Wyoming","0-130",0
2021-07-24,"01","Alabama","0-130",14
2021-07-24,"02","Alaska","0-130",8
2021-07-24,"04","Arizona","0-130",2
2021-07-24,"05","Arkansas","0-130",1
2021-07-24,"06","California","0-130",8
2021-07-24,"09","Connecticut","0-130",0
2021-07-24,"11","District of Columbia","0-130",0
2021-07-24,"12","Florida","0-130",25
2021-07-24,"13","Georgia","0-130",15
2021-07-24,"15","Hawaii","0-130",0
2021-07-24,"16","Idaho","0-130",0
2021-07-24,"17","Illinois","0-130",6
2021-07-24,"18","Indiana","0-130",11
2021-07-24,"20","Kansas","0-130",0
2021-07-24,"22","Louisiana","0-130",2
2021-07-24,"26","Michigan","0-130",0
2021-07-24,"27","Minnesota","0-130",0
2021-07-24,"28","Mississippi","0-130",6
2021-07-24,"29","Missouri","0-130",4
2021-07-24,"30","Montana","0-130",0
2021-07-24,"31","Nebraska","0-130",0
2021-07-24,"32","Nevada","0-130",2
2021-07-24,"33","New Hampshire","0-130",0
2021-07-24,"34","New Jersey","0-130",4
2021-07-24,"36","New York","0-130",1
2021-07-24,"37","North Carolina","0-130",8
2021-07-24,"38","North Dakota","0-130",1
2021-07-24,"69","Northern Mariana Islands","0-130",0
2021-07-24,"39","Ohio","0-130",0
2021-07-24,"40","Oklahoma","0-130",8
2021-07-24,"41","Oregon","0-130",0
2021-07-24,"42","Pennsylvania","0-130",13
2021-07-24,"72","Puerto Rico","0-130",19
2021-07-24,"44","Rhode Island","0-130",0
2021-07-24,"45","South Carolina","0-130",0
2021-07-24,"46","South Dakota","0-130",1
2021-07-24,"48","Texas","0-130",74
2021-07-24,"US","US","0-130",263
2021-07-24,"49","Utah","0-130",0
2021-07-24,"50","Vermont","0-130",0
2021-07-24,"78","Virgin Islands","0-130",0
2021-07-24,"51","Virginia","0-130",21
2021-07-24,"53","Washington","0-130",1
2021-07-24,"54","West Virginia","0-130",0
2021-07-24,"55","Wisconsin","0-130",0
2021-07-24,"56","Wyoming","0-130",0
2021-07-31,"01","Alabama","0-130",45
2021-07-31,"02","Alaska","0-130",7
2021-07-31,"04","Arizona","0-130",1
2021-07-31,"05","Arkansas","0-130",0
2021-07-31,"06","California","0-130",6
2021-07-31,"08","Colorado","0-130",NA
2021-07-31,"09","Connecticut","0-130",1
2021-07-31,"11","District of Columbia","0-130",0
2021-07-31,"12","Florida","0-130",22
2021-07-31,"13","Georgia","0-130",11
2021-07-31,"15","Hawaii","0-130",0
2021-07-31,"16","Idaho","0-130",0
2021-07-31,"17","Illinois","0-130",6
2021-07-31,"18","Indiana","0-130",25
2021-07-31,"20","Kansas","0-130",0
2021-07-31,"22","Louisiana","0-130",17
2021-07-31,"26","Michigan","0-130",0
2021-07-31,"27","Minnesota","0-130",0
2021-07-31,"28","Mississippi","0-130",3
2021-07-31,"29","Missouri","0-130",2
2021-07-31,"30","Montana","0-130",0
2021-07-31,"31","Nebraska","0-130",0
2021-07-31,"32","Nevada","0-130",0
2021-07-31,"33","New Hampshire","0-130",0
2021-07-31,"34","New Jersey","0-130",4
2021-07-31,"36","New York","0-130",0
2021-07-31,"37","North Carolina","0-130",10
2021-07-31,"38","North Dakota","0-130",2
2021-07-31,"69","Northern Mariana Islands","0-130",0
2021-07-31,"39","Ohio","0-130",5
2021-07-31,"40","Oklahoma","0-130",9
2021-07-31,"41","Oregon","0-130",0
2021-07-31,"42","Pennsylvania","0-130",14
2021-07-31,"72","Puerto Rico","0-130",12
2021-07-31,"44","Rhode Island","0-130",0
2021-07-31,"45","South Carolina","0-130",2
2021-07-31,"46","South Dakota","0-130",1
2021-07-31,"48","Texas","0-130",41
2021-07-31,"US","US","0-130",280
2021-07-31,"49","Utah","0-130",0
2021-07-31,"50","Vermont","0-130",0
2021-07-31,"78","Virgin Islands","0-130",0
2021-07-31,"51","Virginia","0-130",21
2021-07-31,"53","Washington","0-130",0
2021-07-31,"54","West Virginia","0-130",0
2021-07-31,"55","Wisconsin","0-130",1
2021-07-31,"56","Wyoming","0-130",0
2021-08-07,"01","Alabama","0-130",29
2021-08-07,"02","Alaska","0-130",7
2021-08-07,"04","Arizona","0-130",2
2021-08-07,"05","Arkansas","0-130",3
2021-08-07,"06","California","0-130",11
2021-08-07,"08","Colorado","0-130",1
2021-08-07,"09","Connecticut","0-130",0
2021-08-07,"11","District of Columbia","0-130",0
2021-08-07,"12","Florida","0-130",40
2021-08-07,"13","Georgia","0-130",16
2021-08-07,"15","Hawaii","0-130",2
2021-08-07,"16","Idaho","0-130",0
2021-08-07,"17","Illinois","0-130",6
2021-08-07,"18","Indiana","0-130",29
2021-08-07,"20","Kansas","0-130",2
2021-08-07,"22","Louisiana","0-130",32
2021-08-07,"26","Michigan","0-130",2
2021-08-07,"27","Minnesota","0-130",0
2021-08-07,"28","Mississippi","0-130",0
2021-08-07,"29","Missouri","0-130",2
2021-08-07,"30","Montana","0-130",0
2021-08-07,"31","Nebraska","0-130",0
2021-08-07,"32","Nevada","0-130",0
2021-08-07,"33","New Hampshire","0-130",0
2021-08-07,"34","New Jersey","0-130",1
2021-08-07,"36","New York","0-130",7
2021-08-07,"37","North Carolina","0-130",3
2021-08-07,"38","North Dakota","0-130",4
2021-08-07,"69","Northern Mariana Islands","0-130",0
2021-08-07,"39","Ohio","0-130",29
2021-08-07,"40","Oklahoma","0-130",23
2021-08-07,"41","Oregon","0-130",0
2021-08-07,"42","Pennsylvania","0-130",17
2021-08-07,"72","Puerto Rico","0-130",23
2021-08-07,"45","South Carolina","0-130",1
2021-08-07,"46","South Dakota","0-130",0
2021-08-07,"US","US","0-130",350
2021-08-07,"49","Utah","0-130",0
2021-08-07,"50","Vermont","0-130",0
2021-08-07,"78","Virgin Islands","0-130",0
2021-08-07,"51","Virginia","0-130",16
2021-08-07,"53","Washington","0-130",1
2021-08-07,"54","West Virginia","0-130",0
2021-08-07,"55","Wisconsin","0-130",1
2021-08-07,"56","Wyoming","0-130",0
2021-08-14,"01","Alabama","0-130",22
2021-08-14,"02","Alaska","0-130",7
2021-08-14,"04","Arizona","0-130",9
2021-08-14,"05","Arkansas","0-130",2
2021-08-14,"06","California","0-130",13
2021-08-14,"08","Colorado","0-130",0
2021-08-14,"09","Connecticut","0-130",0
2021-08-14,"11","District of Columbia","0-130",0
2021-08-14,"12","Florida","0-130",32
2021-08-14,"13","Georgia","0-130",10
2021-08-14,"15","Hawaii","0-130",2
2021-08-14,"16","Idaho","0-130",0
2021-08-14,"17","Illinois","0-130",5
2021-08-14,"18","Indiana","0-130",25
2021-08-14,"20","Kansas","0-130",1
2021-08-14,"22","Louisiana","0-130",18
2021-08-14,"26","Michigan","0-130",1
2021-08-14,"27","Minnesota","0-130",0
2021-08-14,"28","Mississippi","0-130",3
2021-08-14,"29","Missouri","0-130",2
2021-08-14,"30","Montana","0-130",0
2021-08-14,"31","Nebraska","0-130",0
2021-08-14,"32","Nevada","0-130",1
2021-08-14,"33","New Hampshire","0-130",0
2021-08-14,"34","New Jersey","0-130",3
2021-08-14,"36","New York","0-130",7
2021-08-14,"37","North Carolina","0-130",15
2021-08-14,"38","North Dakota","0-130",3
2021-08-14,"69","Northern Mariana Islands","0-130",0
2021-08-14,"39","Ohio","0-130",5
2021-08-14,"40","Oklahoma","0-130",10
2021-08-14,"41","Oregon","0-130",0
2021-08-14,"42","Pennsylvania","0-130",8
2021-08-14,"72","Puerto Rico","0-130",21
2021-08-14,"45","South Carolina","0-130",5
2021-08-14,"46","South Dakota","0-130",1
2021-08-14,"US","US","0-130",290
2021-08-14,"49","Utah","0-130",0
2021-08-14,"50","Vermont","0-130",0
2021-08-14,"78","Virgin Islands","0-130",0
2021-08-14,"51","Virginia","0-130",23
2021-08-14,"53","Washington","0-130",0
2021-08-14,"54","West Virginia","0-130",0
2021-08-14,"55","Wisconsin","0-130",0
2021-08-14,"56","Wyoming","0-130",0
2021-08-21,"01","Alabama","0-130",30
2021-08-21,"02","Alaska","0-130",7
2021-08-21,"04","Arizona","0-130",9
2021-08-21,"05","Arkansas","0-130",3
2021-08-21,"06","California","0-130",6
2021-08-21,"08","Colorado","0-130",0
2021-08-21,"09","Connecticut","0-130",0
2021-08-21,"11","District of Columbia","0-130",0
2021-08-21,"12","Florida","0-130",29
2021-08-21,"13","Georgia","0-130",15
2021-08-21,"15","Hawaii","0-130",0
2021-08-21,"16","Idaho","0-130",0
2021-08-21,"17","Illinois","0-130",4
2021-08-21,"18","Indiana","0-130",34
2021-08-21,"20","Kansas","0-130",0
2021-08-21,"22","Louisiana","0-130",2
2021-08-21,"26","Michigan","0-130",2
2021-08-21,"27","Minnesota","0-130",0
2021-08-21,"28","Mississippi","0-130",5
2021-08-21,"29","Missouri","0-130",4
2021-08-21,"30","Montana","0-130",0
2021-08-21,"31","Nebraska","0-130",0
2021-08-21,"32","Nevada","0-130",2
2021-08-21,"33","New Hampshire","0-130",0
2021-08-21,"34","New Jersey","0-130",2
2021-08-21,"36","New York","0-130",8
2021-08-21,"37","North Carolina","0-130",8
2021-08-21,"38","North Dakota","0-130",1
2021-08-21,"69","Northern Mariana Islands","0-130",0
2021-08-21,"39","Ohio","0-130",2
2021-08-21,"40","Oklahoma","0-130",4
2021-08-21,"41","Oregon","0-130",5
2021-08-21,"42","Pennsylvania","0-130",9
2021-08-21,"72","Puerto Rico","0-130",27
2021-08-21,"45","South Carolina","0-130",4
2021-08-21,"46","South Dakota","0-130",6
2021-08-21,"US","US","0-130",280
2021-08-21,"49","Utah","0-130",0
2021-08-21,"50","Vermont","0-130",0
2021-08-21,"78","Virgin Islands","0-130",0
2021-08-21,"51","Virginia","0-130",24
2021-08-21,"53","Washington","0-130",1
2021-08-21,"54","West Virginia","0-130",0
2021-08-21,"55","Wisconsin","0-130",0
2021-08-21,"56","Wyoming","0-130",0
2021-08-28,"01","Alabama","0-130",41
2021-08-28,"02","Alaska","0-130",7
2021-08-28,"60","American Samoa","0-130",0
2021-08-28,"04","Arizona","0-130",7
2021-08-28,"05","Arkansas","0-130",5
2021-08-28,"06","California","0-130",4
2021-08-28,"08","Colorado","0-130",1
2021-08-28,"09","Connecticut","0-130",0
2021-08-28,"11","District of Columbia","0-130",0
2021-08-28,"12","Florida","0-130",21
2021-08-28,"13","Georgia","0-130",12
2021-08-28,"15","Hawaii","0-130",0
2021-08-28,"16","Idaho","0-130",0
2021-08-28,"17","Illinois","0-130",0
2021-08-28,"18","Indiana","0-130",16
2021-08-28,"20","Kansas","0-130",1
2021-08-28,"22","Louisiana","0-130",11
2021-08-28,"26","Michigan","0-130",2
2021-08-28,"27","Minnesota","0-130",2
2021-08-28,"28","Mississippi","0-130",15
2021-08-28,"29","Missouri","0-130",4
2021-08-28,"30","Montana","0-130",0
2021-08-28,"31","Nebraska","0-130",1
2021-08-28,"32","Nevada","0-130",6
2021-08-28,"33","New Hampshire","0-130",0
2021-08-28,"34","New Jersey","0-130",6
2021-08-28,"36","New York","0-130",7
2021-08-28,"37","North Carolina","0-130",4
2021-08-28,"38","North Dakota","0-130",3
2021-08-28,"69","Northern Mariana Islands","0-130",0
2021-08-28,"39","Ohio","0-130",1
2021-08-28,"40","Oklahoma","0-130",8
2021-08-28,"41","Oregon","0-130",2
2021-08-28,"42","Pennsylvania","0-130",10
2021-08-28,"72","Puerto Rico","0-130",33
2021-08-28,"45","South Carolina","0-130",1
2021-08-28,"46","South Dakota","0-130",0
2021-08-28,"US","US","0-130",262
2021-08-28,"49","Utah","0-130",0
2021-08-28,"50","Vermont","0-130",2
2021-08-28,"78","Virgin Islands","0-130",0
2021-08-28,"51","Virginia","0-130",7
2021-08-28,"53","Washington","0-130",0
2021-08-28,"54","West Virginia","0-130",0
2021-08-28,"55","Wisconsin","0-130",0
2021-08-28,"56","Wyoming","0-130",0
2021-09-04,"01","Alabama","0-130",47
2021-09-04,"02","Alaska","0-130",7
2021-09-04,"60","American Samoa","0-130",0
2021-09-04,"04","Arizona","0-130",4
2021-09-04,"05","Arkansas","0-130",2
2021-09-04,"06","California","0-130",2
2021-09-04,"08","Colorado","0-130",3
2021-09-04,"09","Connecticut","0-130",0
2021-09-04,"11","District of Columbia","0-130",0
2021-09-04,"12","Florida","0-130",11
2021-09-04,"13","Georgia","0-130",28
2021-09-04,"15","Hawaii","0-130",0
2021-09-04,"16","Idaho","0-130",0
2021-09-04,"17","Illinois","0-130",1
2021-09-04,"18","Indiana","0-130",22
2021-09-04,"20","Kansas","0-130",2
2021-09-04,"22","Louisiana","0-130",10
2021-09-04,"26","Michigan","0-130",2
2021-09-04,"27","Minnesota","0-130",0
2021-09-04,"28","Mississippi","0-130",18
2021-09-04,"29","Missouri","0-130",2
2021-09-04,"30","Montana","0-130",0
2021-09-04,"31","Nebraska","0-130",0
2021-09-04,"32","Nevada","0-130",0
2021-09-04,"33","New Hampshire","0-130",0
2021-09-04,"34","New Jersey","0-130",3
2021-09-04,"36","New York","0-130",8
2021-09-04,"37","North Carolina","0-130",8
2021-09-04,"38","North Dakota","0-130",2
2021-09-04,"69","Northern Mariana Islands","0-130",0
2021-09-04,"39","Ohio","0-130",0
2021-09-04,"40","Oklahoma","0-130",10
2021-09-04,"41","Oregon","0-130",0
2021-09-04,"42","Pennsylvania","0-130",17
2021-09-04,"72","Puerto Rico","0-130",23
2021-09-04,"45","South Carolina","0-130",0
2021-09-04,"46","South Dakota","0-130",1
2021-09-04,"US","US","0-130",282
2021-09-04,"49","Utah","0-130",0
2021-09-04,"50","Vermont","0-130",0
2021-09-04,"78","Virgin Islands","0-130",0
2021-09-04,"51","Virginia","0-130",9
2021-09-04,"53","Washington","0-130",0
2021-09-04,"54","West Virginia","0-130",0
2021-09-04,"55","Wisconsin","0-130",1
2021-09-04,"56","Wyoming","0-130",0
2021-09-11,"01","Alabama","0-130",30
2021-09-11,"02","Alaska","0-130",7
2021-09-11,"60","American Samoa","0-130",0
2021-09-11,"04","Arizona","0-130",1
2021-09-11,"05","Arkansas","0-130",0
2021-09-11,"06","California","0-130",7
2021-09-11,"08","Colorado","0-130",2
2021-09-11,"09","Connecticut","0-130",0
2021-09-11,"11","District of Columbia","0-130",0
2021-09-11,"12","Florida","0-130",16
2021-09-11,"13","Georgia","0-130",36
2021-09-11,"15","Hawaii","0-130",0
2021-09-11,"16","Idaho","0-130",0
2021-09-11,"17","Illinois","0-130",1
2021-09-11,"18","Indiana","0-130",13
2021-09-11,"20","Kansas","0-130",0
2021-09-11,"22","Louisiana","0-130",3
2021-09-11,"26","Michigan","0-130",1
2021-09-11,"27","Minnesota","0-130",0
2021-09-11,"28","Mississippi","0-130",6
2021-09-11,"29","Missouri","0-130",2
2021-09-11,"30","Montana","0-130",0
2021-09-11,"31","Nebraska","0-130",1
2021-09-11,"32","Nevada","0-130",0
2021-09-11,"33","New Hampshire","0-130",0
2021-09-11,"34","New Jersey","0-130",3
2021-09-11,"36","New York","0-130",8
2021-09-11,"37","North Carolina","0-130",13
2021-09-11,"38","North Dakota","0-130",7
2021-09-11,"69","Northern Mariana Islands","0-130",0
2021-09-11,"39","Ohio","0-130",3
2021-09-11,"40","Oklahoma","0-130",12
2021-09-11,"41","Oregon","0-130",2
2021-09-11,"42","Pennsylvania","0-130",13
2021-09-11,"72","Puerto Rico","0-130",20
2021-09-11,"45","South Carolina","0-130",0
2021-09-11,"46","South Dakota","0-130",0
2021-09-11,"US","US","0-130",247
2021-09-11,"49","Utah","0-130",1
2021-09-11,"50","Vermont","0-130",0
2021-09-11,"78","Virgin Islands","0-130",0
2021-09-11,"51","Virginia","0-130",7
2021-09-11,"54","West Virginia","0-130",0
2021-09-11,"55","Wisconsin","0-130",0
2021-09-11,"56","Wyoming","0-130",0
2021-09-18,"01","Alabama","0-130",30
2021-09-18,"02","Alaska","0-130",7
2021-09-18,"60","American Samoa","0-130",0
2021-09-18,"04","Arizona","0-130",2
2021-09-18,"05","Arkansas","0-130",2
2021-09-18,"06","California","0-130",5
2021-09-18,"08","Colorado","0-130",0
2021-09-18,"09","Connecticut","0-130",0
2021-09-18,"11","District of Columbia","0-130",0
2021-09-18,"12","Florida","0-130",28
2021-09-18,"13","Georgia","0-130",21
2021-09-18,"15","Hawaii","0-130",0
2021-09-18,"16","Idaho","0-130",0
2021-09-18,"17","Illinois","0-130",0
2021-09-18,"18","Indiana","0-130",12
2021-09-18,"20","Kansas","0-130",0
2021-09-18,"22","Louisiana","0-130",4
2021-09-18,"26","Michigan","0-130",0
2021-09-18,"27","Minnesota","0-130",3
2021-09-18,"28","Mississippi","0-130",1
2021-09-18,"29","Missouri","0-130",1
2021-09-18,"30","Montana","0-130",7
2021-09-18,"31","Nebraska","0-130",1
2021-09-18,"32","Nevada","0-130",4
2021-09-18,"33","New Hampshire","0-130",0
2021-09-18,"34","New Jersey","0-130",3
2021-09-18,"36","New York","0-130",8
2021-09-18,"37","North Carolina","0-130",13
2021-09-18,"38","North Dakota","0-130",2
2021-09-18,"69","Northern Mariana Islands","0-130",0
2021-09-18,"39","Ohio","0-130",6
2021-09-18,"40","Oklahoma","0-130",7
2021-09-18,"41","Oregon","0-130",2
2021-09-18,"42","Pennsylvania","0-130",12
2021-09-18,"72","Puerto Rico","0-130",29
2021-09-18,"45","South Carolina","0-130",2
2021-09-18,"46","South Dakota","0-130",0
2021-09-18,"US","US","0-130",261
2021-09-18,"49","Utah","0-130",1
2021-09-18,"50","Vermont","0-130",0
2021-09-18,"78","Virgin Islands","0-130",0
2021-09-18,"51","Virginia","0-130",17
2021-09-18,"54","West Virginia","0-130",0
2021-09-18,"55","Wisconsin","0-130",0
2021-09-18,"56","Wyoming","0-130",0
2021-09-25,"01","Alabama","0-130",15
2021-09-25,"02","Alaska","0-130",7
2021-09-25,"60","American Samoa","0-130",0
2021-09-25,"04","Arizona","0-130",1
2021-09-25,"05","Arkansas","0-130",3
2021-09-25,"06","California","0-130",8
2021-09-25,"08","Colorado","0-130",0
2021-09-25,"09","Connecticut","0-130",0
2021-09-25,"11","District of Columbia","0-130",0
2021-09-25,"12","Florida","0-130",19
2021-09-25,"13","Georgia","0-130",24
2021-09-25,"15","Hawaii","0-130",1
2021-09-25,"16","Idaho","0-130",0
2021-09-25,"17","Illinois","0-130",0
2021-09-25,"18","Indiana","0-130",15
2021-09-25,"20","Kansas","0-130",2
2021-09-25,"22","Louisiana","0-130",6
2021-09-25,"26","Michigan","0-130",1
2021-09-25,"27","Minnesota","0-130",0
2021-09-25,"28","Mississippi","0-130",5
2021-09-25,"29","Missouri","0-130",2
2021-09-25,"30","Montana","0-130",1
2021-09-25,"31","Nebraska","0-130",2
2021-09-25,"32","Nevada","0-130",1
2021-09-25,"33","New Hampshire","0-130",0
2021-09-25,"34","New Jersey","0-130",7
2021-09-25,"36","New York","0-130",9
2021-09-25,"37","North Carolina","0-130",5
2021-09-25,"38","North Dakota","0-130",1
2021-09-25,"69","Northern Mariana Islands","0-130",0
2021-09-25,"39","Ohio","0-130",2
2021-09-25,"40","Oklahoma","0-130",12
2021-09-25,"41","Oregon","0-130",0
2021-09-25,"42","Pennsylvania","0-130",9
2021-09-25,"72","Puerto Rico","0-130",17
2021-09-25,"45","South Carolina","0-130",0
2021-09-25,"46","South Dakota","0-130",0
2021-09-25,"US","US","0-130",234
2021-09-25,"49","Utah","0-130",1
2021-09-25,"50","Vermont","0-130",0
2021-09-25,"78","Virgin Islands","0-130",0
2021-09-25,"51","Virginia","0-130",11
2021-09-25,"54","West Virginia","0-130",2
2021-09-25,"55","Wisconsin","0-130",12
2021-09-25,"56","Wyoming","0-130",0
2021-10-02,"01","Alabama","0-130",7
2021-10-02,"02","Alaska","0-130",5
2021-10-02,"60","American Samoa","0-130",0
2021-10-02,"04","Arizona","0-130",6
2021-10-02,"05","Arkansas","0-130",0
2021-10-02,"06","California","0-130",8
2021-10-02,"08","Colorado","0-130",0
2021-10-02,"09","Connecticut","0-130",0
2021-10-02,"11","District of Columbia","0-130",0
2021-10-02,"12","Florida","0-130",19
2021-10-02,"13","Georgia","0-130",27
2021-10-02,"15","Hawaii","0-130",0
2021-10-02,"16","Idaho","0-130",0
2021-10-02,"17","Illinois","0-130",1
2021-10-02,"18","Indiana","0-130",15
2021-10-02,"20","Kansas","0-130",4
2021-10-02,"22","Louisiana","0-130",17
2021-10-02,"24","Maryland","0-130",NA
2021-10-02,"26","Michigan","0-130",6
2021-10-02,"27","Minnesota","0-130",1
2021-10-02,"28","Mississippi","0-130",0
2021-10-02,"29","Missouri","0-130",6
2021-10-02,"30","Montana","0-130",0
2021-10-02,"31","Nebraska","0-130",0
2021-10-02,"32","Nevada","0-130",3
2021-10-02,"33","New Hampshire","0-130",1
2021-10-02,"34","New Jersey","0-130",7
2021-10-02,"36","New York","0-130",8
2021-10-02,"37","North Carolina","0-130",15
2021-10-02,"38","North Dakota","0-130",0
2021-10-02,"69","Northern Mariana Islands","0-130",0
2021-10-02,"39","Ohio","0-130",8
2021-10-02,"40","Oklahoma","0-130",2
2021-10-02,"41","Oregon","0-130",2
2021-10-02,"42","Pennsylvania","0-130",20
2021-10-02,"72","Puerto Rico","0-130",22
2021-10-02,"45","South Carolina","0-130",0
2021-10-02,"46","South Dakota","0-130",1
2021-10-02,"US","US","0-130",253
2021-10-02,"49","Utah","0-130",1
2021-10-02,"50","Vermont","0-130",0
2021-10-02,"78","Virgin Islands","0-130",0
2021-10-02,"51","Virginia","0-130",6
2021-10-02,"54","West Virginia","0-130",2
2021-10-02,"55","Wisconsin","0-130",3
2021-10-02,"56","Wyoming","0-130",0
2021-10-09,"01","Alabama","0-130",13
2021-10-09,"02","Alaska","0-130",0
2021-10-09,"60","American Samoa","0-130",0
2021-10-09,"04","Arizona","0-130",17
2021-10-09,"05","Arkansas","0-130",3
2021-10-09,"06","California","0-130",12
2021-10-09,"08","Colorado","0-130",1
2021-10-09,"09","Connecticut","0-130",0
2021-10-09,"11","District of Columbia","0-130",0
2021-10-09,"12","Florida","0-130",35
2021-10-09,"13","Georgia","0-130",4
2021-10-09,"15","Hawaii","0-130",0
2021-10-09,"16","Idaho","0-130",0
2021-10-09,"17","Illinois","0-130",0
2021-10-09,"18","Indiana","0-130",13
2021-10-09,"20","Kansas","0-130",4
2021-10-09,"22","Louisiana","0-130",9
2021-10-09,"24","Maryland","0-130",0
2021-10-09,"26","Michigan","0-130",6
2021-10-09,"27","Minnesota","0-130",1
2021-10-09,"28","Mississippi","0-130",2
2021-10-09,"29","Missouri","0-130",0
2021-10-09,"30","Montana","0-130",0
2021-10-09,"31","Nebraska","0-130",0
2021-10-09,"32","Nevada","0-130",66
2021-10-09,"33","New Hampshire","0-130",0
2021-10-09,"34","New Jersey","0-130",5
2021-10-09,"36","New York","0-130",11
2021-10-09,"37","North Carolina","0-130",8
2021-10-09,"38","North Dakota","0-130",2
2021-10-09,"69","Northern Mariana Islands","0-130",0
2021-10-09,"39","Ohio","0-130",8
2021-10-09,"40","Oklahoma","0-130",14
2021-10-09,"41","Oregon","0-130",4
2021-10-09,"42","Pennsylvania","0-130",18
2021-10-09,"72","Puerto Rico","0-130",20
2021-10-09,"45","South Carolina","0-130",2
2021-10-09,"46","South Dakota","0-130",1
2021-10-09,"US","US","0-130",341
2021-10-09,"49","Utah","0-130",2
2021-10-09,"50","Vermont","0-130",0
2021-10-09,"78","Virgin Islands","0-130",0
2021-10-09,"51","Virginia","0-130",12
2021-10-09,"54","West Virginia","0-130",2
2021-10-09,"55","Wisconsin","0-130",4
2021-10-09,"56","Wyoming","0-130",0
2021-10-16,"01","Alabama","0-130",5
2021-10-16,"02","Alaska","0-130",0
2021-10-16,"60","American Samoa","0-130",0
2021-10-16,"04","Arizona","0-130",24
2021-10-16,"05","Arkansas","0-130",4
2021-10-16,"08","Colorado","0-130",0
2021-10-16,"09","Connecticut","0-130",0
2021-10-16,"11","District of Columbia","0-130",0
2021-10-16,"12","Florida","0-130",16
2021-10-16,"13","Georgia","0-130",11
2021-10-16,"15","Hawaii","0-130",0
2021-10-16,"16","Idaho","0-130",0
2021-10-16,"17","Illinois","0-130",4
2021-10-16,"18","Indiana","0-130",7
2021-10-16,"20","Kansas","0-130",7
2021-10-16,"22","Louisiana","0-130",21
2021-10-16,"24","Maryland","0-130",4
2021-10-16,"26","Michigan","0-130",3
2021-10-16,"27","Minnesota","0-130",1
2021-10-16,"28","Mississippi","0-130",5
2021-10-16,"29","Missouri","0-130",3
2021-10-16,"30","Montana","0-130",0
2021-10-16,"31","Nebraska","0-130",1
2021-10-16,"32","Nevada","0-130",7
2021-10-16,"33","New Hampshire","0-130",12
2021-10-16,"34","New Jersey","0-130",2
2021-10-16,"36","New York","0-130",7
2021-10-16,"37","North Carolina","0-130",25
2021-10-16,"38","North Dakota","0-130",2
2021-10-16,"69","Northern Mariana Islands","0-130",0
2021-10-16,"39","Ohio","0-130",4
2021-10-16,"40","Oklahoma","0-130",14
2021-10-16,"41","Oregon","0-130",1
2021-10-16,"42","Pennsylvania","0-130",21
2021-10-16,"72","Puerto Rico","0-130",15
2021-10-16,"45","South Carolina","0-130",3
2021-10-16,"46","South Dakota","0-130",0
2021-10-16,"US","US","0-130",266
2021-10-16,"49","Utah","0-130",0
2021-10-16,"50","Vermont","0-130",0
2021-10-16,"78","Virgin Islands","0-130",0
2021-10-16,"51","Virginia","0-130",9
2021-10-16,"54","West Virginia","0-130",0
2021-10-16,"55","Wisconsin","0-130",3
2021-10-16,"56","Wyoming","0-130",0
2021-10-23,"01","Alabama","0-130",6
2021-10-23,"02","Alaska","0-130",1
2021-10-23,"60","American Samoa","0-130",0
2021-10-23,"04","Arizona","0-130",5
2021-10-23,"05","Arkansas","0-130",3
2021-10-23,"08","Colorado","0-130",0
2021-10-23,"09","Connecticut","0-130",0
2021-10-23,"11","District of Columbia","0-130",0
2021-10-23,"12","Florida","0-130",28
2021-10-23,"13","Georgia","0-130",13
2021-10-23,"15","Hawaii","0-130",0
2021-10-23,"16","Idaho","0-130",0
2021-10-23,"17","Illinois","0-130",2
2021-10-23,"18","Indiana","0-130",7
2021-10-23,"20","Kansas","0-130",7
2021-10-23,"22","Louisiana","0-130",11
2021-10-23,"26","Michigan","0-130",2
2021-10-23,"27","Minnesota","0-130",1
2021-10-23,"28","Mississippi","0-130",14
2021-10-23,"29","Missouri","0-130",0
2021-10-23,"30","Montana","0-130",0
2021-10-23,"31","Nebraska","0-130",0
2021-10-23,"32","Nevada","0-130",2
2021-10-23,"33","New Hampshire","0-130",1
2021-10-23,"34","New Jersey","0-130",11
2021-10-23,"36","New York","0-130",10
2021-10-23,"37","North Carolina","0-130",34
2021-10-23,"38","North Dakota","0-130",0
2021-10-23,"69","Northern Mariana Islands","0-130",0
2021-10-23,"39","Ohio","0-130",12
2021-10-23,"40","Oklahoma","0-130",10
2021-10-23,"41","Oregon","0-130",1
2021-10-23,"42","Pennsylvania","0-130",22
2021-10-23,"72","Puerto Rico","0-130",19
2021-10-23,"45","South Carolina","0-130",2
2021-10-23,"46","South Dakota","0-130",2
2021-10-23,"US","US","0-130",281
2021-10-23,"49","Utah","0-130",1
2021-10-23,"50","Vermont","0-130",0
2021-10-23,"78","Virgin Islands","0-130",0
2021-10-23,"51","Virginia","0-130",16
2021-10-23,"54","West Virginia","0-130",2
2021-10-23,"55","Wisconsin","0-130",7
2021-10-23,"56","Wyoming","0-130",0
2021-10-30,"01","Alabama","0-130",12
2021-10-30,"02","Alaska","0-130",0
2021-10-30,"60","American Samoa","0-130",0
2021-10-30,"04","Arizona","0-130",1
2021-10-30,"05","Arkansas","0-130",3
2021-10-30,"06","California","0-130",NA
2021-10-30,"08","Colorado","0-130",2
2021-10-30,"09","Connecticut","0-130",0
2021-10-30,"11","District of Columbia","0-130",0
2021-10-30,"12","Florida","0-130",27
2021-10-30,"13","Georgia","0-130",21
2021-10-30,"15","Hawaii","0-130",0
2021-10-30,"16","Idaho","0-130",0
2021-10-30,"17","Illinois","0-130",3
2021-10-30,"18","Indiana","0-130",13
2021-10-30,"20","Kansas","0-130",2
2021-10-30,"22","Louisiana","0-130",6
2021-10-30,"26","Michigan","0-130",0
2021-10-30,"27","Minnesota","0-130",2
2021-10-30,"28","Mississippi","0-130",2
2021-10-30,"29","Missouri","0-130",6
2021-10-30,"30","Montana","0-130",0
2021-10-30,"31","Nebraska","0-130",0
2021-10-30,"32","Nevada","0-130",1
2021-10-30,"33","New Hampshire","0-130",0
2021-10-30,"34","New Jersey","0-130",2
2021-10-30,"36","New York","0-130",13
2021-10-30,"37","North Carolina","0-130",38
2021-10-30,"38","North Dakota","0-130",4
2021-10-30,"69","Northern Mariana Islands","0-130",0
2021-10-30,"39","Ohio","0-130",9
2021-10-30,"40","Oklahoma","0-130",6
2021-10-30,"41","Oregon","0-130",0
2021-10-30,"42","Pennsylvania","0-130",18
2021-10-30,"72","Puerto Rico","0-130",12
2021-10-30,"45","South Carolina","0-130",5
2021-10-30,"46","South Dakota","0-130",0
2021-10-30,"US","US","0-130",265
2021-10-30,"49","Utah","0-130",1
2021-10-30,"50","Vermont","0-130",0
2021-10-30,"78","Virgin Islands","0-130",0
2021-10-30,"51","Virginia","0-130",10
2021-10-30,"54","West Virginia","0-130",0
2021-10-30,"55","Wisconsin","0-130",5
2021-10-30,"56","Wyoming","0-130",0
2021-11-06,"02","Alaska","0-130",0
2021-11-06,"60","American Samoa","0-130",0
2021-11-06,"04","Arizona","0-130",5
2021-11-06,"05","Arkansas","0-130",3
2021-11-06,"06","California","0-130",15
2021-11-06,"08","Colorado","0-130",4
2021-11-06,"09","Connecticut","0-130",0
2021-11-06,"11","District of Columbia","0-130",0
2021-11-06,"12","Florida","0-130",30
2021-11-06,"13","Georgia","0-130",25
2021-11-06,"15","Hawaii","0-130",0
2021-11-06,"16","Idaho","0-130",0
2021-11-06,"17","Illinois","0-130",2
2021-11-06,"18","Indiana","0-130",14
2021-11-06,"20","Kansas","0-130",0
2021-11-06,"22","Louisiana","0-130",10
2021-11-06,"26","Michigan","0-130",1
2021-11-06,"27","Minnesota","0-130",2
2021-11-06,"28","Mississippi","0-130",6
2021-11-06,"29","Missouri","0-130",7
2021-11-06,"30","Montana","0-130",0
2021-11-06,"31","Nebraska","0-130",0
2021-11-06,"32","Nevada","0-130",4
2021-11-06,"33","New Hampshire","0-130",0
2021-11-06,"34","New Jersey","0-130",3
2021-11-06,"36","New York","0-130",17
2021-11-06,"37","North Carolina","0-130",51
2021-11-06,"38","North Dakota","0-130",1
2021-11-06,"69","Northern Mariana Islands","0-130",0
2021-11-06,"39","Ohio","0-130",12
2021-11-06,"40","Oklahoma","0-130",8
2021-11-06,"41","Oregon","0-130",0
2021-11-06,"42","Pennsylvania","0-130",14
2021-11-06,"72","Puerto Rico","0-130",26
2021-11-06,"45","South Carolina","0-130",10
2021-11-06,"46","South Dakota","0-130",0
2021-11-06,"US","US","0-130",322
2021-11-06,"49","Utah","0-130",0
2021-11-06,"50","Vermont","0-130",0
2021-11-06,"78","Virgin Islands","0-130",0
2021-11-06,"51","Virginia","0-130",6
2021-11-06,"54","West Virginia","0-130",0
2021-11-06,"55","Wisconsin","0-130",1
2021-11-06,"56","Wyoming","0-130",0
2021-11-13,"02","Alaska","0-130",0
2021-11-13,"60","American Samoa","0-130",0
2021-11-13,"04","Arizona","0-130",2
2021-11-13,"05","Arkansas","0-130",6
2021-11-13,"06","California","0-130",15
2021-11-13,"08","Colorado","0-130",3
2021-11-13,"09","Connecticut","0-130",0
2021-11-13,"11","District of Columbia","0-130",0
2021-11-13,"12","Florida","0-130",49
2021-11-13,"13","Georgia","0-130",36
2021-11-13,"15","Hawaii","0-130",0
2021-11-13,"16","Idaho","0-130",0
2021-11-13,"17","Illinois","0-130",1
2021-11-13,"18","Indiana","0-130",6
2021-11-13,"20","Kansas","0-130",6
2021-11-13,"22","Louisiana","0-130",15
2021-11-13,"26","Michigan","0-130",5
2021-11-13,"27","Minnesota","0-130",0
2021-11-13,"28","Mississippi","0-130",8
2021-11-13,"29","Missouri","0-130",8
2021-11-13,"30","Montana","0-130",0
2021-11-13,"31","Nebraska","0-130",1
2021-11-13,"32","Nevada","0-130",5
2021-11-13,"33","New Hampshire","0-130",1
2021-11-13,"34","New Jersey","0-130",7
2021-11-13,"36","New York","0-130",16
2021-11-13,"37","North Carolina","0-130",3
2021-11-13,"38","North Dakota","0-130",3
2021-11-13,"69","Northern Mariana Islands","0-130",0
2021-11-13,"39","Ohio","0-130",8
2021-11-13,"40","Oklahoma","0-130",10
2021-11-13,"41","Oregon","0-130",0
2021-11-13,"42","Pennsylvania","0-130",15
2021-11-13,"72","Puerto Rico","0-130",22
2021-11-13,"45","South Carolina","0-130",9
2021-11-13,"46","South Dakota","0-130",0
2021-11-13,"US","US","0-130",338
2021-11-13,"49","Utah","0-130",0
2021-11-13,"50","Vermont","0-130",0
2021-11-13,"78","Virgin Islands","0-130",0
2021-11-13,"51","Virginia","0-130",15
2021-11-13,"54","West Virginia","0-130",3
2021-11-13,"55","Wisconsin","0-130",4
2021-11-13,"56","Wyoming","0-130",1
2021-11-20,"02","Alaska","0-130",0
2021-11-20,"60","American Samoa","0-130",0
2021-11-20,"04","Arizona","0-130",4
2021-11-20,"05","Arkansas","0-130",9
2021-11-20,"06","California","0-130",17
2021-11-20,"08","Colorado","0-130",2
2021-11-20,"09","Connecticut","0-130",2
2021-11-20,"11","District of Columbia","0-130",0
2021-11-20,"12","Florida","0-130",49
2021-11-20,"13","Georgia","0-130",21
2021-11-20,"15","Hawaii","0-130",0
2021-11-20,"16","Idaho","0-130",2
2021-11-20,"17","Illinois","0-130",5
2021-11-20,"18","Indiana","0-130",15
2021-11-20,"20","Kansas","0-130",2
2021-11-20,"22","Louisiana","0-130",4
2021-11-20,"26","Michigan","0-130",7
2021-11-20,"27","Minnesota","0-130",2
2021-11-20,"28","Mississippi","0-130",10
2021-11-20,"29","Missouri","0-130",5
2021-11-20,"30","Montana","0-130",0
2021-11-20,"31","Nebraska","0-130",0
2021-11-20,"32","Nevada","0-130",20
2021-11-20,"33","New Hampshire","0-130",0
2021-11-20,"34","New Jersey","0-130",12
2021-11-20,"36","New York","0-130",23
2021-11-20,"37","North Carolina","0-130",3
2021-11-20,"38","North Dakota","0-130",1
2021-11-20,"69","Northern Mariana Islands","0-130",0
2021-11-20,"39","Ohio","0-130",9
2021-11-20,"40","Oklahoma","0-130",10
2021-11-20,"41","Oregon","0-130",1
2021-11-20,"42","Pennsylvania","0-130",24
2021-11-20,"72","Puerto Rico","0-130",19
2021-11-20,"45","South Carolina","0-130",4
2021-11-20,"46","South Dakota","0-130",2
2021-11-20,"US","US","0-130",366
2021-11-20,"49","Utah","0-130",0
2021-11-20,"50","Vermont","0-130",0
2021-11-20,"78","Virgin Islands","0-130",0
2021-11-20,"51","Virginia","0-130",14
2021-11-20,"54","West Virginia","0-130",0
2021-11-20,"55","Wisconsin","0-130",5
2021-11-20,"56","Wyoming","0-130",4
2021-11-27,"02","Alaska","0-130",0
2021-11-27,"60","American Samoa","0-130",0
2021-11-27,"04","Arizona","0-130",11
2021-11-27,"05","Arkansas","0-130",2
2021-11-27,"06","California","0-130",20
2021-11-27,"09","Connecticut","0-130",3
2021-11-27,"11","District of Columbia","0-130",1
2021-11-27,"12","Florida","0-130",64
2021-11-27,"13","Georgia","0-130",19
2021-11-27,"15","Hawaii","0-130",1
2021-11-27,"16","Idaho","0-130",2
2021-11-27,"17","Illinois","0-130",6
2021-11-27,"18","Indiana","0-130",16
2021-11-27,"20","Kansas","0-130",0
2021-11-27,"22","Louisiana","0-130",13
2021-11-27,"26","Michigan","0-130",26
2021-11-27,"27","Minnesota","0-130",2
2021-11-27,"28","Mississippi","0-130",14
2021-11-27,"29","Missouri","0-130",14
2021-11-27,"30","Montana","0-130",0
2021-11-27,"31","Nebraska","0-130",3
2021-11-27,"32","Nevada","0-130",10
2021-11-27,"33","New Hampshire","0-130",2
2021-11-27,"34","New Jersey","0-130",17
2021-11-27,"36","New York","0-130",24
2021-11-27,"37","North Carolina","0-130",18
2021-11-27,"38","North Dakota","0-130",3
2021-11-27,"69","Northern Mariana Islands","0-130",0
2021-11-27,"39","Ohio","0-130",14
2021-11-27,"40","Oklahoma","0-130",15
2021-11-27,"41","Oregon","0-130",6
2021-11-27,"42","Pennsylvania","0-130",22
2021-11-27,"72","Puerto Rico","0-130",32
2021-11-27,"45","South Carolina","0-130",2
2021-11-27,"46","South Dakota","0-130",2
2021-11-27,"US","US","0-130",475
2021-11-27,"49","Utah","0-130",0
2021-11-27,"50","Vermont","0-130",0
2021-11-27,"78","Virgin Islands","0-130",0
2021-11-27,"51","Virginia","0-130",23
2021-11-27,"54","West Virginia","0-130",2
2021-11-27,"55","Wisconsin","0-130",7
2021-11-27,"56","Wyoming","0-130",1
2021-12-04,"02","Alaska","0-130",0
2021-12-04,"60","American Samoa","0-130",0
2021-12-04,"04","Arizona","0-130",19
2021-12-04,"05","Arkansas","0-130",12
2021-12-04,"06","California","0-130",44
2021-12-04,"09","Connecticut","0-130",13
2021-12-04,"11","District of Columbia","0-130",1
2021-12-04,"12","Florida","0-130",62
2021-12-04,"13","Georgia","0-130",49
2021-12-04,"15","Hawaii","0-130",0
2021-12-04,"16","Idaho","0-130",0
2021-12-04,"17","Illinois","0-130",17
2021-12-04,"18","Indiana","0-130",32
2021-12-04,"20","Kansas","0-130",2
2021-12-04,"22","Louisiana","0-130",50
2021-12-04,"26","Michigan","0-130",23
2021-12-04,"27","Minnesota","0-130",14
2021-12-04,"28","Mississippi","0-130",24
2021-12-04,"29","Missouri","0-130",26
2021-12-04,"30","Montana","0-130",0
2021-12-04,"31","Nebraska","0-130",18
2021-12-04,"32","Nevada","0-130",7
2021-12-04,"33","New Hampshire","0-130",1
2021-12-04,"34","New Jersey","0-130",36
2021-12-04,"36","New York","0-130",41
2021-12-04,"37","North Carolina","0-130",19
2021-12-04,"38","North Dakota","0-130",9
2021-12-04,"69","Northern Mariana Islands","0-130",0
2021-12-04,"39","Ohio","0-130",37
2021-12-04,"40","Oklahoma","0-130",19
2021-12-04,"41","Oregon","0-130",4
2021-12-04,"42","Pennsylvania","0-130",54
2021-12-04,"72","Puerto Rico","0-130",28
2021-12-04,"45","South Carolina","0-130",10
2021-12-04,"46","South Dakota","0-130",5
2021-12-04,"US","US","0-130",867
2021-12-04,"49","Utah","0-130",4
2021-12-04,"50","Vermont","0-130",1
2021-12-04,"78","Virgin Islands","0-130",0
2021-12-04,"51","Virginia","0-130",33
2021-12-04,"54","West Virginia","0-130",4
2021-12-04,"55","Wisconsin","0-130",18
2021-12-04,"56","Wyoming","0-130",3
2021-12-11,"01","Alabama","0-130",NA
2021-12-11,"02","Alaska","0-130",0
2021-12-11,"60","American Samoa","0-130",0
2021-12-11,"04","Arizona","0-130",26
2021-12-11,"05","Arkansas","0-130",11
2021-12-11,"06","California","0-130",61
2021-12-11,"09","Connecticut","0-130",14
2021-12-11,"11","District of Columbia","0-130",2
2021-12-11,"12","Florida","0-130",81
2021-12-11,"13","Georgia","0-130",62
2021-12-11,"15","Hawaii","0-130",0
2021-12-11,"16","Idaho","0-130",0
2021-12-11,"17","Illinois","0-130",24
2021-12-11,"18","Indiana","0-130",33
2021-12-11,"20","Kansas","0-130",6
2021-12-11,"22","Louisiana","0-130",73
2021-12-11,"26","Michigan","0-130",57
2021-12-11,"27","Minnesota","0-130",25
2021-12-11,"28","Mississippi","0-130",10
2021-12-11,"29","Missouri","0-130",37
2021-12-11,"30","Montana","0-130",1
2021-12-11,"31","Nebraska","0-130",22
2021-12-11,"32","Nevada","0-130",8
2021-12-11,"33","New Hampshire","0-130",3
2021-12-11,"34","New Jersey","0-130",47
2021-12-11,"36","New York","0-130",79
2021-12-11,"37","North Carolina","0-130",36
2021-12-11,"38","North Dakota","0-130",5
2021-12-11,"69","Northern Mariana Islands","0-130",0
2021-12-11,"39","Ohio","0-130",40
2021-12-11,"40","Oklahoma","0-130",32
2021-12-11,"41","Oregon","0-130",5
2021-12-11,"42","Pennsylvania","0-130",77
2021-12-11,"72","Puerto Rico","0-130",23
2021-12-11,"45","South Carolina","0-130",10
2021-12-11,"46","South Dakota","0-130",6
2021-12-11,"US","US","0-130",1119
2021-12-11,"49","Utah","0-130",0
2021-12-11,"50","Vermont","0-130",0
2021-12-11,"78","Virgin Islands","0-130",0
2021-12-11,"51","Virginia","0-130",33
2021-12-11,"54","West Virginia","0-130",28
2021-12-11,"55","Wisconsin","0-130",5
2021-12-11,"56","Wyoming","0-130",2
2021-12-18,"01","Alabama","0-130",23
2021-12-18,"02","Alaska","0-130",2
2021-12-18,"60","American Samoa","0-130",0
2021-12-18,"04","Arizona","0-130",36
2021-12-18,"05","Arkansas","0-130",13
2021-12-18,"06","California","0-130",60
2021-12-18,"09","Connecticut","0-130",18
2021-12-18,"11","District of Columbia","0-130",0
2021-12-18,"12","Florida","0-130",83
2021-12-18,"13","Georgia","0-130",53
2021-12-18,"15","Hawaii","0-130",0
2021-12-18,"16","Idaho","0-130",2
2021-12-18,"17","Illinois","0-130",26
2021-12-18,"18","Indiana","0-130",46
2021-12-18,"20","Kansas","0-130",10
2021-12-18,"22","Louisiana","0-130",80
2021-12-18,"26","Michigan","0-130",55
2021-12-18,"27","Minnesota","0-130",41
2021-12-18,"28","Mississippi","0-130",16
2021-12-18,"29","Missouri","0-130",44
2021-12-18,"30","Montana","0-130",2
2021-12-18,"31","Nebraska","0-130",11
2021-12-18,"32","Nevada","0-130",7
2021-12-18,"33","New Hampshire","0-130",9
2021-12-18,"34","New Jersey","0-130",69
2021-12-18,"36","New York","0-130",82
2021-12-18,"37","North Carolina","0-130",41
2021-12-18,"38","North Dakota","0-130",6
2021-12-18,"69","Northern Mariana Islands","0-130",0
2021-12-18,"39","Ohio","0-130",65
2021-12-18,"40","Oklahoma","0-130",30
2021-12-18,"41","Oregon","0-130",7
2021-12-18,"42","Pennsylvania","0-130",79
2021-12-18,"72","Puerto Rico","0-130",19
2021-12-18,"45","South Carolina","0-130",12
2021-12-18,"46","South Dakota","0-130",4
2021-12-18,"US","US","0-130",1302
2021-12-18,"49","Utah","0-130",1
2021-12-18,"50","Vermont","0-130",0
2021-12-18,"78","Virgin Islands","0-130",0
2021-12-18,"51","Virginia","0-130",35
2021-12-18,"54","West Virginia","0-130",4
2021-12-18,"55","Wisconsin","0-130",22
2021-12-18,"56","Wyoming","0-130",1
2021-12-25,"02","Alaska","0-130",7
2021-12-25,"60","American Samoa","0-130",0
2021-12-25,"04","Arizona","0-130",54
2021-12-25,"05","Arkansas","0-130",11
2021-12-25,"06","California","0-130",111
2021-12-25,"09","Connecticut","0-130",23
2021-12-25,"11","District of Columbia","0-130",0
2021-12-25,"12","Florida","0-130",103
2021-12-25,"13","Georgia","0-130",52
2021-12-25,"15","Hawaii","0-130",1
2021-12-25,"16","Idaho","0-130",2
2021-12-25,"17","Illinois","0-130",28
2021-12-25,"18","Indiana","0-130",100
2021-12-25,"20","Kansas","0-130",14
2021-12-25,"22","Louisiana","0-130",113
2021-12-25,"26","Michigan","0-130",67
2021-12-25,"27","Minnesota","0-130",69
2021-12-25,"28","Mississippi","0-130",29
2021-12-25,"29","Missouri","0-130",78
2021-12-25,"30","Montana","0-130",1
2021-12-25,"31","Nebraska","0-130",30
2021-12-25,"32","Nevada","0-130",11
2021-12-25,"33","New Hampshire","0-130",5
2021-12-25,"34","New Jersey","0-130",50
2021-12-25,"36","New York","0-130",61
2021-12-25,"37","North Carolina","0-130",92
2021-12-25,"38","North Dakota","0-130",14
2021-12-25,"69","Northern Mariana Islands","0-130",0
2021-12-25,"39","Ohio","0-130",89
2021-12-25,"40","Oklahoma","0-130",69
2021-12-25,"41","Oregon","0-130",4
2021-12-25,"42","Pennsylvania","0-130",86
2021-12-25,"72","Puerto Rico","0-130",21
2021-12-25,"45","South Carolina","0-130",25
2021-12-25,"46","South Dakota","0-130",20
2021-12-25,"US","US","0-130",1788
2021-12-25,"49","Utah","0-130",5
2021-12-25,"50","Vermont","0-130",0
2021-12-25,"78","Virgin Islands","0-130",0
2021-12-25,"51","Virginia","0-130",35
2021-12-25,"54","West Virginia","0-130",17
2021-12-25,"55","Wisconsin","0-130",39
2021-12-25,"56","Wyoming","0-130",2
2022-01-01,"02","Alaska","0-130",8
2022-01-01,"60","American Samoa","0-130",0
2022-01-01,"04","Arizona","0-130",387
2022-01-01,"05","Arkansas","0-130",28
2022-01-01,"06","California","0-130",96
2022-01-01,"09","Connecticut","0-130",23
2022-01-01,"11","District of Columbia","0-130",0
2022-01-01,"12","Florida","0-130",112
2022-01-01,"13","Georgia","0-130",77
2022-01-01,"15","Hawaii","0-130",0
2022-01-01,"16","Idaho","0-130",4
2022-01-01,"17","Illinois","0-130",42
2022-01-01,"18","Indiana","0-130",110
2022-01-01,"20","Kansas","0-130",31
2022-01-01,"22","Louisiana","0-130",171
2022-01-01,"26","Michigan","0-130",98
2022-01-01,"27","Minnesota","0-130",111
2022-01-01,"28","Mississippi","0-130",52
2022-01-01,"29","Missouri","0-130",123
2022-01-01,"30","Montana","0-130",20
2022-01-01,"31","Nebraska","0-130",42
2022-01-01,"32","Nevada","0-130",7
2022-01-01,"33","New Hampshire","0-130",6
2022-01-01,"34","New Jersey","0-130",53
2022-01-01,"36","New York","0-130",69
2022-01-01,"37","North Carolina","0-130",162
2022-01-01,"38","North Dakota","0-130",51
2022-01-01,"69","Northern Mariana Islands","0-130",0
2022-01-01,"39","Ohio","0-130",163
2022-01-01,"40","Oklahoma","0-130",147
2022-01-01,"41","Oregon","0-130",6
2022-01-01,"42","Pennsylvania","0-130",112
2022-01-01,"72","Puerto Rico","0-130",16
2022-01-01,"45","South Carolina","0-130",43
2022-01-01,"46","South Dakota","0-130",31
2022-01-01,"US","US","0-130",2984
2022-01-01,"49","Utah","0-130",3
2022-01-01,"50","Vermont","0-130",1
2022-01-01,"78","Virgin Islands","0-130",0
2022-01-01,"51","Virginia","0-130",50
2022-01-01,"54","West Virginia","0-130",17
2022-01-01,"55","Wisconsin","0-130",99
2022-01-01,"56","Wyoming","0-130",19
2022-01-08,"01","Alabama","0-130",NA
2022-01-08,"02","Alaska","0-130",3
2022-01-08,"60","American Samoa","0-130",0
2022-01-08,"04","Arizona","0-130",316
2022-01-08,"05","Arkansas","0-130",35
2022-01-08,"06","California","0-130",87
2022-01-08,"09","Connecticut","0-130",9
2022-01-08,"11","District of Columbia","0-130",0
2022-01-08,"12","Florida","0-130",72
2022-01-08,"13","Georgia","0-130",52
2022-01-08,"15","Hawaii","0-130",0
2022-01-08,"16","Idaho","0-130",4
2022-01-08,"17","Illinois","0-130",26
2022-01-08,"18","Indiana","0-130",60
2022-01-08,"20","Kansas","0-130",54
2022-01-08,"22","Louisiana","0-130",123
2022-01-08,"23","Maine","0-130",NA
2022-01-08,"26","Michigan","0-130",57
2022-01-08,"27","Minnesota","0-130",103
2022-01-08,"28","Mississippi","0-130",37
2022-01-08,"29","Missouri","0-130",81
2022-01-08,"30","Montana","0-130",21
2022-01-08,"31","Nebraska","0-130",31
2022-01-08,"32","Nevada","0-130",18
2022-01-08,"33","New Hampshire","0-130",4
2022-01-08,"34","New Jersey","0-130",43
2022-01-08,"36","New York","0-130",29
2022-01-08,"37","North Carolina","0-130",180
2022-01-08,"38","North Dakota","0-130",54
2022-01-08,"69","Northern Mariana Islands","0-130",0
2022-01-08,"39","Ohio","0-130",96
2022-01-08,"40","Oklahoma","0-130",122
2022-01-08,"41","Oregon","0-130",5
2022-01-08,"42","Pennsylvania","0-130",88
2022-01-08,"72","Puerto Rico","0-130",18
2022-01-08,"45","South Carolina","0-130",16
2022-01-08,"46","South Dakota","0-130",22
2022-01-08,"US","US","0-130",2283
2022-01-08,"49","Utah","0-130",2
2022-01-08,"50","Vermont","0-130",0
2022-01-08,"78","Virgin Islands","0-130",0
2022-01-08,"51","Virginia","0-130",48
2022-01-08,"54","West Virginia","0-130",12
2022-01-08,"55","Wisconsin","0-130",55
2022-01-08,"56","Wyoming","0-130",9
2022-01-15,"01","Alabama","0-130",17
2022-01-15,"02","Alaska","0-130",12
2022-01-15,"60","American Samoa","0-130",0
2022-01-15,"05","Arkansas","0-130",30
2022-01-15,"06","California","0-130",75
2022-01-15,"08","Colorado","0-130",NA
2022-01-15,"09","Connecticut","0-130",2
2022-01-15,"11","District of Columbia","0-130",0
2022-01-15,"12","Florida","0-130",102
2022-01-15,"13","Georgia","0-130",38
2022-01-15,"15","Hawaii","0-130",0
2022-01-15,"16","Idaho","0-130",3
2022-01-15,"17","Illinois","0-130",41
2022-01-15,"18","Indiana","0-130",46
2022-01-15,"20","Kansas","0-130",32
2022-01-15,"21","Kentucky","0-130",NA
2022-01-15,"22","Louisiana","0-130",60
2022-01-15,"23","Maine","0-130",0
2022-01-15,"24","Maryland","0-130",NA
2022-01-15,"26","Michigan","0-130",54
2022-01-15,"27","Minnesota","0-130",67
2022-01-15,"28","Mississippi","0-130",36
2022-01-15,"29","Missouri","0-130",71
2022-01-15,"30","Montana","0-130",12
2022-01-15,"31","Nebraska","0-130",28
2022-01-15,"32","Nevada","0-130",44
2022-01-15,"33","New Hampshire","0-130",1
2022-01-15,"34","New Jersey","0-130",26
2022-01-15,"36","New York","0-130",42
2022-01-15,"37","North Carolina","0-130",128
2022-01-15,"38","North Dakota","0-130",40
2022-01-15,"69","Northern Mariana Islands","0-130",45
2022-01-15,"39","Ohio","0-130",65
2022-01-15,"40","Oklahoma","0-130",102
2022-01-15,"41","Oregon","0-130",4
2022-01-15,"42","Pennsylvania","0-130",59
2022-01-15,"72","Puerto Rico","0-130",14
2022-01-15,"45","South Carolina","0-130",9
2022-01-15,"46","South Dakota","0-130",26
2022-01-15,"US","US","0-130",1641
2022-01-15,"49","Utah","0-130",1
2022-01-15,"50","Vermont","0-130",1
2022-01-15,"78","Virgin Islands","0-130",0
2022-01-15,"51","Virginia","0-130",37
2022-01-15,"53","Washington","0-130",NA
2022-01-15,"54","West Virginia","0-130",4
2022-01-15,"55","Wisconsin","0-130",42
2022-01-15,"56","Wyoming","0-130",1
2022-01-22,"01","Alabama","0-130",18
2022-01-22,"02","Alaska","0-130",15
2022-01-22,"60","American Samoa","0-130",0
2022-01-22,"05","Arkansas","0-130",19
2022-01-22,"06","California","0-130",63
2022-01-22,"08","Colorado","0-130",9
2022-01-22,"09","Connecticut","0-130",11
2022-01-22,"11","District of Columbia","0-130",0
2022-01-22,"12","Florida","0-130",69
2022-01-22,"13","Georgia","0-130",49
2022-01-22,"15","Hawaii","0-130",0
2022-01-22,"16","Idaho","0-130",1
2022-01-22,"17","Illinois","0-130",15
2022-01-22,"18","Indiana","0-130",28
2022-01-22,"20","Kansas","0-130",18
2022-01-22,"21","Kentucky","0-130",23
2022-01-22,"22","Louisiana","0-130",46
2022-01-22,"23","Maine","0-130",0
2022-01-22,"24","Maryland","0-130",3
2022-01-22,"26","Michigan","0-130",31
2022-01-22,"27","Minnesota","0-130",46
2022-01-22,"28","Mississippi","0-130",17
2022-01-22,"29","Missouri","0-130",52
2022-01-22,"30","Montana","0-130",12
2022-01-22,"31","Nebraska","0-130",18
2022-01-22,"32","Nevada","0-130",5
2022-01-22,"33","New Hampshire","0-130",2
2022-01-22,"34","New Jersey","0-130",17
2022-01-22,"36","New York","0-130",27
2022-01-22,"37","North Carolina","0-130",47
2022-01-22,"38","North Dakota","0-130",29
2022-01-22,"69","Northern Mariana Islands","0-130",105
2022-01-22,"39","Ohio","0-130",31
2022-01-22,"40","Oklahoma","0-130",34
2022-01-22,"41","Oregon","0-130",4
2022-01-22,"42","Pennsylvania","0-130",39
2022-01-22,"72","Puerto Rico","0-130",19
2022-01-22,"44","Rhode Island","0-130",NA
2022-01-22,"45","South Carolina","0-130",4
2022-01-22,"46","South Dakota","0-130",17
2022-01-22,"US","US","0-130",1210
2022-01-22,"49","Utah","0-130",4
2022-01-22,"50","Vermont","0-130",0
2022-01-22,"78","Virgin Islands","0-130",0
2022-01-22,"51","Virginia","0-130",44
2022-01-22,"53","Washington","0-130",4
2022-01-22,"54","West Virginia","0-130",7
2022-01-22,"55","Wisconsin","0-130",22
2022-01-22,"56","Wyoming","0-130",7
2022-01-29,"01","Alabama","0-130",41
2022-01-29,"02","Alaska","0-130",1
2022-01-29,"60","American Samoa","0-130",0
2022-01-29,"04","Arizona","0-130",NA
2022-01-29,"05","Arkansas","0-130",13
2022-01-29,"06","California","0-130",23
2022-01-29,"08","Colorado","0-130",9
2022-01-29,"09","Connecticut","0-130",2
2022-01-29,"11","District of Columbia","0-130",0
2022-01-29,"12","Florida","0-130",44
2022-01-29,"13","Georgia","0-130",35
2022-01-29,"66","Guam","0-130",NA
2022-01-29,"15","Hawaii","0-130",0
2022-01-29,"16","Idaho","0-130",2
2022-01-29,"17","Illinois","0-130",7
2022-01-29,"18","Indiana","0-130",32
2022-01-29,"19","Iowa","0-130",NA
2022-01-29,"20","Kansas","0-130",6
2022-01-29,"21","Kentucky","0-130",18
2022-01-29,"22","Louisiana","0-130",42
2022-01-29,"23","Maine","0-130",1
2022-01-29,"24","Maryland","0-130",6
2022-01-29,"25","Massachusetts","0-130",NA
2022-01-29,"26","Michigan","0-130",29
2022-01-29,"27","Minnesota","0-130",21
2022-01-29,"28","Mississippi","0-130",12
2022-01-29,"29","Missouri","0-130",53
2022-01-29,"30","Montana","0-130",7
2022-01-29,"31","Nebraska","0-130",24
2022-01-29,"32","Nevada","0-130",11
2022-01-29,"33","New Hampshire","0-130",1
2022-01-29,"34","New Jersey","0-130",19
2022-01-29,"35","New Mexico","0-130",NA
2022-01-29,"36","New York","0-130",18
2022-01-29,"37","North Carolina","0-130",25
2022-01-29,"38","North Dakota","0-130",19
2022-01-29,"69","Northern Mariana Islands","0-130",105
2022-01-29,"39","Ohio","0-130",32
2022-01-29,"40","Oklahoma","0-130",39
2022-01-29,"41","Oregon","0-130",5
2022-01-29,"42","Pennsylvania","0-130",30
2022-01-29,"72","Puerto Rico","0-130",13
2022-01-29,"44","Rhode Island","0-130",2
2022-01-29,"45","South Carolina","0-130",5
2022-01-29,"46","South Dakota","0-130",8
2022-01-29,"47","Tennessee","0-130",NA
2022-01-29,"48","Texas","0-130",NA
2022-01-29,"US","US","0-130",968
2022-01-29,"49","Utah","0-130",3
2022-01-29,"50","Vermont","0-130",0
2022-01-29,"78","Virgin Islands","0-130",0
2022-01-29,"51","Virginia","0-130",40
2022-01-29,"53","Washington","0-130",2
2022-01-29,"54","West Virginia","0-130",2
2022-01-29,"55","Wisconsin","0-130",22
2022-01-29,"56","Wyoming","0-130",2
2022-02-05,"01","Alabama","0-130",5
2022-02-05,"02","Alaska","0-130",1
2022-02-05,"60","American Samoa","0-130",0
2022-02-05,"04","Arizona","0-130",35
2022-02-05,"05","Arkansas","0-130",16
2022-02-05,"06","California","0-130",30
2022-02-05,"08","Colorado","0-130",12
2022-02-05,"09","Connecticut","0-130",4
2022-02-05,"11","District of Columbia","0-130",3
2022-02-05,"12","Florida","0-130",56
2022-02-05,"13","Georgia","0-130",53
2022-02-05,"66","Guam","0-130",0
2022-02-05,"15","Hawaii","0-130",0
2022-02-05,"16","Idaho","0-130",1
2022-02-05,"17","Illinois","0-130",10
2022-02-05,"18","Indiana","0-130",33
2022-02-05,"19","Iowa","0-130",16
2022-02-05,"20","Kansas","0-130",9
2022-02-05,"21","Kentucky","0-130",13
2022-02-05,"22","Louisiana","0-130",74
2022-02-05,"23","Maine","0-130",3
2022-02-05,"24","Maryland","0-130",8
2022-02-05,"25","Massachusetts","0-130",33
2022-02-05,"26","Michigan","0-130",27
2022-02-05,"27","Minnesota","0-130",19
2022-02-05,"28","Mississippi","0-130",21
2022-02-05,"29","Missouri","0-130",47
2022-02-05,"30","Montana","0-130",9
2022-02-05,"31","Nebraska","0-130",34
2022-02-05,"32","Nevada","0-130",4
2022-02-05,"33","New Hampshire","0-130",1
2022-02-05,"34","New Jersey","0-130",18
2022-02-05,"35","New Mexico","0-130",9
2022-02-05,"36","New York","0-130",15
2022-02-05,"37","North Carolina","0-130",48
2022-02-05,"38","North Dakota","0-130",18
2022-02-05,"69","Northern Mariana Islands","0-130",75
2022-02-05,"39","Ohio","0-130",20
2022-02-05,"40","Oklahoma","0-130",49
2022-02-05,"41","Oregon","0-130",1
2022-02-05,"42","Pennsylvania","0-130",35
2022-02-05,"72","Puerto Rico","0-130",5
2022-02-05,"44","Rhode Island","0-130",0
2022-02-05,"45","South Carolina","0-130",9
2022-02-05,"46","South Dakota","0-130",9
2022-02-05,"47","Tennessee","0-130",31
2022-02-05,"48","Texas","0-130",86
2022-02-05,"US","US","0-130",1091
2022-02-05,"49","Utah","0-130",4
2022-02-05,"50","Vermont","0-130",0
2022-02-05,"78","Virgin Islands","0-130",0
2022-02-05,"51","Virginia","0-130",38
2022-02-05,"53","Washington","0-130",7
2022-02-05,"54","West Virginia","0-130",7
2022-02-05,"55","Wisconsin","0-130",30
2022-02-05,"56","Wyoming","0-130",0
2022-02-12,"01","Alabama","0-130",9
2022-02-12,"02","Alaska","0-130",0
2022-02-12,"60","American Samoa","0-130",0
2022-02-12,"04","Arizona","0-130",53
2022-02-12,"05","Arkansas","0-130",23
2022-02-12,"06","California","0-130",28
2022-02-12,"08","Colorado","0-130",27
2022-02-12,"09","Connecticut","0-130",0
2022-02-12,"11","District of Columbia","0-130",0
2022-02-12,"12","Florida","0-130",47
2022-02-12,"13","Georgia","0-130",41
2022-02-12,"66","Guam","0-130",0
2022-02-12,"15","Hawaii","0-130",0
2022-02-12,"16","Idaho","0-130",1
2022-02-12,"17","Illinois","0-130",8
2022-02-12,"18","Indiana","0-130",31
2022-02-12,"19","Iowa","0-130",46
2022-02-12,"20","Kansas","0-130",22
2022-02-12,"21","Kentucky","0-130",11
2022-02-12,"22","Louisiana","0-130",85
2022-02-12,"23","Maine","0-130",5
2022-02-12,"24","Maryland","0-130",6
2022-02-12,"25","Massachusetts","0-130",30
2022-02-12,"26","Michigan","0-130",40
2022-02-12,"27","Minnesota","0-130",20
2022-02-12,"28","Mississippi","0-130",21
2022-02-12,"29","Missouri","0-130",46
2022-02-12,"30","Montana","0-130",13
2022-02-12,"31","Nebraska","0-130",29
2022-02-12,"32","Nevada","0-130",8
2022-02-12,"33","New Hampshire","0-130",9
2022-02-12,"34","New Jersey","0-130",20
2022-02-12,"35","New Mexico","0-130",4
2022-02-12,"36","New York","0-130",23
2022-02-12,"37","North Carolina","0-130",25
2022-02-12,"38","North Dakota","0-130",7
2022-02-12,"69","Northern Mariana Islands","0-130",0
2022-02-12,"39","Ohio","0-130",26
2022-02-12,"40","Oklahoma","0-130",68
2022-02-12,"41","Oregon","0-130",2
2022-02-12,"42","Pennsylvania","0-130",50
2022-02-12,"72","Puerto Rico","0-130",15
2022-02-12,"44","Rhode Island","0-130",0
2022-02-12,"45","South Carolina","0-130",11
2022-02-12,"46","South Dakota","0-130",18
2022-02-12,"47","Tennessee","0-130",21
2022-02-12,"48","Texas","0-130",131
2022-02-12,"US","US","0-130",1158
2022-02-12,"49","Utah","0-130",3
2022-02-12,"50","Vermont","0-130",0
2022-02-12,"78","Virgin Islands","0-130",0
2022-02-12,"51","Virginia","0-130",34
2022-02-12,"53","Washington","0-130",8
2022-02-12,"54","West Virginia","0-130",2
2022-02-12,"55","Wisconsin","0-130",29
2022-02-12,"56","Wyoming","0-130",2
2022-02-19,"01","Alabama","0-130",21
2022-02-19,"02","Alaska","0-130",0
2022-02-19,"60","American Samoa","0-130",0
2022-02-19,"04","Arizona","0-130",56
2022-02-19,"05","Arkansas","0-130",22
2022-02-19,"06","California","0-130",11
2022-02-19,"08","Colorado","0-130",16
2022-02-19,"09","Connecticut","0-130",1
2022-02-19,"11","District of Columbia","0-130",1
2022-02-19,"12","Florida","0-130",47
2022-02-19,"13","Georgia","0-130",48
2022-02-19,"66","Guam","0-130",0
2022-02-19,"15","Hawaii","0-130",0
2022-02-19,"16","Idaho","0-130",1
2022-02-19,"17","Illinois","0-130",22
2022-02-19,"18","Indiana","0-130",53
2022-02-19,"19","Iowa","0-130",40
2022-02-19,"20","Kansas","0-130",25
2022-02-19,"21","Kentucky","0-130",12
2022-02-19,"22","Louisiana","0-130",170
2022-02-19,"23","Maine","0-130",5
2022-02-19,"24","Maryland","0-130",13
2022-02-19,"25","Massachusetts","0-130",43
2022-02-19,"26","Michigan","0-130",49
2022-02-19,"27","Minnesota","0-130",30
2022-02-19,"28","Mississippi","0-130",25
2022-02-19,"29","Missouri","0-130",55
2022-02-19,"30","Montana","0-130",7
2022-02-19,"31","Nebraska","0-130",32
2022-02-19,"32","Nevada","0-130",9
2022-02-19,"33","New Hampshire","0-130",7
2022-02-19,"34","New Jersey","0-130",22
2022-02-19,"35","New Mexico","0-130",5
2022-02-19,"36","New York","0-130",39
2022-02-19,"37","North Carolina","0-130",34
2022-02-19,"38","North Dakota","0-130",8
2022-02-19,"69","Northern Mariana Islands","0-130",0
2022-02-19,"39","Ohio","0-130",33
2022-02-19,"40","Oklahoma","0-130",74
2022-02-19,"41","Oregon","0-130",5
2022-02-19,"42","Pennsylvania","0-130",88
2022-02-19,"72","Puerto Rico","0-130",7
2022-02-19,"44","Rhode Island","0-130",1
2022-02-19,"45","South Carolina","0-130",17
2022-02-19,"46","South Dakota","0-130",13
2022-02-19,"47","Tennessee","0-130",26
2022-02-19,"48","Texas","0-130",226
2022-02-19,"US","US","0-130",1490
2022-02-19,"49","Utah","0-130",3
2022-02-19,"50","Vermont","0-130",0
2022-02-19,"78","Virgin Islands","0-130",0
2022-02-19,"51","Virginia","0-130",31
2022-02-19,"53","Washington","0-130",6
2022-02-19,"54","West Virginia","0-130",4
2022-02-19,"55","Wisconsin","0-130",25
2022-02-19,"56","Wyoming","0-130",2
2022-02-26,"01","Alabama","0-130",10
2022-02-26,"02","Alaska","0-130",1
2022-02-26,"60","American Samoa","0-130",0
2022-02-26,"04","Arizona","0-130",80
2022-02-26,"05","Arkansas","0-130",37
2022-02-26,"06","California","0-130",23
2022-02-26,"08","Colorado","0-130",24
2022-02-26,"09","Connecticut","0-130",7
2022-02-26,"11","District of Columbia","0-130",0
2022-02-26,"12","Florida","0-130",55
2022-02-26,"13","Georgia","0-130",44
2022-02-26,"66","Guam","0-130",1
2022-02-26,"15","Hawaii","0-130",0
2022-02-26,"16","Idaho","0-130",3
2022-02-26,"17","Illinois","0-130",26
2022-02-26,"18","Indiana","0-130",42
2022-02-26,"19","Iowa","0-130",57
2022-02-26,"20","Kansas","0-130",34
2022-02-26,"21","Kentucky","0-130",23
2022-02-26,"22","Louisiana","0-130",116
2022-02-26,"23","Maine","0-130",2
2022-02-26,"24","Maryland","0-130",15
2022-02-26,"25","Massachusetts","0-130",34
2022-02-26,"26","Michigan","0-130",50
2022-02-26,"27","Minnesota","0-130",19
2022-02-26,"28","Mississippi","0-130",27
2022-02-26,"29","Missouri","0-130",50
2022-02-26,"30","Montana","0-130",16
2022-02-26,"31","Nebraska","0-130",40
2022-02-26,"32","Nevada","0-130",9
2022-02-26,"33","New Hampshire","0-130",0
2022-02-26,"34","New Jersey","0-130",28
2022-02-26,"35","New Mexico","0-130",4
2022-02-26,"36","New York","0-130",29
2022-02-26,"37","North Carolina","0-130",33
2022-02-26,"38","North Dakota","0-130",0
2022-02-26,"69","Northern Mariana Islands","0-130",0
2022-02-26,"39","Ohio","0-130",32
2022-02-26,"40","Oklahoma","0-130",75
2022-02-26,"41","Oregon","0-130",4
2022-02-26,"42","Pennsylvania","0-130",77
2022-02-26,"72","Puerto Rico","0-130",7
2022-02-26,"44","Rhode Island","0-130",0
2022-02-26,"45","South Carolina","0-130",13
2022-02-26,"46","South Dakota","0-130",12
2022-02-26,"47","Tennessee","0-130",42
2022-02-26,"48","Texas","0-130",323
2022-02-26,"US","US","0-130",1603
2022-02-26,"49","Utah","0-130",5
2022-02-26,"50","Vermont","0-130",1
2022-02-26,"78","Virgin Islands","0-130",0
2022-02-26,"51","Virginia","0-130",27
2022-02-26,"53","Washington","0-130",5
2022-02-26,"54","West Virginia","0-130",8
2022-02-26,"55","Wisconsin","0-130",29
2022-02-26,"56","Wyoming","0-130",4
2022-03-05,"01","Alabama","0-130",26
2022-03-05,"02","Alaska","0-130",0
2022-03-05,"60","American Samoa","0-130",0
2022-03-05,"04","Arizona","0-130",80
2022-03-05,"05","Arkansas","0-130",57
2022-03-05,"06","California","0-130",34
2022-03-05,"08","Colorado","0-130",21
2022-03-05,"09","Connecticut","0-130",4
2022-03-05,"11","District of Columbia","0-130",1
2022-03-05,"12","Florida","0-130",59
2022-03-05,"13","Georgia","0-130",27
2022-03-05,"66","Guam","0-130",0
2022-03-05,"15","Hawaii","0-130",0
2022-03-05,"16","Idaho","0-130",1
2022-03-05,"17","Illinois","0-130",21
2022-03-05,"18","Indiana","0-130",59
2022-03-05,"19","Iowa","0-130",56
2022-03-05,"20","Kansas","0-130",28
2022-03-05,"21","Kentucky","0-130",23
2022-03-05,"22","Louisiana","0-130",80
2022-03-05,"23","Maine","0-130",2
2022-03-05,"24","Maryland","0-130",23
2022-03-05,"25","Massachusetts","0-130",11
2022-03-05,"26","Michigan","0-130",74
2022-03-05,"27","Minnesota","0-130",28
2022-03-05,"28","Mississippi","0-130",34
2022-03-05,"29","Missouri","0-130",72
2022-03-05,"30","Montana","0-130",21
2022-03-05,"31","Nebraska","0-130",53
2022-03-05,"32","Nevada","0-130",24
2022-03-05,"33","New Hampshire","0-130",2
2022-03-05,"34","New Jersey","0-130",33
2022-03-05,"35","New Mexico","0-130",4
2022-03-05,"36","New York","0-130",57
2022-03-05,"37","North Carolina","0-130",44
2022-03-05,"38","North Dakota","0-130",3
2022-03-05,"69","Northern Mariana Islands","0-130",0
2022-03-05,"39","Ohio","0-130",53
2022-03-05,"40","Oklahoma","0-130",82
2022-03-05,"41","Oregon","0-130",2
2022-03-05,"42","Pennsylvania","0-130",68
2022-03-05,"72","Puerto Rico","0-130",6
2022-03-05,"44","Rhode Island","0-130",2
2022-03-05,"45","South Carolina","0-130",16
2022-03-05,"46","South Dakota","0-130",30
2022-03-05,"47","Tennessee","0-130",29
2022-03-05,"48","Texas","0-130",305
2022-03-05,"US","US","0-130",1791
2022-03-05,"49","Utah","0-130",9
2022-03-05,"50","Vermont","0-130",0
2022-03-05,"78","Virgin Islands","0-130",0
2022-03-05,"51","Virginia","0-130",27
2022-03-05,"53","Washington","0-130",13
2022-03-05,"54","West Virginia","0-130",21
2022-03-05,"55","Wisconsin","0-130",61
2022-03-05,"56","Wyoming","0-130",4
2022-03-12,"01","Alabama","0-130",35
2022-03-12,"02","Alaska","0-130",2
2022-03-12,"60","American Samoa","0-130",0
2022-03-12,"04","Arizona","0-130",79
2022-03-12,"05","Arkansas","0-130",60
2022-03-12,"06","California","0-130",40
2022-03-12,"08","Colorado","0-130",38
2022-03-12,"09","Connecticut","0-130",8
2022-03-12,"11","District of Columbia","0-130",4
2022-03-12,"12","Florida","0-130",47
2022-03-12,"13","Georgia","0-130",38
2022-03-12,"66","Guam","0-130",0
2022-03-12,"15","Hawaii","0-130",0
2022-03-12,"16","Idaho","0-130",13
2022-03-12,"17","Illinois","0-130",34
2022-03-12,"18","Indiana","0-130",108
2022-03-12,"19","Iowa","0-130",54
2022-03-12,"20","Kansas","0-130",40
2022-03-12,"21","Kentucky","0-130",30
2022-03-12,"22","Louisiana","0-130",62
2022-03-12,"23","Maine","0-130",2
2022-03-12,"24","Maryland","0-130",16
2022-03-12,"25","Massachusetts","0-130",23
2022-03-12,"26","Michigan","0-130",88
2022-03-12,"27","Minnesota","0-130",35
2022-03-12,"28","Mississippi","0-130",33
2022-03-12,"29","Missouri","0-130",67
2022-03-12,"30","Montana","0-130",14
2022-03-12,"31","Nebraska","0-130",43
2022-03-12,"32","Nevada","0-130",33
2022-03-12,"33","New Hampshire","0-130",14
2022-03-12,"34","New Jersey","0-130",30
2022-03-12,"35","New Mexico","0-130",6
2022-03-12,"36","New York","0-130",51
2022-03-12,"37","North Carolina","0-130",55
2022-03-12,"38","North Dakota","0-130",7
2022-03-12,"69","Northern Mariana Islands","0-130",0
2022-03-12,"39","Ohio","0-130",75
2022-03-12,"40","Oklahoma","0-130",119
2022-03-12,"41","Oregon","0-130",7
2022-03-12,"42","Pennsylvania","0-130",79
2022-03-12,"72","Puerto Rico","0-130",23
2022-03-12,"44","Rhode Island","0-130",0
2022-03-12,"45","South Carolina","0-130",14
2022-03-12,"46","South Dakota","0-130",13
2022-03-12,"47","Tennessee","0-130",28
2022-03-12,"48","Texas","0-130",405
2022-03-12,"US","US","0-130",2089
2022-03-12,"49","Utah","0-130",12
2022-03-12,"50","Vermont","0-130",0
2022-03-12,"78","Virgin Islands","0-130",0
2022-03-12,"51","Virginia","0-130",18
2022-03-12,"53","Washington","0-130",12
2022-03-12,"54","West Virginia","0-130",21
2022-03-12,"55","Wisconsin","0-130",41
2022-03-12,"56","Wyoming","0-130",6
2022-03-19,"01","Alabama","0-130",23
2022-03-19,"02","Alaska","0-130",1
2022-03-19,"60","American Samoa","0-130",0
2022-03-19,"04","Arizona","0-130",104
2022-03-19,"05","Arkansas","0-130",62
2022-03-19,"06","California","0-130",51
2022-03-19,"08","Colorado","0-130",55
2022-03-19,"09","Connecticut","0-130",18
2022-03-19,"11","District of Columbia","0-130",2
2022-03-19,"12","Florida","0-130",58
2022-03-19,"13","Georgia","0-130",35
2022-03-19,"66","Guam","0-130",0
2022-03-19,"15","Hawaii","0-130",1
2022-03-19,"16","Idaho","0-130",16
2022-03-19,"17","Illinois","0-130",58
2022-03-19,"18","Indiana","0-130",119
2022-03-19,"19","Iowa","0-130",49
2022-03-19,"20","Kansas","0-130",31
2022-03-19,"21","Kentucky","0-130",39
2022-03-19,"22","Louisiana","0-130",64
2022-03-19,"23","Maine","0-130",1
2022-03-19,"24","Maryland","0-130",19
2022-03-19,"25","Massachusetts","0-130",36
2022-03-19,"26","Michigan","0-130",119
2022-03-19,"27","Minnesota","0-130",29
2022-03-19,"28","Mississippi","0-130",31
2022-03-19,"29","Missouri","0-130",90
2022-03-19,"30","Montana","0-130",16
2022-03-19,"31","Nebraska","0-130",61
2022-03-19,"32","Nevada","0-130",41
2022-03-19,"33","New Hampshire","0-130",10
2022-03-19,"34","New Jersey","0-130",41
2022-03-19,"35","New Mexico","0-130",15
2022-03-19,"36","New York","0-130",84
2022-03-19,"37","North Carolina","0-130",14
2022-03-19,"38","North Dakota","0-130",5
2022-03-19,"69","Northern Mariana Islands","0-130",0
2022-03-19,"39","Ohio","0-130",94
2022-03-19,"40","Oklahoma","0-130",162
2022-03-19,"41","Oregon","0-130",18
2022-03-19,"42","Pennsylvania","0-130",101
2022-03-19,"72","Puerto Rico","0-130",21
2022-03-19,"44","Rhode Island","0-130",1
2022-03-19,"45","South Carolina","0-130",14
2022-03-19,"46","South Dakota","0-130",12
2022-03-19,"47","Tennessee","0-130",28
2022-03-19,"48","Texas","0-130",589
2022-03-19,"US","US","0-130",2611
2022-03-19,"49","Utah","0-130",17
2022-03-19,"50","Vermont","0-130",0
2022-03-19,"78","Virgin Islands","0-130",0
2022-03-19,"51","Virginia","0-130",32
2022-03-19,"53","Washington","0-130",21
2022-03-19,"54","West Virginia","0-130",43
2022-03-19,"55","Wisconsin","0-130",53
2022-03-19,"56","Wyoming","0-130",3
2022-03-26,"01","Alabama","0-130",17
2022-03-26,"02","Alaska","0-130",3
2022-03-26,"60","American Samoa","0-130",0
2022-03-26,"04","Arizona","0-130",120
2022-03-26,"05","Arkansas","0-130",74
2022-03-26,"06","California","0-130",61
2022-03-26,"08","Colorado","0-130",82
2022-03-26,"09","Connecticut","0-130",25
2022-03-26,"11","District of Columbia","0-130",4
2022-03-26,"12","Florida","0-130",84
2022-03-26,"13","Georgia","0-130",33
2022-03-26,"66","Guam","0-130",0
2022-03-26,"15","Hawaii","0-130",0
2022-03-26,"16","Idaho","0-130",14
2022-03-26,"17","Illinois","0-130",114
2022-03-26,"18","Indiana","0-130",125
2022-03-26,"19","Iowa","0-130",43
2022-03-26,"20","Kansas","0-130",49
2022-03-26,"21","Kentucky","0-130",42
2022-03-26,"22","Louisiana","0-130",74
2022-03-26,"23","Maine","0-130",3
2022-03-26,"24","Maryland","0-130",30
2022-03-26,"25","Massachusetts","0-130",30
2022-03-26,"26","Michigan","0-130",134
2022-03-26,"27","Minnesota","0-130",37
2022-03-26,"28","Mississippi","0-130",48
2022-03-26,"29","Missouri","0-130",79
2022-03-26,"30","Montana","0-130",19
2022-03-26,"31","Nebraska","0-130",60
2022-03-26,"32","Nevada","0-130",53
2022-03-26,"33","New Hampshire","0-130",7
2022-03-26,"34","New Jersey","0-130",60
2022-03-26,"35","New Mexico","0-130",36
2022-03-26,"36","New York","0-130",85
2022-03-26,"37","North Carolina","0-130",23
2022-03-26,"38","North Dakota","0-130",9
2022-03-26,"69","Northern Mariana Islands","0-130",0
2022-03-26,"39","Ohio","0-130",104
2022-03-26,"40","Oklahoma","0-130",156
2022-03-26,"41","Oregon","0-130",24
2022-03-26,"42","Pennsylvania","0-130",109
2022-03-26,"72","Puerto Rico","0-130",31
2022-03-26,"44","Rhode Island","0-130",1
2022-03-26,"45","South Carolina","0-130",7
2022-03-26,"46","South Dakota","0-130",5
2022-03-26,"47","Tennessee","0-130",43
2022-03-26,"48","Texas","0-130",594
2022-03-26,"US","US","0-130",2912
2022-03-26,"49","Utah","0-130",6
2022-03-26,"50","Vermont","0-130",8
2022-03-26,"78","Virgin Islands","0-130",0
2022-03-26,"51","Virginia","0-130",35
2022-03-26,"53","Washington","0-130",24
2022-03-26,"54","West Virginia","0-130",19
2022-03-26,"55","Wisconsin","0-130",58
2022-03-26,"56","Wyoming","0-130",7
2022-04-02,"01","Alabama","0-130",25
2022-04-02,"02","Alaska","0-130",0
2022-04-02,"60","American Samoa","0-130",0
2022-04-02,"04","Arizona","0-130",99
2022-04-02,"05","Arkansas","0-130",56
2022-04-02,"06","California","0-130",79
2022-04-02,"08","Colorado","0-130",121
2022-04-02,"09","Connecticut","0-130",26
2022-04-02,"11","District of Columbia","0-130",4
2022-04-02,"12","Florida","0-130",78
2022-04-02,"13","Georgia","0-130",45
2022-04-02,"66","Guam","0-130",0
2022-04-02,"15","Hawaii","0-130",1
2022-04-02,"16","Idaho","0-130",19
2022-04-02,"17","Illinois","0-130",88
2022-04-02,"18","Indiana","0-130",115
2022-04-02,"19","Iowa","0-130",36
2022-04-02,"20","Kansas","0-130",28
2022-04-02,"21","Kentucky","0-130",53
2022-04-02,"22","Louisiana","0-130",63
2022-04-02,"23","Maine","0-130",9
2022-04-02,"24","Maryland","0-130",29
2022-04-02,"25","Massachusetts","0-130",78
2022-04-02,"26","Michigan","0-130",146
2022-04-02,"27","Minnesota","0-130",33
2022-04-02,"28","Mississippi","0-130",25
2022-04-02,"29","Missouri","0-130",91
2022-04-02,"30","Montana","0-130",38
2022-04-02,"31","Nebraska","0-130",25
2022-04-02,"32","Nevada","0-130",68
2022-04-02,"33","New Hampshire","0-130",6
2022-04-02,"34","New Jersey","0-130",80
2022-04-02,"35","New Mexico","0-130",39
2022-04-02,"36","New York","0-130",163
2022-04-02,"37","North Carolina","0-130",28
2022-04-02,"38","North Dakota","0-130",4
2022-04-02,"69","Northern Mariana Islands","0-130",0
2022-04-02,"39","Ohio","0-130",97
2022-04-02,"40","Oklahoma","0-130",165
2022-04-02,"41","Oregon","0-130",10
2022-04-02,"42","Pennsylvania","0-130",140
2022-04-02,"72","Puerto Rico","0-130",26
2022-04-02,"44","Rhode Island","0-130",3
2022-04-02,"45","South Carolina","0-130",15
2022-04-02,"46","South Dakota","0-130",5
2022-04-02,"47","Tennessee","0-130",38
2022-04-02,"48","Texas","0-130",519
2022-04-02,"US","US","0-130",3000
2022-04-02,"49","Utah","0-130",17
2022-04-02,"50","Vermont","0-130",9
2022-04-02,"78","Virgin Islands","0-130",0
2022-04-02,"51","Virginia","0-130",39
2022-04-02,"53","Washington","0-130",20
2022-04-02,"54","West Virginia","0-130",37
2022-04-02,"55","Wisconsin","0-130",57
2022-04-02,"56","Wyoming","0-130",2
2022-04-09,"01","Alabama","0-130",23
2022-04-09,"02","Alaska","0-130",2
2022-04-09,"60","American Samoa","0-130",0
2022-04-09,"04","Arizona","0-130",116
2022-04-09,"05","Arkansas","0-130",74
2022-04-09,"06","California","0-130",96
2022-04-09,"08","Colorado","0-130",104
2022-04-09,"09","Connecticut","0-130",47
2022-04-09,"11","District of Columbia","0-130",2
2022-04-09,"12","Florida","0-130",83
2022-04-09,"13","Georgia","0-130",33
2022-04-09,"66","Guam","0-130",0
2022-04-09,"15","Hawaii","0-130",3
2022-04-09,"16","Idaho","0-130",20
2022-04-09,"17","Illinois","0-130",105
2022-04-09,"18","Indiana","0-130",109
2022-04-09,"19","Iowa","0-130",25
2022-04-09,"20","Kansas","0-130",32
2022-04-09,"21","Kentucky","0-130",90
2022-04-09,"22","Louisiana","0-130",30
2022-04-09,"23","Maine","0-130",11
2022-04-09,"24","Maryland","0-130",47
2022-04-09,"25","Massachusetts","0-130",131
2022-04-09,"26","Michigan","0-130",160
2022-04-09,"27","Minnesota","0-130",28
2022-04-09,"28","Mississippi","0-130",32
2022-04-09,"29","Missouri","0-130",77
2022-04-09,"30","Montana","0-130",19
2022-04-09,"31","Nebraska","0-130",35
2022-04-09,"32","Nevada","0-130",110
2022-04-09,"33","New Hampshire","0-130",13
2022-04-09,"34","New Jersey","0-130",136
2022-04-09,"35","New Mexico","0-130",43
2022-04-09,"36","New York","0-130",195
2022-04-09,"37","North Carolina","0-130",35
2022-04-09,"38","North Dakota","0-130",4
2022-04-09,"69","Northern Mariana Islands","0-130",0
2022-04-09,"39","Ohio","0-130",127
2022-04-09,"40","Oklahoma","0-130",118
2022-04-09,"41","Oregon","0-130",14
2022-04-09,"42","Pennsylvania","0-130",183
2022-04-09,"72","Puerto Rico","0-130",31
2022-04-09,"44","Rhode Island","0-130",5
2022-04-09,"45","South Carolina","0-130",18
2022-04-09,"46","South Dakota","0-130",11
2022-04-09,"47","Tennessee","0-130",31
2022-04-09,"48","Texas","0-130",338
2022-04-09,"US","US","0-130",3130
2022-04-09,"49","Utah","0-130",14
2022-04-09,"50","Vermont","0-130",14
2022-04-09,"78","Virgin Islands","0-130",0
2022-04-09,"51","Virginia","0-130",35
2022-04-09,"53","Washington","0-130",24
2022-04-09,"54","West Virginia","0-130",36
2022-04-09,"55","Wisconsin","0-130",44
2022-04-09,"56","Wyoming","0-130",10
2022-04-16,"01","Alabama","0-130",11
2022-04-16,"02","Alaska","0-130",1
2022-04-16,"60","American Samoa","0-130",0
2022-04-16,"04","Arizona","0-130",93
2022-04-16,"05","Arkansas","0-130",43
2022-04-16,"06","California","0-130",104
2022-04-16,"08","Colorado","0-130",139
2022-04-16,"09","Connecticut","0-130",45
2022-04-16,"11","District of Columbia","0-130",2
2022-04-16,"12","Florida","0-130",148
2022-04-16,"13","Georgia","0-130",42
2022-04-16,"66","Guam","0-130",0
2022-04-16,"15","Hawaii","0-130",9
2022-04-16,"16","Idaho","0-130",16
2022-04-16,"17","Illinois","0-130",79
2022-04-16,"18","Indiana","0-130",93
2022-04-16,"19","Iowa","0-130",25
2022-04-16,"20","Kansas","0-130",19
2022-04-16,"21","Kentucky","0-130",105
2022-04-16,"22","Louisiana","0-130",48
2022-04-16,"23","Maine","0-130",15
2022-04-16,"24","Maryland","0-130",51
2022-04-16,"25","Massachusetts","0-130",167
2022-04-16,"26","Michigan","0-130",150
2022-04-16,"27","Minnesota","0-130",27
2022-04-16,"28","Mississippi","0-130",22
2022-04-16,"29","Missouri","0-130",77
2022-04-16,"30","Montana","0-130",14
2022-04-16,"31","Nebraska","0-130",29
2022-04-16,"32","Nevada","0-130",88
2022-04-16,"33","New Hampshire","0-130",17
2022-04-16,"34","New Jersey","0-130",140
2022-04-16,"35","New Mexico","0-130",28
2022-04-16,"36","New York","0-130",226
2022-04-16,"37","North Carolina","0-130",57
2022-04-16,"38","North Dakota","0-130",7
2022-04-16,"69","Northern Mariana Islands","0-130",0
2022-04-16,"39","Ohio","0-130",133
2022-04-16,"40","Oklahoma","0-130",100
2022-04-16,"41","Oregon","0-130",14
2022-04-16,"42","Pennsylvania","0-130",189
2022-04-16,"72","Puerto Rico","0-130",55
2022-04-16,"44","Rhode Island","0-130",9
2022-04-16,"45","South Carolina","0-130",31
2022-04-16,"46","South Dakota","0-130",4
2022-04-16,"47","Tennessee","0-130",35
2022-04-16,"48","Texas","0-130",319
2022-04-16,"US","US","0-130",3292
2022-04-16,"49","Utah","0-130",16
2022-04-16,"50","Vermont","0-130",12
2022-04-16,"78","Virgin Islands","0-130",0
2022-04-16,"51","Virginia","0-130",51
2022-04-16,"53","Washington","0-130",32
2022-04-16,"54","West Virginia","0-130",43
2022-04-16,"55","Wisconsin","0-130",66
2022-04-16,"56","Wyoming","0-130",8
2022-04-23,"01","Alabama","0-130",25
2022-04-23,"02","Alaska","0-130",2
2022-04-23,"60","American Samoa","0-130",0
2022-04-23,"04","Arizona","0-130",131
2022-04-23,"05","Arkansas","0-130",34
2022-04-23,"06","California","0-130",148
2022-04-23,"08","Colorado","0-130",179
2022-04-23,"09","Connecticut","0-130",52
2022-04-23,"11","District of Columbia","0-130",1
2022-04-23,"12","Florida","0-130",141
2022-04-23,"13","Georgia","0-130",46
2022-04-23,"66","Guam","0-130",0
2022-04-23,"15","Hawaii","0-130",7
2022-04-23,"16","Idaho","0-130",17
2022-04-23,"17","Illinois","0-130",106
2022-04-23,"18","Indiana","0-130",64
2022-04-23,"19","Iowa","0-130",20
2022-04-23,"20","Kansas","0-130",26
2022-04-23,"21","Kentucky","0-130",82
2022-04-23,"22","Louisiana","0-130",44
2022-04-23,"23","Maine","0-130",20
2022-04-23,"24","Maryland","0-130",43
2022-04-23,"25","Massachusetts","0-130",176
2022-04-23,"26","Michigan","0-130",138
2022-04-23,"27","Minnesota","0-130",33
2022-04-23,"28","Mississippi","0-130",16
2022-04-23,"29","Missouri","0-130",70
2022-04-23,"30","Montana","0-130",21
2022-04-23,"31","Nebraska","0-130",16
2022-04-23,"32","Nevada","0-130",84
2022-04-23,"33","New Hampshire","0-130",28
2022-04-23,"34","New Jersey","0-130",126
2022-04-23,"35","New Mexico","0-130",41
2022-04-23,"36","New York","0-130",275
2022-04-23,"37","North Carolina","0-130",45
2022-04-23,"38","North Dakota","0-130",7
2022-04-23,"69","Northern Mariana Islands","0-130",0
2022-04-23,"39","Ohio","0-130",115
2022-04-23,"40","Oklahoma","0-130",76
2022-04-23,"41","Oregon","0-130",27
2022-04-23,"42","Pennsylvania","0-130",200
2022-04-23,"72","Puerto Rico","0-130",74
2022-04-23,"44","Rhode Island","0-130",10
2022-04-23,"45","South Carolina","0-130",32
2022-04-23,"46","South Dakota","0-130",3
2022-04-23,"47","Tennessee","0-130",34
2022-04-23,"48","Texas","0-130",407
2022-04-23,"US","US","0-130",3450
2022-04-23,"49","Utah","0-130",9
2022-04-23,"50","Vermont","0-130",12
2022-04-23,"78","Virgin Islands","0-130",0
2022-04-23,"51","Virginia","0-130",42
2022-04-23,"53","Washington","0-130",34
2022-04-23,"54","West Virginia","0-130",39
2022-04-23,"55","Wisconsin","0-130",54
2022-04-23,"56","Wyoming","0-130",1
2022-04-30,"01","Alabama","0-130",9
2022-04-30,"02","Alaska","0-130",1
2022-04-30,"60","American Samoa","0-130",0
2022-04-30,"04","Arizona","0-130",156
2022-04-30,"05","Arkansas","0-130",33
2022-04-30,"06","California","0-130",213
2022-04-30,"08","Colorado","0-130",163
2022-04-30,"09","Connecticut","0-130",57
2022-04-30,"11","District of Columbia","0-130",3
2022-04-30,"12","Florida","0-130",164
2022-04-30,"13","Georgia","0-130",36
2022-04-30,"66","Guam","0-130",0
2022-04-30,"15","Hawaii","0-130",4
2022-04-30,"16","Idaho","0-130",15
2022-04-30,"17","Illinois","0-130",97
2022-04-30,"18","Indiana","0-130",72
2022-04-30,"19","Iowa","0-130",17
2022-04-30,"20","Kansas","0-130",19
2022-04-30,"21","Kentucky","0-130",119
2022-04-30,"22","Louisiana","0-130",24
2022-04-30,"23","Maine","0-130",30
2022-04-30,"24","Maryland","0-130",51
2022-04-30,"25","Massachusetts","0-130",183
2022-04-30,"26","Michigan","0-130",136
2022-04-30,"27","Minnesota","0-130",29
2022-04-30,"28","Mississippi","0-130",26
2022-04-30,"29","Missouri","0-130",55
2022-04-30,"30","Montana","0-130",18
2022-04-30,"31","Nebraska","0-130",16
2022-04-30,"32","Nevada","0-130",59
2022-04-30,"33","New Hampshire","0-130",24
2022-04-30,"34","New Jersey","0-130",125
2022-04-30,"35","New Mexico","0-130",51
2022-04-30,"36","New York","0-130",271
2022-04-30,"37","North Carolina","0-130",63
2022-04-30,"38","North Dakota","0-130",3
2022-04-30,"69","Northern Mariana Islands","0-130",0
2022-04-30,"39","Ohio","0-130",104
2022-04-30,"40","Oklahoma","0-130",45
2022-04-30,"41","Oregon","0-130",23
2022-04-30,"42","Pennsylvania","0-130",160
2022-04-30,"72","Puerto Rico","0-130",39
2022-04-30,"44","Rhode Island","0-130",5
2022-04-30,"45","South Carolina","0-130",29
2022-04-30,"46","South Dakota","0-130",8
2022-04-30,"47","Tennessee","0-130",35
2022-04-30,"48","Texas","0-130",168
2022-04-30,"US","US","0-130",3175
2022-04-30,"49","Utah","0-130",1
2022-04-30,"50","Vermont","0-130",6
2022-04-30,"78","Virgin Islands","0-130",0
2022-04-30,"51","Virginia","0-130",57
2022-04-30,"53","Washington","0-130",42
2022-04-30,"54","West Virginia","0-130",35
2022-04-30,"55","Wisconsin","0-130",64
2022-04-30,"56","Wyoming","0-130",5
2022-05-07,"01","Alabama","0-130",19
2022-05-07,"02","Alaska","0-130",6
2022-05-07,"60","American Samoa","0-130",0
2022-05-07,"04","Arizona","0-130",170
2022-05-07,"05","Arkansas","0-130",17
2022-05-07,"06","California","0-130",206
2022-05-07,"08","Colorado","0-130",258
2022-05-07,"09","Connecticut","0-130",76
2022-05-07,"11","District of Columbia","0-130",2
2022-05-07,"12","Florida","0-130",213
2022-05-07,"13","Georgia","0-130",44
2022-05-07,"66","Guam","0-130",0
2022-05-07,"15","Hawaii","0-130",2
2022-05-07,"16","Idaho","0-130",13
2022-05-07,"17","Illinois","0-130",108
2022-05-07,"18","Indiana","0-130",49
2022-05-07,"19","Iowa","0-130",20
2022-05-07,"20","Kansas","0-130",8
2022-05-07,"21","Kentucky","0-130",109
2022-05-07,"22","Louisiana","0-130",35
2022-05-07,"23","Maine","0-130",8
2022-05-07,"24","Maryland","0-130",46
2022-05-07,"25","Massachusetts","0-130",174
2022-05-07,"26","Michigan","0-130",169
2022-05-07,"27","Minnesota","0-130",32
2022-05-07,"28","Mississippi","0-130",22
2022-05-07,"29","Missouri","0-130",66
2022-05-07,"30","Montana","0-130",20
2022-05-07,"31","Nebraska","0-130",6
2022-05-07,"32","Nevada","0-130",59
2022-05-07,"33","New Hampshire","0-130",21
2022-05-07,"34","New Jersey","0-130",119
2022-05-07,"35","New Mexico","0-130",70
2022-05-07,"36","New York","0-130",231
2022-05-07,"37","North Carolina","0-130",51
2022-05-07,"38","North Dakota","0-130",1
2022-05-07,"39","Ohio","0-130",99
2022-05-07,"40","Oklahoma","0-130",34
2022-05-07,"41","Oregon","0-130",27
2022-05-07,"42","Pennsylvania","0-130",149
2022-05-07,"72","Puerto Rico","0-130",28
2022-05-07,"44","Rhode Island","0-130",6
2022-05-07,"45","South Carolina","0-130",20
2022-05-07,"46","South Dakota","0-130",3
2022-05-07,"47","Tennessee","0-130",18
2022-05-07,"48","Texas","0-130",128
2022-05-07,"US","US","0-130",3162
2022-05-07,"49","Utah","0-130",12
2022-05-07,"50","Vermont","0-130",7
2022-05-07,"78","Virgin Islands","0-130",0
2022-05-07,"51","Virginia","0-130",44
2022-05-07,"53","Washington","0-130",60
2022-05-07,"54","West Virginia","0-130",18
2022-05-07,"55","Wisconsin","0-130",51
2022-05-07,"56","Wyoming","0-130",4
2022-05-14,"01","Alabama","0-130",12
2022-05-14,"02","Alaska","0-130",3
2022-05-14,"60","American Samoa","0-130",0
2022-05-14,"04","Arizona","0-130",194
2022-05-14,"05","Arkansas","0-130",28
2022-05-14,"06","California","0-130",277
2022-05-14,"08","Colorado","0-130",173
2022-05-14,"09","Connecticut","0-130",70
2022-05-14,"11","District of Columbia","0-130",5
2022-05-14,"12","Florida","0-130",278
2022-05-14,"13","Georgia","0-130",60
2022-05-14,"66","Guam","0-130",0
2022-05-14,"15","Hawaii","0-130",3
2022-05-14,"16","Idaho","0-130",16
2022-05-14,"17","Illinois","0-130",123
2022-05-14,"18","Indiana","0-130",35
2022-05-14,"19","Iowa","0-130",17
2022-05-14,"20","Kansas","0-130",7
2022-05-14,"21","Kentucky","0-130",47
2022-05-14,"22","Louisiana","0-130",32
2022-05-14,"23","Maine","0-130",37
2022-05-14,"24","Maryland","0-130",54
2022-05-14,"25","Massachusetts","0-130",162
2022-05-14,"26","Michigan","0-130",180
2022-05-14,"27","Minnesota","0-130",17
2022-05-14,"28","Mississippi","0-130",25
2022-05-14,"29","Missouri","0-130",39
2022-05-14,"30","Montana","0-130",9
2022-05-14,"31","Nebraska","0-130",4
2022-05-14,"32","Nevada","0-130",79
2022-05-14,"33","New Hampshire","0-130",14
2022-05-14,"34","New Jersey","0-130",95
2022-05-14,"35","New Mexico","0-130",37
2022-05-14,"36","New York","0-130",188
2022-05-14,"37","North Carolina","0-130",37
2022-05-14,"38","North Dakota","0-130",1
2022-05-14,"39","Ohio","0-130",79
2022-05-14,"40","Oklahoma","0-130",47
2022-05-14,"41","Oregon","0-130",26
2022-05-14,"42","Pennsylvania","0-130",179
2022-05-14,"72","Puerto Rico","0-130",27
2022-05-14,"44","Rhode Island","0-130",8
2022-05-14,"45","South Carolina","0-130",27
2022-05-14,"46","South Dakota","0-130",19
2022-05-14,"47","Tennessee","0-130",30
2022-05-14,"48","Texas","0-130",142
2022-05-14,"US","US","0-130",3112
2022-05-14,"49","Utah","0-130",10
2022-05-14,"50","Vermont","0-130",3
2022-05-14,"78","Virgin Islands","0-130",0
2022-05-14,"51","Virginia","0-130",41
2022-05-14,"53","Washington","0-130",57
2022-05-14,"54","West Virginia","0-130",16
2022-05-14,"55","Wisconsin","0-130",36
2022-05-14,"56","Wyoming","0-130",4
2022-05-21,"01","Alabama","0-130",15
2022-05-21,"02","Alaska","0-130",18
2022-05-21,"60","American Samoa","0-130",0
2022-05-21,"04","Arizona","0-130",225
2022-05-21,"05","Arkansas","0-130",15
2022-05-21,"06","California","0-130",355
2022-05-21,"08","Colorado","0-130",120
2022-05-21,"09","Connecticut","0-130",75
2022-05-21,"11","District of Columbia","0-130",4
2022-05-21,"12","Florida","0-130",371
2022-05-21,"13","Georgia","0-130",55
2022-05-21,"66","Guam","0-130",1
2022-05-21,"15","Hawaii","0-130",11
2022-05-21,"16","Idaho","0-130",12
2022-05-21,"17","Illinois","0-130",98
2022-05-21,"18","Indiana","0-130",45
2022-05-21,"19","Iowa","0-130",10
2022-05-21,"20","Kansas","0-130",7
2022-05-21,"21","Kentucky","0-130",41
2022-05-21,"22","Louisiana","0-130",36
2022-05-21,"23","Maine","0-130",36
2022-05-21,"24","Maryland","0-130",45
2022-05-21,"25","Massachusetts","0-130",147
2022-05-21,"26","Michigan","0-130",140
2022-05-21,"27","Minnesota","0-130",13
2022-05-21,"28","Mississippi","0-130",31
2022-05-21,"29","Missouri","0-130",33
2022-05-21,"30","Montana","0-130",11
2022-05-21,"31","Nebraska","0-130",7
2022-05-21,"32","Nevada","0-130",99
2022-05-21,"33","New Hampshire","0-130",13
2022-05-21,"34","New Jersey","0-130",87
2022-05-21,"35","New Mexico","0-130",61
2022-05-21,"36","New York","0-130",182
2022-05-21,"37","North Carolina","0-130",45
2022-05-21,"38","North Dakota","0-130",1
2022-05-21,"69","Northern Mariana Islands","0-130",NA
2022-05-21,"39","Ohio","0-130",66
2022-05-21,"40","Oklahoma","0-130",29
2022-05-21,"41","Oregon","0-130",36
2022-05-21,"42","Pennsylvania","0-130",158
2022-05-21,"72","Puerto Rico","0-130",23
2022-05-21,"44","Rhode Island","0-130",6
2022-05-21,"45","South Carolina","0-130",37
2022-05-21,"46","South Dakota","0-130",5
2022-05-21,"47","Tennessee","0-130",15
2022-05-21,"48","Texas","0-130",128
2022-05-21,"US","US","0-130",3118
2022-05-21,"49","Utah","0-130",7
2022-05-21,"50","Vermont","0-130",0
2022-05-21,"78","Virgin Islands","0-130",0
2022-05-21,"51","Virginia","0-130",35
2022-05-21,"53","Washington","0-130",60
2022-05-21,"54","West Virginia","0-130",12
2022-05-21,"55","Wisconsin","0-130",26
2022-05-21,"56","Wyoming","0-130",6
2022-05-28,"01","Alabama","0-130",13
2022-05-28,"02","Alaska","0-130",4
2022-05-28,"60","American Samoa","0-130",0
2022-05-28,"04","Arizona","0-130",199
2022-05-28,"05","Arkansas","0-130",14
2022-05-28,"06","California","0-130",412
2022-05-28,"08","Colorado","0-130",87
2022-05-28,"09","Connecticut","0-130",36
2022-05-28,"11","District of Columbia","0-130",4
2022-05-28,"12","Florida","0-130",517
2022-05-28,"13","Georgia","0-130",62
2022-05-28,"66","Guam","0-130",2
2022-05-28,"15","Hawaii","0-130",9
2022-05-28,"16","Idaho","0-130",3
2022-05-28,"17","Illinois","0-130",49
2022-05-28,"18","Indiana","0-130",31
2022-05-28,"19","Iowa","0-130",6
2022-05-28,"20","Kansas","0-130",2
2022-05-28,"21","Kentucky","0-130",22
2022-05-28,"22","Louisiana","0-130",14
2022-05-28,"23","Maine","0-130",15
2022-05-28,"24","Maryland","0-130",29
2022-05-28,"25","Massachusetts","0-130",74
2022-05-28,"26","Michigan","0-130",93
2022-05-28,"27","Minnesota","0-130",12
2022-05-28,"28","Mississippi","0-130",20
2022-05-28,"29","Missouri","0-130",22
2022-05-28,"30","Montana","0-130",14
2022-05-28,"31","Nebraska","0-130",3
2022-05-28,"32","Nevada","0-130",93
2022-05-28,"33","New Hampshire","0-130",6
2022-05-28,"34","New Jersey","0-130",75
2022-05-28,"35","New Mexico","0-130",50
2022-05-28,"36","New York","0-130",155
2022-05-28,"37","North Carolina","0-130",40
2022-05-28,"38","North Dakota","0-130",0
2022-05-28,"69","Northern Mariana Islands","0-130",0
2022-05-28,"39","Ohio","0-130",45
2022-05-28,"40","Oklahoma","0-130",39
2022-05-28,"41","Oregon","0-130",33
2022-05-28,"42","Pennsylvania","0-130",83
2022-05-28,"72","Puerto Rico","0-130",23
2022-05-28,"44","Rhode Island","0-130",7
2022-05-28,"45","South Carolina","0-130",30
2022-05-28,"46","South Dakota","0-130",3
2022-05-28,"47","Tennessee","0-130",18
2022-05-28,"48","Texas","0-130",115
2022-05-28,"US","US","0-130",2729
2022-05-28,"49","Utah","0-130",1
2022-05-28,"50","Vermont","0-130",2
2022-05-28,"78","Virgin Islands","0-130",0
2022-05-28,"51","Virginia","0-130",35
2022-05-28,"53","Washington","0-130",67
2022-05-28,"54","West Virginia","0-130",5
2022-05-28,"55","Wisconsin","0-130",27
2022-05-28,"56","Wyoming","0-130",6
2022-06-04,"01","Alabama","0-130",13
2022-06-04,"02","Alaska","0-130",2
2022-06-04,"60","American Samoa","0-130",0
2022-06-04,"04","Arizona","0-130",209
2022-06-04,"05","Arkansas","0-130",17
2022-06-04,"06","California","0-130",432
2022-06-04,"08","Colorado","0-130",75
2022-06-04,"09","Connecticut","0-130",20
2022-06-04,"11","District of Columbia","0-130",5
2022-06-04,"12","Florida","0-130",665
2022-06-04,"13","Georgia","0-130",66
2022-06-04,"66","Guam","0-130",5
2022-06-04,"15","Hawaii","0-130",4
2022-06-04,"16","Idaho","0-130",10
2022-06-04,"17","Illinois","0-130",41
2022-06-04,"18","Indiana","0-130",27
2022-06-04,"19","Iowa","0-130",6
2022-06-04,"20","Kansas","0-130",2
2022-06-04,"21","Kentucky","0-130",22
2022-06-04,"22","Louisiana","0-130",19
2022-06-04,"23","Maine","0-130",12
2022-06-04,"24","Maryland","0-130",17
2022-06-04,"25","Massachusetts","0-130",39
2022-06-04,"26","Michigan","0-130",70
2022-06-04,"27","Minnesota","0-130",6
2022-06-04,"28","Mississippi","0-130",23
2022-06-04,"29","Missouri","0-130",28
2022-06-04,"30","Montana","0-130",23
2022-06-04,"31","Nebraska","0-130",6
2022-06-04,"32","Nevada","0-130",71
2022-06-04,"33","New Hampshire","0-130",6
2022-06-04,"34","New Jersey","0-130",52
2022-06-04,"35","New Mexico","0-130",53
2022-06-04,"36","New York","0-130",124
2022-06-04,"37","North Carolina","0-130",22
2022-06-04,"38","North Dakota","0-130",4
2022-06-04,"69","Northern Mariana Islands","0-130",0
2022-06-04,"39","Ohio","0-130",37
2022-06-04,"40","Oklahoma","0-130",33
2022-06-04,"41","Oregon","0-130",28
2022-06-04,"42","Pennsylvania","0-130",64
2022-06-04,"72","Puerto Rico","0-130",28
2022-06-04,"44","Rhode Island","0-130",6
2022-06-04,"45","South Carolina","0-130",27
2022-06-04,"46","South Dakota","0-130",1
2022-06-04,"47","Tennessee","0-130",20
2022-06-04,"48","Texas","0-130",88
2022-06-04,"US","US","0-130",2676
2022-06-04,"49","Utah","0-130",5
2022-06-04,"50","Vermont","0-130",0
2022-06-04,"78","Virgin Islands","0-130",0
2022-06-04,"51","Virginia","0-130",41
2022-06-04,"53","Washington","0-130",65
2022-06-04,"54","West Virginia","0-130",5
2022-06-04,"55","Wisconsin","0-130",16
2022-06-04,"56","Wyoming","0-130",7
2022-06-11,"01","Alabama","0-130",15
2022-06-11,"02","Alaska","0-130",6
2022-06-11,"60","American Samoa","0-130",0
2022-06-11,"04","Arizona","0-130",93
2022-06-11,"05","Arkansas","0-130",19
2022-06-11,"06","California","0-130",391
2022-06-11,"08","Colorado","0-130",39
2022-06-11,"09","Connecticut","0-130",36
2022-06-11,"11","District of Columbia","0-130",2
2022-06-11,"12","Florida","0-130",551
2022-06-11,"13","Georgia","0-130",48
2022-06-11,"66","Guam","0-130",2
2022-06-11,"15","Hawaii","0-130",3
2022-06-11,"16","Idaho","0-130",7
2022-06-11,"17","Illinois","0-130",16
2022-06-11,"18","Indiana","0-130",8
2022-06-11,"19","Iowa","0-130",9
2022-06-11,"20","Kansas","0-130",2
2022-06-11,"21","Kentucky","0-130",17
2022-06-11,"22","Louisiana","0-130",28
2022-06-11,"23","Maine","0-130",57
2022-06-11,"24","Maryland","0-130",17
2022-06-11,"25","Massachusetts","0-130",40
2022-06-11,"26","Michigan","0-130",35
2022-06-11,"27","Minnesota","0-130",4
2022-06-11,"28","Mississippi","0-130",14
2022-06-11,"29","Missouri","0-130",17
2022-06-11,"30","Montana","0-130",10
2022-06-11,"31","Nebraska","0-130",9
2022-06-11,"32","Nevada","0-130",89
2022-06-11,"33","New Hampshire","0-130",4
2022-06-11,"34","New Jersey","0-130",42
2022-06-11,"35","New Mexico","0-130",23
2022-06-11,"36","New York","0-130",103
2022-06-11,"37","North Carolina","0-130",43
2022-06-11,"38","North Dakota","0-130",2
2022-06-11,"69","Northern Mariana Islands","0-130",0
2022-06-11,"39","Ohio","0-130",21
2022-06-11,"40","Oklahoma","0-130",26
2022-06-11,"41","Oregon","0-130",18
2022-06-11,"42","Pennsylvania","0-130",49
2022-06-11,"72","Puerto Rico","0-130",20
2022-06-11,"44","Rhode Island","0-130",1
2022-06-11,"45","South Carolina","0-130",25
2022-06-11,"46","South Dakota","0-130",1
2022-06-11,"47","Tennessee","0-130",18
2022-06-11,"48","Texas","0-130",76
2022-06-11,"US","US","0-130",2201
2022-06-11,"49","Utah","0-130",3
2022-06-11,"50","Vermont","0-130",5
2022-06-11,"78","Virgin Islands","0-130",0
2022-06-11,"51","Virginia","0-130",40
2022-06-11,"53","Washington","0-130",57
2022-06-11,"54","West Virginia","0-130",12
2022-06-11,"55","Wisconsin","0-130",15
2022-06-11,"56","Wyoming","0-130",7
2022-06-18,"01","Alabama","0-130",15
2022-06-18,"02","Alaska","0-130",1
2022-06-18,"60","American Samoa","0-130",0
2022-06-18,"04","Arizona","0-130",55
2022-06-18,"05","Arkansas","0-130",10
2022-06-18,"06","California","0-130",305
2022-06-18,"08","Colorado","0-130",25
2022-06-18,"09","Connecticut","0-130",14
2022-06-18,"11","District of Columbia","0-130",2
2022-06-18,"12","Florida","0-130",461
2022-06-18,"13","Georgia","0-130",41
2022-06-18,"66","Guam","0-130",4
2022-06-18,"15","Hawaii","0-130",4
2022-06-18,"16","Idaho","0-130",5
2022-06-18,"17","Illinois","0-130",23
2022-06-18,"18","Indiana","0-130",18
2022-06-18,"19","Iowa","0-130",6
2022-06-18,"20","Kansas","0-130",0
2022-06-18,"21","Kentucky","0-130",5
2022-06-18,"22","Louisiana","0-130",12
2022-06-18,"23","Maine","0-130",3
2022-06-18,"24","Maryland","0-130",21
2022-06-18,"25","Massachusetts","0-130",14
2022-06-18,"26","Michigan","0-130",32
2022-06-18,"27","Minnesota","0-130",10
2022-06-18,"28","Mississippi","0-130",13
2022-06-18,"29","Missouri","0-130",23
2022-06-18,"30","Montana","0-130",1
2022-06-18,"31","Nebraska","0-130",3
2022-06-18,"32","Nevada","0-130",62
2022-06-18,"33","New Hampshire","0-130",1
2022-06-18,"34","New Jersey","0-130",43
2022-06-18,"35","New Mexico","0-130",15
2022-06-18,"36","New York","0-130",92
2022-06-18,"37","North Carolina","0-130",59
2022-06-18,"38","North Dakota","0-130",0
2022-06-18,"69","Northern Mariana Islands","0-130",0
2022-06-18,"39","Ohio","0-130",20
2022-06-18,"40","Oklahoma","0-130",28
2022-06-18,"41","Oregon","0-130",12
2022-06-18,"42","Pennsylvania","0-130",40
2022-06-18,"72","Puerto Rico","0-130",26
2022-06-18,"44","Rhode Island","0-130",2
2022-06-18,"45","South Carolina","0-130",17
2022-06-18,"46","South Dakota","0-130",1
2022-06-18,"47","Tennessee","0-130",25
2022-06-18,"48","Texas","0-130",110
2022-06-18,"US","US","0-130",1775
2022-06-18,"49","Utah","0-130",1
2022-06-18,"50","Vermont","0-130",2
2022-06-18,"78","Virgin Islands","0-130",0
2022-06-18,"51","Virginia","0-130",29
2022-06-18,"53","Washington","0-130",44
2022-06-18,"54","West Virginia","0-130",6
2022-06-18,"55","Wisconsin","0-130",9
2022-06-18,"56","Wyoming","0-130",4
2022-06-25,"01","Alabama","0-130",7
2022-06-25,"02","Alaska","0-130",3
2022-06-25,"60","American Samoa","0-130",0
2022-06-25,"04","Arizona","0-130",35
2022-06-25,"05","Arkansas","0-130",16
2022-06-25,"06","California","0-130",238
2022-06-25,"08","Colorado","0-130",9
2022-06-25,"09","Connecticut","0-130",6
2022-06-25,"11","District of Columbia","0-130",3
2022-06-25,"12","Florida","0-130",302
2022-06-25,"13","Georgia","0-130",27
2022-06-25,"66","Guam","0-130",3
2022-06-25,"15","Hawaii","0-130",6
2022-06-25,"16","Idaho","0-130",2
2022-06-25,"17","Illinois","0-130",19
2022-06-25,"18","Indiana","0-130",17
2022-06-25,"19","Iowa","0-130",5
2022-06-25,"20","Kansas","0-130",3
2022-06-25,"21","Kentucky","0-130",11
2022-06-25,"22","Louisiana","0-130",11
2022-06-25,"23","Maine","0-130",5
2022-06-25,"24","Maryland","0-130",20
2022-06-25,"25","Massachusetts","0-130",10
2022-06-25,"26","Michigan","0-130",16
2022-06-25,"27","Minnesota","0-130",0
2022-06-25,"28","Mississippi","0-130",23
2022-06-25,"29","Missouri","0-130",19
2022-06-25,"30","Montana","0-130",0
2022-06-25,"31","Nebraska","0-130",6
2022-06-25,"32","Nevada","0-130",36
2022-06-25,"33","New Hampshire","0-130",1
2022-06-25,"34","New Jersey","0-130",23
2022-06-25,"35","New Mexico","0-130",6
2022-06-25,"36","New York","0-130",65
2022-06-25,"37","North Carolina","0-130",58
2022-06-25,"38","North Dakota","0-130",0
2022-06-25,"69","Northern Mariana Islands","0-130",0
2022-06-25,"39","Ohio","0-130",12
2022-06-25,"40","Oklahoma","0-130",28
2022-06-25,"41","Oregon","0-130",8
2022-06-25,"42","Pennsylvania","0-130",35
2022-06-25,"72","Puerto Rico","0-130",16
2022-06-25,"44","Rhode Island","0-130",1
2022-06-25,"45","South Carolina","0-130",29
2022-06-25,"46","South Dakota","0-130",2
2022-06-25,"47","Tennessee","0-130",15
2022-06-25,"48","Texas","0-130",92
2022-06-25,"US","US","0-130",1365
2022-06-25,"49","Utah","0-130",3
2022-06-25,"50","Vermont","0-130",0
2022-06-25,"78","Virgin Islands","0-130",0
2022-06-25,"51","Virginia","0-130",35
2022-06-25,"53","Washington","0-130",64
2022-06-25,"54","West Virginia","0-130",5
2022-06-25,"55","Wisconsin","0-130",7
2022-06-25,"56","Wyoming","0-130",0
2022-07-02,"01","Alabama","0-130",8
2022-07-02,"02","Alaska","0-130",2
2022-07-02,"60","American Samoa","0-130",0
2022-07-02,"04","Arizona","0-130",16
2022-07-02,"05","Arkansas","0-130",8
2022-07-02,"06","California","0-130",193
2022-07-02,"08","Colorado","0-130",13
2022-07-02,"09","Connecticut","0-130",8
2022-07-02,"11","District of Columbia","0-130",1
2022-07-02,"12","Florida","0-130",208
2022-07-02,"13","Georgia","0-130",35
2022-07-02,"66","Guam","0-130",0
2022-07-02,"15","Hawaii","0-130",3
2022-07-02,"16","Idaho","0-130",3
2022-07-02,"17","Illinois","0-130",7
2022-07-02,"18","Indiana","0-130",12
2022-07-02,"19","Iowa","0-130",3
2022-07-02,"20","Kansas","0-130",4
2022-07-02,"21","Kentucky","0-130",1
2022-07-02,"22","Louisiana","0-130",7
2022-07-02,"23","Maine","0-130",2
2022-07-02,"24","Maryland","0-130",13
2022-07-02,"25","Massachusetts","0-130",6
2022-07-02,"26","Michigan","0-130",11
2022-07-02,"27","Minnesota","0-130",1
2022-07-02,"28","Mississippi","0-130",17
2022-07-02,"29","Missouri","0-130",11
2022-07-02,"30","Montana","0-130",4
2022-07-02,"31","Nebraska","0-130",9
2022-07-02,"32","Nevada","0-130",24
2022-07-02,"33","New Hampshire","0-130",0
2022-07-02,"34","New Jersey","0-130",11
2022-07-02,"35","New Mexico","0-130",12
2022-07-02,"36","New York","0-130",45
2022-07-02,"37","North Carolina","0-130",38
2022-07-02,"38","North Dakota","0-130",0
2022-07-02,"39","Ohio","0-130",11
2022-07-02,"40","Oklahoma","0-130",25
2022-07-02,"41","Oregon","0-130",3
2022-07-02,"42","Pennsylvania","0-130",35
2022-07-02,"72","Puerto Rico","0-130",24
2022-07-02,"44","Rhode Island","0-130",0
2022-07-02,"45","South Carolina","0-130",11
2022-07-02,"46","South Dakota","0-130",1
2022-07-02,"47","Tennessee","0-130",35
2022-07-02,"48","Texas","0-130",80
2022-07-02,"US","US","0-130",1073
2022-07-02,"49","Utah","0-130",5
2022-07-02,"50","Vermont","0-130",3
2022-07-02,"78","Virgin Islands","0-130",0
2022-07-02,"51","Virginia","0-130",39
2022-07-02,"53","Washington","0-130",55
2022-07-02,"54","West Virginia","0-130",1
2022-07-02,"55","Wisconsin","0-130",8
2022-07-02,"56","Wyoming","0-130",1
2022-07-09,"01","Alabama","0-130",15
2022-07-09,"02","Alaska","0-130",3
2022-07-09,"60","American Samoa","0-130",0
2022-07-09,"04","Arizona","0-130",14
2022-07-09,"05","Arkansas","0-130",5
2022-07-09,"06","California","0-130",115
2022-07-09,"08","Colorado","0-130",11
2022-07-09,"09","Connecticut","0-130",5
2022-07-09,"11","District of Columbia","0-130",2
2022-07-09,"12","Florida","0-130",161
2022-07-09,"13","Georgia","0-130",28
2022-07-09,"66","Guam","0-130",1
2022-07-09,"15","Hawaii","0-130",3
2022-07-09,"16","Idaho","0-130",3
2022-07-09,"17","Illinois","0-130",10
2022-07-09,"18","Indiana","0-130",8
2022-07-09,"19","Iowa","0-130",3
2022-07-09,"20","Kansas","0-130",3
2022-07-09,"21","Kentucky","0-130",6
2022-07-09,"22","Louisiana","0-130",1
2022-07-09,"23","Maine","0-130",1
2022-07-09,"24","Maryland","0-130",12
2022-07-09,"25","Massachusetts","0-130",6
2022-07-09,"26","Michigan","0-130",9
2022-07-09,"27","Minnesota","0-130",2
2022-07-09,"28","Mississippi","0-130",21
2022-07-09,"29","Missouri","0-130",14
2022-07-09,"30","Montana","0-130",2
2022-07-09,"31","Nebraska","0-130",5
2022-07-09,"32","Nevada","0-130",20
2022-07-09,"33","New Hampshire","0-130",1
2022-07-09,"34","New Jersey","0-130",15
2022-07-09,"35","New Mexico","0-130",0
2022-07-09,"36","New York","0-130",36
2022-07-09,"37","North Carolina","0-130",15
2022-07-09,"38","North Dakota","0-130",0
2022-07-09,"39","Ohio","0-130",6
2022-07-09,"40","Oklahoma","0-130",26
2022-07-09,"41","Oregon","0-130",0
2022-07-09,"42","Pennsylvania","0-130",32
2022-07-09,"72","Puerto Rico","0-130",13
2022-07-09,"44","Rhode Island","0-130",9
2022-07-09,"45","South Carolina","0-130",8
2022-07-09,"46","South Dakota","0-130",0
2022-07-09,"47","Tennessee","0-130",9
2022-07-09,"48","Texas","0-130",56
2022-07-09,"US","US","0-130",776
2022-07-09,"49","Utah","0-130",0
2022-07-09,"50","Vermont","0-130",1
2022-07-09,"78","Virgin Islands","0-130",0
2022-07-09,"51","Virginia","0-130",20
2022-07-09,"53","Washington","0-130",31
2022-07-09,"54","West Virginia","0-130",6
2022-07-09,"55","Wisconsin","0-130",1
2022-07-09,"56","Wyoming","0-130",2
2022-07-16,"01","Alabama","0-130",33
2022-07-16,"02","Alaska","0-130",0
2022-07-16,"60","American Samoa","0-130",0
2022-07-16,"04","Arizona","0-130",9
2022-07-16,"05","Arkansas","0-130",19
2022-07-16,"06","California","0-130",99
2022-07-16,"08","Colorado","0-130",9
2022-07-16,"09","Connecticut","0-130",3
2022-07-16,"11","District of Columbia","0-130",1
2022-07-16,"12","Florida","0-130",124
2022-07-16,"13","Georgia","0-130",27
2022-07-16,"66","Guam","0-130",1
2022-07-16,"15","Hawaii","0-130",0
2022-07-16,"16","Idaho","0-130",4
2022-07-16,"17","Illinois","0-130",11
2022-07-16,"18","Indiana","0-130",9
2022-07-16,"19","Iowa","0-130",0
2022-07-16,"20","Kansas","0-130",0
2022-07-16,"21","Kentucky","0-130",3
2022-07-16,"22","Louisiana","0-130",4
2022-07-16,"23","Maine","0-130",0
2022-07-16,"24","Maryland","0-130",7
2022-07-16,"25","Massachusetts","0-130",6
2022-07-16,"26","Michigan","0-130",5
2022-07-16,"27","Minnesota","0-130",2
2022-07-16,"28","Mississippi","0-130",20
2022-07-16,"29","Missouri","0-130",12
2022-07-16,"30","Montana","0-130",2
2022-07-16,"31","Nebraska","0-130",7
2022-07-16,"32","Nevada","0-130",18
2022-07-16,"33","New Hampshire","0-130",0
2022-07-16,"34","New Jersey","0-130",17
2022-07-16,"35","New Mexico","0-130",5
2022-07-16,"36","New York","0-130",38
2022-07-16,"37","North Carolina","0-130",41
2022-07-16,"38","North Dakota","0-130",1
2022-07-16,"69","Northern Mariana Islands","0-130",NA
2022-07-16,"39","Ohio","0-130",5
2022-07-16,"40","Oklahoma","0-130",24
2022-07-16,"41","Oregon","0-130",7
2022-07-16,"42","Pennsylvania","0-130",21
2022-07-16,"72","Puerto Rico","0-130",15
2022-07-16,"44","Rhode Island","0-130",1
2022-07-16,"45","South Carolina","0-130",4
2022-07-16,"46","South Dakota","0-130",0
2022-07-16,"47","Tennessee","0-130",7
2022-07-16,"48","Texas","0-130",83
2022-07-16,"US","US","0-130",766
2022-07-16,"49","Utah","0-130",0
2022-07-16,"50","Vermont","0-130",1
2022-07-16,"78","Virgin Islands","0-130",0
2022-07-16,"51","Virginia","0-130",19
2022-07-16,"53","Washington","0-130",30
2022-07-16,"54","West Virginia","0-130",6
2022-07-16,"55","Wisconsin","0-130",2
2022-07-16,"56","Wyoming","0-130",3
2022-07-23,"01","Alabama","0-130",5
2022-07-23,"02","Alaska","0-130",0
2022-07-23,"60","American Samoa","0-130",0
2022-07-23,"04","Arizona","0-130",13
2022-07-23,"05","Arkansas","0-130",10
2022-07-23,"06","California","0-130",61
2022-07-23,"08","Colorado","0-130",9
2022-07-23,"09","Connecticut","0-130",6
2022-07-23,"11","District of Columbia","0-130",0
2022-07-23,"12","Florida","0-130",89
2022-07-23,"13","Georgia","0-130",28
2022-07-23,"66","Guam","0-130",1
2022-07-23,"15","Hawaii","0-130",1
2022-07-23,"16","Idaho","0-130",0
2022-07-23,"17","Illinois","0-130",4
2022-07-23,"18","Indiana","0-130",7
2022-07-23,"19","Iowa","0-130",0
2022-07-23,"20","Kansas","0-130",2
2022-07-23,"21","Kentucky","0-130",1
2022-07-23,"22","Louisiana","0-130",18
2022-07-23,"23","Maine","0-130",1
2022-07-23,"24","Maryland","0-130",3
2022-07-23,"25","Massachusetts","0-130",3
2022-07-23,"26","Michigan","0-130",7
2022-07-23,"27","Minnesota","0-130",3
2022-07-23,"28","Mississippi","0-130",23
2022-07-23,"29","Missouri","0-130",25
2022-07-23,"30","Montana","0-130",0
2022-07-23,"31","Nebraska","0-130",1
2022-07-23,"32","Nevada","0-130",4
2022-07-23,"33","New Hampshire","0-130",1
2022-07-23,"34","New Jersey","0-130",8
2022-07-23,"35","New Mexico","0-130",4
2022-07-23,"36","New York","0-130",10
2022-07-23,"37","North Carolina","0-130",38
2022-07-23,"38","North Dakota","0-130",2
2022-07-23,"69","Northern Mariana Islands","0-130",0
2022-07-23,"39","Ohio","0-130",11
2022-07-23,"40","Oklahoma","0-130",5
2022-07-23,"41","Oregon","0-130",1
2022-07-23,"42","Pennsylvania","0-130",28
2022-07-23,"72","Puerto Rico","0-130",13
2022-07-23,"44","Rhode Island","0-130",0
2022-07-23,"45","South Carolina","0-130",26
2022-07-23,"46","South Dakota","0-130",6
2022-07-23,"47","Tennessee","0-130",11
2022-07-23,"48","Texas","0-130",81
2022-07-23,"US","US","0-130",627
2022-07-23,"49","Utah","0-130",0
2022-07-23,"50","Vermont","0-130",0
2022-07-23,"78","Virgin Islands","0-130",0
2022-07-23,"51","Virginia","0-130",33
2022-07-23,"53","Washington","0-130",23
2022-07-23,"54","West Virginia","0-130",1
2022-07-23,"55","Wisconsin","0-130",0
2022-07-23,"56","Wyoming","0-130",0
2022-07-30,"01","Alabama","0-130",9
2022-07-30,"02","Alaska","0-130",0
2022-07-30,"60","American Samoa","0-130",1
2022-07-30,"04","Arizona","0-130",15
2022-07-30,"05","Arkansas","0-130",1
2022-07-30,"06","California","0-130",47
2022-07-30,"08","Colorado","0-130",8
2022-07-30,"09","Connecticut","0-130",3
2022-07-30,"11","District of Columbia","0-130",0
2022-07-30,"12","Florida","0-130",74
2022-07-30,"13","Georgia","0-130",39
2022-07-30,"66","Guam","0-130",1
2022-07-30,"15","Hawaii","0-130",2
2022-07-30,"16","Idaho","0-130",1
2022-07-30,"17","Illinois","0-130",9
2022-07-30,"18","Indiana","0-130",10
2022-07-30,"19","Iowa","0-130",0
2022-07-30,"20","Kansas","0-130",3
2022-07-30,"21","Kentucky","0-130",6
2022-07-30,"22","Louisiana","0-130",4
2022-07-30,"23","Maine","0-130",0
2022-07-30,"24","Maryland","0-130",3
2022-07-30,"25","Massachusetts","0-130",3
2022-07-30,"26","Michigan","0-130",4
2022-07-30,"27","Minnesota","0-130",3
2022-07-30,"28","Mississippi","0-130",18
2022-07-30,"29","Missouri","0-130",12
2022-07-30,"30","Montana","0-130",0
2022-07-30,"31","Nebraska","0-130",3
2022-07-30,"32","Nevada","0-130",5
2022-07-30,"33","New Hampshire","0-130",1
2022-07-30,"34","New Jersey","0-130",9
2022-07-30,"35","New Mexico","0-130",1
2022-07-30,"36","New York","0-130",17
2022-07-30,"37","North Carolina","0-130",11
2022-07-30,"38","North Dakota","0-130",0
2022-07-30,"69","Northern Mariana Islands","0-130",0
2022-07-30,"39","Ohio","0-130",7
2022-07-30,"40","Oklahoma","0-130",6
2022-07-30,"41","Oregon","0-130",1
2022-07-30,"42","Pennsylvania","0-130",26
2022-07-30,"72","Puerto Rico","0-130",15
2022-07-30,"44","Rhode Island","0-130",0
2022-07-30,"45","South Carolina","0-130",15
2022-07-30,"46","South Dakota","0-130",8
2022-07-30,"47","Tennessee","0-130",14
2022-07-30,"48","Texas","0-130",62
2022-07-30,"US","US","0-130",522
2022-07-30,"49","Utah","0-130",1
2022-07-30,"50","Vermont","0-130",0
2022-07-30,"78","Virgin Islands","0-130",0
2022-07-30,"51","Virginia","0-130",27
2022-07-30,"53","Washington","0-130",13
2022-07-30,"54","West Virginia","0-130",0
2022-07-30,"55","Wisconsin","0-130",2
2022-07-30,"56","Wyoming","0-130",2
2022-08-06,"01","Alabama","0-130",9
2022-08-06,"02","Alaska","0-130",0
2022-08-06,"60","American Samoa","0-130",0
2022-08-06,"04","Arizona","0-130",5
2022-08-06,"05","Arkansas","0-130",3
2022-08-06,"06","California","0-130",38
2022-08-06,"08","Colorado","0-130",12
2022-08-06,"09","Connecticut","0-130",3
2022-08-06,"11","District of Columbia","0-130",2
2022-08-06,"12","Florida","0-130",69
2022-08-06,"13","Georgia","0-130",33
2022-08-06,"66","Guam","0-130",2
2022-08-06,"15","Hawaii","0-130",3
2022-08-06,"16","Idaho","0-130",2
2022-08-06,"17","Illinois","0-130",13
2022-08-06,"18","Indiana","0-130",10
2022-08-06,"19","Iowa","0-130",1
2022-08-06,"20","Kansas","0-130",2
2022-08-06,"21","Kentucky","0-130",1
2022-08-06,"22","Louisiana","0-130",6
2022-08-06,"23","Maine","0-130",0
2022-08-06,"24","Maryland","0-130",2
2022-08-06,"25","Massachusetts","0-130",5
2022-08-06,"26","Michigan","0-130",1
2022-08-06,"27","Minnesota","0-130",2
2022-08-06,"28","Mississippi","0-130",19
2022-08-06,"29","Missouri","0-130",23
2022-08-06,"30","Montana","0-130",0
2022-08-06,"31","Nebraska","0-130",3
2022-08-06,"32","Nevada","0-130",1
2022-08-06,"33","New Hampshire","0-130",0
2022-08-06,"34","New Jersey","0-130",16
2022-08-06,"35","New Mexico","0-130",1
2022-08-06,"36","New York","0-130",11
2022-08-06,"37","North Carolina","0-130",1
2022-08-06,"38","North Dakota","0-130",1
2022-08-06,"69","Northern Mariana Islands","0-130",0
2022-08-06,"39","Ohio","0-130",4
2022-08-06,"40","Oklahoma","0-130",22
2022-08-06,"41","Oregon","0-130",1
2022-08-06,"42","Pennsylvania","0-130",23
2022-08-06,"72","Puerto Rico","0-130",10
2022-08-06,"44","Rhode Island","0-130",0
2022-08-06,"45","South Carolina","0-130",6
2022-08-06,"46","South Dakota","0-130",5
2022-08-06,"47","Tennessee","0-130",17
2022-08-06,"48","Texas","0-130",60
2022-08-06,"US","US","0-130",486
2022-08-06,"49","Utah","0-130",0
2022-08-06,"50","Vermont","0-130",0
2022-08-06,"78","Virgin Islands","0-130",0
2022-08-06,"51","Virginia","0-130",15
2022-08-06,"53","Washington","0-130",17
2022-08-06,"54","West Virginia","0-130",0
2022-08-06,"55","Wisconsin","0-130",6
2022-08-06,"56","Wyoming","0-130",0
2022-08-13,"01","Alabama","0-130",8
2022-08-13,"02","Alaska","0-130",1
2022-08-13,"60","American Samoa","0-130",0
2022-08-13,"04","Arizona","0-130",8
2022-08-13,"05","Arkansas","0-130",7
2022-08-13,"06","California","0-130",39
2022-08-13,"08","Colorado","0-130",10
2022-08-13,"09","Connecticut","0-130",1
2022-08-13,"11","District of Columbia","0-130",0
2022-08-13,"12","Florida","0-130",74
2022-08-13,"13","Georgia","0-130",19
2022-08-13,"66","Guam","0-130",1
2022-08-13,"15","Hawaii","0-130",1
2022-08-13,"16","Idaho","0-130",0
2022-08-13,"17","Illinois","0-130",11
2022-08-13,"18","Indiana","0-130",4
2022-08-13,"19","Iowa","0-130",1
2022-08-13,"20","Kansas","0-130",1
2022-08-13,"21","Kentucky","0-130",4
2022-08-13,"22","Louisiana","0-130",13
2022-08-13,"23","Maine","0-130",2
2022-08-13,"24","Maryland","0-130",5
2022-08-13,"25","Massachusetts","0-130",3
2022-08-13,"26","Michigan","0-130",3
2022-08-13,"27","Minnesota","0-130",5
2022-08-13,"28","Mississippi","0-130",14
2022-08-13,"29","Missouri","0-130",12
2022-08-13,"30","Montana","0-130",0
2022-08-13,"31","Nebraska","0-130",0
2022-08-13,"32","Nevada","0-130",0
2022-08-13,"33","New Hampshire","0-130",0
2022-08-13,"34","New Jersey","0-130",9
2022-08-13,"35","New Mexico","0-130",10
2022-08-13,"36","New York","0-130",11
2022-08-13,"37","North Carolina","0-130",9
2022-08-13,"38","North Dakota","0-130",3
2022-08-13,"39","Ohio","0-130",1
2022-08-13,"40","Oklahoma","0-130",11
2022-08-13,"41","Oregon","0-130",2
2022-08-13,"42","Pennsylvania","0-130",27
2022-08-13,"72","Puerto Rico","0-130",23
2022-08-13,"44","Rhode Island","0-130",0
2022-08-13,"45","South Carolina","0-130",6
2022-08-13,"46","South Dakota","0-130",7
2022-08-13,"47","Tennessee","0-130",16
2022-08-13,"48","Texas","0-130",64
2022-08-13,"US","US","0-130",490
2022-08-13,"49","Utah","0-130",0
2022-08-13,"50","Vermont","0-130",0
2022-08-13,"78","Virgin Islands","0-130",0
2022-08-13,"51","Virginia","0-130",28
2022-08-13,"53","Washington","0-130",15
2022-08-13,"54","West Virginia","0-130",0
2022-08-13,"55","Wisconsin","0-130",1
2022-08-13,"56","Wyoming","0-130",0
2022-08-20,"01","Alabama","0-130",5
2022-08-20,"02","Alaska","0-130",1
2022-08-20,"60","American Samoa","0-130",0
2022-08-20,"04","Arizona","0-130",14
2022-08-20,"05","Arkansas","0-130",3
2022-08-20,"06","California","0-130",35
2022-08-20,"08","Colorado","0-130",10
2022-08-20,"09","Connecticut","0-130",2
2022-08-20,"11","District of Columbia","0-130",0
2022-08-20,"12","Florida","0-130",60
2022-08-20,"13","Georgia","0-130",13
2022-08-20,"66","Guam","0-130",3
2022-08-20,"15","Hawaii","0-130",1
2022-08-20,"16","Idaho","0-130",1
2022-08-20,"17","Illinois","0-130",12
2022-08-20,"18","Indiana","0-130",11
2022-08-20,"19","Iowa","0-130",4
2022-08-20,"20","Kansas","0-130",2
2022-08-20,"21","Kentucky","0-130",3
2022-08-20,"22","Louisiana","0-130",8
2022-08-20,"23","Maine","0-130",0
2022-08-20,"24","Maryland","0-130",6
2022-08-20,"25","Massachusetts","0-130",2
2022-08-20,"26","Michigan","0-130",2
2022-08-20,"27","Minnesota","0-130",0
2022-08-20,"28","Mississippi","0-130",13
2022-08-20,"29","Missouri","0-130",15
2022-08-20,"30","Montana","0-130",1
2022-08-20,"31","Nebraska","0-130",6
2022-08-20,"32","Nevada","0-130",1
2022-08-20,"33","New Hampshire","0-130",0
2022-08-20,"34","New Jersey","0-130",7
2022-08-20,"35","New Mexico","0-130",6
2022-08-20,"36","New York","0-130",16
2022-08-20,"37","North Carolina","0-130",12
2022-08-20,"38","North Dakota","0-130",0
2022-08-20,"39","Ohio","0-130",10
2022-08-20,"40","Oklahoma","0-130",4
2022-08-20,"41","Oregon","0-130",0
2022-08-20,"42","Pennsylvania","0-130",38
2022-08-20,"72","Puerto Rico","0-130",13
2022-08-20,"44","Rhode Island","0-130",0
2022-08-20,"45","South Carolina","0-130",3
2022-08-20,"46","South Dakota","0-130",7
2022-08-20,"47","Tennessee","0-130",13
2022-08-20,"48","Texas","0-130",89
2022-08-20,"US","US","0-130",483
2022-08-20,"49","Utah","0-130",1
2022-08-20,"50","Vermont","0-130",0
2022-08-20,"78","Virgin Islands","0-130",0
2022-08-20,"51","Virginia","0-130",16
2022-08-20,"53","Washington","0-130",12
2022-08-20,"54","West Virginia","0-130",1
2022-08-20,"55","Wisconsin","0-130",1
2022-08-20,"56","Wyoming","0-130",0
2022-08-27,"01","Alabama","0-130",10
2022-08-27,"02","Alaska","0-130",1
2022-08-27,"60","American Samoa","0-130",0
2022-08-27,"04","Arizona","0-130",16
2022-08-27,"05","Arkansas","0-130",3
2022-08-27,"06","California","0-130",29
2022-08-27,"08","Colorado","0-130",1
2022-08-27,"09","Connecticut","0-130",8
2022-08-27,"11","District of Columbia","0-130",1
2022-08-27,"12","Florida","0-130",65
2022-08-27,"13","Georgia","0-130",26
2022-08-27,"66","Guam","0-130",1
2022-08-27,"15","Hawaii","0-130",1
2022-08-27,"16","Idaho","0-130",0
2022-08-27,"17","Illinois","0-130",16
2022-08-27,"18","Indiana","0-130",15
2022-08-27,"19","Iowa","0-130",1
2022-08-27,"20","Kansas","0-130",1
2022-08-27,"21","Kentucky","0-130",4
2022-08-27,"22","Louisiana","0-130",11
2022-08-27,"23","Maine","0-130",0
2022-08-27,"24","Maryland","0-130",4
2022-08-27,"25","Massachusetts","0-130",3
2022-08-27,"26","Michigan","0-130",2
2022-08-27,"27","Minnesota","0-130",1
2022-08-27,"28","Mississippi","0-130",13
2022-08-27,"29","Missouri","0-130",2
2022-08-27,"30","Montana","0-130",0
2022-08-27,"31","Nebraska","0-130",9
2022-08-27,"32","Nevada","0-130",5
2022-08-27,"33","New Hampshire","0-130",0
2022-08-27,"34","New Jersey","0-130",12
2022-08-27,"35","New Mexico","0-130",6
2022-08-27,"36","New York","0-130",24
2022-08-27,"37","North Carolina","0-130",11
2022-08-27,"38","North Dakota","0-130",0
2022-08-27,"39","Ohio","0-130",10
2022-08-27,"40","Oklahoma","0-130",8
2022-08-27,"41","Oregon","0-130",0
2022-08-27,"42","Pennsylvania","0-130",23
2022-08-27,"72","Puerto Rico","0-130",20
2022-08-27,"44","Rhode Island","0-130",0
2022-08-27,"45","South Carolina","0-130",3
2022-08-27,"46","South Dakota","0-130",7
2022-08-27,"47","Tennessee","0-130",15
2022-08-27,"48","Texas","0-130",71
2022-08-27,"US","US","0-130",482
2022-08-27,"49","Utah","0-130",0
2022-08-27,"50","Vermont","0-130",0
2022-08-27,"78","Virgin Islands","0-130",0
2022-08-27,"51","Virginia","0-130",14
2022-08-27,"53","Washington","0-130",7
2022-08-27,"54","West Virginia","0-130",0
2022-08-27,"55","Wisconsin","0-130",2
2022-08-27,"56","Wyoming","0-130",0
2022-09-03,"01","Alabama","0-130",13
2022-09-03,"02","Alaska","0-130",0
2022-09-03,"60","American Samoa","0-130",0
2022-09-03,"04","Arizona","0-130",14
2022-09-03,"05","Arkansas","0-130",6
2022-09-03,"06","California","0-130",33
2022-09-03,"08","Colorado","0-130",1
2022-09-03,"09","Connecticut","0-130",4
2022-09-03,"11","District of Columbia","0-130",0
2022-09-03,"12","Florida","0-130",53
2022-09-03,"13","Georgia","0-130",20
2022-09-03,"66","Guam","0-130",2
2022-09-03,"15","Hawaii","0-130",2
2022-09-03,"16","Idaho","0-130",3
2022-09-03,"17","Illinois","0-130",10
2022-09-03,"18","Indiana","0-130",18
2022-09-03,"19","Iowa","0-130",3
2022-09-03,"20","Kansas","0-130",0
2022-09-03,"21","Kentucky","0-130",4
2022-09-03,"22","Louisiana","0-130",10
2022-09-03,"23","Maine","0-130",0
2022-09-03,"24","Maryland","0-130",0
2022-09-03,"25","Massachusetts","0-130",4
2022-09-03,"26","Michigan","0-130",1
2022-09-03,"27","Minnesota","0-130",1
2022-09-03,"28","Mississippi","0-130",21
2022-09-03,"29","Missouri","0-130",8
2022-09-03,"30","Montana","0-130",0
2022-09-03,"31","Nebraska","0-130",8
2022-09-03,"32","Nevada","0-130",7
2022-09-03,"33","New Hampshire","0-130",0
2022-09-03,"34","New Jersey","0-130",8
2022-09-03,"35","New Mexico","0-130",17
2022-09-03,"36","New York","0-130",23
2022-09-03,"37","North Carolina","0-130",6
2022-09-03,"38","North Dakota","0-130",1
2022-09-03,"39","Ohio","0-130",13
2022-09-03,"40","Oklahoma","0-130",7
2022-09-03,"41","Oregon","0-130",0
2022-09-03,"42","Pennsylvania","0-130",29
2022-09-03,"72","Puerto Rico","0-130",23
2022-09-03,"44","Rhode Island","0-130",0
2022-09-03,"45","South Carolina","0-130",9
2022-09-03,"46","South Dakota","0-130",7
2022-09-03,"47","Tennessee","0-130",14
2022-09-03,"48","Texas","0-130",95
2022-09-03,"US","US","0-130",545
2022-09-03,"49","Utah","0-130",1
2022-09-03,"50","Vermont","0-130",1
2022-09-03,"78","Virgin Islands","0-130",0
2022-09-03,"51","Virginia","0-130",24
2022-09-03,"53","Washington","0-130",17
2022-09-03,"54","West Virginia","0-130",0
2022-09-03,"55","Wisconsin","0-130",3
2022-09-03,"56","Wyoming","0-130",0
2022-09-10,"01","Alabama","0-130",12
2022-09-10,"02","Alaska","0-130",5
2022-09-10,"60","American Samoa","0-130",0
2022-09-10,"04","Arizona","0-130",4
2022-09-10,"05","Arkansas","0-130",6
2022-09-10,"06","California","0-130",36
2022-09-10,"08","Colorado","0-130",2
2022-09-10,"09","Connecticut","0-130",3
2022-09-10,"11","District of Columbia","0-130",0
2022-09-10,"12","Florida","0-130",50
2022-09-10,"13","Georgia","0-130",43
2022-09-10,"66","Guam","0-130",1
2022-09-10,"15","Hawaii","0-130",1
2022-09-10,"16","Idaho","0-130",0
2022-09-10,"17","Illinois","0-130",5
2022-09-10,"18","Indiana","0-130",26
2022-09-10,"19","Iowa","0-130",0
2022-09-10,"20","Kansas","0-130",1
2022-09-10,"21","Kentucky","0-130",8
2022-09-10,"22","Louisiana","0-130",16
2022-09-10,"23","Maine","0-130",0
2022-09-10,"24","Maryland","0-130",3
2022-09-10,"25","Massachusetts","0-130",1
2022-09-10,"26","Michigan","0-130",9
2022-09-10,"27","Minnesota","0-130",1
2022-09-10,"28","Mississippi","0-130",18
2022-09-10,"29","Missouri","0-130",4
2022-09-10,"30","Montana","0-130",0
2022-09-10,"31","Nebraska","0-130",2
2022-09-10,"32","Nevada","0-130",1
2022-09-10,"33","New Hampshire","0-130",0
2022-09-10,"34","New Jersey","0-130",7
2022-09-10,"35","New Mexico","0-130",11
2022-09-10,"36","New York","0-130",15
2022-09-10,"37","North Carolina","0-130",13
2022-09-10,"38","North Dakota","0-130",0
2022-09-10,"69","Northern Mariana Islands","0-130",NA
2022-09-10,"39","Ohio","0-130",16
2022-09-10,"40","Oklahoma","0-130",11
2022-09-10,"41","Oregon","0-130",1
2022-09-10,"42","Pennsylvania","0-130",37
2022-09-10,"72","Puerto Rico","0-130",37
2022-09-10,"44","Rhode Island","0-130",0
2022-09-10,"45","South Carolina","0-130",7
2022-09-10,"46","South Dakota","0-130",7
2022-09-10,"47","Tennessee","0-130",20
2022-09-10,"48","Texas","0-130",105
2022-09-10,"US","US","0-130",576
2022-09-10,"49","Utah","0-130",1
2022-09-10,"50","Vermont","0-130",0
2022-09-10,"78","Virgin Islands","0-130",0
2022-09-10,"51","Virginia","0-130",20
2022-09-10,"53","Washington","0-130",10
2022-09-10,"54","West Virginia","0-130",0
2022-09-10,"55","Wisconsin","0-130",0
2022-09-10,"56","Wyoming","0-130",0
2022-09-17,"01","Alabama","0-130",22
2022-09-17,"02","Alaska","0-130",0
2022-09-17,"60","American Samoa","0-130",0
2022-09-17,"04","Arizona","0-130",7
2022-09-17,"05","Arkansas","0-130",5
2022-09-17,"06","California","0-130",21
2022-09-17,"08","Colorado","0-130",3
2022-09-17,"09","Connecticut","0-130",5
2022-09-17,"11","District of Columbia","0-130",0
2022-09-17,"12","Florida","0-130",79
2022-09-17,"13","Georgia","0-130",46
2022-09-17,"66","Guam","0-130",1
2022-09-17,"15","Hawaii","0-130",2
2022-09-17,"16","Idaho","0-130",0
2022-09-17,"17","Illinois","0-130",4
2022-09-17,"18","Indiana","0-130",26
2022-09-17,"19","Iowa","0-130",1
2022-09-17,"20","Kansas","0-130",0
2022-09-17,"21","Kentucky","0-130",5
2022-09-17,"22","Louisiana","0-130",19
2022-09-17,"23","Maine","0-130",0
2022-09-17,"24","Maryland","0-130",8
2022-09-17,"25","Massachusetts","0-130",3
2022-09-17,"26","Michigan","0-130",2
2022-09-17,"27","Minnesota","0-130",0
2022-09-17,"28","Mississippi","0-130",36
2022-09-17,"29","Missouri","0-130",6
2022-09-17,"30","Montana","0-130",1
2022-09-17,"31","Nebraska","0-130",9
2022-09-17,"32","Nevada","0-130",8
2022-09-17,"33","New Hampshire","0-130",3
2022-09-17,"34","New Jersey","0-130",10
2022-09-17,"35","New Mexico","0-130",4
2022-09-17,"36","New York","0-130",20
2022-09-17,"37","North Carolina","0-130",17
2022-09-17,"38","North Dakota","0-130",0
2022-09-17,"69","Northern Mariana Islands","0-130",0
2022-09-17,"39","Ohio","0-130",7
2022-09-17,"40","Oklahoma","0-130",12
2022-09-17,"41","Oregon","0-130",0
2022-09-17,"42","Pennsylvania","0-130",32
2022-09-17,"72","Puerto Rico","0-130",39
2022-09-17,"44","Rhode Island","0-130",0
2022-09-17,"45","South Carolina","0-130",9
2022-09-17,"46","South Dakota","0-130",7
2022-09-17,"47","Tennessee","0-130",17
2022-09-17,"48","Texas","0-130",123
2022-09-17,"US","US","0-130",665
2022-09-17,"49","Utah","0-130",0
2022-09-17,"50","Vermont","0-130",0
2022-09-17,"78","Virgin Islands","0-130",0
2022-09-17,"51","Virginia","0-130",27
2022-09-17,"53","Washington","0-130",16
2022-09-17,"54","West Virginia","0-130",1
2022-09-17,"55","Wisconsin","0-130",0
2022-09-17,"56","Wyoming","0-130",0
2022-09-24,"01","Alabama","0-130",20
2022-09-24,"02","Alaska","0-130",0
2022-09-24,"60","American Samoa","0-130",0
2022-09-24,"04","Arizona","0-130",9
2022-09-24,"05","Arkansas","0-130",7
2022-09-24,"06","California","0-130",35
2022-09-24,"08","Colorado","0-130",4
2022-09-24,"09","Connecticut","0-130",3
2022-09-24,"11","District of Columbia","0-130",1
2022-09-24,"12","Florida","0-130",78
2022-09-24,"13","Georgia","0-130",55
2022-09-24,"66","Guam","0-130",0
2022-09-24,"15","Hawaii","0-130",3
2022-09-24,"16","Idaho","0-130",3
2022-09-24,"17","Illinois","0-130",15
2022-09-24,"18","Indiana","0-130",32
2022-09-24,"19","Iowa","0-130",2
2022-09-24,"20","Kansas","0-130",1
2022-09-24,"21","Kentucky","0-130",10
2022-09-24,"22","Louisiana","0-130",18
2022-09-24,"23","Maine","0-130",0
2022-09-24,"24","Maryland","0-130",3
2022-09-24,"25","Massachusetts","0-130",4
2022-09-24,"26","Michigan","0-130",7
2022-09-24,"27","Minnesota","0-130",2
2022-09-24,"28","Mississippi","0-130",20
2022-09-24,"29","Missouri","0-130",8
2022-09-24,"30","Montana","0-130",0
2022-09-24,"31","Nebraska","0-130",2
2022-09-24,"32","Nevada","0-130",11
2022-09-24,"33","New Hampshire","0-130",1
2022-09-24,"34","New Jersey","0-130",15
2022-09-24,"35","New Mexico","0-130",6
2022-09-24,"36","New York","0-130",21
2022-09-24,"37","North Carolina","0-130",11
2022-09-24,"38","North Dakota","0-130",1
2022-09-24,"39","Ohio","0-130",11
2022-09-24,"40","Oklahoma","0-130",6
2022-09-24,"41","Oregon","0-130",2
2022-09-24,"42","Pennsylvania","0-130",34
2022-09-24,"72","Puerto Rico","0-130",35
2022-09-24,"44","Rhode Island","0-130",0
2022-09-24,"45","South Carolina","0-130",17
2022-09-24,"46","South Dakota","0-130",7
2022-09-24,"47","Tennessee","0-130",32
2022-09-24,"48","Texas","0-130",215
2022-09-24,"US","US","0-130",796
2022-09-24,"49","Utah","0-130",1
2022-09-24,"50","Vermont","0-130",0
2022-09-24,"78","Virgin Islands","0-130",0
2022-09-24,"51","Virginia","0-130",16
2022-09-24,"53","Washington","0-130",7
2022-09-24,"54","West Virginia","0-130",1
2022-09-24,"55","Wisconsin","0-130",4
2022-09-24,"56","Wyoming","0-130",0
2022-10-01,"01","Alabama","0-130",28
2022-10-01,"02","Alaska","0-130",2
2022-10-01,"60","American Samoa","0-130",0
2022-10-01,"04","Arizona","0-130",10
2022-10-01,"05","Arkansas","0-130",10
2022-10-01,"06","California","0-130",68
2022-10-01,"08","Colorado","0-130",3
2022-10-01,"09","Connecticut","0-130",2
2022-10-01,"11","District of Columbia","0-130",0
2022-10-01,"12","Florida","0-130",78
2022-10-01,"13","Georgia","0-130",77
2022-10-01,"66","Guam","0-130",0
2022-10-01,"15","Hawaii","0-130",4
2022-10-01,"16","Idaho","0-130",3
2022-10-01,"17","Illinois","0-130",10
2022-10-01,"18","Indiana","0-130",38
2022-10-01,"19","Iowa","0-130",9
2022-10-01,"20","Kansas","0-130",1
2022-10-01,"21","Kentucky","0-130",4
2022-10-01,"22","Louisiana","0-130",47
2022-10-01,"23","Maine","0-130",0
2022-10-01,"24","Maryland","0-130",6
2022-10-01,"25","Massachusetts","0-130",4
2022-10-01,"26","Michigan","0-130",4
2022-10-01,"27","Minnesota","0-130",2
2022-10-01,"28","Mississippi","0-130",29
2022-10-01,"29","Missouri","0-130",12
2022-10-01,"30","Montana","0-130",2
2022-10-01,"31","Nebraska","0-130",18
2022-10-01,"32","Nevada","0-130",15
2022-10-01,"33","New Hampshire","0-130",1
2022-10-01,"34","New Jersey","0-130",21
2022-10-01,"35","New Mexico","0-130",14
2022-10-01,"36","New York","0-130",28
2022-10-01,"37","North Carolina","0-130",21
2022-10-01,"38","North Dakota","0-130",0
2022-10-01,"39","Ohio","0-130",15
2022-10-01,"40","Oklahoma","0-130",8
2022-10-01,"41","Oregon","0-130",1
2022-10-01,"42","Pennsylvania","0-130",45
2022-10-01,"72","Puerto Rico","0-130",45
2022-10-01,"44","Rhode Island","0-130",1
2022-10-01,"45","South Carolina","0-130",18
2022-10-01,"46","South Dakota","0-130",10
2022-10-01,"47","Tennessee","0-130",38
2022-10-01,"48","Texas","0-130",127
2022-10-01,"US","US","0-130",921
2022-10-01,"49","Utah","0-130",0
2022-10-01,"50","Vermont","0-130",0
2022-10-01,"78","Virgin Islands","0-130",0
2022-10-01,"51","Virginia","0-130",29
2022-10-01,"53","Washington","0-130",11
2022-10-01,"54","West Virginia","0-130",1
2022-10-01,"55","Wisconsin","0-130",1
2022-10-01,"56","Wyoming","0-130",0
2022-10-08,"01","Alabama","0-130",42
2022-10-08,"02","Alaska","0-130",0
2022-10-08,"60","American Samoa","0-130",0
2022-10-08,"04","Arizona","0-130",13
2022-10-08,"05","Arkansas","0-130",22
2022-10-08,"06","California","0-130",92
2022-10-08,"08","Colorado","0-130",2
2022-10-08,"09","Connecticut","0-130",2
2022-10-08,"11","District of Columbia","0-130",1
2022-10-08,"12","Florida","0-130",113
2022-10-08,"13","Georgia","0-130",109
2022-10-08,"66","Guam","0-130",2
2022-10-08,"15","Hawaii","0-130",5
2022-10-08,"16","Idaho","0-130",1
2022-10-08,"17","Illinois","0-130",12
2022-10-08,"18","Indiana","0-130",46
2022-10-08,"19","Iowa","0-130",6
2022-10-08,"20","Kansas","0-130",7
2022-10-08,"21","Kentucky","0-130",7
2022-10-08,"22","Louisiana","0-130",67
2022-10-08,"23","Maine","0-130",1
2022-10-08,"24","Maryland","0-130",17
2022-10-08,"25","Massachusetts","0-130",6
2022-10-08,"26","Michigan","0-130",12
2022-10-08,"27","Minnesota","0-130",12
2022-10-08,"28","Mississippi","0-130",60
2022-10-08,"29","Missouri","0-130",6
2022-10-08,"30","Montana","0-130",0
2022-10-08,"31","Nebraska","0-130",20
2022-10-08,"32","Nevada","0-130",35
2022-10-08,"33","New Hampshire","0-130",0
2022-10-08,"34","New Jersey","0-130",24
2022-10-08,"35","New Mexico","0-130",25
2022-10-08,"36","New York","0-130",38
2022-10-08,"37","North Carolina","0-130",20
2022-10-08,"38","North Dakota","0-130",0
2022-10-08,"39","Ohio","0-130",17
2022-10-08,"40","Oklahoma","0-130",6
2022-10-08,"41","Oregon","0-130",0
2022-10-08,"42","Pennsylvania","0-130",58
2022-10-08,"72","Puerto Rico","0-130",33
2022-10-08,"44","Rhode Island","0-130",1
2022-10-08,"45","South Carolina","0-130",33
2022-10-08,"46","South Dakota","0-130",10
2022-10-08,"47","Tennessee","0-130",39
2022-10-08,"48","Texas","0-130",213
2022-10-08,"US","US","0-130",1306
2022-10-08,"49","Utah","0-130",0
2022-10-08,"50","Vermont","0-130",1
2022-10-08,"78","Virgin Islands","0-130",0
2022-10-08,"51","Virginia","0-130",48
2022-10-08,"53","Washington","0-130",15
2022-10-08,"54","West Virginia","0-130",5
2022-10-08,"55","Wisconsin","0-130",1
2022-10-08,"56","Wyoming","0-130",1
2022-10-15,"01","Alabama","0-130",87
2022-10-15,"02","Alaska","0-130",5
2022-10-15,"60","American Samoa","0-130",0
2022-10-15,"04","Arizona","0-130",11
2022-10-15,"05","Arkansas","0-130",37
2022-10-15,"06","California","0-130",87
2022-10-15,"08","Colorado","0-130",3
2022-10-15,"09","Connecticut","0-130",6
2022-10-15,"11","District of Columbia","0-130",2
2022-10-15,"12","Florida","0-130",101
2022-10-15,"13","Georgia","0-130",144
2022-10-15,"66","Guam","0-130",2
2022-10-15,"15","Hawaii","0-130",6
2022-10-15,"16","Idaho","0-130",1
2022-10-15,"17","Illinois","0-130",28
2022-10-15,"18","Indiana","0-130",54
2022-10-15,"19","Iowa","0-130",7
2022-10-15,"20","Kansas","0-130",4
2022-10-15,"21","Kentucky","0-130",23
2022-10-15,"22","Louisiana","0-130",98
2022-10-15,"23","Maine","0-130",0
2022-10-15,"24","Maryland","0-130",27
2022-10-15,"25","Massachusetts","0-130",7
2022-10-15,"26","Michigan","0-130",15
2022-10-15,"27","Minnesota","0-130",3
2022-10-15,"28","Mississippi","0-130",67
2022-10-15,"29","Missouri","0-130",10
2022-10-15,"30","Montana","0-130",0
2022-10-15,"31","Nebraska","0-130",11
2022-10-15,"32","Nevada","0-130",15
2022-10-15,"33","New Hampshire","0-130",0
2022-10-15,"34","New Jersey","0-130",32
2022-10-15,"35","New Mexico","0-130",23
2022-10-15,"36","New York","0-130",48
2022-10-15,"37","North Carolina","0-130",34
2022-10-15,"38","North Dakota","0-130",1
2022-10-15,"39","Ohio","0-130",32
2022-10-15,"40","Oklahoma","0-130",14
2022-10-15,"41","Oregon","0-130",3
2022-10-15,"42","Pennsylvania","0-130",77
2022-10-15,"72","Puerto Rico","0-130",43
2022-10-15,"44","Rhode Island","0-130",0
2022-10-15,"45","South Carolina","0-130",42
2022-10-15,"46","South Dakota","0-130",12
2022-10-15,"47","Tennessee","0-130",59
2022-10-15,"48","Texas","0-130",305
2022-10-15,"US","US","0-130",1670
2022-10-15,"49","Utah","0-130",3
2022-10-15,"50","Vermont","0-130",0
2022-10-15,"78","Virgin Islands","0-130",0
2022-10-15,"51","Virginia","0-130",53
2022-10-15,"53","Washington","0-130",13
2022-10-15,"54","West Virginia","0-130",11
2022-10-15,"55","Wisconsin","0-130",2
2022-10-15,"56","Wyoming","0-130",2
2022-10-22,"01","Alabama","0-130",141
2022-10-22,"02","Alaska","0-130",1
2022-10-22,"60","American Samoa","0-130",0
2022-10-22,"04","Arizona","0-130",24
2022-10-22,"05","Arkansas","0-130",47
2022-10-22,"06","California","0-130",121
2022-10-22,"08","Colorado","0-130",14
2022-10-22,"09","Connecticut","0-130",11
2022-10-22,"11","District of Columbia","0-130",5
2022-10-22,"12","Florida","0-130",124
2022-10-22,"13","Georgia","0-130",137
2022-10-22,"66","Guam","0-130",1
2022-10-22,"15","Hawaii","0-130",3
2022-10-22,"16","Idaho","0-130",1
2022-10-22,"17","Illinois","0-130",39
2022-10-22,"18","Indiana","0-130",69
2022-10-22,"19","Iowa","0-130",9
2022-10-22,"20","Kansas","0-130",16
2022-10-22,"21","Kentucky","0-130",13
2022-10-22,"22","Louisiana","0-130",129
2022-10-22,"23","Maine","0-130",0
2022-10-22,"24","Maryland","0-130",43
2022-10-22,"25","Massachusetts","0-130",9
2022-10-22,"26","Michigan","0-130",12
2022-10-22,"27","Minnesota","0-130",14
2022-10-22,"28","Mississippi","0-130",88
2022-10-22,"29","Missouri","0-130",23
2022-10-22,"30","Montana","0-130",0
2022-10-22,"31","Nebraska","0-130",12
2022-10-22,"32","Nevada","0-130",15
2022-10-22,"33","New Hampshire","0-130",1
2022-10-22,"34","New Jersey","0-130",35
2022-10-22,"35","New Mexico","0-130",26
2022-10-22,"36","New York","0-130",41
2022-10-22,"37","North Carolina","0-130",71
2022-10-22,"38","North Dakota","0-130",2
2022-10-22,"39","Ohio","0-130",33
2022-10-22,"40","Oklahoma","0-130",30
2022-10-22,"41","Oregon","0-130",6
2022-10-22,"42","Pennsylvania","0-130",91
2022-10-22,"72","Puerto Rico","0-130",49
2022-10-22,"44","Rhode Island","0-130",2
2022-10-22,"45","South Carolina","0-130",70
2022-10-22,"46","South Dakota","0-130",13
2022-10-22,"47","Tennessee","0-130",87
2022-10-22,"48","Texas","0-130",460
2022-10-22,"US","US","0-130",2271
2022-10-22,"49","Utah","0-130",6
2022-10-22,"50","Vermont","0-130",0
2022-10-22,"78","Virgin Islands","0-130",0
2022-10-22,"51","Virginia","0-130",77
2022-10-22,"53","Washington","0-130",21
2022-10-22,"54","West Virginia","0-130",15
2022-10-22,"55","Wisconsin","0-130",11
2022-10-22,"56","Wyoming","0-130",2
2022-10-29,"01","Alabama","0-130",271
2022-10-29,"02","Alaska","0-130",11
2022-10-29,"60","American Samoa","0-130",0
2022-10-29,"04","Arizona","0-130",26
2022-10-29,"05","Arkansas","0-130",77
2022-10-29,"06","California","0-130",199
2022-10-29,"08","Colorado","0-130",27
2022-10-29,"09","Connecticut","0-130",36
2022-10-29,"11","District of Columbia","0-130",11
2022-10-29,"12","Florida","0-130",241
2022-10-29,"13","Georgia","0-130",216
2022-10-29,"66","Guam","0-130",1
2022-10-29,"15","Hawaii","0-130",7
2022-10-29,"16","Idaho","0-130",1
2022-10-29,"17","Illinois","0-130",106
2022-10-29,"18","Indiana","0-130",103
2022-10-29,"19","Iowa","0-130",15
2022-10-29,"20","Kansas","0-130",19
2022-10-29,"21","Kentucky","0-130",66
2022-10-29,"22","Louisiana","0-130",235
2022-10-29,"23","Maine","0-130",3
2022-10-29,"24","Maryland","0-130",105
2022-10-29,"25","Massachusetts","0-130",15
2022-10-29,"26","Michigan","0-130",48
2022-10-29,"27","Minnesota","0-130",37
2022-10-29,"28","Mississippi","0-130",148
2022-10-29,"29","Missouri","0-130",49
2022-10-29,"30","Montana","0-130",3
2022-10-29,"31","Nebraska","0-130",12
2022-10-29,"32","Nevada","0-130",12
2022-10-29,"33","New Hampshire","0-130",0
2022-10-29,"34","New Jersey","0-130",67
2022-10-29,"35","New Mexico","0-130",53
2022-10-29,"36","New York","0-130",105
2022-10-29,"37","North Carolina","0-130",185
2022-10-29,"38","North Dakota","0-130",2
2022-10-29,"39","Ohio","0-130",105
2022-10-29,"40","Oklahoma","0-130",57
2022-10-29,"41","Oregon","0-130",5
2022-10-29,"42","Pennsylvania","0-130",166
2022-10-29,"72","Puerto Rico","0-130",52
2022-10-29,"44","Rhode Island","0-130",0
2022-10-29,"45","South Carolina","0-130",156
2022-10-29,"46","South Dakota","0-130",9
2022-10-29,"47","Tennessee","0-130",122
2022-10-29,"48","Texas","0-130",699
2022-10-29,"US","US","0-130",4180
2022-10-29,"49","Utah","0-130",12
2022-10-29,"50","Vermont","0-130",1
2022-10-29,"78","Virgin Islands","0-130",0
2022-10-29,"51","Virginia","0-130",172
2022-10-29,"53","Washington","0-130",33
2022-10-29,"54","West Virginia","0-130",56
2022-10-29,"55","Wisconsin","0-130",15
2022-10-29,"56","Wyoming","0-130",4
2022-11-05,"01","Alabama","0-130",402
2022-11-05,"02","Alaska","0-130",15
2022-11-05,"60","American Samoa","0-130",0
2022-11-05,"04","Arizona","0-130",79
2022-11-05,"05","Arkansas","0-130",134
2022-11-05,"06","California","0-130",416
2022-11-05,"08","Colorado","0-130",35
2022-11-05,"09","Connecticut","0-130",38
2022-11-05,"11","District of Columbia","0-130",33
2022-11-05,"12","Florida","0-130",290
2022-11-05,"13","Georgia","0-130",250
2022-11-05,"66","Guam","0-130",3
2022-11-05,"15","Hawaii","0-130",7
2022-11-05,"16","Idaho","0-130",16
2022-11-05,"17","Illinois","0-130",155
2022-11-05,"18","Indiana","0-130",141
2022-11-05,"19","Iowa","0-130",16
2022-11-05,"20","Kansas","0-130",34
2022-11-05,"21","Kentucky","0-130",124
2022-11-05,"22","Louisiana","0-130",221
2022-11-05,"23","Maine","0-130",3
2022-11-05,"24","Maryland","0-130",156
2022-11-05,"25","Massachusetts","0-130",30
2022-11-05,"26","Michigan","0-130",55
2022-11-05,"27","Minnesota","0-130",83
2022-11-05,"28","Mississippi","0-130",260
2022-11-05,"29","Missouri","0-130",66
2022-11-05,"30","Montana","0-130",6
2022-11-05,"31","Nebraska","0-130",31
2022-11-05,"32","Nevada","0-130",35
2022-11-05,"33","New Hampshire","0-130",3
2022-11-05,"34","New Jersey","0-130",166
2022-11-05,"35","New Mexico","0-130",87
2022-11-05,"36","New York","0-130",189
2022-11-05,"37","North Carolina","0-130",283
2022-11-05,"38","North Dakota","0-130",6
2022-11-05,"39","Ohio","0-130",196
2022-11-05,"40","Oklahoma","0-130",47
2022-11-05,"41","Oregon","0-130",32
2022-11-05,"42","Pennsylvania","0-130",228
2022-11-05,"72","Puerto Rico","0-130",90
2022-11-05,"44","Rhode Island","0-130",3
2022-11-05,"45","South Carolina","0-130",248
2022-11-05,"46","South Dakota","0-130",9
2022-11-05,"47","Tennessee","0-130",231
2022-11-05,"48","Texas","0-130",953
2022-11-05,"US","US","0-130",6400
2022-11-05,"49","Utah","0-130",6
2022-11-05,"50","Vermont","0-130",0
2022-11-05,"78","Virgin Islands","0-130",0
2022-11-05,"51","Virginia","0-130",307
2022-11-05,"53","Washington","0-130",43
2022-11-05,"54","West Virginia","0-130",89
2022-11-05,"55","Wisconsin","0-130",33
2022-11-05,"56","Wyoming","0-130",7
2022-11-12,"01","Alabama","0-130",353
2022-11-12,"02","Alaska","0-130",14
2022-11-12,"60","American Samoa","0-130",0
2022-11-12,"04","Arizona","0-130",134
2022-11-12,"05","Arkansas","0-130",203
2022-11-12,"06","California","0-130",858
2022-11-12,"08","Colorado","0-130",58
2022-11-12,"09","Connecticut","0-130",52
2022-11-12,"11","District of Columbia","0-130",44
2022-11-12,"12","Florida","0-130",453
2022-11-12,"13","Georgia","0-130",263
2022-11-12,"66","Guam","0-130",1
2022-11-12,"15","Hawaii","0-130",21
2022-11-12,"16","Idaho","0-130",11
2022-11-12,"17","Illinois","0-130",256
2022-11-12,"18","Indiana","0-130",136
2022-11-12,"19","Iowa","0-130",20
2022-11-12,"20","Kansas","0-130",44
2022-11-12,"21","Kentucky","0-130",223
2022-11-12,"22","Louisiana","0-130",227
2022-11-12,"23","Maine","0-130",8
2022-11-12,"24","Maryland","0-130",214
2022-11-12,"25","Massachusetts","0-130",41
2022-11-12,"26","Michigan","0-130",88
2022-11-12,"27","Minnesota","0-130",165
2022-11-12,"28","Mississippi","0-130",244
2022-11-12,"29","Missouri","0-130",105
2022-11-12,"30","Montana","0-130",11
2022-11-12,"31","Nebraska","0-130",24
2022-11-12,"32","Nevada","0-130",92
2022-11-12,"33","New Hampshire","0-130",3
2022-11-12,"34","New Jersey","0-130",295
2022-11-12,"35","New Mexico","0-130",146
2022-11-12,"36","New York","0-130",268
2022-11-12,"37","North Carolina","0-130",351
2022-11-12,"38","North Dakota","0-130",10
2022-11-12,"39","Ohio","0-130",257
2022-11-12,"40","Oklahoma","0-130",74
2022-11-12,"41","Oregon","0-130",51
2022-11-12,"42","Pennsylvania","0-130",345
2022-11-12,"72","Puerto Rico","0-130",88
2022-11-12,"44","Rhode Island","0-130",6
2022-11-12,"45","South Carolina","0-130",256
2022-11-12,"46","South Dakota","0-130",13
2022-11-12,"47","Tennessee","0-130",311
2022-11-12,"48","Texas","0-130",1106
2022-11-12,"US","US","0-130",8579
2022-11-12,"49","Utah","0-130",12
2022-11-12,"50","Vermont","0-130",1
2022-11-12,"78","Virgin Islands","0-130",0
2022-11-12,"51","Virginia","0-130",339
2022-11-12,"53","Washington","0-130",89
2022-11-12,"54","West Virginia","0-130",127
2022-11-12,"55","Wisconsin","0-130",45
2022-11-12,"56","Wyoming","0-130",10
2022-11-19,"01","Alabama","0-130",262
2022-11-19,"02","Alaska","0-130",36
2022-11-19,"60","American Samoa","0-130",0
2022-11-19,"04","Arizona","0-130",308
2022-11-19,"05","Arkansas","0-130",214
2022-11-19,"06","California","0-130",1499
2022-11-19,"08","Colorado","0-130",107
2022-11-19,"09","Connecticut","0-130",103
2022-11-19,"11","District of Columbia","0-130",35
2022-11-19,"12","Florida","0-130",517
2022-11-19,"13","Georgia","0-130",236
2022-11-19,"66","Guam","0-130",1
2022-11-19,"15","Hawaii","0-130",15
2022-11-19,"16","Idaho","0-130",56
2022-11-19,"17","Illinois","0-130",386
2022-11-19,"18","Indiana","0-130",235
2022-11-19,"19","Iowa","0-130",37
2022-11-19,"20","Kansas","0-130",64
2022-11-19,"21","Kentucky","0-130",291
2022-11-19,"22","Louisiana","0-130",237
2022-11-19,"23","Maine","0-130",14
2022-11-19,"24","Maryland","0-130",210
2022-11-19,"25","Massachusetts","0-130",73
2022-11-19,"26","Michigan","0-130",165
2022-11-19,"27","Minnesota","0-130",243
2022-11-19,"28","Mississippi","0-130",250
2022-11-19,"29","Missouri","0-130",222
2022-11-19,"30","Montana","0-130",13
2022-11-19,"31","Nebraska","0-130",31
2022-11-19,"32","Nevada","0-130",162
2022-11-19,"33","New Hampshire","0-130",9
2022-11-19,"34","New Jersey","0-130",320
2022-11-19,"35","New Mexico","0-130",162
2022-11-19,"36","New York","0-130",466
2022-11-19,"37","North Carolina","0-130",369
2022-11-19,"38","North Dakota","0-130",13
2022-11-19,"39","Ohio","0-130",311
2022-11-19,"40","Oklahoma","0-130",150
2022-11-19,"41","Oregon","0-130",113
2022-11-19,"42","Pennsylvania","0-130",408
2022-11-19,"72","Puerto Rico","0-130",65
2022-11-19,"44","Rhode Island","0-130",3
2022-11-19,"45","South Carolina","0-130",228
2022-11-19,"46","South Dakota","0-130",24
2022-11-19,"47","Tennessee","0-130",285
2022-11-19,"48","Texas","0-130",1168
2022-11-19,"US","US","0-130",10940
2022-11-19,"49","Utah","0-130",8
2022-11-19,"50","Vermont","0-130",2
2022-11-19,"78","Virgin Islands","0-130",0
2022-11-19,"51","Virginia","0-130",262
2022-11-19,"53","Washington","0-130",239
2022-11-19,"54","West Virginia","0-130",136
2022-11-19,"55","Wisconsin","0-130",88
2022-11-19,"56","Wyoming","0-130",36
2022-11-26,"01","Alabama","0-130",268
2022-11-26,"02","Alaska","0-130",65
2022-11-26,"60","American Samoa","0-130",0
2022-11-26,"04","Arizona","0-130",570
2022-11-26,"05","Arkansas","0-130",407
2022-11-26,"06","California","0-130",2631
2022-11-26,"08","Colorado","0-130",157
2022-11-26,"09","Connecticut","0-130",183
2022-11-26,"11","District of Columbia","0-130",57
2022-11-26,"12","Florida","0-130",743
2022-11-26,"13","Georgia","0-130",258
2022-11-26,"66","Guam","0-130",0
2022-11-26,"15","Hawaii","0-130",12
2022-11-26,"16","Idaho","0-130",141
2022-11-26,"17","Illinois","0-130",801
2022-11-26,"18","Indiana","0-130",457
2022-11-26,"19","Iowa","0-130",104
2022-11-26,"20","Kansas","0-130",153
2022-11-26,"21","Kentucky","0-130",521
2022-11-26,"22","Louisiana","0-130",330
2022-11-26,"23","Maine","0-130",33
2022-11-26,"24","Maryland","0-130",308
2022-11-26,"25","Massachusetts","0-130",175
2022-11-26,"26","Michigan","0-130",290
2022-11-26,"27","Minnesota","0-130",382
2022-11-26,"28","Mississippi","0-130",272
2022-11-26,"29","Missouri","0-130",488
2022-11-26,"30","Montana","0-130",44
2022-11-26,"31","Nebraska","0-130",60
2022-11-26,"32","Nevada","0-130",265
2022-11-26,"33","New Hampshire","0-130",9
2022-11-26,"34","New Jersey","0-130",513
2022-11-26,"35","New Mexico","0-130",169
2022-11-26,"36","New York","0-130",765
2022-11-26,"37","North Carolina","0-130",430
2022-11-26,"38","North Dakota","0-130",22
2022-11-26,"39","Ohio","0-130",560
2022-11-26,"40","Oklahoma","0-130",344
2022-11-26,"41","Oregon","0-130",376
2022-11-26,"42","Pennsylvania","0-130",701
2022-11-26,"72","Puerto Rico","0-130",73
2022-11-26,"44","Rhode Island","0-130",14
2022-11-26,"45","South Carolina","0-130",215
2022-11-26,"46","South Dakota","0-130",58
2022-11-26,"47","Tennessee","0-130",471
2022-11-26,"48","Texas","0-130",1796
2022-11-26,"US","US","0-130",18149
2022-11-26,"49","Utah","0-130",29
2022-11-26,"50","Vermont","0-130",13
2022-11-26,"78","Virgin Islands","0-130",0
2022-11-26,"51","Virginia","0-130",380
2022-11-26,"53","Washington","0-130",536
2022-11-26,"54","West Virginia","0-130",189
2022-11-26,"55","Wisconsin","0-130",235
2022-11-26,"56","Wyoming","0-130",37
2022-12-03,"01","Alabama","0-130",417
2022-12-03,"02","Alaska","0-130",53
2022-12-03,"60","American Samoa","0-130",0
2022-12-03,"04","Arizona","0-130",799
2022-12-03,"05","Arkansas","0-130",466
2022-12-03,"06","California","0-130",3159
2022-12-03,"08","Colorado","0-130",163
2022-12-03,"09","Connecticut","0-130",426
2022-12-03,"11","District of Columbia","0-130",65
2022-12-03,"12","Florida","0-130",921
2022-12-03,"13","Georgia","0-130",342
2022-12-03,"66","Guam","0-130",1
2022-12-03,"15","Hawaii","0-130",9
2022-12-03,"16","Idaho","0-130",183
2022-12-03,"17","Illinois","0-130",1102
2022-12-03,"18","Indiana","0-130",831
2022-12-03,"19","Iowa","0-130",208
2022-12-03,"20","Kansas","0-130",301
2022-12-03,"21","Kentucky","0-130",849
2022-12-03,"22","Louisiana","0-130",452
2022-12-03,"23","Maine","0-130",100
2022-12-03,"24","Maryland","0-130",411
2022-12-03,"25","Massachusetts","0-130",451
2022-12-03,"26","Michigan","0-130",459
2022-12-03,"27","Minnesota","0-130",443
2022-12-03,"28","Mississippi","0-130",268
2022-12-03,"29","Missouri","0-130",849
2022-12-03,"30","Montana","0-130",65
2022-12-03,"31","Nebraska","0-130",104
2022-12-03,"32","Nevada","0-130",478
2022-12-03,"33","New Hampshire","0-130",29
2022-12-03,"34","New Jersey","0-130",995
2022-12-03,"35","New Mexico","0-130",345
2022-12-03,"36","New York","0-130",1308
2022-12-03,"37","North Carolina","0-130",638
2022-12-03,"38","North Dakota","0-130",49
2022-12-03,"39","Ohio","0-130",954
2022-12-03,"40","Oklahoma","0-130",771
2022-12-03,"41","Oregon","0-130",542
2022-12-03,"42","Pennsylvania","0-130",1299
2022-12-03,"72","Puerto Rico","0-130",77
2022-12-03,"44","Rhode Island","0-130",22
2022-12-03,"45","South Carolina","0-130",245
2022-12-03,"46","South Dakota","0-130",73
2022-12-03,"47","Tennessee","0-130",687
2022-12-03,"48","Texas","0-130",2179
2022-12-03,"US","US","0-130",26812
2022-12-03,"49","Utah","0-130",34
2022-12-03,"50","Vermont","0-130",31
2022-12-03,"78","Virgin Islands","0-130",0
2022-12-03,"51","Virginia","0-130",495
2022-12-03,"53","Washington","0-130",732
2022-12-03,"54","West Virginia","0-130",318
2022-12-03,"55","Wisconsin","0-130",459
2022-12-03,"56","Wyoming","0-130",69
2022-12-10,"01","Alabama","0-130",256
2022-12-10,"02","Alaska","0-130",73
2022-12-10,"60","American Samoa","0-130",0
2022-12-10,"04","Arizona","0-130",779
2022-12-10,"05","Arkansas","0-130",346
2022-12-10,"06","California","0-130",2435
2022-12-10,"08","Colorado","0-130",235
2022-12-10,"09","Connecticut","0-130",394
2022-12-10,"11","District of Columbia","0-130",40
2022-12-10,"12","Florida","0-130",789
2022-12-10,"13","Georgia","0-130",209
2022-12-10,"66","Guam","0-130",3
2022-12-10,"15","Hawaii","0-130",13
2022-12-10,"16","Idaho","0-130",185
2022-12-10,"17","Illinois","0-130",956
2022-12-10,"18","Indiana","0-130",843
2022-12-10,"19","Iowa","0-130",231
2022-12-10,"20","Kansas","0-130",255
2022-12-10,"21","Kentucky","0-130",673
2022-12-10,"22","Louisiana","0-130",382
2022-12-10,"23","Maine","0-130",117
2022-12-10,"24","Maryland","0-130",325
2022-12-10,"25","Massachusetts","0-130",544
2022-12-10,"26","Michigan","0-130",591
2022-12-10,"27","Minnesota","0-130",345
2022-12-10,"28","Mississippi","0-130",179
2022-12-10,"29","Missouri","0-130",828
2022-12-10,"30","Montana","0-130",100
2022-12-10,"31","Nebraska","0-130",122
2022-12-10,"32","Nevada","0-130",445
2022-12-10,"33","New Hampshire","0-130",65
2022-12-10,"34","New Jersey","0-130",756
2022-12-10,"35","New Mexico","0-130",407
2022-12-10,"36","New York","0-130",1469
2022-12-10,"37","North Carolina","0-130",395
2022-12-10,"38","North Dakota","0-130",NA
2022-12-10,"39","Ohio","0-130",957
2022-12-10,"40","Oklahoma","0-130",812
2022-12-10,"41","Oregon","0-130",650
2022-12-10,"42","Pennsylvania","0-130",1186
2022-12-10,"72","Puerto Rico","0-130",73
2022-12-10,"44","Rhode Island","0-130",54
2022-12-10,"45","South Carolina","0-130",160
2022-12-10,"46","South Dakota","0-130",84
2022-12-10,"47","Tennessee","0-130",486
2022-12-10,"48","Texas","0-130",1775
2022-12-10,"US","US","0-130",24006
2022-12-10,"49","Utah","0-130",60
2022-12-10,"50","Vermont","0-130",45
2022-12-10,"78","Virgin Islands","0-130",0
2022-12-10,"51","Virginia","0-130",368
2022-12-10,"53","Washington","0-130",681
2022-12-10,"54","West Virginia","0-130",246
2022-12-10,"55","Wisconsin","0-130",479
2022-12-10,"56","Wyoming","0-130",41
2022-12-17,"01","Alabama","0-130",176
2022-12-17,"02","Alaska","0-130",51
2022-12-17,"60","American Samoa","0-130",0
2022-12-17,"04","Arizona","0-130",568
2022-12-17,"05","Arkansas","0-130",251
2022-12-17,"06","California","0-130",1614
2022-12-17,"08","Colorado","0-130",255
2022-12-17,"09","Connecticut","0-130",395
2022-12-17,"10","Delaware","0-130",25
2022-12-17,"11","District of Columbia","0-130",19
2022-12-17,"12","Florida","0-130",846
2022-12-17,"13","Georgia","0-130",179
2022-12-17,"66","Guam","0-130",1
2022-12-17,"15","Hawaii","0-130",14
2022-12-17,"16","Idaho","0-130",286
2022-12-17,"17","Illinois","0-130",733
2022-12-17,"18","Indiana","0-130",731
2022-12-17,"19","Iowa","0-130",325
2022-12-17,"20","Kansas","0-130",219
2022-12-17,"21","Kentucky","0-130",429
2022-12-17,"22","Louisiana","0-130",180
2022-12-17,"23","Maine","0-130",180
2022-12-17,"24","Maryland","0-130",261
2022-12-17,"25","Massachusetts","0-130",659
2022-12-17,"26","Michigan","0-130",894
2022-12-17,"27","Minnesota","0-130",247
2022-12-17,"28","Mississippi","0-130",142
2022-12-17,"29","Missouri","0-130",749
2022-12-17,"30","Montana","0-130",99
2022-12-17,"31","Nebraska","0-130",166
2022-12-17,"32","Nevada","0-130",318
2022-12-17,"33","New Hampshire","0-130",76
2022-12-17,"34","New Jersey","0-130",606
2022-12-17,"35","New Mexico","0-130",341
2022-12-17,"36","New York","0-130",1698
2022-12-17,"37","North Carolina","0-130",319
2022-12-17,"38","North Dakota","0-130",66
2022-12-17,"39","Ohio","0-130",972
2022-12-17,"40","Oklahoma","0-130",766
2022-12-17,"41","Oregon","0-130",686
2022-12-17,"42","Pennsylvania","0-130",1045
2022-12-17,"72","Puerto Rico","0-130",61
2022-12-17,"44","Rhode Island","0-130",41
2022-12-17,"45","South Carolina","0-130",149
2022-12-17,"46","South Dakota","0-130",97
2022-12-17,"47","Tennessee","0-130",258
2022-12-17,"48","Texas","0-130",1533
2022-12-17,"US","US","0-130",21570
2022-12-17,"49","Utah","0-130",41
2022-12-17,"50","Vermont","0-130",56
2022-12-17,"78","Virgin Islands","0-130",0
2022-12-17,"51","Virginia","0-130",286
2022-12-17,"53","Washington","0-130",740
2022-12-17,"54","West Virginia","0-130",199
2022-12-17,"55","Wisconsin","0-130",483
2022-12-17,"56","Wyoming","0-130",39
2022-12-24,"01","Alabama","0-130",152
2022-12-24,"02","Alaska","0-130",43
2022-12-24,"60","American Samoa","0-130",0
2022-12-24,"04","Arizona","0-130",580
2022-12-24,"05","Arkansas","0-130",201
2022-12-24,"06","California","0-130",1596
2022-12-24,"08","Colorado","0-130",399
2022-12-24,"09","Connecticut","0-130",270
2022-12-24,"10","Delaware","0-130",29
2022-12-24,"11","District of Columbia","0-130",16
2022-12-24,"12","Florida","0-130",1024
2022-12-24,"13","Georgia","0-130",158
2022-12-24,"66","Guam","0-130",3
2022-12-24,"15","Hawaii","0-130",29
2022-12-24,"16","Idaho","0-130",203
2022-12-24,"17","Illinois","0-130",578
2022-12-24,"18","Indiana","0-130",615
2022-12-24,"19","Iowa","0-130",328
2022-12-24,"20","Kansas","0-130",182
2022-12-24,"21","Kentucky","0-130",281
2022-12-24,"22","Louisiana","0-130",155
2022-12-24,"23","Maine","0-130",207
2022-12-24,"24","Maryland","0-130",231
2022-12-24,"25","Massachusetts","0-130",760
2022-12-24,"26","Michigan","0-130",1123
2022-12-24,"27","Minnesota","0-130",162
2022-12-24,"28","Mississippi","0-130",86
2022-12-24,"29","Missouri","0-130",559
2022-12-24,"30","Montana","0-130",60
2022-12-24,"31","Nebraska","0-130",140
2022-12-24,"32","Nevada","0-130",226
2022-12-24,"33","New Hampshire","0-130",117
2022-12-24,"34","New Jersey","0-130",522
2022-12-24,"35","New Mexico","0-130",359
2022-12-24,"36","New York","0-130",1503
2022-12-24,"37","North Carolina","0-130",298
2022-12-24,"38","North Dakota","0-130",72
2022-12-24,"39","Ohio","0-130",799
2022-12-24,"40","Oklahoma","0-130",679
2022-12-24,"41","Oregon","0-130",451
2022-12-24,"42","Pennsylvania","0-130",1047
2022-12-24,"44","Rhode Island","0-130",57
2022-12-24,"45","South Carolina","0-130",118
2022-12-24,"46","South Dakota","0-130",84
2022-12-24,"47","Tennessee","0-130",226
2022-12-24,"48","Texas","0-130",1301
2022-12-24,"US","US","0-130",19606
2022-12-24,"49","Utah","0-130",63
2022-12-24,"50","Vermont","0-130",64
2022-12-24,"78","Virgin Islands","0-130",0
2022-12-24,"51","Virginia","0-130",269
2022-12-24,"53","Washington","0-130",404
2022-12-24,"54","West Virginia","0-130",155
2022-12-24,"55","Wisconsin","0-130",458
2022-12-24,"56","Wyoming","0-130",50
2022-12-31,"01","Alabama","0-130",147
2022-12-31,"02","Alaska","0-130",43
2022-12-31,"60","American Samoa","0-130",0
2022-12-31,"04","Arizona","0-130",656
2022-12-31,"05","Arkansas","0-130",204
2022-12-31,"06","California","0-130",1423
2022-12-31,"08","Colorado","0-130",315
2022-12-31,"09","Connecticut","0-130",241
2022-12-31,"10","Delaware","0-130",42
2022-12-31,"11","District of Columbia","0-130",30
2022-12-31,"12","Florida","0-130",1244
2022-12-31,"13","Georgia","0-130",184
2022-12-31,"66","Guam","0-130",2
2022-12-31,"15","Hawaii","0-130",34
2022-12-31,"16","Idaho","0-130",223
2022-12-31,"17","Illinois","0-130",555
2022-12-31,"18","Indiana","0-130",566
2022-12-31,"19","Iowa","0-130",320
2022-12-31,"20","Kansas","0-130",185
2022-12-31,"21","Kentucky","0-130",243
2022-12-31,"22","Louisiana","0-130",166
2022-12-31,"23","Maine","0-130",192
2022-12-31,"24","Maryland","0-130",225
2022-12-31,"25","Massachusetts","0-130",765
2022-12-31,"26","Michigan","0-130",1137
2022-12-31,"27","Minnesota","0-130",177
2022-12-31,"28","Mississippi","0-130",120
2022-12-31,"29","Missouri","0-130",636
2022-12-31,"30","Montana","0-130",91
2022-12-31,"31","Nebraska","0-130",144
2022-12-31,"32","Nevada","0-130",179
2022-12-31,"33","New Hampshire","0-130",141
2022-12-31,"34","New Jersey","0-130",476
2022-12-31,"35","New Mexico","0-130",285
2022-12-31,"36","New York","0-130",1291
2022-12-31,"37","North Carolina","0-130",299
2022-12-31,"38","North Dakota","0-130",82
2022-12-31,"39","Ohio","0-130",706
2022-12-31,"40","Oklahoma","0-130",708
2022-12-31,"41","Oregon","0-130",361
2022-12-31,"42","Pennsylvania","0-130",1101
2022-12-31,"44","Rhode Island","0-130",49
2022-12-31,"45","South Carolina","0-130",157
2022-12-31,"46","South Dakota","0-130",59
2022-12-31,"47","Tennessee","0-130",248
2022-12-31,"48","Texas","0-130",1410
2022-12-31,"US","US","0-130",19456
2022-12-31,"49","Utah","0-130",83
2022-12-31,"50","Vermont","0-130",81
2022-12-31,"78","Virgin Islands","0-130",0
2022-12-31,"51","Virginia","0-130",279
2022-12-31,"53","Washington","0-130",384
2022-12-31,"54","West Virginia","0-130",172
2022-12-31,"55","Wisconsin","0-130",484
2022-12-31,"56","Wyoming","0-130",51
2023-01-07,"01","Alabama","0-130",123
2023-01-07,"02","Alaska","0-130",32
2023-01-07,"60","American Samoa","0-130",0
2023-01-07,"04","Arizona","0-130",386
2023-01-07,"05","Arkansas","0-130",158
2023-01-07,"06","California","0-130",913
2023-01-07,"08","Colorado","0-130",158
2023-01-07,"09","Connecticut","0-130",170
2023-01-07,"10","Delaware","0-130",45
2023-01-07,"11","District of Columbia","0-130",17
2023-01-07,"12","Florida","0-130",1325
2023-01-07,"13","Georgia","0-130",189
2023-01-07,"66","Guam","0-130",1
2023-01-07,"15","Hawaii","0-130",10
2023-01-07,"16","Idaho","0-130",112
2023-01-07,"17","Illinois","0-130",433
2023-01-07,"18","Indiana","0-130",361
2023-01-07,"19","Iowa","0-130",218
2023-01-07,"20","Kansas","0-130",125
2023-01-07,"21","Kentucky","0-130",133
2023-01-07,"22","Louisiana","0-130",171
2023-01-07,"23","Maine","0-130",124
2023-01-07,"24","Maryland","0-130",157
2023-01-07,"25","Massachusetts","0-130",489
2023-01-07,"26","Michigan","0-130",714
2023-01-07,"27","Minnesota","0-130",80
2023-01-07,"28","Mississippi","0-130",88
2023-01-07,"29","Missouri","0-130",405
2023-01-07,"30","Montana","0-130",60
2023-01-07,"31","Nebraska","0-130",99
2023-01-07,"32","Nevada","0-130",116
2023-01-07,"33","New Hampshire","0-130",108
2023-01-07,"34","New Jersey","0-130",343
2023-01-07,"35","New Mexico","0-130",177
2023-01-07,"36","New York","0-130",944
2023-01-07,"37","North Carolina","0-130",222
2023-01-07,"38","North Dakota","0-130",72
2023-01-07,"39","Ohio","0-130",489
2023-01-07,"40","Oklahoma","0-130",503
2023-01-07,"41","Oregon","0-130",152
2023-01-07,"42","Pennsylvania","0-130",809
2023-01-07,"44","Rhode Island","0-130",36
2023-01-07,"45","South Carolina","0-130",161
2023-01-07,"46","South Dakota","0-130",69
2023-01-07,"47","Tennessee","0-130",174
2023-01-07,"48","Texas","0-130",1246
2023-01-07,"US","US","0-130",14060
2023-01-07,"49","Utah","0-130",66
2023-01-07,"50","Vermont","0-130",51
2023-01-07,"78","Virgin Islands","0-130",0
2023-01-07,"51","Virginia","0-130",233
2023-01-07,"53","Washington","0-130",231
2023-01-07,"54","West Virginia","0-130",148
2023-01-07,"55","Wisconsin","0-130",332
2023-01-07,"56","Wyoming","0-130",30
2023-01-14,"01","Alabama","0-130",99
2023-01-14,"02","Alaska","0-130",7
2023-01-14,"60","American Samoa","0-130",0
2023-01-14,"04","Arizona","0-130",163
2023-01-14,"05","Arkansas","0-130",105
2023-01-14,"06","California","0-130",411
2023-01-14,"08","Colorado","0-130",99
2023-01-14,"09","Connecticut","0-130",79
2023-01-14,"10","Delaware","0-130",12
2023-01-14,"11","District of Columbia","0-130",5
2023-01-14,"12","Florida","0-130",702
2023-01-14,"13","Georgia","0-130",108
2023-01-14,"66","Guam","0-130",0
2023-01-14,"15","Hawaii","0-130",9
2023-01-14,"16","Idaho","0-130",46
2023-01-14,"17","Illinois","0-130",173
2023-01-14,"18","Indiana","0-130",173
2023-01-14,"19","Iowa","0-130",96
2023-01-14,"20","Kansas","0-130",54
2023-01-14,"21","Kentucky","0-130",63
2023-01-14,"22","Louisiana","0-130",85
2023-01-14,"23","Maine","0-130",57
2023-01-14,"24","Maryland","0-130",101
2023-01-14,"25","Massachusetts","0-130",251
2023-01-14,"26","Michigan","0-130",320
2023-01-14,"27","Minnesota","0-130",47
2023-01-14,"28","Mississippi","0-130",57
2023-01-14,"29","Missouri","0-130",189
2023-01-14,"30","Montana","0-130",39
2023-01-14,"31","Nebraska","0-130",63
2023-01-14,"32","Nevada","0-130",37
2023-01-14,"33","New Hampshire","0-130",47
2023-01-14,"34","New Jersey","0-130",166
2023-01-14,"35","New Mexico","0-130",53
2023-01-14,"36","New York","0-130",513
2023-01-14,"37","North Carolina","0-130",131
2023-01-14,"38","North Dakota","0-130",52
2023-01-14,"39","Ohio","0-130",194
2023-01-14,"40","Oklahoma","0-130",274
2023-01-14,"41","Oregon","0-130",65
2023-01-14,"42","Pennsylvania","0-130",452
2023-01-14,"44","Rhode Island","0-130",9
2023-01-14,"45","South Carolina","0-130",79
2023-01-14,"46","South Dakota","0-130",15
2023-01-14,"47","Tennessee","0-130",100
2023-01-14,"48","Texas","0-130",763
2023-01-14,"US","US","0-130",7179
2023-01-14,"49","Utah","0-130",22
2023-01-14,"50","Vermont","0-130",12
2023-01-14,"78","Virgin Islands","0-130",0
2023-01-14,"51","Virginia","0-130",119
2023-01-14,"53","Washington","0-130",144
2023-01-14,"54","West Virginia","0-130",48
2023-01-14,"55","Wisconsin","0-130",171
2023-01-14,"56","Wyoming","0-130",16
2023-01-21,"01","Alabama","0-130",57
2023-01-21,"02","Alaska","0-130",7
2023-01-21,"60","American Samoa","0-130",0
2023-01-21,"04","Arizona","0-130",118
2023-01-21,"05","Arkansas","0-130",65
2023-01-21,"06","California","0-130",208
2023-01-21,"08","Colorado","0-130",37
2023-01-21,"09","Connecticut","0-130",36
2023-01-21,"10","Delaware","0-130",6
2023-01-21,"11","District of Columbia","0-130",8
2023-01-21,"12","Florida","0-130",593
2023-01-21,"13","Georgia","0-130",80
2023-01-21,"66","Guam","0-130",2
2023-01-21,"15","Hawaii","0-130",0
2023-01-21,"16","Idaho","0-130",35
2023-01-21,"17","Illinois","0-130",68
2023-01-21,"18","Indiana","0-130",100
2023-01-21,"19","Iowa","0-130",43
2023-01-21,"20","Kansas","0-130",40
2023-01-21,"21","Kentucky","0-130",35
2023-01-21,"22","Louisiana","0-130",83
2023-01-21,"23","Maine","0-130",28
2023-01-21,"24","Maryland","0-130",67
2023-01-21,"25","Massachusetts","0-130",131
2023-01-21,"26","Michigan","0-130",171
2023-01-21,"27","Minnesota","0-130",29
2023-01-21,"28","Mississippi","0-130",52
2023-01-21,"29","Missouri","0-130",100
2023-01-21,"30","Montana","0-130",16
2023-01-21,"31","Nebraska","0-130",55
2023-01-21,"32","Nevada","0-130",21
2023-01-21,"33","New Hampshire","0-130",23
2023-01-21,"34","New Jersey","0-130",102
2023-01-21,"35","New Mexico","0-130",29
2023-01-21,"36","New York","0-130",309
2023-01-21,"37","North Carolina","0-130",63
2023-01-21,"38","North Dakota","0-130",28
2023-01-21,"39","Ohio","0-130",122
2023-01-21,"40","Oklahoma","0-130",168
2023-01-21,"41","Oregon","0-130",32
2023-01-21,"42","Pennsylvania","0-130",303
2023-01-21,"44","Rhode Island","0-130",16
2023-01-21,"45","South Carolina","0-130",58
2023-01-21,"46","South Dakota","0-130",12
2023-01-21,"47","Tennessee","0-130",69
2023-01-21,"48","Texas","0-130",490
2023-01-21,"US","US","0-130",4487
2023-01-21,"49","Utah","0-130",22
2023-01-21,"50","Vermont","0-130",10
2023-01-21,"78","Virgin Islands","0-130",0
2023-01-21,"51","Virginia","0-130",72
2023-01-21,"53","Washington","0-130",86
2023-01-21,"54","West Virginia","0-130",14
2023-01-21,"55","Wisconsin","0-130",108
2023-01-21,"56","Wyoming","0-130",13
2023-01-28,"01","Alabama","0-130",42
2023-01-28,"02","Alaska","0-130",5
2023-01-28,"60","American Samoa","0-130",0
2023-01-28,"04","Arizona","0-130",57
2023-01-28,"05","Arkansas","0-130",44
2023-01-28,"06","California","0-130",126
2023-01-28,"08","Colorado","0-130",26
2023-01-28,"09","Connecticut","0-130",33
2023-01-28,"10","Delaware","0-130",6
2023-01-28,"11","District of Columbia","0-130",7
2023-01-28,"12","Florida","0-130",423
2023-01-28,"13","Georgia","0-130",71
2023-01-28,"66","Guam","0-130",1
2023-01-28,"15","Hawaii","0-130",9
2023-01-28,"16","Idaho","0-130",17
2023-01-28,"17","Illinois","0-130",73
2023-01-28,"18","Indiana","0-130",71
2023-01-28,"19","Iowa","0-130",47
2023-01-28,"20","Kansas","0-130",21
2023-01-28,"21","Kentucky","0-130",32
2023-01-28,"22","Louisiana","0-130",42
2023-01-28,"23","Maine","0-130",14
2023-01-28,"24","Maryland","0-130",39
2023-01-28,"25","Massachusetts","0-130",76
2023-01-28,"26","Michigan","0-130",84
2023-01-28,"27","Minnesota","0-130",18
2023-01-28,"28","Mississippi","0-130",35
2023-01-28,"29","Missouri","0-130",72
2023-01-28,"30","Montana","0-130",9
2023-01-28,"31","Nebraska","0-130",22
2023-01-28,"32","Nevada","0-130",11
2023-01-28,"33","New Hampshire","0-130",19
2023-01-28,"34","New Jersey","0-130",79
2023-01-28,"35","New Mexico","0-130",21
2023-01-28,"36","New York","0-130",236
2023-01-28,"37","North Carolina","0-130",41
2023-01-28,"38","North Dakota","0-130",24
2023-01-28,"39","Ohio","0-130",72
2023-01-28,"40","Oklahoma","0-130",94
2023-01-28,"41","Oregon","0-130",11
2023-01-28,"42","Pennsylvania","0-130",235
2023-01-28,"44","Rhode Island","0-130",10
2023-01-28,"45","South Carolina","0-130",41
2023-01-28,"46","South Dakota","0-130",15
2023-01-28,"47","Tennessee","0-130",41
2023-01-28,"48","Texas","0-130",347
2023-01-28,"US","US","0-130",3091
2023-01-28,"49","Utah","0-130",7
2023-01-28,"50","Vermont","0-130",5
2023-01-28,"78","Virgin Islands","0-130",0
2023-01-28,"51","Virginia","0-130",60
2023-01-28,"53","Washington","0-130",66
2023-01-28,"54","West Virginia","0-130",21
2023-01-28,"55","Wisconsin","0-130",51
2023-01-28,"56","Wyoming","0-130",5
2023-02-04,"01","Alabama","0-130",35
2023-02-04,"02","Alaska","0-130",3
2023-02-04,"60","American Samoa","0-130",0
2023-02-04,"04","Arizona","0-130",62
2023-02-04,"05","Arkansas","0-130",20
2023-02-04,"06","California","0-130",115
2023-02-04,"08","Colorado","0-130",38
2023-02-04,"09","Connecticut","0-130",15
2023-02-04,"10","Delaware","0-130",10
2023-02-04,"11","District of Columbia","0-130",8
2023-02-04,"12","Florida","0-130",354
2023-02-04,"13","Georgia","0-130",204
2023-02-04,"66","Guam","0-130",2
2023-02-04,"15","Hawaii","0-130",8
2023-02-04,"16","Idaho","0-130",3
2023-02-04,"17","Illinois","0-130",28
2023-02-04,"18","Indiana","0-130",41
2023-02-04,"19","Iowa","0-130",13
2023-02-04,"20","Kansas","0-130",12
2023-02-04,"21","Kentucky","0-130",16
2023-02-04,"22","Louisiana","0-130",94
2023-02-04,"23","Maine","0-130",10
2023-02-04,"24","Maryland","0-130",51
2023-02-04,"25","Massachusetts","0-130",58
2023-02-04,"26","Michigan","0-130",87
2023-02-04,"27","Minnesota","0-130",16
2023-02-04,"28","Mississippi","0-130",29
2023-02-04,"29","Missouri","0-130",50
2023-02-04,"30","Montana","0-130",9
2023-02-04,"31","Nebraska","0-130",6
2023-02-04,"32","Nevada","0-130",4
2023-02-04,"33","New Hampshire","0-130",4
2023-02-04,"34","New Jersey","0-130",38
2023-02-04,"35","New Mexico","0-130",9
2023-02-04,"36","New York","0-130",145
2023-02-04,"37","North Carolina","0-130",40
2023-02-04,"38","North Dakota","0-130",9
2023-02-04,"39","Ohio","0-130",58
2023-02-04,"40","Oklahoma","0-130",86
2023-02-04,"41","Oregon","0-130",10
2023-02-04,"42","Pennsylvania","0-130",193
2023-02-04,"44","Rhode Island","0-130",4
2023-02-04,"45","South Carolina","0-130",40
2023-02-04,"46","South Dakota","0-130",15
2023-02-04,"47","Tennessee","0-130",43
2023-02-04,"48","Texas","0-130",281
2023-02-04,"US","US","0-130",2594
2023-02-04,"49","Utah","0-130",7
2023-02-04,"50","Vermont","0-130",3
2023-02-04,"78","Virgin Islands","0-130",0
2023-02-04,"51","Virginia","0-130",62
2023-02-04,"53","Washington","0-130",42
2023-02-04,"54","West Virginia","0-130",22
2023-02-04,"55","Wisconsin","0-130",22
2023-02-04,"56","Wyoming","0-130",6
2023-02-11,"01","Alabama","0-130",29
2023-02-11,"02","Alaska","0-130",1
2023-02-11,"60","American Samoa","0-130",0
2023-02-11,"04","Arizona","0-130",56
2023-02-11,"05","Arkansas","0-130",33
2023-02-11,"06","California","0-130",93
2023-02-11,"08","Colorado","0-130",27
2023-02-11,"09","Connecticut","0-130",15
2023-02-11,"10","Delaware","0-130",1
2023-02-11,"11","District of Columbia","0-130",5
2023-02-11,"12","Florida","0-130",300
2023-02-11,"13","Georgia","0-130",83
2023-02-11,"66","Guam","0-130",1
2023-02-11,"15","Hawaii","0-130",10
2023-02-11,"16","Idaho","0-130",4
2023-02-11,"17","Illinois","0-130",31
2023-02-11,"18","Indiana","0-130",41
2023-02-11,"19","Iowa","0-130",15
2023-02-11,"20","Kansas","0-130",9
2023-02-11,"21","Kentucky","0-130",29
2023-02-11,"22","Louisiana","0-130",50
2023-02-11,"23","Maine","0-130",6
2023-02-11,"24","Maryland","0-130",41
2023-02-11,"25","Massachusetts","0-130",59
2023-02-11,"26","Michigan","0-130",56
2023-02-11,"27","Minnesota","0-130",7
2023-02-11,"28","Mississippi","0-130",21
2023-02-11,"29","Missouri","0-130",41
2023-02-11,"30","Montana","0-130",2
2023-02-11,"31","Nebraska","0-130",2
2023-02-11,"32","Nevada","0-130",11
2023-02-11,"33","New Hampshire","0-130",8
2023-02-11,"34","New Jersey","0-130",26
2023-02-11,"35","New Mexico","0-130",8
2023-02-11,"36","New York","0-130",103
2023-02-11,"37","North Carolina","0-130",55
2023-02-11,"38","North Dakota","0-130",16
2023-02-11,"39","Ohio","0-130",49
2023-02-11,"40","Oklahoma","0-130",54
2023-02-11,"41","Oregon","0-130",7
2023-02-11,"42","Pennsylvania","0-130",180
2023-02-11,"44","Rhode Island","0-130",1
2023-02-11,"45","South Carolina","0-130",46
2023-02-11,"46","South Dakota","0-130",9
2023-02-11,"47","Tennessee","0-130",28
2023-02-11,"48","Texas","0-130",270
2023-02-11,"US","US","0-130",2175
2023-02-11,"49","Utah","0-130",7
2023-02-11,"50","Vermont","0-130",0
2023-02-11,"78","Virgin Islands","0-130",0
2023-02-11,"51","Virginia","0-130",64
2023-02-11,"53","Washington","0-130",47
2023-02-11,"54","West Virginia","0-130",16
2023-02-11,"55","Wisconsin","0-130",23
2023-02-11,"56","Wyoming","0-130",2
2023-02-18,"01","Alabama","0-130",30
2023-02-18,"02","Alaska","0-130",2
2023-02-18,"60","American Samoa","0-130",0
2023-02-18,"04","Arizona","0-130",38
2023-02-18,"05","Arkansas","0-130",25
2023-02-18,"06","California","0-130",73
2023-02-18,"08","Colorado","0-130",17
2023-02-18,"09","Connecticut","0-130",14
2023-02-18,"10","Delaware","0-130",1
2023-02-18,"11","District of Columbia","0-130",5
2023-02-18,"12","Florida","0-130",235
2023-02-18,"13","Georgia","0-130",75
2023-02-18,"66","Guam","0-130",0
2023-02-18,"15","Hawaii","0-130",4
2023-02-18,"16","Idaho","0-130",8
2023-02-18,"17","Illinois","0-130",28
2023-02-18,"18","Indiana","0-130",33
2023-02-18,"19","Iowa","0-130",9
2023-02-18,"20","Kansas","0-130",3
2023-02-18,"21","Kentucky","0-130",22
2023-02-18,"22","Louisiana","0-130",33
2023-02-18,"23","Maine","0-130",4
2023-02-18,"24","Maryland","0-130",26
2023-02-18,"25","Massachusetts","0-130",39
2023-02-18,"26","Michigan","0-130",60
2023-02-18,"27","Minnesota","0-130",10
2023-02-18,"28","Mississippi","0-130",28
2023-02-18,"29","Missouri","0-130",42
2023-02-18,"30","Montana","0-130",6
2023-02-18,"31","Nebraska","0-130",6
2023-02-18,"32","Nevada","0-130",12
2023-02-18,"33","New Hampshire","0-130",4
2023-02-18,"34","New Jersey","0-130",53
2023-02-18,"35","New Mexico","0-130",3
2023-02-18,"36","New York","0-130",85
2023-02-18,"37","North Carolina","0-130",46
2023-02-18,"38","North Dakota","0-130",10
2023-02-18,"39","Ohio","0-130",47
2023-02-18,"40","Oklahoma","0-130",45
2023-02-18,"41","Oregon","0-130",4
2023-02-18,"42","Pennsylvania","0-130",194
2023-02-18,"44","Rhode Island","0-130",2
2023-02-18,"45","South Carolina","0-130",43
2023-02-18,"46","South Dakota","0-130",16
2023-02-18,"47","Tennessee","0-130",57
2023-02-18,"48","Texas","0-130",241
2023-02-18,"US","US","0-130",1906
2023-02-18,"49","Utah","0-130",12
2023-02-18,"50","Vermont","0-130",2
2023-02-18,"78","Virgin Islands","0-130",0
2023-02-18,"51","Virginia","0-130",57
2023-02-18,"53","Washington","0-130",31
2023-02-18,"54","West Virginia","0-130",9
2023-02-18,"55","Wisconsin","0-130",11
2023-02-18,"56","Wyoming","0-130",2
2023-02-25,"01","Alabama","0-130",29
2023-02-25,"02","Alaska","0-130",5
2023-02-25,"60","American Samoa","0-130",0
2023-02-25,"04","Arizona","0-130",43
2023-02-25,"05","Arkansas","0-130",30
2023-02-25,"06","California","0-130",79
2023-02-25,"08","Colorado","0-130",13
2023-02-25,"09","Connecticut","0-130",17
2023-02-25,"10","Delaware","0-130",0
2023-02-25,"11","District of Columbia","0-130",4
2023-02-25,"12","Florida","0-130",215
2023-02-25,"13","Georgia","0-130",60
2023-02-25,"66","Guam","0-130",1
2023-02-25,"15","Hawaii","0-130",5
2023-02-25,"16","Idaho","0-130",3
2023-02-25,"17","Illinois","0-130",31
2023-02-25,"18","Indiana","0-130",42
2023-02-25,"19","Iowa","0-130",11
2023-02-25,"20","Kansas","0-130",8
2023-02-25,"21","Kentucky","0-130",7
2023-02-25,"22","Louisiana","0-130",22
2023-02-25,"23","Maine","0-130",0
2023-02-25,"24","Maryland","0-130",26
2023-02-25,"25","Massachusetts","0-130",21
2023-02-25,"26","Michigan","0-130",54
2023-02-25,"27","Minnesota","0-130",6
2023-02-25,"28","Mississippi","0-130",32
2023-02-25,"29","Missouri","0-130",36
2023-02-25,"30","Montana","0-130",3
2023-02-25,"31","Nebraska","0-130",9
2023-02-25,"32","Nevada","0-130",3
2023-02-25,"33","New Hampshire","0-130",2
2023-02-25,"34","New Jersey","0-130",41
2023-02-25,"35","New Mexico","0-130",11
2023-02-25,"36","New York","0-130",55
2023-02-25,"37","North Carolina","0-130",28
2023-02-25,"38","North Dakota","0-130",9
2023-02-25,"39","Ohio","0-130",24
2023-02-25,"40","Oklahoma","0-130",33
2023-02-25,"41","Oregon","0-130",6
2023-02-25,"42","Pennsylvania","0-130",168
2023-02-25,"44","Rhode Island","0-130",2
2023-02-25,"45","South Carolina","0-130",41
2023-02-25,"46","South Dakota","0-130",4
2023-02-25,"47","Tennessee","0-130",43
2023-02-25,"48","Texas","0-130",208
2023-02-25,"US","US","0-130",1647
2023-02-25,"49","Utah","0-130",4
2023-02-25,"50","Vermont","0-130",2
2023-02-25,"78","Virgin Islands","0-130",0
2023-02-25,"51","Virginia","0-130",61
2023-02-25,"53","Washington","0-130",38
2023-02-25,"54","West Virginia","0-130",14
2023-02-25,"55","Wisconsin","0-130",6
2023-02-25,"56","Wyoming","0-130",0
2023-03-04,"01","Alabama","0-130",15
2023-03-04,"02","Alaska","0-130",2
2023-03-04,"60","American Samoa","0-130",0
2023-03-04,"04","Arizona","0-130",49
2023-03-04,"05","Arkansas","0-130",33
2023-03-04,"06","California","0-130",62
2023-03-04,"08","Colorado","0-130",19
2023-03-04,"09","Connecticut","0-130",10
2023-03-04,"10","Delaware","0-130",5
2023-03-04,"11","District of Columbia","0-130",2
2023-03-04,"12","Florida","0-130",178
2023-03-04,"13","Georgia","0-130",54
2023-03-04,"66","Guam","0-130",0
2023-03-04,"15","Hawaii","0-130",1
2023-03-04,"16","Idaho","0-130",3
2023-03-04,"17","Illinois","0-130",24
2023-03-04,"18","Indiana","0-130",45
2023-03-04,"19","Iowa","0-130",6
2023-03-04,"20","Kansas","0-130",4
2023-03-04,"21","Kentucky","0-130",11
2023-03-04,"22","Louisiana","0-130",25
2023-03-04,"23","Maine","0-130",4
2023-03-04,"24","Maryland","0-130",13
2023-03-04,"25","Massachusetts","0-130",15
2023-03-04,"26","Michigan","0-130",51
2023-03-04,"27","Minnesota","0-130",8
2023-03-04,"28","Mississippi","0-130",34
2023-03-04,"29","Missouri","0-130",39
2023-03-04,"30","Montana","0-130",6
2023-03-04,"31","Nebraska","0-130",6
2023-03-04,"32","Nevada","0-130",4
2023-03-04,"33","New Hampshire","0-130",2
2023-03-04,"34","New Jersey","0-130",31
2023-03-04,"35","New Mexico","0-130",16
2023-03-04,"36","New York","0-130",49
2023-03-04,"37","North Carolina","0-130",34
2023-03-04,"38","North Dakota","0-130",5
2023-03-04,"39","Ohio","0-130",23
2023-03-04,"40","Oklahoma","0-130",32
2023-03-04,"41","Oregon","0-130",5
2023-03-04,"42","Pennsylvania","0-130",169
2023-03-04,"44","Rhode Island","0-130",1
2023-03-04,"45","South Carolina","0-130",29
2023-03-04,"46","South Dakota","0-130",7
2023-03-04,"47","Tennessee","0-130",41
2023-03-04,"48","Texas","0-130",171
2023-03-04,"US","US","0-130",1501
2023-03-04,"49","Utah","0-130",3
2023-03-04,"50","Vermont","0-130",1
2023-03-04,"78","Virgin Islands","0-130",0
2023-03-04,"51","Virginia","0-130",57
2023-03-04,"53","Washington","0-130",58
2023-03-04,"54","West Virginia","0-130",9
2023-03-04,"55","Wisconsin","0-130",7
2023-03-04,"56","Wyoming","0-130",1
2023-03-11,"01","Alabama","0-130",17
2023-03-11,"02","Alaska","0-130",4
2023-03-11,"60","American Samoa","0-130",0
2023-03-11,"04","Arizona","0-130",43
2023-03-11,"05","Arkansas","0-130",23
2023-03-11,"06","California","0-130",47
2023-03-11,"08","Colorado","0-130",9
2023-03-11,"09","Connecticut","0-130",19
2023-03-11,"10","Delaware","0-130",1
2023-03-11,"11","District of Columbia","0-130",2
2023-03-11,"12","Florida","0-130",179
2023-03-11,"13","Georgia","0-130",51
2023-03-11,"66","Guam","0-130",0
2023-03-11,"15","Hawaii","0-130",3
2023-03-11,"16","Idaho","0-130",4
2023-03-11,"17","Illinois","0-130",16
2023-03-11,"18","Indiana","0-130",32
2023-03-11,"19","Iowa","0-130",12
2023-03-11,"20","Kansas","0-130",6
2023-03-11,"21","Kentucky","0-130",15
2023-03-11,"22","Louisiana","0-130",22
2023-03-11,"23","Maine","0-130",0
2023-03-11,"24","Maryland","0-130",16
2023-03-11,"25","Massachusetts","0-130",18
2023-03-11,"26","Michigan","0-130",36
2023-03-11,"27","Minnesota","0-130",5
2023-03-11,"28","Mississippi","0-130",32
2023-03-11,"29","Missouri","0-130",35
2023-03-11,"30","Montana","0-130",3
2023-03-11,"31","Nebraska","0-130",14
2023-03-11,"32","Nevada","0-130",3
2023-03-11,"33","New Hampshire","0-130",4
2023-03-11,"34","New Jersey","0-130",22
2023-03-11,"35","New Mexico","0-130",5
2023-03-11,"36","New York","0-130",55
2023-03-11,"37","North Carolina","0-130",25
2023-03-11,"38","North Dakota","0-130",5
2023-03-11,"39","Ohio","0-130",26
2023-03-11,"40","Oklahoma","0-130",19
2023-03-11,"41","Oregon","0-130",6
2023-03-11,"42","Pennsylvania","0-130",176
2023-03-11,"44","Rhode Island","0-130",0
2023-03-11,"45","South Carolina","0-130",31
2023-03-11,"46","South Dakota","0-130",15
2023-03-11,"47","Tennessee","0-130",27
2023-03-11,"48","Texas","0-130",157
2023-03-11,"US","US","0-130",1371
2023-03-11,"49","Utah","0-130",7
2023-03-11,"50","Vermont","0-130",5
2023-03-11,"78","Virgin Islands","0-130",0
2023-03-11,"51","Virginia","0-130",40
2023-03-11,"53","Washington","0-130",47
2023-03-11,"54","West Virginia","0-130",4
2023-03-11,"55","Wisconsin","0-130",10
2023-03-11,"56","Wyoming","0-130",2
2023-03-18,"01","Alabama","0-130",22
2023-03-18,"02","Alaska","0-130",1
2023-03-18,"60","American Samoa","0-130",0
2023-03-18,"04","Arizona","0-130",55
2023-03-18,"05","Arkansas","0-130",15
2023-03-18,"06","California","0-130",60
2023-03-18,"08","Colorado","0-130",12
2023-03-18,"09","Connecticut","0-130",10
2023-03-18,"10","Delaware","0-130",0
2023-03-18,"11","District of Columbia","0-130",2
2023-03-18,"12","Florida","0-130",211
2023-03-18,"13","Georgia","0-130",54
2023-03-18,"66","Guam","0-130",3
2023-03-18,"15","Hawaii","0-130",4
2023-03-18,"16","Idaho","0-130",6
2023-03-18,"17","Illinois","0-130",12
2023-03-18,"18","Indiana","0-130",35
2023-03-18,"19","Iowa","0-130",7
2023-03-18,"20","Kansas","0-130",7
2023-03-18,"21","Kentucky","0-130",26
2023-03-18,"22","Louisiana","0-130",17
2023-03-18,"23","Maine","0-130",5
2023-03-18,"24","Maryland","0-130",10
2023-03-18,"25","Massachusetts","0-130",20
2023-03-18,"26","Michigan","0-130",33
2023-03-18,"27","Minnesota","0-130",6
2023-03-18,"28","Mississippi","0-130",22
2023-03-18,"29","Missouri","0-130",24
2023-03-18,"30","Montana","0-130",2
2023-03-18,"31","Nebraska","0-130",11
2023-03-18,"32","Nevada","0-130",6
2023-03-18,"33","New Hampshire","0-130",10
2023-03-18,"34","New Jersey","0-130",22
2023-03-18,"35","New Mexico","0-130",3
2023-03-18,"36","New York","0-130",63
2023-03-18,"37","North Carolina","0-130",32
2023-03-18,"38","North Dakota","0-130",11
2023-03-18,"39","Ohio","0-130",34
2023-03-18,"40","Oklahoma","0-130",29
2023-03-18,"41","Oregon","0-130",9
2023-03-18,"42","Pennsylvania","0-130",154
2023-03-18,"44","Rhode Island","0-130",1
2023-03-18,"45","South Carolina","0-130",21
2023-03-18,"46","South Dakota","0-130",16
2023-03-18,"47","Tennessee","0-130",29
2023-03-18,"48","Texas","0-130",159
2023-03-18,"US","US","0-130",1411
2023-03-18,"49","Utah","0-130",3
2023-03-18,"50","Vermont","0-130",2
2023-03-18,"78","Virgin Islands","0-130",0
2023-03-18,"51","Virginia","0-130",60
2023-03-18,"53","Washington","0-130",28
2023-03-18,"54","West Virginia","0-130",8
2023-03-18,"55","Wisconsin","0-130",6
2023-03-18,"56","Wyoming","0-130",2
2023-03-25,"01","Alabama","0-130",19
2023-03-25,"02","Alaska","0-130",3
2023-03-25,"60","American Samoa","0-130",0
2023-03-25,"04","Arizona","0-130",36
2023-03-25,"05","Arkansas","0-130",18
2023-03-25,"06","California","0-130",36
2023-03-25,"08","Colorado","0-130",10
2023-03-25,"09","Connecticut","0-130",13
2023-03-25,"10","Delaware","0-130",2
2023-03-25,"11","District of Columbia","0-130",2
2023-03-25,"12","Florida","0-130",158
2023-03-25,"13","Georgia","0-130",62
2023-03-25,"66","Guam","0-130",0
2023-03-25,"15","Hawaii","0-130",1
2023-03-25,"16","Idaho","0-130",3
2023-03-25,"17","Illinois","0-130",30
2023-03-25,"18","Indiana","0-130",21
2023-03-25,"19","Iowa","0-130",7
2023-03-25,"20","Kansas","0-130",6
2023-03-25,"21","Kentucky","0-130",14
2023-03-25,"22","Louisiana","0-130",23
2023-03-25,"23","Maine","0-130",1
2023-03-25,"24","Maryland","0-130",21
2023-03-25,"25","Massachusetts","0-130",19
2023-03-25,"26","Michigan","0-130",21
2023-03-25,"27","Minnesota","0-130",4
2023-03-25,"28","Mississippi","0-130",16
2023-03-25,"29","Missouri","0-130",32
2023-03-25,"30","Montana","0-130",1
2023-03-25,"31","Nebraska","0-130",9
2023-03-25,"32","Nevada","0-130",8
2023-03-25,"33","New Hampshire","0-130",9
2023-03-25,"34","New Jersey","0-130",44
2023-03-25,"35","New Mexico","0-130",3
2023-03-25,"36","New York","0-130",105
2023-03-25,"37","North Carolina","0-130",20
2023-03-25,"38","North Dakota","0-130",0
2023-03-25,"39","Ohio","0-130",29
2023-03-25,"40","Oklahoma","0-130",23
2023-03-25,"41","Oregon","0-130",3
2023-03-25,"42","Pennsylvania","0-130",154
2023-03-25,"44","Rhode Island","0-130",2
2023-03-25,"45","South Carolina","0-130",24
2023-03-25,"46","South Dakota","0-130",20
2023-03-25,"47","Tennessee","0-130",31
2023-03-25,"48","Texas","0-130",131
2023-03-25,"US","US","0-130",1329
2023-03-25,"49","Utah","0-130",3
2023-03-25,"50","Vermont","0-130",4
2023-03-25,"78","Virgin Islands","0-130",0
2023-03-25,"51","Virginia","0-130",50
2023-03-25,"53","Washington","0-130",28
2023-03-25,"54","West Virginia","0-130",16
2023-03-25,"55","Wisconsin","0-130",9
2023-03-25,"56","Wyoming","0-130",0
2023-04-01,"01","Alabama","0-130",27
2023-04-01,"02","Alaska","0-130",1
2023-04-01,"60","American Samoa","0-130",0
2023-04-01,"04","Arizona","0-130",23
2023-04-01,"05","Arkansas","0-130",27
2023-04-01,"06","California","0-130",29
2023-04-01,"08","Colorado","0-130",6
2023-04-01,"09","Connecticut","0-130",12
2023-04-01,"10","Delaware","0-130",2
2023-04-01,"11","District of Columbia","0-130",10
2023-04-01,"12","Florida","0-130",165
2023-04-01,"13","Georgia","0-130",53
2023-04-01,"66","Guam","0-130",1
2023-04-01,"15","Hawaii","0-130",7
2023-04-01,"16","Idaho","0-130",3
2023-04-01,"17","Illinois","0-130",37
2023-04-01,"18","Indiana","0-130",39
2023-04-01,"19","Iowa","0-130",4
2023-04-01,"20","Kansas","0-130",9
2023-04-01,"21","Kentucky","0-130",16
2023-04-01,"22","Louisiana","0-130",27
2023-04-01,"23","Maine","0-130",4
2023-04-01,"24","Maryland","0-130",9
2023-04-01,"25","Massachusetts","0-130",13
2023-04-01,"26","Michigan","0-130",17
2023-04-01,"27","Minnesota","0-130",10
2023-04-01,"28","Mississippi","0-130",19
2023-04-01,"29","Missouri","0-130",29
2023-04-01,"30","Montana","0-130",1
2023-04-01,"31","Nebraska","0-130",10
2023-04-01,"32","Nevada","0-130",4
2023-04-01,"33","New Hampshire","0-130",9
2023-04-01,"34","New Jersey","0-130",39
2023-04-01,"35","New Mexico","0-130",9
2023-04-01,"36","New York","0-130",74
2023-04-01,"37","North Carolina","0-130",12
2023-04-01,"38","North Dakota","0-130",0
2023-04-01,"39","Ohio","0-130",33
2023-04-01,"40","Oklahoma","0-130",20
2023-04-01,"41","Oregon","0-130",4
2023-04-01,"42","Pennsylvania","0-130",105
2023-04-01,"44","Rhode Island","0-130",0
2023-04-01,"45","South Carolina","0-130",20
2023-04-01,"46","South Dakota","0-130",13
2023-04-01,"47","Tennessee","0-130",45
2023-04-01,"48","Texas","0-130",156
2023-04-01,"US","US","0-130",1294
2023-04-01,"49","Utah","0-130",3
2023-04-01,"50","Vermont","0-130",0
2023-04-01,"78","Virgin Islands","0-130",0
2023-04-01,"51","Virginia","0-130",50
2023-04-01,"53","Washington","0-130",32
2023-04-01,"54","West Virginia","0-130",9
2023-04-01,"55","Wisconsin","0-130",4
2023-04-01,"56","Wyoming","0-130",1
2023-04-08,"01","Alabama","0-130",17
2023-04-08,"02","Alaska","0-130",2
2023-04-08,"60","American Samoa","0-130",0
2023-04-08,"04","Arizona","0-130",40
2023-04-08,"05","Arkansas","0-130",15
2023-04-08,"06","California","0-130",45
2023-04-08,"08","Colorado","0-130",7
2023-04-08,"09","Connecticut","0-130",22
2023-04-08,"10","Delaware","0-130",0
2023-04-08,"11","District of Columbia","0-130",4
2023-04-08,"12","Florida","0-130",185
2023-04-08,"13","Georgia","0-130",49
2023-04-08,"66","Guam","0-130",2
2023-04-08,"15","Hawaii","0-130",3
2023-04-08,"16","Idaho","0-130",5
2023-04-08,"17","Illinois","0-130",25
2023-04-08,"18","Indiana","0-130",18
2023-04-08,"19","Iowa","0-130",2
2023-04-08,"20","Kansas","0-130",5
2023-04-08,"21","Kentucky","0-130",19
2023-04-08,"22","Louisiana","0-130",18
2023-04-08,"23","Maine","0-130",3
2023-04-08,"24","Maryland","0-130",12
2023-04-08,"25","Massachusetts","0-130",11
2023-04-08,"26","Michigan","0-130",25
2023-04-08,"27","Minnesota","0-130",12
2023-04-08,"28","Mississippi","0-130",26
2023-04-08,"29","Missouri","0-130",29
2023-04-08,"30","Montana","0-130",0
2023-04-08,"31","Nebraska","0-130",3
2023-04-08,"32","Nevada","0-130",4
2023-04-08,"33","New Hampshire","0-130",6
2023-04-08,"34","New Jersey","0-130",39
2023-04-08,"35","New Mexico","0-130",1
2023-04-08,"36","New York","0-130",78
2023-04-08,"37","North Carolina","0-130",22
2023-04-08,"38","North Dakota","0-130",7
2023-04-08,"39","Ohio","0-130",12
2023-04-08,"40","Oklahoma","0-130",23
2023-04-08,"41","Oregon","0-130",5
2023-04-08,"42","Pennsylvania","0-130",65
2023-04-08,"72","Puerto Rico","0-130",NA
2023-04-08,"44","Rhode Island","0-130",0
2023-04-08,"45","South Carolina","0-130",24
2023-04-08,"46","South Dakota","0-130",13
2023-04-08,"47","Tennessee","0-130",29
2023-04-08,"48","Texas","0-130",128
2023-04-08,"US","US","0-130",1198
2023-04-08,"49","Utah","0-130",6
2023-04-08,"50","Vermont","0-130",0
2023-04-08,"78","Virgin Islands","0-130",0
2023-04-08,"51","Virginia","0-130",54
2023-04-08,"53","Washington","0-130",26
2023-04-08,"54","West Virginia","0-130",7
2023-04-08,"55","Wisconsin","0-130",10
2023-04-08,"56","Wyoming","0-130",2
2023-04-15,"01","Alabama","0-130",16
2023-04-15,"02","Alaska","0-130",2
2023-04-15,"60","American Samoa","0-130",0
2023-04-15,"04","Arizona","0-130",46
2023-04-15,"05","Arkansas","0-130",17
2023-04-15,"06","California","0-130",33
2023-04-15,"08","Colorado","0-130",18
2023-04-15,"09","Connecticut","0-130",11
2023-04-15,"10","Delaware","0-130",0
2023-04-15,"11","District of Columbia","0-130",3
2023-04-15,"12","Florida","0-130",130
2023-04-15,"13","Georgia","0-130",29
2023-04-15,"66","Guam","0-130",2
2023-04-15,"15","Hawaii","0-130",1
2023-04-15,"16","Idaho","0-130",2
2023-04-15,"17","Illinois","0-130",37
2023-04-15,"18","Indiana","0-130",17
2023-04-15,"19","Iowa","0-130",5
2023-04-15,"20","Kansas","0-130",7
2023-04-15,"21","Kentucky","0-130",23
2023-04-15,"22","Louisiana","0-130",14
2023-04-15,"23","Maine","0-130",0
2023-04-15,"24","Maryland","0-130",13
2023-04-15,"25","Massachusetts","0-130",10
2023-04-15,"26","Michigan","0-130",16
2023-04-15,"27","Minnesota","0-130",12
2023-04-15,"28","Mississippi","0-130",16
2023-04-15,"29","Missouri","0-130",18
2023-04-15,"30","Montana","0-130",0
2023-04-15,"31","Nebraska","0-130",6
2023-04-15,"32","Nevada","0-130",8
2023-04-15,"33","New Hampshire","0-130",0
2023-04-15,"34","New Jersey","0-130",45
2023-04-15,"35","New Mexico","0-130",4
2023-04-15,"36","New York","0-130",75
2023-04-15,"37","North Carolina","0-130",25
2023-04-15,"38","North Dakota","0-130",5
2023-04-15,"39","Ohio","0-130",25
2023-04-15,"40","Oklahoma","0-130",19
2023-04-15,"41","Oregon","0-130",3
2023-04-15,"42","Pennsylvania","0-130",66
2023-04-15,"72","Puerto Rico","0-130",34
2023-04-15,"44","Rhode Island","0-130",1
2023-04-15,"45","South Carolina","0-130",22
2023-04-15,"46","South Dakota","0-130",5
2023-04-15,"47","Tennessee","0-130",25
2023-04-15,"48","Texas","0-130",126
2023-04-15,"US","US","0-130",1077
2023-04-15,"49","Utah","0-130",3
2023-04-15,"50","Vermont","0-130",1
2023-04-15,"78","Virgin Islands","0-130",0
2023-04-15,"51","Virginia","0-130",35
2023-04-15,"53","Washington","0-130",27
2023-04-15,"54","West Virginia","0-130",7
2023-04-15,"55","Wisconsin","0-130",9
2023-04-15,"56","Wyoming","0-130",3
2023-04-22,"01","Alabama","0-130",20
2023-04-22,"02","Alaska","0-130",1
2023-04-22,"60","American Samoa","0-130",0
2023-04-22,"04","Arizona","0-130",37
2023-04-22,"05","Arkansas","0-130",8
2023-04-22,"06","California","0-130",37
2023-04-22,"08","Colorado","0-130",12
2023-04-22,"09","Connecticut","0-130",8
2023-04-22,"10","Delaware","0-130",0
2023-04-22,"11","District of Columbia","0-130",3
2023-04-22,"12","Florida","0-130",152
2023-04-22,"13","Georgia","0-130",44
2023-04-22,"66","Guam","0-130",0
2023-04-22,"15","Hawaii","0-130",2
2023-04-22,"16","Idaho","0-130",3
2023-04-22,"17","Illinois","0-130",25
2023-04-22,"18","Indiana","0-130",10
2023-04-22,"19","Iowa","0-130",0
2023-04-22,"20","Kansas","0-130",2
2023-04-22,"21","Kentucky","0-130",12
2023-04-22,"22","Louisiana","0-130",21
2023-04-22,"23","Maine","0-130",5
2023-04-22,"24","Maryland","0-130",10
2023-04-22,"25","Massachusetts","0-130",9
2023-04-22,"26","Michigan","0-130",8
2023-04-22,"27","Minnesota","0-130",8
2023-04-22,"28","Mississippi","0-130",33
2023-04-22,"29","Missouri","0-130",19
2023-04-22,"30","Montana","0-130",2
2023-04-22,"31","Nebraska","0-130",7
2023-04-22,"32","Nevada","0-130",0
2023-04-22,"33","New Hampshire","0-130",1
2023-04-22,"34","New Jersey","0-130",35
2023-04-22,"35","New Mexico","0-130",8
2023-04-22,"36","New York","0-130",47
2023-04-22,"37","North Carolina","0-130",13
2023-04-22,"38","North Dakota","0-130",3
2023-04-22,"39","Ohio","0-130",18
2023-04-22,"40","Oklahoma","0-130",15
2023-04-22,"41","Oregon","0-130",1
2023-04-22,"42","Pennsylvania","0-130",82
2023-04-22,"72","Puerto Rico","0-130",33
2023-04-22,"44","Rhode Island","0-130",1
2023-04-22,"45","South Carolina","0-130",21
2023-04-22,"46","South Dakota","0-130",4
2023-04-22,"47","Tennessee","0-130",22
2023-04-22,"48","Texas","0-130",100
2023-04-22,"US","US","0-130",980
2023-04-22,"49","Utah","0-130",6
2023-04-22,"50","Vermont","0-130",0
2023-04-22,"78","Virgin Islands","0-130",0
2023-04-22,"51","Virginia","0-130",45
2023-04-22,"53","Washington","0-130",18
2023-04-22,"54","West Virginia","0-130",4
2023-04-22,"55","Wisconsin","0-130",5
2023-04-22,"56","Wyoming","0-130",0
2023-04-29,"01","Alabama","0-130",11
2023-04-29,"02","Alaska","0-130",0
2023-04-29,"60","American Samoa","0-130",0
2023-04-29,"04","Arizona","0-130",41
2023-04-29,"05","Arkansas","0-130",11
2023-04-29,"06","California","0-130",26
2023-04-29,"08","Colorado","0-130",9
2023-04-29,"09","Connecticut","0-130",9
2023-04-29,"10","Delaware","0-130",1
2023-04-29,"11","District of Columbia","0-130",1
2023-04-29,"12","Florida","0-130",137
2023-04-29,"13","Georgia","0-130",43
2023-04-29,"66","Guam","0-130",0
2023-04-29,"15","Hawaii","0-130",1
2023-04-29,"16","Idaho","0-130",7
2023-04-29,"17","Illinois","0-130",19
2023-04-29,"18","Indiana","0-130",18
2023-04-29,"19","Iowa","0-130",12
2023-04-29,"20","Kansas","0-130",2
2023-04-29,"21","Kentucky","0-130",4
2023-04-29,"22","Louisiana","0-130",20
2023-04-29,"23","Maine","0-130",0
2023-04-29,"24","Maryland","0-130",10
2023-04-29,"25","Massachusetts","0-130",9
2023-04-29,"26","Michigan","0-130",7
2023-04-29,"27","Minnesota","0-130",12
2023-04-29,"28","Mississippi","0-130",16
2023-04-29,"29","Missouri","0-130",26
2023-04-29,"30","Montana","0-130",0
2023-04-29,"31","Nebraska","0-130",4
2023-04-29,"32","Nevada","0-130",4
2023-04-29,"33","New Hampshire","0-130",2
2023-04-29,"34","New Jersey","0-130",13
2023-04-29,"35","New Mexico","0-130",2
2023-04-29,"36","New York","0-130",37
2023-04-29,"37","North Carolina","0-130",10
2023-04-29,"38","North Dakota","0-130",5
2023-04-29,"39","Ohio","0-130",19
2023-04-29,"40","Oklahoma","0-130",21
2023-04-29,"41","Oregon","0-130",5
2023-04-29,"42","Pennsylvania","0-130",80
2023-04-29,"72","Puerto Rico","0-130",36
2023-04-29,"44","Rhode Island","0-130",1
2023-04-29,"45","South Carolina","0-130",27
2023-04-29,"46","South Dakota","0-130",4
2023-04-29,"47","Tennessee","0-130",18
2023-04-29,"48","Texas","0-130",110
2023-04-29,"US","US","0-130",903
2023-04-29,"49","Utah","0-130",0
2023-04-29,"50","Vermont","0-130",2
2023-04-29,"78","Virgin Islands","0-130",0
2023-04-29,"51","Virginia","0-130",31
2023-04-29,"53","Washington","0-130",14
2023-04-29,"54","West Virginia","0-130",5
2023-04-29,"55","Wisconsin","0-130",0
2023-04-29,"56","Wyoming","0-130",1
2023-05-06,"01","Alabama","0-130",4
2023-05-06,"02","Alaska","0-130",5
2023-05-06,"60","American Samoa","0-130",0
2023-05-06,"04","Arizona","0-130",34
2023-05-06,"05","Arkansas","0-130",9
2023-05-06,"06","California","0-130",22
2023-05-06,"08","Colorado","0-130",7
2023-05-06,"09","Connecticut","0-130",7
2023-05-06,"10","Delaware","0-130",0
2023-05-06,"11","District of Columbia","0-130",0
2023-05-06,"12","Florida","0-130",128
2023-05-06,"13","Georgia","0-130",33
2023-05-06,"66","Guam","0-130",1
2023-05-06,"15","Hawaii","0-130",0
2023-05-06,"16","Idaho","0-130",5
2023-05-06,"17","Illinois","0-130",24
2023-05-06,"18","Indiana","0-130",21
2023-05-06,"19","Iowa","0-130",5
2023-05-06,"20","Kansas","0-130",2
2023-05-06,"21","Kentucky","0-130",16
2023-05-06,"22","Louisiana","0-130",10
2023-05-06,"23","Maine","0-130",2
2023-05-06,"24","Maryland","0-130",15
2023-05-06,"25","Massachusetts","0-130",10
2023-05-06,"26","Michigan","0-130",17
2023-05-06,"27","Minnesota","0-130",19
2023-05-06,"28","Mississippi","0-130",21
2023-05-06,"29","Missouri","0-130",27
2023-05-06,"30","Montana","0-130",0
2023-05-06,"31","Nebraska","0-130",2
2023-05-06,"32","Nevada","0-130",7
2023-05-06,"33","New Hampshire","0-130",3
2023-05-06,"34","New Jersey","0-130",21
2023-05-06,"35","New Mexico","0-130",1
2023-05-06,"36","New York","0-130",50
2023-05-06,"37","North Carolina","0-130",7
2023-05-06,"38","North Dakota","0-130",7
2023-05-06,"39","Ohio","0-130",17
2023-05-06,"40","Oklahoma","0-130",10
2023-05-06,"41","Oregon","0-130",2
2023-05-06,"42","Pennsylvania","0-130",47
2023-05-06,"72","Puerto Rico","0-130",47
2023-05-06,"44","Rhode Island","0-130",0
2023-05-06,"45","South Carolina","0-130",17
2023-05-06,"46","South Dakota","0-130",7
2023-05-06,"47","Tennessee","0-130",24
2023-05-06,"48","Texas","0-130",197
2023-05-06,"US","US","0-130",992
2023-05-06,"49","Utah","0-130",4
2023-05-06,"50","Vermont","0-130",0
2023-05-06,"78","Virgin Islands","0-130",0
2023-05-06,"51","Virginia","0-130",52
2023-05-06,"53","Washington","0-130",13
2023-05-06,"54","West Virginia","0-130",4
2023-05-06,"55","Wisconsin","0-130",7
2023-05-06,"56","Wyoming","0-130",2
2023-05-13,"01","Alabama","0-130",14
2023-05-13,"02","Alaska","0-130",1
2023-05-13,"60","American Samoa","0-130",0
2023-05-13,"04","Arizona","0-130",55
2023-05-13,"05","Arkansas","0-130",12
2023-05-13,"06","California","0-130",33
2023-05-13,"08","Colorado","0-130",7
2023-05-13,"09","Connecticut","0-130",6
2023-05-13,"10","Delaware","0-130",1
2023-05-13,"11","District of Columbia","0-130",1
2023-05-13,"12","Florida","0-130",132
2023-05-13,"13","Georgia","0-130",50
2023-05-13,"66","Guam","0-130",0
2023-05-13,"15","Hawaii","0-130",1
2023-05-13,"16","Idaho","0-130",9
2023-05-13,"17","Illinois","0-130",30
2023-05-13,"18","Indiana","0-130",18
2023-05-13,"19","Iowa","0-130",5
2023-05-13,"20","Kansas","0-130",2
2023-05-13,"21","Kentucky","0-130",15
2023-05-13,"22","Louisiana","0-130",18
2023-05-13,"23","Maine","0-130",4
2023-05-13,"24","Maryland","0-130",11
2023-05-13,"25","Massachusetts","0-130",18
2023-05-13,"26","Michigan","0-130",17
2023-05-13,"27","Minnesota","0-130",13
2023-05-13,"28","Mississippi","0-130",24
2023-05-13,"29","Missouri","0-130",21
2023-05-13,"30","Montana","0-130",0
2023-05-13,"31","Nebraska","0-130",4
2023-05-13,"32","Nevada","0-130",6
2023-05-13,"33","New Hampshire","0-130",1
2023-05-13,"34","New Jersey","0-130",21
2023-05-13,"35","New Mexico","0-130",1
2023-05-13,"36","New York","0-130",54
2023-05-13,"37","North Carolina","0-130",16
2023-05-13,"38","North Dakota","0-130",2
2023-05-13,"39","Ohio","0-130",17
2023-05-13,"40","Oklahoma","0-130",15
2023-05-13,"41","Oregon","0-130",0
2023-05-13,"42","Pennsylvania","0-130",62
2023-05-13,"72","Puerto Rico","0-130",43
2023-05-13,"44","Rhode Island","0-130",4
2023-05-13,"45","South Carolina","0-130",23
2023-05-13,"46","South Dakota","0-130",7
2023-05-13,"47","Tennessee","0-130",15
2023-05-13,"48","Texas","0-130",98
2023-05-13,"US","US","0-130",978
2023-05-13,"49","Utah","0-130",6
2023-05-13,"50","Vermont","0-130",0
2023-05-13,"78","Virgin Islands","0-130",0
2023-05-13,"51","Virginia","0-130",44
2023-05-13,"53","Washington","0-130",10
2023-05-13,"54","West Virginia","0-130",5
2023-05-13,"55","Wisconsin","0-130",5
2023-05-13,"56","Wyoming","0-130",1
2023-05-20,"01","Alabama","0-130",10
2023-05-20,"02","Alaska","0-130",0
2023-05-20,"60","American Samoa","0-130",0
2023-05-20,"04","Arizona","0-130",55
2023-05-20,"05","Arkansas","0-130",9
2023-05-20,"06","California","0-130",24
2023-05-20,"08","Colorado","0-130",9
2023-05-20,"09","Connecticut","0-130",9
2023-05-20,"10","Delaware","0-130",0
2023-05-20,"11","District of Columbia","0-130",2
2023-05-20,"12","Florida","0-130",140
2023-05-20,"13","Georgia","0-130",30
2023-05-20,"66","Guam","0-130",0
2023-05-20,"15","Hawaii","0-130",3
2023-05-20,"16","Idaho","0-130",1
2023-05-20,"17","Illinois","0-130",25
2023-05-20,"18","Indiana","0-130",19
2023-05-20,"19","Iowa","0-130",3
2023-05-20,"20","Kansas","0-130",4
2023-05-20,"21","Kentucky","0-130",11
2023-05-20,"22","Louisiana","0-130",17
2023-05-20,"23","Maine","0-130",5
2023-05-20,"24","Maryland","0-130",5
2023-05-20,"25","Massachusetts","0-130",13
2023-05-20,"26","Michigan","0-130",13
2023-05-20,"27","Minnesota","0-130",8
2023-05-20,"28","Mississippi","0-130",22
2023-05-20,"29","Missouri","0-130",22
2023-05-20,"30","Montana","0-130",2
2023-05-20,"31","Nebraska","0-130",2
2023-05-20,"32","Nevada","0-130",3
2023-05-20,"33","New Hampshire","0-130",0
2023-05-20,"34","New Jersey","0-130",15
2023-05-20,"35","New Mexico","0-130",4
2023-05-20,"36","New York","0-130",50
2023-05-20,"37","North Carolina","0-130",11
2023-05-20,"38","North Dakota","0-130",13
2023-05-20,"39","Ohio","0-130",218
2023-05-20,"40","Oklahoma","0-130",23
2023-05-20,"41","Oregon","0-130",2
2023-05-20,"42","Pennsylvania","0-130",54
2023-05-20,"72","Puerto Rico","0-130",59
2023-05-20,"44","Rhode Island","0-130",0
2023-05-20,"45","South Carolina","0-130",21
2023-05-20,"46","South Dakota","0-130",3
2023-05-20,"47","Tennessee","0-130",14
2023-05-20,"48","Texas","0-130",97
2023-05-20,"US","US","0-130",1116
2023-05-20,"49","Utah","0-130",4
2023-05-20,"50","Vermont","0-130",2
2023-05-20,"78","Virgin Islands","0-130",0
2023-05-20,"51","Virginia","0-130",35
2023-05-20,"53","Washington","0-130",13
2023-05-20,"54","West Virginia","0-130",9
2023-05-20,"55","Wisconsin","0-130",2
2023-05-20,"56","Wyoming","0-130",1
2023-05-27,"01","Alabama","0-130",11
2023-05-27,"02","Alaska","0-130",0
2023-05-27,"60","American Samoa","0-130",0
2023-05-27,"04","Arizona","0-130",65
2023-05-27,"05","Arkansas","0-130",14
2023-05-27,"06","California","0-130",23
2023-05-27,"08","Colorado","0-130",10
2023-05-27,"09","Connecticut","0-130",12
2023-05-27,"10","Delaware","0-130",0
2023-05-27,"11","District of Columbia","0-130",6
2023-05-27,"12","Florida","0-130",141
2023-05-27,"13","Georgia","0-130",37
2023-05-27,"66","Guam","0-130",0
2023-05-27,"15","Hawaii","0-130",0
2023-05-27,"16","Idaho","0-130",2
2023-05-27,"17","Illinois","0-130",37
2023-05-27,"18","Indiana","0-130",16
2023-05-27,"19","Iowa","0-130",4
2023-05-27,"20","Kansas","0-130",3
2023-05-27,"21","Kentucky","0-130",11
2023-05-27,"22","Louisiana","0-130",11
2023-05-27,"23","Maine","0-130",2
2023-05-27,"24","Maryland","0-130",6
2023-05-27,"25","Massachusetts","0-130",10
2023-05-27,"26","Michigan","0-130",18
2023-05-27,"27","Minnesota","0-130",3
2023-05-27,"28","Mississippi","0-130",20
2023-05-27,"29","Missouri","0-130",8
2023-05-27,"30","Montana","0-130",3
2023-05-27,"31","Nebraska","0-130",7
2023-05-27,"32","Nevada","0-130",6
2023-05-27,"33","New Hampshire","0-130",4
2023-05-27,"34","New Jersey","0-130",20
2023-05-27,"35","New Mexico","0-130",3
2023-05-27,"36","New York","0-130",60
2023-05-27,"37","North Carolina","0-130",5
2023-05-27,"38","North Dakota","0-130",3
2023-05-27,"39","Ohio","0-130",14
2023-05-27,"40","Oklahoma","0-130",20
2023-05-27,"41","Oregon","0-130",3
2023-05-27,"42","Pennsylvania","0-130",57
2023-05-27,"72","Puerto Rico","0-130",60
2023-05-27,"44","Rhode Island","0-130",3
2023-05-27,"45","South Carolina","0-130",17
2023-05-27,"46","South Dakota","0-130",3
2023-05-27,"47","Tennessee","0-130",27
2023-05-27,"48","Texas","0-130",106
2023-05-27,"US","US","0-130",973
2023-05-27,"49","Utah","0-130",5
2023-05-27,"50","Vermont","0-130",0
2023-05-27,"78","Virgin Islands","0-130",0
2023-05-27,"51","Virginia","0-130",50
2023-05-27,"53","Washington","0-130",15
2023-05-27,"54","West Virginia","0-130",10
2023-05-27,"55","Wisconsin","0-130",2
2023-05-27,"56","Wyoming","0-130",0
2023-06-03,"01","Alabama","0-130",25
2023-06-03,"02","Alaska","0-130",3
2023-06-03,"60","American Samoa","0-130",0
2023-06-03,"04","Arizona","0-130",65
2023-06-03,"05","Arkansas","0-130",6
2023-06-03,"06","California","0-130",48
2023-06-03,"08","Colorado","0-130",5
2023-06-03,"09","Connecticut","0-130",4
2023-06-03,"10","Delaware","0-130",3
2023-06-03,"11","District of Columbia","0-130",3
2023-06-03,"12","Florida","0-130",148
2023-06-03,"13","Georgia","0-130",46
2023-06-03,"66","Guam","0-130",1
2023-06-03,"15","Hawaii","0-130",4
2023-06-03,"16","Idaho","0-130",2
2023-06-03,"17","Illinois","0-130",22
2023-06-03,"18","Indiana","0-130",15
2023-06-03,"19","Iowa","0-130",0
2023-06-03,"20","Kansas","0-130",4
2023-06-03,"21","Kentucky","0-130",5
2023-06-03,"22","Louisiana","0-130",14
2023-06-03,"23","Maine","0-130",3
2023-06-03,"24","Maryland","0-130",8
2023-06-03,"25","Massachusetts","0-130",9
2023-06-03,"26","Michigan","0-130",14
2023-06-03,"27","Minnesota","0-130",1
2023-06-03,"28","Mississippi","0-130",10
2023-06-03,"29","Missouri","0-130",8
2023-06-03,"30","Montana","0-130",0
2023-06-03,"31","Nebraska","0-130",3
2023-06-03,"32","Nevada","0-130",6
2023-06-03,"33","New Hampshire","0-130",1
2023-06-03,"34","New Jersey","0-130",25
2023-06-03,"35","New Mexico","0-130",2
2023-06-03,"36","New York","0-130",46
2023-06-03,"37","North Carolina","0-130",14
2023-06-03,"38","North Dakota","0-130",1
2023-06-03,"39","Ohio","0-130",10
2023-06-03,"40","Oklahoma","0-130",12
2023-06-03,"41","Oregon","0-130",3
2023-06-03,"42","Pennsylvania","0-130",66
2023-06-03,"72","Puerto Rico","0-130",73
2023-06-03,"44","Rhode Island","0-130",1
2023-06-03,"45","South Carolina","0-130",26
2023-06-03,"46","South Dakota","0-130",4
2023-06-03,"47","Tennessee","0-130",20
2023-06-03,"48","Texas","0-130",83
2023-06-03,"US","US","0-130",939
2023-06-03,"49","Utah","0-130",1
2023-06-03,"50","Vermont","0-130",0
2023-06-03,"78","Virgin Islands","0-130",0
2023-06-03,"51","Virginia","0-130",36
2023-06-03,"53","Washington","0-130",17
2023-06-03,"54","West Virginia","0-130",5
2023-06-03,"55","Wisconsin","0-130",7
2023-06-03,"56","Wyoming","0-130",1
2023-06-10,"01","Alabama","0-130",14
2023-06-10,"02","Alaska","0-130",2
2023-06-10,"60","American Samoa","0-130",0
2023-06-10,"04","Arizona","0-130",61
2023-06-10,"05","Arkansas","0-130",1
2023-06-10,"06","California","0-130",43
2023-06-10,"08","Colorado","0-130",3
2023-06-10,"09","Connecticut","0-130",6
2023-06-10,"10","Delaware","0-130",0
2023-06-10,"11","District of Columbia","0-130",1
2023-06-10,"12","Florida","0-130",166
2023-06-10,"13","Georgia","0-130",55
2023-06-10,"66","Guam","0-130",3
2023-06-10,"15","Hawaii","0-130",6
2023-06-10,"16","Idaho","0-130",1
2023-06-10,"17","Illinois","0-130",21
2023-06-10,"18","Indiana","0-130",13
2023-06-10,"19","Iowa","0-130",4
2023-06-10,"20","Kansas","0-130",13
2023-06-10,"21","Kentucky","0-130",5
2023-06-10,"22","Louisiana","0-130",14
2023-06-10,"23","Maine","0-130",1
2023-06-10,"24","Maryland","0-130",5
2023-06-10,"25","Massachusetts","0-130",11
2023-06-10,"26","Michigan","0-130",14
2023-06-10,"27","Minnesota","0-130",5
2023-06-10,"28","Mississippi","0-130",17
2023-06-10,"29","Missouri","0-130",18
2023-06-10,"30","Montana","0-130",2
2023-06-10,"31","Nebraska","0-130",1
2023-06-10,"32","Nevada","0-130",11
2023-06-10,"33","New Hampshire","0-130",0
2023-06-10,"34","New Jersey","0-130",13
2023-06-10,"35","New Mexico","0-130",1
2023-06-10,"36","New York","0-130",39
2023-06-10,"37","North Carolina","0-130",12
2023-06-10,"38","North Dakota","0-130",3
2023-06-10,"39","Ohio","0-130",11
2023-06-10,"40","Oklahoma","0-130",10
2023-06-10,"41","Oregon","0-130",6
2023-06-10,"42","Pennsylvania","0-130",60
2023-06-10,"72","Puerto Rico","0-130",61
2023-06-10,"44","Rhode Island","0-130",1
2023-06-10,"45","South Carolina","0-130",21
2023-06-10,"46","South Dakota","0-130",2
2023-06-10,"47","Tennessee","0-130",27
2023-06-10,"48","Texas","0-130",75
2023-06-10,"US","US","0-130",935
2023-06-10,"49","Utah","0-130",1
2023-06-10,"50","Vermont","0-130",0
2023-06-10,"78","Virgin Islands","0-130",0
2023-06-10,"51","Virginia","0-130",27
2023-06-10,"53","Washington","0-130",28
2023-06-10,"54","West Virginia","0-130",8
2023-06-10,"55","Wisconsin","0-130",11
2023-06-10,"56","Wyoming","0-130",1
2023-06-17,"01","Alabama","0-130",5
2023-06-17,"02","Alaska","0-130",6
2023-06-17,"60","American Samoa","0-130",0
2023-06-17,"04","Arizona","0-130",50
2023-06-17,"05","Arkansas","0-130",5
2023-06-17,"06","California","0-130",36
2023-06-17,"08","Colorado","0-130",6
2023-06-17,"09","Connecticut","0-130",6
2023-06-17,"10","Delaware","0-130",0
2023-06-17,"11","District of Columbia","0-130",1
2023-06-17,"12","Florida","0-130",148
2023-06-17,"13","Georgia","0-130",41
2023-06-17,"66","Guam","0-130",1
2023-06-17,"15","Hawaii","0-130",8
2023-06-17,"16","Idaho","0-130",6
2023-06-17,"17","Illinois","0-130",20
2023-06-17,"18","Indiana","0-130",13
2023-06-17,"19","Iowa","0-130",2
2023-06-17,"20","Kansas","0-130",2
2023-06-17,"21","Kentucky","0-130",8
2023-06-17,"22","Louisiana","0-130",10
2023-06-17,"23","Maine","0-130",0
2023-06-17,"24","Maryland","0-130",2
2023-06-17,"25","Massachusetts","0-130",12
2023-06-17,"26","Michigan","0-130",20
2023-06-17,"27","Minnesota","0-130",8
2023-06-17,"28","Mississippi","0-130",14
2023-06-17,"29","Missouri","0-130",10
2023-06-17,"30","Montana","0-130",2
2023-06-17,"31","Nebraska","0-130",1
2023-06-17,"32","Nevada","0-130",8
2023-06-17,"33","New Hampshire","0-130",2
2023-06-17,"34","New Jersey","0-130",9
2023-06-17,"35","New Mexico","0-130",1
2023-06-17,"36","New York","0-130",37
2023-06-17,"37","North Carolina","0-130",18
2023-06-17,"38","North Dakota","0-130",2
2023-06-17,"39","Ohio","0-130",11
2023-06-17,"40","Oklahoma","0-130",15
2023-06-17,"41","Oregon","0-130",2
2023-06-17,"42","Pennsylvania","0-130",56
2023-06-17,"72","Puerto Rico","0-130",50
2023-06-17,"44","Rhode Island","0-130",2
2023-06-17,"45","South Carolina","0-130",23
2023-06-17,"46","South Dakota","0-130",2
2023-06-17,"47","Tennessee","0-130",31
2023-06-17,"48","Texas","0-130",100
2023-06-17,"US","US","0-130",873
2023-06-17,"49","Utah","0-130",4
2023-06-17,"50","Vermont","0-130",0
2023-06-17,"78","Virgin Islands","0-130",0
2023-06-17,"51","Virginia","0-130",27
2023-06-17,"53","Washington","0-130",19
2023-06-17,"54","West Virginia","0-130",6
2023-06-17,"55","Wisconsin","0-130",4
2023-06-17,"56","Wyoming","0-130",1
2023-06-24,"01","Alabama","0-130",11
2023-06-24,"02","Alaska","0-130",0
2023-06-24,"60","American Samoa","0-130",0
2023-06-24,"04","Arizona","0-130",48
2023-06-24,"05","Arkansas","0-130",12
2023-06-24,"06","California","0-130",27
2023-06-24,"08","Colorado","0-130",3
2023-06-24,"09","Connecticut","0-130",6
2023-06-24,"10","Delaware","0-130",0
2023-06-24,"11","District of Columbia","0-130",2
2023-06-24,"12","Florida","0-130",165
2023-06-24,"13","Georgia","0-130",38
2023-06-24,"66","Guam","0-130",0
2023-06-24,"15","Hawaii","0-130",9
2023-06-24,"16","Idaho","0-130",1
2023-06-24,"17","Illinois","0-130",13
2023-06-24,"18","Indiana","0-130",5
2023-06-24,"19","Iowa","0-130",1
2023-06-24,"20","Kansas","0-130",2
2023-06-24,"21","Kentucky","0-130",6
2023-06-24,"22","Louisiana","0-130",8
2023-06-24,"23","Maine","0-130",1
2023-06-24,"24","Maryland","0-130",8
2023-06-24,"25","Massachusetts","0-130",4
2023-06-24,"26","Michigan","0-130",14
2023-06-24,"27","Minnesota","0-130",2
2023-06-24,"28","Mississippi","0-130",13
2023-06-24,"29","Missouri","0-130",12
2023-06-24,"30","Montana","0-130",1
2023-06-24,"31","Nebraska","0-130",1
2023-06-24,"32","Nevada","0-130",8
2023-06-24,"33","New Hampshire","0-130",0
2023-06-24,"34","New Jersey","0-130",12
2023-06-24,"35","New Mexico","0-130",1
2023-06-24,"36","New York","0-130",36
2023-06-24,"37","North Carolina","0-130",16
2023-06-24,"38","North Dakota","0-130",1
2023-06-24,"39","Ohio","0-130",14
2023-06-24,"40","Oklahoma","0-130",9
2023-06-24,"41","Oregon","0-130",5
2023-06-24,"42","Pennsylvania","0-130",49
2023-06-24,"72","Puerto Rico","0-130",58
2023-06-24,"44","Rhode Island","0-130",0
2023-06-24,"45","South Carolina","0-130",23
2023-06-24,"46","South Dakota","0-130",0
2023-06-24,"47","Tennessee","0-130",13
2023-06-24,"48","Texas","0-130",109
2023-06-24,"US","US","0-130",813
2023-06-24,"49","Utah","0-130",3
2023-06-24,"50","Vermont","0-130",0
2023-06-24,"78","Virgin Islands","0-130",0
2023-06-24,"51","Virginia","0-130",22
2023-06-24,"53","Washington","0-130",17
2023-06-24,"54","West Virginia","0-130",2
2023-06-24,"55","Wisconsin","0-130",1
2023-06-24,"56","Wyoming","0-130",1
2023-07-01,"01","Alabama","0-130",11
2023-07-01,"02","Alaska","0-130",4
2023-07-01,"60","American Samoa","0-130",0
2023-07-01,"04","Arizona","0-130",29
2023-07-01,"05","Arkansas","0-130",6
2023-07-01,"06","California","0-130",49
2023-07-01,"08","Colorado","0-130",7
2023-07-01,"09","Connecticut","0-130",6
2023-07-01,"10","Delaware","0-130",0
2023-07-01,"11","District of Columbia","0-130",1
2023-07-01,"12","Florida","0-130",158
2023-07-01,"13","Georgia","0-130",38
2023-07-01,"66","Guam","0-130",1
2023-07-01,"15","Hawaii","0-130",10
2023-07-01,"16","Idaho","0-130",7
2023-07-01,"17","Illinois","0-130",8
2023-07-01,"18","Indiana","0-130",9
2023-07-01,"19","Iowa","0-130",2
2023-07-01,"20","Kansas","0-130",3
2023-07-01,"21","Kentucky","0-130",5
2023-07-01,"22","Louisiana","0-130",16
2023-07-01,"23","Maine","0-130",2
2023-07-01,"24","Maryland","0-130",0
2023-07-01,"25","Massachusetts","0-130",7
2023-07-01,"26","Michigan","0-130",9
2023-07-01,"27","Minnesota","0-130",0
2023-07-01,"28","Mississippi","0-130",15
2023-07-01,"29","Missouri","0-130",7
2023-07-01,"30","Montana","0-130",1
2023-07-01,"31","Nebraska","0-130",1
2023-07-01,"32","Nevada","0-130",7
2023-07-01,"33","New Hampshire","0-130",1
2023-07-01,"34","New Jersey","0-130",6
2023-07-01,"35","New Mexico","0-130",0
2023-07-01,"36","New York","0-130",29
2023-07-01,"37","North Carolina","0-130",17
2023-07-01,"38","North Dakota","0-130",1
2023-07-01,"39","Ohio","0-130",37
2023-07-01,"40","Oklahoma","0-130",13
2023-07-01,"41","Oregon","0-130",1
2023-07-01,"42","Pennsylvania","0-130",47
2023-07-01,"72","Puerto Rico","0-130",52
2023-07-01,"44","Rhode Island","0-130",1
2023-07-01,"45","South Carolina","0-130",20
2023-07-01,"46","South Dakota","0-130",2
2023-07-01,"47","Tennessee","0-130",24
2023-07-01,"48","Texas","0-130",87
2023-07-01,"US","US","0-130",836
2023-07-01,"49","Utah","0-130",3
2023-07-01,"50","Vermont","0-130",1
2023-07-01,"78","Virgin Islands","0-130",0
2023-07-01,"51","Virginia","0-130",39
2023-07-01,"53","Washington","0-130",19
2023-07-01,"54","West Virginia","0-130",3
2023-07-01,"55","Wisconsin","0-130",5
2023-07-01,"56","Wyoming","0-130",9
2023-07-08,"01","Alabama","0-130",3
2023-07-08,"02","Alaska","0-130",2
2023-07-08,"60","American Samoa","0-130",0
2023-07-08,"04","Arizona","0-130",34
2023-07-08,"05","Arkansas","0-130",4
2023-07-08,"06","California","0-130",26
2023-07-08,"08","Colorado","0-130",3
2023-07-08,"09","Connecticut","0-130",1
2023-07-08,"10","Delaware","0-130",0
2023-07-08,"11","District of Columbia","0-130",2
2023-07-08,"12","Florida","0-130",144
2023-07-08,"13","Georgia","0-130",23
2023-07-08,"66","Guam","0-130",0
2023-07-08,"15","Hawaii","0-130",8
2023-07-08,"16","Idaho","0-130",3
2023-07-08,"17","Illinois","0-130",11
2023-07-08,"18","Indiana","0-130",2
2023-07-08,"19","Iowa","0-130",2
2023-07-08,"20","Kansas","0-130",1
2023-07-08,"21","Kentucky","0-130",8
2023-07-08,"22","Louisiana","0-130",13
2023-07-08,"23","Maine","0-130",3
2023-07-08,"24","Maryland","0-130",3
2023-07-08,"25","Massachusetts","0-130",3
2023-07-08,"26","Michigan","0-130",5
2023-07-08,"27","Minnesota","0-130",1
2023-07-08,"28","Mississippi","0-130",14
2023-07-08,"29","Missouri","0-130",3
2023-07-08,"30","Montana","0-130",0
2023-07-08,"31","Nebraska","0-130",1
2023-07-08,"32","Nevada","0-130",6
2023-07-08,"33","New Hampshire","0-130",0
2023-07-08,"34","New Jersey","0-130",16
2023-07-08,"35","New Mexico","0-130",1
2023-07-08,"36","New York","0-130",23
2023-07-08,"37","North Carolina","0-130",10
2023-07-08,"38","North Dakota","0-130",2
2023-07-08,"39","Ohio","0-130",37
2023-07-08,"40","Oklahoma","0-130",12
2023-07-08,"41","Oregon","0-130",2
2023-07-08,"42","Pennsylvania","0-130",46
2023-07-08,"72","Puerto Rico","0-130",39
2023-07-08,"44","Rhode Island","0-130",2
2023-07-08,"45","South Carolina","0-130",14
2023-07-08,"46","South Dakota","0-130",3
2023-07-08,"47","Tennessee","0-130",21
2023-07-08,"48","Texas","0-130",79
2023-07-08,"US","US","0-130",699
2023-07-08,"49","Utah","0-130",1
2023-07-08,"50","Vermont","0-130",0
2023-07-08,"78","Virgin Islands","0-130",0
2023-07-08,"51","Virginia","0-130",39
2023-07-08,"53","Washington","0-130",18
2023-07-08,"54","West Virginia","0-130",0
2023-07-08,"55","Wisconsin","0-130",4
2023-07-08,"56","Wyoming","0-130",1
2023-07-15,"01","Alabama","0-130",14
2023-07-15,"02","Alaska","0-130",2
2023-07-15,"60","American Samoa","0-130",0
2023-07-15,"04","Arizona","0-130",28
2023-07-15,"05","Arkansas","0-130",8
2023-07-15,"06","California","0-130",54
2023-07-15,"08","Colorado","0-130",8
2023-07-15,"09","Connecticut","0-130",2
2023-07-15,"10","Delaware","0-130",0
2023-07-15,"11","District of Columbia","0-130",2
2023-07-15,"12","Florida","0-130",138
2023-07-15,"13","Georgia","0-130",18
2023-07-15,"66","Guam","0-130",0
2023-07-15,"15","Hawaii","0-130",6
2023-07-15,"16","Idaho","0-130",3
2023-07-15,"17","Illinois","0-130",10
2023-07-15,"18","Indiana","0-130",2
2023-07-15,"19","Iowa","0-130",0
2023-07-15,"20","Kansas","0-130",3
2023-07-15,"21","Kentucky","0-130",6
2023-07-15,"22","Louisiana","0-130",6
2023-07-15,"23","Maine","0-130",0
2023-07-15,"24","Maryland","0-130",5
2023-07-15,"25","Massachusetts","0-130",7
2023-07-15,"26","Michigan","0-130",3
2023-07-15,"27","Minnesota","0-130",0
2023-07-15,"28","Mississippi","0-130",14
2023-07-15,"29","Missouri","0-130",13
2023-07-15,"30","Montana","0-130",1
2023-07-15,"31","Nebraska","0-130",0
2023-07-15,"32","Nevada","0-130",10
2023-07-15,"33","New Hampshire","0-130",1
2023-07-15,"34","New Jersey","0-130",7
2023-07-15,"35","New Mexico","0-130",0
2023-07-15,"36","New York","0-130",17
2023-07-15,"37","North Carolina","0-130",13
2023-07-15,"38","North Dakota","0-130",1
2023-07-15,"39","Ohio","0-130",40
2023-07-15,"40","Oklahoma","0-130",8
2023-07-15,"41","Oregon","0-130",5
2023-07-15,"42","Pennsylvania","0-130",41
2023-07-15,"72","Puerto Rico","0-130",42
2023-07-15,"44","Rhode Island","0-130",0
2023-07-15,"45","South Carolina","0-130",18
2023-07-15,"46","South Dakota","0-130",0
2023-07-15,"47","Tennessee","0-130",23
2023-07-15,"48","Texas","0-130",96
2023-07-15,"US","US","0-130",736
2023-07-15,"49","Utah","0-130",3
2023-07-15,"50","Vermont","0-130",0
2023-07-15,"78","Virgin Islands","0-130",0
2023-07-15,"51","Virginia","0-130",30
2023-07-15,"53","Washington","0-130",19
2023-07-15,"54","West Virginia","0-130",1
2023-07-15,"55","Wisconsin","0-130",8
2023-07-15,"56","Wyoming","0-130",0
2023-07-22,"01","Alabama","0-130",15
2023-07-22,"02","Alaska","0-130",1
2023-07-22,"60","American Samoa","0-130",0
2023-07-22,"04","Arizona","0-130",13
2023-07-22,"05","Arkansas","0-130",6
2023-07-22,"06","California","0-130",39
2023-07-22,"08","Colorado","0-130",4
2023-07-22,"09","Connecticut","0-130",3
2023-07-22,"10","Delaware","0-130",2
2023-07-22,"11","District of Columbia","0-130",1
2023-07-22,"12","Florida","0-130",110
2023-07-22,"13","Georgia","0-130",17
2023-07-22,"66","Guam","0-130",1
2023-07-22,"15","Hawaii","0-130",4
2023-07-22,"16","Idaho","0-130",1
2023-07-22,"17","Illinois","0-130",12
2023-07-22,"18","Indiana","0-130",4
2023-07-22,"19","Iowa","0-130",2
2023-07-22,"20","Kansas","0-130",0
2023-07-22,"21","Kentucky","0-130",3
2023-07-22,"22","Louisiana","0-130",7
2023-07-22,"23","Maine","0-130",1
2023-07-22,"24","Maryland","0-130",4
2023-07-22,"25","Massachusetts","0-130",10
2023-07-22,"26","Michigan","0-130",3
2023-07-22,"27","Minnesota","0-130",0
2023-07-22,"28","Mississippi","0-130",10
2023-07-22,"29","Missouri","0-130",20
2023-07-22,"30","Montana","0-130",0
2023-07-22,"31","Nebraska","0-130",1
2023-07-22,"32","Nevada","0-130",7
2023-07-22,"33","New Hampshire","0-130",0
2023-07-22,"34","New Jersey","0-130",16
2023-07-22,"35","New Mexico","0-130",1
2023-07-22,"36","New York","0-130",28
2023-07-22,"37","North Carolina","0-130",5
2023-07-22,"38","North Dakota","0-130",1
2023-07-22,"39","Ohio","0-130",33
2023-07-22,"40","Oklahoma","0-130",13
2023-07-22,"41","Oregon","0-130",3
2023-07-22,"42","Pennsylvania","0-130",37
2023-07-22,"72","Puerto Rico","0-130",33
2023-07-22,"44","Rhode Island","0-130",0
2023-07-22,"45","South Carolina","0-130",16
2023-07-22,"46","South Dakota","0-130",0
2023-07-22,"47","Tennessee","0-130",23
2023-07-22,"48","Texas","0-130",86
2023-07-22,"US","US","0-130",645
2023-07-22,"49","Utah","0-130",0
2023-07-22,"50","Vermont","0-130",0
2023-07-22,"78","Virgin Islands","0-130",0
2023-07-22,"51","Virginia","0-130",22
2023-07-22,"53","Washington","0-130",18
2023-07-22,"54","West Virginia","0-130",0
2023-07-22,"55","Wisconsin","0-130",9
2023-07-22,"56","Wyoming","0-130",0
2023-07-29,"01","Alabama","0-130",30
2023-07-29,"02","Alaska","0-130",0
2023-07-29,"60","American Samoa","0-130",0
2023-07-29,"04","Arizona","0-130",15
2023-07-29,"05","Arkansas","0-130",5
2023-07-29,"06","California","0-130",37
2023-07-29,"08","Colorado","0-130",3
2023-07-29,"09","Connecticut","0-130",5
2023-07-29,"10","Delaware","0-130",0
2023-07-29,"11","District of Columbia","0-130",1
2023-07-29,"12","Florida","0-130",132
2023-07-29,"13","Georgia","0-130",16
2023-07-29,"66","Guam","0-130",1
2023-07-29,"15","Hawaii","0-130",4
2023-07-29,"16","Idaho","0-130",3
2023-07-29,"17","Illinois","0-130",10
2023-07-29,"18","Indiana","0-130",4
2023-07-29,"19","Iowa","0-130",0
2023-07-29,"20","Kansas","0-130",2
2023-07-29,"21","Kentucky","0-130",9
2023-07-29,"22","Louisiana","0-130",12
2023-07-29,"23","Maine","0-130",3
2023-07-29,"24","Maryland","0-130",14
2023-07-29,"25","Massachusetts","0-130",4
2023-07-29,"26","Michigan","0-130",4
2023-07-29,"27","Minnesota","0-130",3
2023-07-29,"28","Mississippi","0-130",17
2023-07-29,"29","Missouri","0-130",10
2023-07-29,"30","Montana","0-130",0
2023-07-29,"31","Nebraska","0-130",1
2023-07-29,"32","Nevada","0-130",4
2023-07-29,"33","New Hampshire","0-130",1
2023-07-29,"34","New Jersey","0-130",8
2023-07-29,"35","New Mexico","0-130",0
2023-07-29,"36","New York","0-130",18
2023-07-29,"37","North Carolina","0-130",9
2023-07-29,"38","North Dakota","0-130",1
2023-07-29,"39","Ohio","0-130",117
2023-07-29,"40","Oklahoma","0-130",14
2023-07-29,"41","Oregon","0-130",2
2023-07-29,"42","Pennsylvania","0-130",36
2023-07-29,"72","Puerto Rico","0-130",42
2023-07-29,"44","Rhode Island","0-130",0
2023-07-29,"45","South Carolina","0-130",20
2023-07-29,"46","South Dakota","0-130",0
2023-07-29,"47","Tennessee","0-130",16
2023-07-29,"48","Texas","0-130",90
2023-07-29,"US","US","0-130",768
2023-07-29,"49","Utah","0-130",1
2023-07-29,"50","Vermont","0-130",0
2023-07-29,"78","Virgin Islands","0-130",0
2023-07-29,"51","Virginia","0-130",19
2023-07-29,"53","Washington","0-130",18
2023-07-29,"54","West Virginia","0-130",3
2023-07-29,"55","Wisconsin","0-130",2
2023-07-29,"56","Wyoming","0-130",2
2023-08-05,"01","Alabama","0-130",13
2023-08-05,"02","Alaska","0-130",2
2023-08-05,"60","American Samoa","0-130",0
2023-08-05,"04","Arizona","0-130",11
2023-08-05,"05","Arkansas","0-130",11
2023-08-05,"06","California","0-130",43
2023-08-05,"08","Colorado","0-130",3
2023-08-05,"09","Connecticut","0-130",4
2023-08-05,"10","Delaware","0-130",0
2023-08-05,"12","Florida","0-130",131
2023-08-05,"13","Georgia","0-130",19
2023-08-05,"66","Guam","0-130",1
2023-08-05,"15","Hawaii","0-130",6
2023-08-05,"16","Idaho","0-130",2
2023-08-05,"17","Illinois","0-130",12
2023-08-05,"18","Indiana","0-130",7
2023-08-05,"19","Iowa","0-130",1
2023-08-05,"20","Kansas","0-130",1
2023-08-05,"21","Kentucky","0-130",9
2023-08-05,"22","Louisiana","0-130",11
2023-08-05,"23","Maine","0-130",2
2023-08-05,"24","Maryland","0-130",7
2023-08-05,"25","Massachusetts","0-130",6
2023-08-05,"26","Michigan","0-130",4
2023-08-05,"27","Minnesota","0-130",2
2023-08-05,"28","Mississippi","0-130",9
2023-08-05,"29","Missouri","0-130",4
2023-08-05,"30","Montana","0-130",0
2023-08-05,"31","Nebraska","0-130",1
2023-08-05,"32","Nevada","0-130",6
2023-08-05,"33","New Hampshire","0-130",1
2023-08-05,"34","New Jersey","0-130",15
2023-08-05,"35","New Mexico","0-130",2
2023-08-05,"36","New York","0-130",30
2023-08-05,"37","North Carolina","0-130",8
2023-08-05,"38","North Dakota","0-130",0
2023-08-05,"39","Ohio","0-130",9
2023-08-05,"40","Oklahoma","0-130",6
2023-08-05,"41","Oregon","0-130",3
2023-08-05,"42","Pennsylvania","0-130",51
2023-08-05,"72","Puerto Rico","0-130",29
2023-08-05,"44","Rhode Island","0-130",0
2023-08-05,"45","South Carolina","0-130",18
2023-08-05,"46","South Dakota","0-130",2
2023-08-05,"47","Tennessee","0-130",22
2023-08-05,"48","Texas","0-130",109
2023-08-05,"US","US","0-130",687
2023-08-05,"49","Utah","0-130",1
2023-08-05,"50","Vermont","0-130",0
2023-08-05,"78","Virgin Islands","0-130",0
2023-08-05,"51","Virginia","0-130",31
2023-08-05,"53","Washington","0-130",20
2023-08-05,"54","West Virginia","0-130",1
2023-08-05,"55","Wisconsin","0-130",1
2023-08-05,"56","Wyoming","0-130",0
2023-08-12,"01","Alabama","0-130",9
2023-08-12,"02","Alaska","0-130",1
2023-08-12,"60","American Samoa","0-130",0
2023-08-12,"04","Arizona","0-130",9
2023-08-12,"05","Arkansas","0-130",10
2023-08-12,"06","California","0-130",35
2023-08-12,"08","Colorado","0-130",1
2023-08-12,"09","Connecticut","0-130",7
2023-08-12,"10","Delaware","0-130",1
2023-08-12,"11","District of Columbia","0-130",NA
2023-08-12,"12","Florida","0-130",133
2023-08-12,"13","Georgia","0-130",28
2023-08-12,"66","Guam","0-130",1
2023-08-12,"15","Hawaii","0-130",4
2023-08-12,"16","Idaho","0-130",3
2023-08-12,"17","Illinois","0-130",13
2023-08-12,"18","Indiana","0-130",9
2023-08-12,"19","Iowa","0-130",0
2023-08-12,"20","Kansas","0-130",2
2023-08-12,"21","Kentucky","0-130",5
2023-08-12,"22","Louisiana","0-130",7
2023-08-12,"23","Maine","0-130",0
2023-08-12,"24","Maryland","0-130",5
2023-08-12,"25","Massachusetts","0-130",10
2023-08-12,"26","Michigan","0-130",11
2023-08-12,"27","Minnesota","0-130",0
2023-08-12,"28","Mississippi","0-130",27
2023-08-12,"29","Missouri","0-130",9
2023-08-12,"30","Montana","0-130",0
2023-08-12,"31","Nebraska","0-130",1
2023-08-12,"32","Nevada","0-130",6
2023-08-12,"33","New Hampshire","0-130",1
2023-08-12,"34","New Jersey","0-130",6
2023-08-12,"35","New Mexico","0-130",1
2023-08-12,"36","New York","0-130",19
2023-08-12,"37","North Carolina","0-130",13
2023-08-12,"38","North Dakota","0-130",5
2023-08-12,"39","Ohio","0-130",10
2023-08-12,"40","Oklahoma","0-130",11
2023-08-12,"41","Oregon","0-130",4
2023-08-12,"42","Pennsylvania","0-130",37
2023-08-12,"72","Puerto Rico","0-130",39
2023-08-12,"44","Rhode Island","0-130",0
2023-08-12,"45","South Carolina","0-130",8
2023-08-12,"46","South Dakota","0-130",1
2023-08-12,"47","Tennessee","0-130",26
2023-08-12,"48","Texas","0-130",118
2023-08-12,"US","US","0-130",703
2023-08-12,"49","Utah","0-130",1
2023-08-12,"50","Vermont","0-130",0
2023-08-12,"78","Virgin Islands","0-130",0
2023-08-12,"51","Virginia","0-130",32
2023-08-12,"53","Washington","0-130",17
2023-08-12,"54","West Virginia","0-130",0
2023-08-12,"55","Wisconsin","0-130",5
2023-08-12,"56","Wyoming","0-130",1
2023-08-19,"01","Alabama","0-130",7
2023-08-19,"02","Alaska","0-130",2
2023-08-19,"60","American Samoa","0-130",0
2023-08-19,"04","Arizona","0-130",6
2023-08-19,"05","Arkansas","0-130",7
2023-08-19,"06","California","0-130",31
2023-08-19,"08","Colorado","0-130",0
2023-08-19,"09","Connecticut","0-130",4
2023-08-19,"10","Delaware","0-130",0
2023-08-19,"11","District of Columbia","0-130",1
2023-08-19,"12","Florida","0-130",152
2023-08-19,"13","Georgia","0-130",19
2023-08-19,"66","Guam","0-130",1
2023-08-19,"15","Hawaii","0-130",6
2023-08-19,"16","Idaho","0-130",3
2023-08-19,"17","Illinois","0-130",9
2023-08-19,"18","Indiana","0-130",3
2023-08-19,"19","Iowa","0-130",2
2023-08-19,"20","Kansas","0-130",1
2023-08-19,"21","Kentucky","0-130",12
2023-08-19,"22","Louisiana","0-130",11
2023-08-19,"23","Maine","0-130",2
2023-08-19,"24","Maryland","0-130",6
2023-08-19,"25","Massachusetts","0-130",6
2023-08-19,"26","Michigan","0-130",18
2023-08-19,"27","Minnesota","0-130",0
2023-08-19,"28","Mississippi","0-130",34
2023-08-19,"29","Missouri","0-130",11
2023-08-19,"30","Montana","0-130",0
2023-08-19,"31","Nebraska","0-130",1
2023-08-19,"32","Nevada","0-130",3
2023-08-19,"33","New Hampshire","0-130",0
2023-08-19,"34","New Jersey","0-130",12
2023-08-19,"35","New Mexico","0-130",2
2023-08-19,"36","New York","0-130",15
2023-08-19,"37","North Carolina","0-130",14
2023-08-19,"38","North Dakota","0-130",0
2023-08-19,"39","Ohio","0-130",8
2023-08-19,"40","Oklahoma","0-130",21
2023-08-19,"41","Oregon","0-130",3
2023-08-19,"42","Pennsylvania","0-130",38
2023-08-19,"72","Puerto Rico","0-130",30
2023-08-19,"44","Rhode Island","0-130",0
2023-08-19,"45","South Carolina","0-130",15
2023-08-19,"46","South Dakota","0-130",3
2023-08-19,"47","Tennessee","0-130",26
2023-08-19,"48","Texas","0-130",122
2023-08-19,"US","US","0-130",738
2023-08-19,"49","Utah","0-130",0
2023-08-19,"50","Vermont","0-130",0
2023-08-19,"78","Virgin Islands","0-130",0
2023-08-19,"51","Virginia","0-130",35
2023-08-19,"53","Washington","0-130",25
2023-08-19,"54","West Virginia","0-130",9
2023-08-19,"55","Wisconsin","0-130",2
2023-08-19,"56","Wyoming","0-130",0
2023-08-26,"01","Alabama","0-130",12
2023-08-26,"02","Alaska","0-130",0
2023-08-26,"60","American Samoa","0-130",0
2023-08-26,"04","Arizona","0-130",17
2023-08-26,"05","Arkansas","0-130",9
2023-08-26,"06","California","0-130",29
2023-08-26,"08","Colorado","0-130",4
2023-08-26,"09","Connecticut","0-130",8
2023-08-26,"10","Delaware","0-130",0
2023-08-26,"11","District of Columbia","0-130",1
2023-08-26,"12","Florida","0-130",160
2023-08-26,"13","Georgia","0-130",28
2023-08-26,"66","Guam","0-130",2
2023-08-26,"15","Hawaii","0-130",6
2023-08-26,"16","Idaho","0-130",0
2023-08-26,"17","Illinois","0-130",12
2023-08-26,"18","Indiana","0-130",11
2023-08-26,"19","Iowa","0-130",2
2023-08-26,"20","Kansas","0-130",2
2023-08-26,"21","Kentucky","0-130",7
2023-08-26,"22","Louisiana","0-130",11
2023-08-26,"23","Maine","0-130",0
2023-08-26,"24","Maryland","0-130",3
2023-08-26,"25","Massachusetts","0-130",8
2023-08-26,"26","Michigan","0-130",10
2023-08-26,"27","Minnesota","0-130",3
2023-08-26,"28","Mississippi","0-130",40
2023-08-26,"29","Missouri","0-130",7
2023-08-26,"30","Montana","0-130",0
2023-08-26,"31","Nebraska","0-130",3
2023-08-26,"32","Nevada","0-130",4
2023-08-26,"33","New Hampshire","0-130",0
2023-08-26,"34","New Jersey","0-130",16
2023-08-26,"35","New Mexico","0-130",1
2023-08-26,"36","New York","0-130",20
2023-08-26,"37","North Carolina","0-130",8
2023-08-26,"38","North Dakota","0-130",1
2023-08-26,"39","Ohio","0-130",16
2023-08-26,"40","Oklahoma","0-130",13
2023-08-26,"41","Oregon","0-130",4
2023-08-26,"42","Pennsylvania","0-130",57
2023-08-26,"72","Puerto Rico","0-130",52
2023-08-26,"44","Rhode Island","0-130",0
2023-08-26,"45","South Carolina","0-130",20
2023-08-26,"46","South Dakota","0-130",1
2023-08-26,"47","Tennessee","0-130",23
2023-08-26,"48","Texas","0-130",110
2023-08-26,"US","US","0-130",792
2023-08-26,"49","Utah","0-130",0
2023-08-26,"50","Vermont","0-130",0
2023-08-26,"78","Virgin Islands","0-130",0
2023-08-26,"51","Virginia","0-130",28
2023-08-26,"53","Washington","0-130",20
2023-08-26,"54","West Virginia","0-130",2
2023-08-26,"55","Wisconsin","0-130",1
2023-08-26,"56","Wyoming","0-130",0
2023-09-02,"01","Alabama","0-130",12
2023-09-02,"02","Alaska","0-130",2
2023-09-02,"60","American Samoa","0-130",0
2023-09-02,"04","Arizona","0-130",13
2023-09-02,"05","Arkansas","0-130",6
2023-09-02,"06","California","0-130",38
2023-09-02,"08","Colorado","0-130",3
2023-09-02,"09","Connecticut","0-130",6
2023-09-02,"10","Delaware","0-130",0
2023-09-02,"11","District of Columbia","0-130",0
2023-09-02,"12","Florida","0-130",172
2023-09-02,"13","Georgia","0-130",34
2023-09-02,"66","Guam","0-130",5
2023-09-02,"15","Hawaii","0-130",7
2023-09-02,"16","Idaho","0-130",0
2023-09-02,"17","Illinois","0-130",9
2023-09-02,"18","Indiana","0-130",6
2023-09-02,"19","Iowa","0-130",4
2023-09-02,"20","Kansas","0-130",3
2023-09-02,"21","Kentucky","0-130",10
2023-09-02,"22","Louisiana","0-130",14
2023-09-02,"23","Maine","0-130",0
2023-09-02,"24","Maryland","0-130",5
2023-09-02,"25","Massachusetts","0-130",17
2023-09-02,"26","Michigan","0-130",12
2023-09-02,"27","Minnesota","0-130",0
2023-09-02,"28","Mississippi","0-130",43
2023-09-02,"29","Missouri","0-130",6
2023-09-02,"30","Montana","0-130",0
2023-09-02,"31","Nebraska","0-130",2
2023-09-02,"32","Nevada","0-130",3
2023-09-02,"33","New Hampshire","0-130",4
2023-09-02,"34","New Jersey","0-130",10
2023-09-02,"35","New Mexico","0-130",2
2023-09-02,"36","New York","0-130",38
2023-09-02,"37","North Carolina","0-130",18
2023-09-02,"38","North Dakota","0-130",0
2023-09-02,"39","Ohio","0-130",13
2023-09-02,"40","Oklahoma","0-130",16
2023-09-02,"41","Oregon","0-130",2
2023-09-02,"42","Pennsylvania","0-130",42
2023-09-02,"72","Puerto Rico","0-130",59
2023-09-02,"44","Rhode Island","0-130",0
2023-09-02,"45","South Carolina","0-130",9
2023-09-02,"46","South Dakota","0-130",1
2023-09-02,"47","Tennessee","0-130",27
2023-09-02,"48","Texas","0-130",126
2023-09-02,"US","US","0-130",875
2023-09-02,"49","Utah","0-130",1
2023-09-02,"50","Vermont","0-130",0
2023-09-02,"78","Virgin Islands","0-130",0
2023-09-02,"51","Virginia","0-130",30
2023-09-02,"53","Washington","0-130",42
2023-09-02,"54","West Virginia","0-130",1
2023-09-02,"55","Wisconsin","0-130",2
2023-09-02,"56","Wyoming","0-130",0
2023-09-09,"01","Alabama","0-130",5
2023-09-09,"02","Alaska","0-130",2
2023-09-09,"60","American Samoa","0-130",0
2023-09-09,"04","Arizona","0-130",8
2023-09-09,"05","Arkansas","0-130",8
2023-09-09,"06","California","0-130",42
2023-09-09,"08","Colorado","0-130",7
2023-09-09,"09","Connecticut","0-130",1
2023-09-09,"10","Delaware","0-130",0
2023-09-09,"11","District of Columbia","0-130",1
2023-09-09,"12","Florida","0-130",150
2023-09-09,"13","Georgia","0-130",21
2023-09-09,"66","Guam","0-130",2
2023-09-09,"15","Hawaii","0-130",5
2023-09-09,"16","Idaho","0-130",2
2023-09-09,"17","Illinois","0-130",15
2023-09-09,"18","Indiana","0-130",5
2023-09-09,"19","Iowa","0-130",1
2023-09-09,"20","Kansas","0-130",6
2023-09-09,"21","Kentucky","0-130",19
2023-09-09,"22","Louisiana","0-130",11
2023-09-09,"23","Maine","0-130",0
2023-09-09,"24","Maryland","0-130",5
2023-09-09,"25","Massachusetts","0-130",8
2023-09-09,"26","Michigan","0-130",2
2023-09-09,"27","Minnesota","0-130",0
2023-09-09,"28","Mississippi","0-130",19
2023-09-09,"29","Missouri","0-130",12
2023-09-09,"30","Montana","0-130",1
2023-09-09,"31","Nebraska","0-130",1
2023-09-09,"32","Nevada","0-130",4
2023-09-09,"33","New Hampshire","0-130",1
2023-09-09,"34","New Jersey","0-130",13
2023-09-09,"35","New Mexico","0-130",4
2023-09-09,"36","New York","0-130",21
2023-09-09,"37","North Carolina","0-130",7
2023-09-09,"38","North Dakota","0-130",0
2023-09-09,"39","Ohio","0-130",15
2023-09-09,"40","Oklahoma","0-130",16
2023-09-09,"41","Oregon","0-130",3
2023-09-09,"42","Pennsylvania","0-130",43
2023-09-09,"72","Puerto Rico","0-130",54
2023-09-09,"44","Rhode Island","0-130",0
2023-09-09,"45","South Carolina","0-130",22
2023-09-09,"46","South Dakota","0-130",3
2023-09-09,"47","Tennessee","0-130",46
2023-09-09,"48","Texas","0-130",109
2023-09-09,"US","US","0-130",803
2023-09-09,"49","Utah","0-130",2
2023-09-09,"50","Vermont","0-130",1
2023-09-09,"78","Virgin Islands","0-130",0
2023-09-09,"51","Virginia","0-130",40
2023-09-09,"53","Washington","0-130",37
2023-09-09,"54","West Virginia","0-130",2
2023-09-09,"55","Wisconsin","0-130",1
2023-09-09,"56","Wyoming","0-130",0
2023-09-16,"01","Alabama","0-130",20
2023-09-16,"02","Alaska","0-130",5
2023-09-16,"60","American Samoa","0-130",0
2023-09-16,"04","Arizona","0-130",10
2023-09-16,"05","Arkansas","0-130",7
2023-09-16,"06","California","0-130",41
2023-09-16,"08","Colorado","0-130",2
2023-09-16,"09","Connecticut","0-130",9
2023-09-16,"10","Delaware","0-130",0
2023-09-16,"11","District of Columbia","0-130",0
2023-09-16,"12","Florida","0-130",156
2023-09-16,"13","Georgia","0-130",34
2023-09-16,"66","Guam","0-130",3
2023-09-16,"15","Hawaii","0-130",8
2023-09-16,"16","Idaho","0-130",0
2023-09-16,"17","Illinois","0-130",18
2023-09-16,"18","Indiana","0-130",9
2023-09-16,"19","Iowa","0-130",0
2023-09-16,"20","Kansas","0-130",3
2023-09-16,"21","Kentucky","0-130",5
2023-09-16,"22","Louisiana","0-130",13
2023-09-16,"23","Maine","0-130",0
2023-09-16,"24","Maryland","0-130",2
2023-09-16,"25","Massachusetts","0-130",5
2023-09-16,"26","Michigan","0-130",9
2023-09-16,"27","Minnesota","0-130",1
2023-09-16,"28","Mississippi","0-130",23
2023-09-16,"29","Missouri","0-130",8
2023-09-16,"30","Montana","0-130",1
2023-09-16,"31","Nebraska","0-130",0
2023-09-16,"32","Nevada","0-130",0
2023-09-16,"33","New Hampshire","0-130",0
2023-09-16,"34","New Jersey","0-130",10
2023-09-16,"35","New Mexico","0-130",11
2023-09-16,"36","New York","0-130",12
2023-09-16,"37","North Carolina","0-130",11
2023-09-16,"38","North Dakota","0-130",0
2023-09-16,"39","Ohio","0-130",9
2023-09-16,"40","Oklahoma","0-130",16
2023-09-16,"41","Oregon","0-130",6
2023-09-16,"42","Pennsylvania","0-130",48
2023-09-16,"72","Puerto Rico","0-130",59
2023-09-16,"44","Rhode Island","0-130",2
2023-09-16,"45","South Carolina","0-130",25
2023-09-16,"46","South Dakota","0-130",0
2023-09-16,"47","Tennessee","0-130",34
2023-09-16,"48","Texas","0-130",128
2023-09-16,"US","US","0-130",821
2023-09-16,"49","Utah","0-130",3
2023-09-16,"50","Vermont","0-130",0
2023-09-16,"78","Virgin Islands","0-130",0
2023-09-16,"51","Virginia","0-130",31
2023-09-16,"53","Washington","0-130",15
2023-09-16,"54","West Virginia","0-130",6
2023-09-16,"55","Wisconsin","0-130",3
2023-09-16,"56","Wyoming","0-130",0
2023-09-23,"01","Alabama","0-130",8
2023-09-23,"02","Alaska","0-130",6
2023-09-23,"60","American Samoa","0-130",0
2023-09-23,"04","Arizona","0-130",8
2023-09-23,"05","Arkansas","0-130",6
2023-09-23,"06","California","0-130",46
2023-09-23,"08","Colorado","0-130",8
2023-09-23,"09","Connecticut","0-130",16
2023-09-23,"10","Delaware","0-130",0
2023-09-23,"11","District of Columbia","0-130",1
2023-09-23,"12","Florida","0-130",172
2023-09-23,"13","Georgia","0-130",30
2023-09-23,"66","Guam","0-130",4
2023-09-23,"15","Hawaii","0-130",5
2023-09-23,"16","Idaho","0-130",3
2023-09-23,"17","Illinois","0-130",20
2023-09-23,"18","Indiana","0-130",9
2023-09-23,"19","Iowa","0-130",0
2023-09-23,"20","Kansas","0-130",4
2023-09-23,"21","Kentucky","0-130",13
2023-09-23,"22","Louisiana","0-130",18
2023-09-23,"23","Maine","0-130",1
2023-09-23,"24","Maryland","0-130",6
2023-09-23,"25","Massachusetts","0-130",10
2023-09-23,"26","Michigan","0-130",17
2023-09-23,"27","Minnesota","0-130",4
2023-09-23,"28","Mississippi","0-130",16
2023-09-23,"29","Missouri","0-130",16
2023-09-23,"30","Montana","0-130",3
2023-09-23,"31","Nebraska","0-130",6
2023-09-23,"32","Nevada","0-130",4
2023-09-23,"33","New Hampshire","0-130",2
2023-09-23,"34","New Jersey","0-130",19
2023-09-23,"35","New Mexico","0-130",3
2023-09-23,"36","New York","0-130",18
2023-09-23,"37","North Carolina","0-130",13
2023-09-23,"38","North Dakota","0-130",1
2023-09-23,"39","Ohio","0-130",9
2023-09-23,"40","Oklahoma","0-130",17
2023-09-23,"41","Oregon","0-130",6
2023-09-23,"42","Pennsylvania","0-130",46
2023-09-23,"72","Puerto Rico","0-130",84
2023-09-23,"44","Rhode Island","0-130",1
2023-09-23,"45","South Carolina","0-130",26
2023-09-23,"46","South Dakota","0-130",0
2023-09-23,"47","Tennessee","0-130",24
2023-09-23,"48","Texas","0-130",102
2023-09-23,"US","US","0-130",880
2023-09-23,"49","Utah","0-130",2
2023-09-23,"50","Vermont","0-130",1
2023-09-23,"78","Virgin Islands","0-130",0
2023-09-23,"51","Virginia","0-130",40
2023-09-23,"53","Washington","0-130",6
2023-09-23,"54","West Virginia","0-130",0
2023-09-23,"55","Wisconsin","0-130",0
2023-09-23,"56","Wyoming","0-130",0
2023-09-30,"01","Alabama","0-130",20
2023-09-30,"02","Alaska","0-130",7
2023-09-30,"60","American Samoa","0-130",0
2023-09-30,"04","Arizona","0-130",21
2023-09-30,"05","Arkansas","0-130",10
2023-09-30,"06","California","0-130",46
2023-09-30,"08","Colorado","0-130",8
2023-09-30,"09","Connecticut","0-130",8
2023-09-30,"10","Delaware","0-130",0
2023-09-30,"11","District of Columbia","0-130",0
2023-09-30,"12","Florida","0-130",168
2023-09-30,"13","Georgia","0-130",29
2023-09-30,"66","Guam","0-130",2
2023-09-30,"15","Hawaii","0-130",10
2023-09-30,"16","Idaho","0-130",2
2023-09-30,"17","Illinois","0-130",18
2023-09-30,"18","Indiana","0-130",12
2023-09-30,"19","Iowa","0-130",4
2023-09-30,"20","Kansas","0-130",5
2023-09-30,"21","Kentucky","0-130",14
2023-09-30,"22","Louisiana","0-130",16
2023-09-30,"23","Maine","0-130",0
2023-09-30,"24","Maryland","0-130",4
2023-09-30,"25","Massachusetts","0-130",8
2023-09-30,"26","Michigan","0-130",12
2023-09-30,"27","Minnesota","0-130",2
2023-09-30,"28","Mississippi","0-130",20
2023-09-30,"29","Missouri","0-130",12
2023-09-30,"30","Montana","0-130",4
2023-09-30,"31","Nebraska","0-130",1
2023-09-30,"32","Nevada","0-130",3
2023-09-30,"33","New Hampshire","0-130",1
2023-09-30,"34","New Jersey","0-130",9
2023-09-30,"35","New Mexico","0-130",5
2023-09-30,"36","New York","0-130",47
2023-09-30,"37","North Carolina","0-130",10
2023-09-30,"38","North Dakota","0-130",3
2023-09-30,"39","Ohio","0-130",16
2023-09-30,"40","Oklahoma","0-130",26
2023-09-30,"41","Oregon","0-130",6
2023-09-30,"42","Pennsylvania","0-130",60
2023-09-30,"72","Puerto Rico","0-130",99
2023-09-30,"44","Rhode Island","0-130",0
2023-09-30,"45","South Carolina","0-130",28
2023-09-30,"46","South Dakota","0-130",2
2023-09-30,"47","Tennessee","0-130",41
2023-09-30,"48","Texas","0-130",118
2023-09-30,"US","US","0-130",1025
2023-09-30,"49","Utah","0-130",4
2023-09-30,"50","Vermont","0-130",1
2023-09-30,"78","Virgin Islands","0-130",0
2023-09-30,"51","Virginia","0-130",54
2023-09-30,"53","Washington","0-130",12
2023-09-30,"54","West Virginia","0-130",6
2023-09-30,"55","Wisconsin","0-130",9
2023-09-30,"56","Wyoming","0-130",2
2023-10-07,"01","Alabama","0-130",20
2023-10-07,"02","Alaska","0-130",10
2023-10-07,"60","American Samoa","0-130",0
2023-10-07,"04","Arizona","0-130",16
2023-10-07,"05","Arkansas","0-130",17
2023-10-07,"06","California","0-130",45
2023-10-07,"08","Colorado","0-130",9
2023-10-07,"09","Connecticut","0-130",4
2023-10-07,"10","Delaware","0-130",2
2023-10-07,"11","District of Columbia","0-130",2
2023-10-07,"12","Florida","0-130",227
2023-10-07,"13","Georgia","0-130",34
2023-10-07,"66","Guam","0-130",1
2023-10-07,"15","Hawaii","0-130",10
2023-10-07,"16","Idaho","0-130",4
2023-10-07,"17","Illinois","0-130",21
2023-10-07,"18","Indiana","0-130",8
2023-10-07,"19","Iowa","0-130",3
2023-10-07,"20","Kansas","0-130",10
2023-10-07,"21","Kentucky","0-130",12
2023-10-07,"22","Louisiana","0-130",19
2023-10-07,"23","Maine","0-130",5
2023-10-07,"24","Maryland","0-130",3
2023-10-07,"25","Massachusetts","0-130",12
2023-10-07,"26","Michigan","0-130",17
2023-10-07,"27","Minnesota","0-130",3
2023-10-07,"28","Mississippi","0-130",29
2023-10-07,"29","Missouri","0-130",24
2023-10-07,"30","Montana","0-130",0
2023-10-07,"31","Nebraska","0-130",5
2023-10-07,"32","Nevada","0-130",4
2023-10-07,"33","New Hampshire","0-130",2
2023-10-07,"34","New Jersey","0-130",17
2023-10-07,"35","New Mexico","0-130",6
2023-10-07,"36","New York","0-130",37
2023-10-07,"37","North Carolina","0-130",36
2023-10-07,"38","North Dakota","0-130",0
2023-10-07,"39","Ohio","0-130",18
2023-10-07,"40","Oklahoma","0-130",15
2023-10-07,"41","Oregon","0-130",6
2023-10-07,"42","Pennsylvania","0-130",41
2023-10-07,"72","Puerto Rico","0-130",109
2023-10-07,"44","Rhode Island","0-130",1
2023-10-07,"45","South Carolina","0-130",22
2023-10-07,"46","South Dakota","0-130",0
2023-10-07,"47","Tennessee","0-130",28
2023-10-07,"48","Texas","0-130",119
2023-10-07,"US","US","0-130",1108
2023-10-07,"49","Utah","0-130",4
2023-10-07,"50","Vermont","0-130",0
2023-10-07,"78","Virgin Islands","0-130",0
2023-10-07,"51","Virginia","0-130",49
2023-10-07,"53","Washington","0-130",4
2023-10-07,"54","West Virginia","0-130",2
2023-10-07,"55","Wisconsin","0-130",10
2023-10-07,"56","Wyoming","0-130",6
2023-10-14,"01","Alabama","0-130",24
2023-10-14,"02","Alaska","0-130",14
2023-10-14,"60","American Samoa","0-130",0
2023-10-14,"04","Arizona","0-130",21
2023-10-14,"05","Arkansas","0-130",15
2023-10-14,"06","California","0-130",60
2023-10-14,"08","Colorado","0-130",15
2023-10-14,"09","Connecticut","0-130",3
2023-10-14,"10","Delaware","0-130",0
2023-10-14,"11","District of Columbia","0-130",2
2023-10-14,"12","Florida","0-130",213
2023-10-14,"13","Georgia","0-130",39
2023-10-14,"66","Guam","0-130",5
2023-10-14,"15","Hawaii","0-130",15
2023-10-14,"16","Idaho","0-130",2
2023-10-14,"17","Illinois","0-130",18
2023-10-14,"18","Indiana","0-130",23
2023-10-14,"19","Iowa","0-130",1
2023-10-14,"20","Kansas","0-130",3
2023-10-14,"21","Kentucky","0-130",23
2023-10-14,"22","Louisiana","0-130",28
2023-10-14,"23","Maine","0-130",4
2023-10-14,"24","Maryland","0-130",3
2023-10-14,"25","Massachusetts","0-130",16
2023-10-14,"26","Michigan","0-130",20
2023-10-14,"27","Minnesota","0-130",6
2023-10-14,"28","Mississippi","0-130",22
2023-10-14,"29","Missouri","0-130",25
2023-10-14,"30","Montana","0-130",0
2023-10-14,"31","Nebraska","0-130",9
2023-10-14,"32","Nevada","0-130",6
2023-10-14,"33","New Hampshire","0-130",0
2023-10-14,"34","New Jersey","0-130",13
2023-10-14,"35","New Mexico","0-130",4
2023-10-14,"36","New York","0-130",26
2023-10-14,"37","North Carolina","0-130",20
2023-10-14,"38","North Dakota","0-130",1
2023-10-14,"39","Ohio","0-130",21
2023-10-14,"40","Oklahoma","0-130",39
2023-10-14,"41","Oregon","0-130",6
2023-10-14,"42","Pennsylvania","0-130",40
2023-10-14,"72","Puerto Rico","0-130",103
2023-10-14,"44","Rhode Island","0-130",1
2023-10-14,"45","South Carolina","0-130",26
2023-10-14,"46","South Dakota","0-130",0
2023-10-14,"47","Tennessee","0-130",32
2023-10-14,"48","Texas","0-130",167
2023-10-14,"US","US","0-130",1214
2023-10-14,"49","Utah","0-130",3
2023-10-14,"50","Vermont","0-130",0
2023-10-14,"78","Virgin Islands","0-130",0
2023-10-14,"51","Virginia","0-130",54
2023-10-14,"53","Washington","0-130",13
2023-10-14,"54","West Virginia","0-130",3
2023-10-14,"55","Wisconsin","0-130",3
2023-10-14,"56","Wyoming","0-130",4
2023-10-21,"01","Alabama","0-130",30
2023-10-21,"02","Alaska","0-130",21
2023-10-21,"60","American Samoa","0-130",0
2023-10-21,"04","Arizona","0-130",52
2023-10-21,"05","Arkansas","0-130",18
2023-10-21,"06","California","0-130",50
2023-10-21,"08","Colorado","0-130",16
2023-10-21,"09","Connecticut","0-130",1
2023-10-21,"10","Delaware","0-130",1
2023-10-21,"11","District of Columbia","0-130",3
2023-10-21,"12","Florida","0-130",291
2023-10-21,"13","Georgia","0-130",31
2023-10-21,"66","Guam","0-130",5
2023-10-21,"15","Hawaii","0-130",13
2023-10-21,"16","Idaho","0-130",2
2023-10-21,"17","Illinois","0-130",27
2023-10-21,"18","Indiana","0-130",25
2023-10-21,"19","Iowa","0-130",4
2023-10-21,"20","Kansas","0-130",7
2023-10-21,"21","Kentucky","0-130",20
2023-10-21,"22","Louisiana","0-130",31
2023-10-21,"23","Maine","0-130",2
2023-10-21,"24","Maryland","0-130",9
2023-10-21,"25","Massachusetts","0-130",14
2023-10-21,"26","Michigan","0-130",21
2023-10-21,"27","Minnesota","0-130",4
2023-10-21,"28","Mississippi","0-130",20
2023-10-21,"29","Missouri","0-130",17
2023-10-21,"30","Montana","0-130",1
2023-10-21,"31","Nebraska","0-130",8
2023-10-21,"32","Nevada","0-130",7
2023-10-21,"33","New Hampshire","0-130",0
2023-10-21,"34","New Jersey","0-130",33
2023-10-21,"35","New Mexico","0-130",2
2023-10-21,"36","New York","0-130",33
2023-10-21,"37","North Carolina","0-130",17
2023-10-21,"38","North Dakota","0-130",1
2023-10-21,"39","Ohio","0-130",21
2023-10-21,"40","Oklahoma","0-130",22
2023-10-21,"41","Oregon","0-130",8
2023-10-21,"42","Pennsylvania","0-130",42
2023-10-21,"72","Puerto Rico","0-130",111
2023-10-21,"44","Rhode Island","0-130",0
2023-10-21,"45","South Carolina","0-130",32
2023-10-21,"46","South Dakota","0-130",2
2023-10-21,"47","Tennessee","0-130",43
2023-10-21,"48","Texas","0-130",242
2023-10-21,"US","US","0-130",1465
2023-10-21,"49","Utah","0-130",9
2023-10-21,"50","Vermont","0-130",2
2023-10-21,"78","Virgin Islands","0-130",0
2023-10-21,"51","Virginia","0-130",72
2023-10-21,"53","Washington","0-130",11
2023-10-21,"54","West Virginia","0-130",3
2023-10-21,"55","Wisconsin","0-130",4
2023-10-21,"56","Wyoming","0-130",4
2023-10-28,"01","Alabama","0-130",30
2023-10-28,"02","Alaska","0-130",30
2023-10-28,"60","American Samoa","0-130",0
2023-10-28,"04","Arizona","0-130",49
2023-10-28,"05","Arkansas","0-130",13
2023-10-28,"06","California","0-130",76
2023-10-28,"08","Colorado","0-130",19
2023-10-28,"09","Connecticut","0-130",7
2023-10-28,"10","Delaware","0-130",1
2023-10-28,"11","District of Columbia","0-130",1
2023-10-28,"12","Florida","0-130",313
2023-10-28,"13","Georgia","0-130",40
2023-10-28,"66","Guam","0-130",9
2023-10-28,"15","Hawaii","0-130",13
2023-10-28,"16","Idaho","0-130",4
2023-10-28,"17","Illinois","0-130",21
2023-10-28,"18","Indiana","0-130",33
2023-10-28,"19","Iowa","0-130",4
2023-10-28,"20","Kansas","0-130",5
2023-10-28,"21","Kentucky","0-130",23
2023-10-28,"22","Louisiana","0-130",46
2023-10-28,"23","Maine","0-130",4
2023-10-28,"24","Maryland","0-130",10
2023-10-28,"25","Massachusetts","0-130",28
2023-10-28,"26","Michigan","0-130",12
2023-10-28,"27","Minnesota","0-130",4
2023-10-28,"28","Mississippi","0-130",17
2023-10-28,"29","Missouri","0-130",17
2023-10-28,"30","Montana","0-130",0
2023-10-28,"31","Nebraska","0-130",7
2023-10-28,"32","Nevada","0-130",8
2023-10-28,"33","New Hampshire","0-130",2
2023-10-28,"34","New Jersey","0-130",44
2023-10-28,"35","New Mexico","0-130",2
2023-10-28,"36","New York","0-130",47
2023-10-28,"37","North Carolina","0-130",20
2023-10-28,"38","North Dakota","0-130",1
2023-10-28,"39","Ohio","0-130",17
2023-10-28,"40","Oklahoma","0-130",10
2023-10-28,"41","Oregon","0-130",14
2023-10-28,"42","Pennsylvania","0-130",49
2023-10-28,"72","Puerto Rico","0-130",164
2023-10-28,"44","Rhode Island","0-130",1
2023-10-28,"45","South Carolina","0-130",21
2023-10-28,"46","South Dakota","0-130",3
2023-10-28,"47","Tennessee","0-130",44
2023-10-28,"48","Texas","0-130",245
2023-10-28,"US","US","0-130",1613
2023-10-28,"49","Utah","0-130",5
2023-10-28,"50","Vermont","0-130",0
2023-10-28,"78","Virgin Islands","0-130",0
2023-10-28,"51","Virginia","0-130",61
2023-10-28,"53","Washington","0-130",8
2023-10-28,"54","West Virginia","0-130",4
2023-10-28,"55","Wisconsin","0-130",7
2023-10-28,"56","Wyoming","0-130",0
2023-11-04,"01","Alabama","0-130",37
2023-11-04,"02","Alaska","0-130",33
2023-11-04,"60","American Samoa","0-130",0
2023-11-04,"04","Arizona","0-130",51
2023-11-04,"05","Arkansas","0-130",18
2023-11-04,"06","California","0-130",97
2023-11-04,"08","Colorado","0-130",31
2023-11-04,"09","Connecticut","0-130",12
2023-11-04,"10","Delaware","0-130",1
2023-11-04,"11","District of Columbia","0-130",0
2023-11-04,"12","Florida","0-130",443
2023-11-04,"13","Georgia","0-130",56
2023-11-04,"66","Guam","0-130",5
2023-11-04,"15","Hawaii","0-130",14
2023-11-04,"16","Idaho","0-130",5
2023-11-04,"17","Illinois","0-130",34
2023-11-04,"18","Indiana","0-130",43
2023-11-04,"19","Iowa","0-130",10
2023-11-04,"20","Kansas","0-130",5
2023-11-04,"21","Kentucky","0-130",21
2023-11-04,"22","Louisiana","0-130",40
2023-11-04,"23","Maine","0-130",1
2023-11-04,"24","Maryland","0-130",15
2023-11-04,"25","Massachusetts","0-130",33
2023-11-04,"26","Michigan","0-130",34
2023-11-04,"27","Minnesota","0-130",9
2023-11-04,"28","Mississippi","0-130",30
2023-11-04,"29","Missouri","0-130",24
2023-11-04,"30","Montana","0-130",1
2023-11-04,"31","Nebraska","0-130",5
2023-11-04,"32","Nevada","0-130",12
2023-11-04,"33","New Hampshire","0-130",2
2023-11-04,"34","New Jersey","0-130",26
2023-11-04,"35","New Mexico","0-130",10
2023-11-04,"36","New York","0-130",56
2023-11-04,"37","North Carolina","0-130",40
2023-11-04,"38","North Dakota","0-130",0
2023-11-04,"39","Ohio","0-130",21
2023-11-04,"40","Oklahoma","0-130",18
2023-11-04,"41","Oregon","0-130",6
2023-11-04,"42","Pennsylvania","0-130",31
2023-11-04,"72","Puerto Rico","0-130",144
2023-11-04,"44","Rhode Island","0-130",0
2023-11-04,"45","South Carolina","0-130",45
2023-11-04,"46","South Dakota","0-130",1
2023-11-04,"47","Tennessee","0-130",44
2023-11-04,"48","Texas","0-130",346
2023-11-04,"US","US","0-130",2011
2023-11-04,"49","Utah","0-130",9
2023-11-04,"50","Vermont","0-130",0
2023-11-04,"78","Virgin Islands","0-130",0
2023-11-04,"51","Virginia","0-130",51
2023-11-04,"53","Washington","0-130",17
2023-11-04,"54","West Virginia","0-130",7
2023-11-04,"55","Wisconsin","0-130",16
2023-11-04,"56","Wyoming","0-130",1
2023-11-11,"01","Alabama","0-130",56
2023-11-11,"02","Alaska","0-130",39
2023-11-11,"60","American Samoa","0-130",0
2023-11-11,"04","Arizona","0-130",132
2023-11-11,"05","Arkansas","0-130",24
2023-11-11,"06","California","0-130",231
2023-11-11,"08","Colorado","0-130",52
2023-11-11,"09","Connecticut","0-130",5
2023-11-11,"10","Delaware","0-130",1
2023-11-11,"11","District of Columbia","0-130",0
2023-11-11,"12","Florida","0-130",462
2023-11-11,"13","Georgia","0-130",116
2023-11-11,"66","Guam","0-130",10
2023-11-11,"15","Hawaii","0-130",16
2023-11-11,"16","Idaho","0-130",4
2023-11-11,"17","Illinois","0-130",54
2023-11-11,"18","Indiana","0-130",58
2023-11-11,"19","Iowa","0-130",13
2023-11-11,"20","Kansas","0-130",10
2023-11-11,"21","Kentucky","0-130",33
2023-11-11,"22","Louisiana","0-130",65
2023-11-11,"23","Maine","0-130",4
2023-11-11,"24","Maryland","0-130",19
2023-11-11,"25","Massachusetts","0-130",32
2023-11-11,"26","Michigan","0-130",30
2023-11-11,"27","Minnesota","0-130",18
2023-11-11,"28","Mississippi","0-130",38
2023-11-11,"29","Missouri","0-130",40
2023-11-11,"30","Montana","0-130",5
2023-11-11,"31","Nebraska","0-130",5
2023-11-11,"32","Nevada","0-130",22
2023-11-11,"33","New Hampshire","0-130",2
2023-11-11,"34","New Jersey","0-130",46
2023-11-11,"35","New Mexico","0-130",9
2023-11-11,"36","New York","0-130",88
2023-11-11,"37","North Carolina","0-130",49
2023-11-11,"38","North Dakota","0-130",2
2023-11-11,"39","Ohio","0-130",26
2023-11-11,"40","Oklahoma","0-130",34
2023-11-11,"41","Oregon","0-130",11
2023-11-11,"42","Pennsylvania","0-130",81
2023-11-11,"72","Puerto Rico","0-130",148
2023-11-11,"44","Rhode Island","0-130",2
2023-11-11,"45","South Carolina","0-130",52
2023-11-11,"46","South Dakota","0-130",2
2023-11-11,"47","Tennessee","0-130",47
2023-11-11,"48","Texas","0-130",427
2023-11-11,"US","US","0-130",2775
2023-11-11,"49","Utah","0-130",5
2023-11-11,"50","Vermont","0-130",2
2023-11-11,"78","Virgin Islands","0-130",0
2023-11-11,"51","Virginia","0-130",92
2023-11-11,"53","Washington","0-130",17
2023-11-11,"54","West Virginia","0-130",14
2023-11-11,"55","Wisconsin","0-130",20
2023-11-11,"56","Wyoming","0-130",5
2023-11-18,"01","Alabama","0-130",73
2023-11-18,"02","Alaska","0-130",17
2023-11-18,"60","American Samoa","0-130",0
2023-11-18,"04","Arizona","0-130",187
2023-11-18,"05","Arkansas","0-130",17
2023-11-18,"06","California","0-130",372
2023-11-18,"08","Colorado","0-130",102
2023-11-18,"09","Connecticut","0-130",22
2023-11-18,"10","Delaware","0-130",2
2023-11-18,"11","District of Columbia","0-130",5
2023-11-18,"12","Florida","0-130",652
2023-11-18,"13","Georgia","0-130",133
2023-11-18,"66","Guam","0-130",2
2023-11-18,"15","Hawaii","0-130",29
2023-11-18,"16","Idaho","0-130",11
2023-11-18,"17","Illinois","0-130",71
2023-11-18,"18","Indiana","0-130",95
2023-11-18,"19","Iowa","0-130",14
2023-11-18,"20","Kansas","0-130",18
2023-11-18,"21","Kentucky","0-130",18
2023-11-18,"22","Louisiana","0-130",96
2023-11-18,"23","Maine","0-130",2
2023-11-18,"24","Maryland","0-130",27
2023-11-18,"25","Massachusetts","0-130",38
2023-11-18,"26","Michigan","0-130",52
2023-11-18,"27","Minnesota","0-130",15
2023-11-18,"28","Mississippi","0-130",46
2023-11-18,"29","Missouri","0-130",40
2023-11-18,"30","Montana","0-130",3
2023-11-18,"31","Nebraska","0-130",4
2023-11-18,"32","Nevada","0-130",27
2023-11-18,"33","New Hampshire","0-130",2
2023-11-18,"34","New Jersey","0-130",33
2023-11-18,"35","New Mexico","0-130",12
2023-11-18,"36","New York","0-130",123
2023-11-18,"37","North Carolina","0-130",88
2023-11-18,"38","North Dakota","0-130",7
2023-11-18,"39","Ohio","0-130",56
2023-11-18,"40","Oklahoma","0-130",37
2023-11-18,"41","Oregon","0-130",17
2023-11-18,"42","Pennsylvania","0-130",89
2023-11-18,"72","Puerto Rico","0-130",110
2023-11-18,"44","Rhode Island","0-130",0
2023-11-18,"45","South Carolina","0-130",64
2023-11-18,"46","South Dakota","0-130",1
2023-11-18,"47","Tennessee","0-130",57
2023-11-18,"48","Texas","0-130",428
2023-11-18,"US","US","0-130",3491
2023-11-18,"49","Utah","0-130",7
2023-11-18,"50","Vermont","0-130",5
2023-11-18,"78","Virgin Islands","0-130",0
2023-11-18,"51","Virginia","0-130",100
2023-11-18,"53","Washington","0-130",33
2023-11-18,"54","West Virginia","0-130",8
2023-11-18,"55","Wisconsin","0-130",15
2023-11-18,"56","Wyoming","0-130",9
2023-11-25,"01","Alabama","0-130",71
2023-11-25,"02","Alaska","0-130",14
2023-11-25,"60","American Samoa","0-130",0
2023-11-25,"04","Arizona","0-130",209
2023-11-25,"05","Arkansas","0-130",57
2023-11-25,"06","California","0-130",459
2023-11-25,"08","Colorado","0-130",137
2023-11-25,"09","Connecticut","0-130",33
2023-11-25,"10","Delaware","0-130",1
2023-11-25,"11","District of Columbia","0-130",8
2023-11-25,"12","Florida","0-130",701
2023-11-25,"13","Georgia","0-130",156
2023-11-25,"66","Guam","0-130",2
2023-11-25,"15","Hawaii","0-130",26
2023-11-25,"16","Idaho","0-130",8
2023-11-25,"17","Illinois","0-130",102
2023-11-25,"18","Indiana","0-130",100
2023-11-25,"19","Iowa","0-130",27
2023-11-25,"20","Kansas","0-130",26
2023-11-25,"21","Kentucky","0-130",37
2023-11-25,"22","Louisiana","0-130",115
2023-11-25,"23","Maine","0-130",19
2023-11-25,"24","Maryland","0-130",22
2023-11-25,"25","Massachusetts","0-130",67
2023-11-25,"26","Michigan","0-130",88
2023-11-25,"27","Minnesota","0-130",24
2023-11-25,"28","Mississippi","0-130",47
2023-11-25,"29","Missouri","0-130",58
2023-11-25,"30","Montana","0-130",6
2023-11-25,"31","Nebraska","0-130",8
2023-11-25,"32","Nevada","0-130",39
2023-11-25,"33","New Hampshire","0-130",1
2023-11-25,"34","New Jersey","0-130",75
2023-11-25,"35","New Mexico","0-130",21
2023-11-25,"36","New York","0-130",176
2023-11-25,"37","North Carolina","0-130",153
2023-11-25,"38","North Dakota","0-130",4
2023-11-25,"39","Ohio","0-130",75
2023-11-25,"40","Oklahoma","0-130",34
2023-11-25,"41","Oregon","0-130",11
2023-11-25,"42","Pennsylvania","0-130",123
2023-11-25,"72","Puerto Rico","0-130",117
2023-11-25,"44","Rhode Island","0-130",3
2023-11-25,"45","South Carolina","0-130",81
2023-11-25,"46","South Dakota","0-130",2
2023-11-25,"47","Tennessee","0-130",73
2023-11-25,"48","Texas","0-130",534
2023-11-25,"US","US","0-130",4384
2023-11-25,"49","Utah","0-130",10
2023-11-25,"50","Vermont","0-130",3
2023-11-25,"78","Virgin Islands","0-130",0
2023-11-25,"51","Virginia","0-130",115
2023-11-25,"53","Washington","0-130",36
2023-11-25,"54","West Virginia","0-130",13
2023-11-25,"55","Wisconsin","0-130",34
2023-11-25,"56","Wyoming","0-130",23
2023-12-02,"01","Alabama","0-130",84
2023-12-02,"02","Alaska","0-130",15
2023-12-02,"60","American Samoa","0-130",0
2023-12-02,"04","Arizona","0-130",276
2023-12-02,"05","Arkansas","0-130",24
2023-12-02,"06","California","0-130",683
2023-12-02,"08","Colorado","0-130",126
2023-12-02,"09","Connecticut","0-130",57
2023-12-02,"10","Delaware","0-130",2
2023-12-02,"11","District of Columbia","0-130",11
2023-12-02,"12","Florida","0-130",743
2023-12-02,"13","Georgia","0-130",225
2023-12-02,"66","Guam","0-130",0
2023-12-02,"15","Hawaii","0-130",23
2023-12-02,"16","Idaho","0-130",19
2023-12-02,"17","Illinois","0-130",165
2023-12-02,"18","Indiana","0-130",149
2023-12-02,"19","Iowa","0-130",44
2023-12-02,"20","Kansas","0-130",37
2023-12-02,"21","Kentucky","0-130",59
2023-12-02,"22","Louisiana","0-130",121
2023-12-02,"23","Maine","0-130",9
2023-12-02,"24","Maryland","0-130",60
2023-12-02,"25","Massachusetts","0-130",99
2023-12-02,"26","Michigan","0-130",106
2023-12-02,"27","Minnesota","0-130",34
2023-12-02,"28","Mississippi","0-130",77
2023-12-02,"29","Missouri","0-130",85
2023-12-02,"30","Montana","0-130",18
2023-12-02,"31","Nebraska","0-130",8
2023-12-02,"32","Nevada","0-130",45
2023-12-02,"33","New Hampshire","0-130",7
2023-12-02,"34","New Jersey","0-130",129
2023-12-02,"35","New Mexico","0-130",42
2023-12-02,"36","New York","0-130",338
2023-12-02,"37","North Carolina","0-130",213
2023-12-02,"38","North Dakota","0-130",17
2023-12-02,"39","Ohio","0-130",134
2023-12-02,"40","Oklahoma","0-130",71
2023-12-02,"41","Oregon","0-130",17
2023-12-02,"42","Pennsylvania","0-130",212
2023-12-02,"72","Puerto Rico","0-130",89
2023-12-02,"44","Rhode Island","0-130",6
2023-12-02,"45","South Carolina","0-130",133
2023-12-02,"46","South Dakota","0-130",7
2023-12-02,"47","Tennessee","0-130",98
2023-12-02,"48","Texas","0-130",699
2023-12-02,"US","US","0-130",5947
2023-12-02,"49","Utah","0-130",17
2023-12-02,"50","Vermont","0-130",3
2023-12-02,"78","Virgin Islands","0-130",0
2023-12-02,"51","Virginia","0-130",143
2023-12-02,"53","Washington","0-130",74
2023-12-02,"54","West Virginia","0-130",17
2023-12-02,"55","Wisconsin","0-130",59
2023-12-02,"56","Wyoming","0-130",18
2023-12-09,"01","Alabama","0-130",110
2023-12-09,"02","Alaska","0-130",14
2023-12-09,"60","American Samoa","0-130",0
2023-12-09,"04","Arizona","0-130",388
2023-12-09,"05","Arkansas","0-130",41
2023-12-09,"06","California","0-130",868
2023-12-09,"08","Colorado","0-130",153
2023-12-09,"09","Connecticut","0-130",74
2023-12-09,"10","Delaware","0-130",10
2023-12-09,"11","District of Columbia","0-130",13
2023-12-09,"12","Florida","0-130",761
2023-12-09,"13","Georgia","0-130",261
2023-12-09,"66","Guam","0-130",1
2023-12-09,"15","Hawaii","0-130",32
2023-12-09,"16","Idaho","0-130",46
2023-12-09,"17","Illinois","0-130",205
2023-12-09,"18","Indiana","0-130",181
2023-12-09,"19","Iowa","0-130",43
2023-12-09,"20","Kansas","0-130",37
2023-12-09,"21","Kentucky","0-130",48
2023-12-09,"22","Louisiana","0-130",158
2023-12-09,"23","Maine","0-130",15
2023-12-09,"24","Maryland","0-130",78
2023-12-09,"25","Massachusetts","0-130",148
2023-12-09,"26","Michigan","0-130",173
2023-12-09,"27","Minnesota","0-130",48
2023-12-09,"28","Mississippi","0-130",71
2023-12-09,"29","Missouri","0-130",140
2023-12-09,"30","Montana","0-130",21
2023-12-09,"31","Nebraska","0-130",11
2023-12-09,"32","Nevada","0-130",77
2023-12-09,"33","New Hampshire","0-130",15
2023-12-09,"34","New Jersey","0-130",160
2023-12-09,"35","New Mexico","0-130",84
2023-12-09,"36","New York","0-130",501
2023-12-09,"37","North Carolina","0-130",312
2023-12-09,"38","North Dakota","0-130",11
2023-12-09,"39","Ohio","0-130",160
2023-12-09,"40","Oklahoma","0-130",59
2023-12-09,"41","Oregon","0-130",43
2023-12-09,"42","Pennsylvania","0-130",279
2023-12-09,"72","Puerto Rico","0-130",48
2023-12-09,"44","Rhode Island","0-130",6
2023-12-09,"45","South Carolina","0-130",177
2023-12-09,"46","South Dakota","0-130",6
2023-12-09,"47","Tennessee","0-130",152
2023-12-09,"48","Texas","0-130",829
2023-12-09,"US","US","0-130",7487
2023-12-09,"49","Utah","0-130",17
2023-12-09,"50","Vermont","0-130",8
2023-12-09,"78","Virgin Islands","0-130",0
2023-12-09,"51","Virginia","0-130",157
2023-12-09,"53","Washington","0-130",83
2023-12-09,"54","West Virginia","0-130",20
2023-12-09,"55","Wisconsin","0-130",97
2023-12-09,"56","Wyoming","0-130",37
2023-12-16,"01","Alabama","0-130",143
2023-12-16,"02","Alaska","0-130",4
2023-12-16,"60","American Samoa","0-130",0
2023-12-16,"04","Arizona","0-130",602
2023-12-16,"05","Arkansas","0-130",53
2023-12-16,"06","California","0-130",1077
2023-12-16,"08","Colorado","0-130",234
2023-12-16,"09","Connecticut","0-130",120
2023-12-16,"10","Delaware","0-130",18
2023-12-16,"11","District of Columbia","0-130",20
2023-12-16,"12","Florida","0-130",843
2023-12-16,"13","Georgia","0-130",442
2023-12-16,"66","Guam","0-130",1
2023-12-16,"15","Hawaii","0-130",24
2023-12-16,"16","Idaho","0-130",67
2023-12-16,"17","Illinois","0-130",253
2023-12-16,"18","Indiana","0-130",260
2023-12-16,"19","Iowa","0-130",50
2023-12-16,"20","Kansas","0-130",43
2023-12-16,"21","Kentucky","0-130",86
2023-12-16,"22","Louisiana","0-130",178
2023-12-16,"23","Maine","0-130",20
2023-12-16,"24","Maryland","0-130",115
2023-12-16,"25","Massachusetts","0-130",216
2023-12-16,"26","Michigan","0-130",247
2023-12-16,"27","Minnesota","0-130",78
2023-12-16,"28","Mississippi","0-130",96
2023-12-16,"29","Missouri","0-130",154
2023-12-16,"30","Montana","0-130",37
2023-12-16,"31","Nebraska","0-130",13
2023-12-16,"32","Nevada","0-130",118
2023-12-16,"33","New Hampshire","0-130",28
2023-12-16,"34","New Jersey","0-130",304
2023-12-16,"35","New Mexico","0-130",153
2023-12-16,"36","New York","0-130",743
2023-12-16,"37","North Carolina","0-130",402
2023-12-16,"38","North Dakota","0-130",16
2023-12-16,"39","Ohio","0-130",239
2023-12-16,"40","Oklahoma","0-130",85
2023-12-16,"41","Oregon","0-130",45
2023-12-16,"42","Pennsylvania","0-130",391
2023-12-16,"72","Puerto Rico","0-130",57
2023-12-16,"44","Rhode Island","0-130",24
2023-12-16,"45","South Carolina","0-130",264
2023-12-16,"46","South Dakota","0-130",13
2023-12-16,"47","Tennessee","0-130",178
2023-12-16,"48","Texas","0-130",1155
2023-12-16,"US","US","0-130",10268
2023-12-16,"49","Utah","0-130",24
2023-12-16,"50","Vermont","0-130",8
2023-12-16,"78","Virgin Islands","0-130",0
2023-12-16,"51","Virginia","0-130",229
2023-12-16,"53","Washington","0-130",109
2023-12-16,"54","West Virginia","0-130",33
2023-12-16,"55","Wisconsin","0-130",122
2023-12-16,"56","Wyoming","0-130",34
2023-12-23,"01","Alabama","0-130",269
2023-12-23,"02","Alaska","0-130",5
2023-12-23,"60","American Samoa","0-130",0
2023-12-23,"04","Arizona","0-130",946
2023-12-23,"05","Arkansas","0-130",96
2023-12-23,"06","California","0-130",1763
2023-12-23,"08","Colorado","0-130",252
2023-12-23,"09","Connecticut","0-130",115
2023-12-23,"10","Delaware","0-130",24
2023-12-23,"11","District of Columbia","0-130",45
2023-12-23,"12","Florida","0-130",989
2023-12-23,"13","Georgia","0-130",746
2023-12-23,"66","Guam","0-130",4
2023-12-23,"15","Hawaii","0-130",28
2023-12-23,"16","Idaho","0-130",115
2023-12-23,"17","Illinois","0-130",464
2023-12-23,"18","Indiana","0-130",374
2023-12-23,"19","Iowa","0-130",90
2023-12-23,"20","Kansas","0-130",92
2023-12-23,"21","Kentucky","0-130",137
2023-12-23,"22","Louisiana","0-130",306
2023-12-23,"23","Maine","0-130",16
2023-12-23,"24","Maryland","0-130",207
2023-12-23,"25","Massachusetts","0-130",317
2023-12-23,"26","Michigan","0-130",271
2023-12-23,"27","Minnesota","0-130",110
2023-12-23,"28","Mississippi","0-130",200
2023-12-23,"29","Missouri","0-130",224
2023-12-23,"30","Montana","0-130",78
2023-12-23,"31","Nebraska","0-130",62
2023-12-23,"32","Nevada","0-130",158
2023-12-23,"33","New Hampshire","0-130",41
2023-12-23,"34","New Jersey","0-130",488
2023-12-23,"35","New Mexico","0-130",227
2023-12-23,"36","New York","0-130",938
2023-12-23,"37","North Carolina","0-130",733
2023-12-23,"38","North Dakota","0-130",26
2023-12-23,"39","Ohio","0-130",438
2023-12-23,"40","Oklahoma","0-130",153
2023-12-23,"41","Oregon","0-130",103
2023-12-23,"42","Pennsylvania","0-130",702
2023-12-23,"72","Puerto Rico","0-130",59
2023-12-23,"44","Rhode Island","0-130",16
2023-12-23,"45","South Carolina","0-130",421
2023-12-23,"46","South Dakota","0-130",33
2023-12-23,"47","Tennessee","0-130",294
2023-12-23,"48","Texas","0-130",1597
2023-12-23,"US","US","0-130",15711
2023-12-23,"49","Utah","0-130",58
2023-12-23,"50","Vermont","0-130",12
2023-12-23,"78","Virgin Islands","0-130",0
2023-12-23,"51","Virginia","0-130",419
2023-12-23,"53","Washington","0-130",155
2023-12-23,"54","West Virginia","0-130",82
2023-12-23,"55","Wisconsin","0-130",187
2023-12-23,"56","Wyoming","0-130",26
2023-12-30,"01","Alabama","0-130",318
2023-12-30,"02","Alaska","0-130",4
2023-12-30,"60","American Samoa","0-130",0
2023-12-30,"04","Arizona","0-130",1106
2023-12-30,"05","Arkansas","0-130",187
2023-12-30,"06","California","0-130",1810
2023-12-30,"08","Colorado","0-130",367
2023-12-30,"09","Connecticut","0-130",194
2023-12-30,"10","Delaware","0-130",60
2023-12-30,"11","District of Columbia","0-130",57
2023-12-30,"12","Florida","0-130",1352
2023-12-30,"13","Georgia","0-130",1132
2023-12-30,"66","Guam","0-130",5
2023-12-30,"15","Hawaii","0-130",32
2023-12-30,"16","Idaho","0-130",163
2023-12-30,"17","Illinois","0-130",576
2023-12-30,"18","Indiana","0-130",556
2023-12-30,"19","Iowa","0-130",99
2023-12-30,"20","Kansas","0-130",93
2023-12-30,"21","Kentucky","0-130",261
2023-12-30,"22","Louisiana","0-130",381
2023-12-30,"23","Maine","0-130",51
2023-12-30,"24","Maryland","0-130",328
2023-12-30,"25","Massachusetts","0-130",554
2023-12-30,"26","Michigan","0-130",567
2023-12-30,"27","Minnesota","0-130",189
2023-12-30,"28","Mississippi","0-130",297
2023-12-30,"29","Missouri","0-130",369
2023-12-30,"30","Montana","0-130",116
2023-12-30,"31","Nebraska","0-130",51
2023-12-30,"32","Nevada","0-130",185
2023-12-30,"33","New Hampshire","0-130",51
2023-12-30,"34","New Jersey","0-130",729
2023-12-30,"35","New Mexico","0-130",235
2023-12-30,"36","New York","0-130",1333
2023-12-30,"37","North Carolina","0-130",1076
2023-12-30,"38","North Dakota","0-130",51
2023-12-30,"39","Ohio","0-130",638
2023-12-30,"40","Oklahoma","0-130",137
2023-12-30,"41","Oregon","0-130",147
2023-12-30,"42","Pennsylvania","0-130",933
2023-12-30,"72","Puerto Rico","0-130",63
2023-12-30,"44","Rhode Island","0-130",46
2023-12-30,"45","South Carolina","0-130",649
2023-12-30,"46","South Dakota","0-130",48
2023-12-30,"47","Tennessee","0-130",538
2023-12-30,"48","Texas","0-130",1975
2023-12-30,"US","US","0-130",21672
2023-12-30,"49","Utah","0-130",80
2023-12-30,"50","Vermont","0-130",19
2023-12-30,"78","Virgin Islands","0-130",0
2023-12-30,"51","Virginia","0-130",731
2023-12-30,"53","Washington","0-130",211
2023-12-30,"54","West Virginia","0-130",153
2023-12-30,"55","Wisconsin","0-130",297
2023-12-30,"56","Wyoming","0-130",72
2024-01-06,"01","Alabama","0-130",348
2024-01-06,"02","Alaska","0-130",5
2024-01-06,"60","American Samoa","0-130",0
2024-01-06,"04","Arizona","0-130",907
2024-01-06,"05","Arkansas","0-130",234
2024-01-06,"06","California","0-130",1470
2024-01-06,"08","Colorado","0-130",308
2024-01-06,"09","Connecticut","0-130",167
2024-01-06,"10","Delaware","0-130",48
2024-01-06,"11","District of Columbia","0-130",55
2024-01-06,"12","Florida","0-130",1414
2024-01-06,"13","Georgia","0-130",758
2024-01-06,"66","Guam","0-130",2
2024-01-06,"15","Hawaii","0-130",40
2024-01-06,"16","Idaho","0-130",157
2024-01-06,"17","Illinois","0-130",511
2024-01-06,"18","Indiana","0-130",521
2024-01-06,"19","Iowa","0-130",94
2024-01-06,"20","Kansas","0-130",93
2024-01-06,"21","Kentucky","0-130",296
2024-01-06,"22","Louisiana","0-130",304
2024-01-06,"23","Maine","0-130",58
2024-01-06,"24","Maryland","0-130",322
2024-01-06,"25","Massachusetts","0-130",634
2024-01-06,"26","Michigan","0-130",497
2024-01-06,"27","Minnesota","0-130",168
2024-01-06,"28","Mississippi","0-130",263
2024-01-06,"29","Missouri","0-130",345
2024-01-06,"30","Montana","0-130",129
2024-01-06,"31","Nebraska","0-130",50
2024-01-06,"32","Nevada","0-130",143
2024-01-06,"33","New Hampshire","0-130",46
2024-01-06,"34","New Jersey","0-130",667
2024-01-06,"35","New Mexico","0-130",229
2024-01-06,"36","New York","0-130",1240
2024-01-06,"37","North Carolina","0-130",779
2024-01-06,"38","North Dakota","0-130",52
2024-01-06,"39","Ohio","0-130",562
2024-01-06,"40","Oklahoma","0-130",174
2024-01-06,"41","Oregon","0-130",142
2024-01-06,"42","Pennsylvania","0-130",761
2024-01-06,"72","Puerto Rico","0-130",51
2024-01-06,"44","Rhode Island","0-130",48
2024-01-06,"45","South Carolina","0-130",473
2024-01-06,"46","South Dakota","0-130",54
2024-01-06,"47","Tennessee","0-130",474
2024-01-06,"48","Texas","0-130",2093
2024-01-06,"US","US","0-130",19510
2024-01-06,"49","Utah","0-130",63
2024-01-06,"50","Vermont","0-130",15
2024-01-06,"78","Virgin Islands","0-130",0
2024-01-06,"51","Virginia","0-130",538
2024-01-06,"53","Washington","0-130",209
2024-01-06,"54","West Virginia","0-130",169
2024-01-06,"55","Wisconsin","0-130",248
2024-01-06,"56","Wyoming","0-130",82
2024-01-13,"01","Alabama","0-130",226
2024-01-13,"02","Alaska","0-130",6
2024-01-13,"60","American Samoa","0-130",0
2024-01-13,"04","Arizona","0-130",716
2024-01-13,"05","Arkansas","0-130",223
2024-01-13,"06","California","0-130",1075
2024-01-13,"08","Colorado","0-130",286
2024-01-13,"09","Connecticut","0-130",159
2024-01-13,"10","Delaware","0-130",34
2024-01-13,"11","District of Columbia","0-130",37
2024-01-13,"12","Florida","0-130",1070
2024-01-13,"13","Georgia","0-130",627
2024-01-13,"66","Guam","0-130",2
2024-01-13,"15","Hawaii","0-130",25
2024-01-13,"16","Idaho","0-130",102
2024-01-13,"17","Illinois","0-130",380
2024-01-13,"18","Indiana","0-130",443
2024-01-13,"19","Iowa","0-130",84
2024-01-13,"20","Kansas","0-130",101
2024-01-13,"21","Kentucky","0-130",240
2024-01-13,"22","Louisiana","0-130",252
2024-01-13,"23","Maine","0-130",47
2024-01-13,"24","Maryland","0-130",245
2024-01-13,"25","Massachusetts","0-130",518
2024-01-13,"26","Michigan","0-130",381
2024-01-13,"27","Minnesota","0-130",161
2024-01-13,"28","Mississippi","0-130",230
2024-01-13,"29","Missouri","0-130",316
2024-01-13,"30","Montana","0-130",114
2024-01-13,"31","Nebraska","0-130",55
2024-01-13,"32","Nevada","0-130",145
2024-01-13,"33","New Hampshire","0-130",47
2024-01-13,"34","New Jersey","0-130",570
2024-01-13,"35","New Mexico","0-130",149
2024-01-13,"36","New York","0-130",1024
2024-01-13,"37","North Carolina","0-130",505
2024-01-13,"38","North Dakota","0-130",32
2024-01-13,"39","Ohio","0-130",542
2024-01-13,"40","Oklahoma","0-130",209
2024-01-13,"41","Oregon","0-130",115
2024-01-13,"42","Pennsylvania","0-130",577
2024-01-13,"72","Puerto Rico","0-130",61
2024-01-13,"44","Rhode Island","0-130",34
2024-01-13,"45","South Carolina","0-130",268
2024-01-13,"46","South Dakota","0-130",32
2024-01-13,"47","Tennessee","0-130",390
2024-01-13,"48","Texas","0-130",1964
2024-01-13,"US","US","0-130",15889
2024-01-13,"49","Utah","0-130",47
2024-01-13,"50","Vermont","0-130",24
2024-01-13,"78","Virgin Islands","0-130",0
2024-01-13,"51","Virginia","0-130",381
2024-01-13,"53","Washington","0-130",161
2024-01-13,"54","West Virginia","0-130",136
2024-01-13,"55","Wisconsin","0-130",265
2024-01-13,"56","Wyoming","0-130",56
2024-01-20,"01","Alabama","0-130",169
2024-01-20,"02","Alaska","0-130",9
2024-01-20,"60","American Samoa","0-130",0
2024-01-20,"04","Arizona","0-130",682
2024-01-20,"05","Arkansas","0-130",227
2024-01-20,"06","California","0-130",1096
2024-01-20,"08","Colorado","0-130",197
2024-01-20,"09","Connecticut","0-130",128
2024-01-20,"10","Delaware","0-130",32
2024-01-20,"11","District of Columbia","0-130",26
2024-01-20,"12","Florida","0-130",908
2024-01-20,"13","Georgia","0-130",486
2024-01-20,"66","Guam","0-130",3
2024-01-20,"15","Hawaii","0-130",23
2024-01-20,"16","Idaho","0-130",88
2024-01-20,"17","Illinois","0-130",335
2024-01-20,"18","Indiana","0-130",402
2024-01-20,"19","Iowa","0-130",95
2024-01-20,"20","Kansas","0-130",66
2024-01-20,"21","Kentucky","0-130",197
2024-01-20,"22","Louisiana","0-130",141
2024-01-20,"23","Maine","0-130",40
2024-01-20,"24","Maryland","0-130",198
2024-01-20,"25","Massachusetts","0-130",401
2024-01-20,"26","Michigan","0-130",346
2024-01-20,"27","Minnesota","0-130",123
2024-01-20,"28","Mississippi","0-130",158
2024-01-20,"29","Missouri","0-130",266
2024-01-20,"30","Montana","0-130",81
2024-01-20,"31","Nebraska","0-130",35
2024-01-20,"32","Nevada","0-130",78
2024-01-20,"33","New Hampshire","0-130",30
2024-01-20,"34","New Jersey","0-130",441
2024-01-20,"35","New Mexico","0-130",113
2024-01-20,"36","New York","0-130",851
2024-01-20,"37","North Carolina","0-130",310
2024-01-20,"38","North Dakota","0-130",41
2024-01-20,"39","Ohio","0-130",505
2024-01-20,"40","Oklahoma","0-130",252
2024-01-20,"41","Oregon","0-130",85
2024-01-20,"42","Pennsylvania","0-130",454
2024-01-20,"72","Puerto Rico","0-130",50
2024-01-20,"44","Rhode Island","0-130",34
2024-01-20,"45","South Carolina","0-130",197
2024-01-20,"46","South Dakota","0-130",16
2024-01-20,"47","Tennessee","0-130",350
2024-01-20,"48","Texas","0-130",1682
2024-01-20,"US","US","0-130",13291
2024-01-20,"49","Utah","0-130",28
2024-01-20,"50","Vermont","0-130",26
2024-01-20,"78","Virgin Islands","0-130",0
2024-01-20,"51","Virginia","0-130",302
2024-01-20,"53","Washington","0-130",145
2024-01-20,"54","West Virginia","0-130",145
2024-01-20,"55","Wisconsin","0-130",175
2024-01-20,"56","Wyoming","0-130",23
2024-01-27,"01","Alabama","0-130",142
2024-01-27,"02","Alaska","0-130",7
2024-01-27,"60","American Samoa","0-130",0
2024-01-27,"04","Arizona","0-130",616
2024-01-27,"05","Arkansas","0-130",275
2024-01-27,"06","California","0-130",732
2024-01-27,"08","Colorado","0-130",229
2024-01-27,"09","Connecticut","0-130",156
2024-01-27,"10","Delaware","0-130",28
2024-01-27,"11","District of Columbia","0-130",21
2024-01-27,"12","Florida","0-130",835
2024-01-27,"13","Georgia","0-130",455
2024-01-27,"66","Guam","0-130",2
2024-01-27,"15","Hawaii","0-130",30
2024-01-27,"16","Idaho","0-130",69
2024-01-27,"17","Illinois","0-130",275
2024-01-27,"18","Indiana","0-130",428
2024-01-27,"19","Iowa","0-130",76
2024-01-27,"20","Kansas","0-130",68
2024-01-27,"21","Kentucky","0-130",251
2024-01-27,"22","Louisiana","0-130",130
2024-01-27,"23","Maine","0-130",34
2024-01-27,"24","Maryland","0-130",171
2024-01-27,"25","Massachusetts","0-130",391
2024-01-27,"26","Michigan","0-130",388
2024-01-27,"27","Minnesota","0-130",144
2024-01-27,"28","Mississippi","0-130",161
2024-01-27,"29","Missouri","0-130",272
2024-01-27,"30","Montana","0-130",115
2024-01-27,"31","Nebraska","0-130",47
2024-01-27,"32","Nevada","0-130",67
2024-01-27,"33","New Hampshire","0-130",24
2024-01-27,"34","New Jersey","0-130",345
2024-01-27,"35","New Mexico","0-130",102
2024-01-27,"36","New York","0-130",884
2024-01-27,"37","North Carolina","0-130",308
2024-01-27,"38","North Dakota","0-130",48
2024-01-27,"39","Ohio","0-130",590
2024-01-27,"40","Oklahoma","0-130",346
2024-01-27,"41","Oregon","0-130",98
2024-01-27,"42","Pennsylvania","0-130",405
2024-01-27,"72","Puerto Rico","0-130",51
2024-01-27,"44","Rhode Island","0-130",24
2024-01-27,"45","South Carolina","0-130",213
2024-01-27,"46","South Dakota","0-130",27
2024-01-27,"47","Tennessee","0-130",280
2024-01-27,"48","Texas","0-130",1868
2024-01-27,"US","US","0-130",12986
2024-01-27,"49","Utah","0-130",38
2024-01-27,"50","Vermont","0-130",21
2024-01-27,"78","Virgin Islands","0-130",0
2024-01-27,"51","Virginia","0-130",262
2024-01-27,"53","Washington","0-130",120
2024-01-27,"54","West Virginia","0-130",136
2024-01-27,"55","Wisconsin","0-130",141
2024-01-27,"56","Wyoming","0-130",40
2024-02-03,"01","Alabama","0-130",103
2024-02-03,"02","Alaska","0-130",8
2024-02-03,"60","American Samoa","0-130",0
2024-02-03,"04","Arizona","0-130",343
2024-02-03,"05","Arkansas","0-130",245
2024-02-03,"06","California","0-130",547
2024-02-03,"08","Colorado","0-130",196
2024-02-03,"09","Connecticut","0-130",111
2024-02-03,"10","Delaware","0-130",25
2024-02-03,"11","District of Columbia","0-130",20
2024-02-03,"12","Florida","0-130",711
2024-02-03,"13","Georgia","0-130",354
2024-02-03,"66","Guam","0-130",4
2024-02-03,"15","Hawaii","0-130",5
2024-02-03,"16","Idaho","0-130",71
2024-02-03,"17","Illinois","0-130",272
2024-02-03,"18","Indiana","0-130",453
2024-02-03,"19","Iowa","0-130",107
2024-02-03,"20","Kansas","0-130",113
2024-02-03,"21","Kentucky","0-130",225
2024-02-03,"22","Louisiana","0-130",123
2024-02-03,"23","Maine","0-130",64
2024-02-03,"24","Maryland","0-130",113
2024-02-03,"25","Massachusetts","0-130",446
2024-02-03,"26","Michigan","0-130",483
2024-02-03,"27","Minnesota","0-130",150
2024-02-03,"28","Mississippi","0-130",111
2024-02-03,"29","Missouri","0-130",301
2024-02-03,"30","Montana","0-130",85
2024-02-03,"31","Nebraska","0-130",47
2024-02-03,"32","Nevada","0-130",58
2024-02-03,"33","New Hampshire","0-130",37
2024-02-03,"34","New Jersey","0-130",331
2024-02-03,"35","New Mexico","0-130",76
2024-02-03,"36","New York","0-130",764
2024-02-03,"37","North Carolina","0-130",255
2024-02-03,"38","North Dakota","0-130",40
2024-02-03,"39","Ohio","0-130",590
2024-02-03,"40","Oklahoma","0-130",419
2024-02-03,"41","Oregon","0-130",84
2024-02-03,"42","Pennsylvania","0-130",450
2024-02-03,"72","Puerto Rico","0-130",34
2024-02-03,"44","Rhode Island","0-130",17
2024-02-03,"45","South Carolina","0-130",175
2024-02-03,"46","South Dakota","0-130",23
2024-02-03,"47","Tennessee","0-130",223
2024-02-03,"48","Texas","0-130",1869
2024-02-03,"US","US","0-130",11957
2024-02-03,"49","Utah","0-130",28
2024-02-03,"50","Vermont","0-130",18
2024-02-03,"78","Virgin Islands","0-130",0
2024-02-03,"51","Virginia","0-130",184
2024-02-03,"53","Washington","0-130",105
2024-02-03,"54","West Virginia","0-130",127
2024-02-03,"55","Wisconsin","0-130",175
2024-02-03,"56","Wyoming","0-130",39
2024-02-10,"01","Alabama","0-130",109
2024-02-10,"02","Alaska","0-130",11
2024-02-10,"60","American Samoa","0-130",0
2024-02-10,"04","Arizona","0-130",183
2024-02-10,"05","Arkansas","0-130",291
2024-02-10,"06","California","0-130",464
2024-02-10,"08","Colorado","0-130",196
2024-02-10,"09","Connecticut","0-130",142
2024-02-10,"10","Delaware","0-130",25
2024-02-10,"11","District of Columbia","0-130",14
2024-02-10,"12","Florida","0-130",828
2024-02-10,"13","Georgia","0-130",308
2024-02-10,"66","Guam","0-130",1
2024-02-10,"15","Hawaii","0-130",17
2024-02-10,"16","Idaho","0-130",61
2024-02-10,"17","Illinois","0-130",250
2024-02-10,"18","Indiana","0-130",487
2024-02-10,"19","Iowa","0-130",112
2024-02-10,"20","Kansas","0-130",139
2024-02-10,"21","Kentucky","0-130",284
2024-02-10,"22","Louisiana","0-130",97
2024-02-10,"23","Maine","0-130",77
2024-02-10,"24","Maryland","0-130",111
2024-02-10,"25","Massachusetts","0-130",432
2024-02-10,"26","Michigan","0-130",664
2024-02-10,"27","Minnesota","0-130",164
2024-02-10,"28","Mississippi","0-130",86
2024-02-10,"29","Missouri","0-130",344
2024-02-10,"30","Montana","0-130",82
2024-02-10,"31","Nebraska","0-130",54
2024-02-10,"32","Nevada","0-130",35
2024-02-10,"33","New Hampshire","0-130",43
2024-02-10,"34","New Jersey","0-130",323
2024-02-10,"35","New Mexico","0-130",78
2024-02-10,"36","New York","0-130",765
2024-02-10,"37","North Carolina","0-130",174
2024-02-10,"38","North Dakota","0-130",31
2024-02-10,"39","Ohio","0-130",602
2024-02-10,"40","Oklahoma","0-130",463
2024-02-10,"41","Oregon","0-130",87
2024-02-10,"42","Pennsylvania","0-130",425
2024-02-10,"72","Puerto Rico","0-130",68
2024-02-10,"44","Rhode Island","0-130",21
2024-02-10,"45","South Carolina","0-130",132
2024-02-10,"46","South Dakota","0-130",18
2024-02-10,"47","Tennessee","0-130",196
2024-02-10,"48","Texas","0-130",1500
2024-02-10,"US","US","0-130",11626
2024-02-10,"49","Utah","0-130",16
2024-02-10,"50","Vermont","0-130",20
2024-02-10,"78","Virgin Islands","0-130",0
2024-02-10,"51","Virginia","0-130",174
2024-02-10,"53","Washington","0-130",80
2024-02-10,"54","West Virginia","0-130",131
2024-02-10,"55","Wisconsin","0-130",178
2024-02-10,"56","Wyoming","0-130",33
2024-02-17,"01","Alabama","0-130",120
2024-02-17,"02","Alaska","0-130",2
2024-02-17,"60","American Samoa","0-130",0
2024-02-17,"04","Arizona","0-130",204
2024-02-17,"05","Arkansas","0-130",258
2024-02-17,"06","California","0-130",342
2024-02-17,"08","Colorado","0-130",137
2024-02-17,"09","Connecticut","0-130",119
2024-02-17,"10","Delaware","0-130",36
2024-02-17,"11","District of Columbia","0-130",19
2024-02-17,"12","Florida","0-130",678
2024-02-17,"13","Georgia","0-130",259
2024-02-17,"66","Guam","0-130",0
2024-02-17,"15","Hawaii","0-130",10
2024-02-17,"16","Idaho","0-130",59
2024-02-17,"17","Illinois","0-130",262
2024-02-17,"18","Indiana","0-130",439
2024-02-17,"19","Iowa","0-130",124
2024-02-17,"20","Kansas","0-130",111
2024-02-17,"21","Kentucky","0-130",282
2024-02-17,"22","Louisiana","0-130",85
2024-02-17,"23","Maine","0-130",86
2024-02-17,"24","Maryland","0-130",123
2024-02-17,"25","Massachusetts","0-130",512
2024-02-17,"26","Michigan","0-130",770
2024-02-17,"27","Minnesota","0-130",173
2024-02-17,"28","Mississippi","0-130",94
2024-02-17,"29","Missouri","0-130",354
2024-02-17,"30","Montana","0-130",24
2024-02-17,"31","Nebraska","0-130",54
2024-02-17,"32","Nevada","0-130",51
2024-02-17,"33","New Hampshire","0-130",41
2024-02-17,"34","New Jersey","0-130",370
2024-02-17,"35","New Mexico","0-130",73
2024-02-17,"36","New York","0-130",780
2024-02-17,"37","North Carolina","0-130",179
2024-02-17,"38","North Dakota","0-130",29
2024-02-17,"39","Ohio","0-130",609
2024-02-17,"40","Oklahoma","0-130",389
2024-02-17,"41","Oregon","0-130",65
2024-02-17,"42","Pennsylvania","0-130",493
2024-02-17,"72","Puerto Rico","0-130",52
2024-02-17,"44","Rhode Island","0-130",29
2024-02-17,"45","South Carolina","0-130",130
2024-02-17,"46","South Dakota","0-130",26
2024-02-17,"47","Tennessee","0-130",195
2024-02-17,"48","Texas","0-130",1125
2024-02-17,"US","US","0-130",11117
2024-02-17,"49","Utah","0-130",19
2024-02-17,"50","Vermont","0-130",21
2024-02-17,"78","Virgin Islands","0-130",0
2024-02-17,"51","Virginia","0-130",195
2024-02-17,"53","Washington","0-130",73
2024-02-17,"54","West Virginia","0-130",184
2024-02-17,"55","Wisconsin","0-130",209
2024-02-17,"56","Wyoming","0-130",44
2024-02-24,"01","Alabama","0-130",87
2024-02-24,"02","Alaska","0-130",4
2024-02-24,"60","American Samoa","0-130",0
2024-02-24,"04","Arizona","0-130",204
2024-02-24,"05","Arkansas","0-130",275
2024-02-24,"06","California","0-130",302
2024-02-24,"08","Colorado","0-130",129
2024-02-24,"09","Connecticut","0-130",171
2024-02-24,"10","Delaware","0-130",24
2024-02-24,"11","District of Columbia","0-130",18
2024-02-24,"12","Florida","0-130",619
2024-02-24,"13","Georgia","0-130",192
2024-02-24,"66","Guam","0-130",0
2024-02-24,"15","Hawaii","0-130",14
2024-02-24,"16","Idaho","0-130",90
2024-02-24,"17","Illinois","0-130",318
2024-02-24,"18","Indiana","0-130",419
2024-02-24,"19","Iowa","0-130",157
2024-02-24,"20","Kansas","0-130",82
2024-02-24,"21","Kentucky","0-130",279
2024-02-24,"22","Louisiana","0-130",94
2024-02-24,"23","Maine","0-130",67
2024-02-24,"24","Maryland","0-130",118
2024-02-24,"25","Massachusetts","0-130",463
2024-02-24,"26","Michigan","0-130",974
2024-02-24,"27","Minnesota","0-130",159
2024-02-24,"28","Mississippi","0-130",55
2024-02-24,"29","Missouri","0-130",454
2024-02-24,"30","Montana","0-130",22
2024-02-24,"31","Nebraska","0-130",84
2024-02-24,"32","Nevada","0-130",43
2024-02-24,"33","New Hampshire","0-130",33
2024-02-24,"34","New Jersey","0-130",297
2024-02-24,"35","New Mexico","0-130",59
2024-02-24,"36","New York","0-130",782
2024-02-24,"37","North Carolina","0-130",160
2024-02-24,"38","North Dakota","0-130",25
2024-02-24,"39","Ohio","0-130",655
2024-02-24,"40","Oklahoma","0-130",169
2024-02-24,"41","Oregon","0-130",89
2024-02-24,"42","Pennsylvania","0-130",493
2024-02-24,"72","Puerto Rico","0-130",52
2024-02-24,"44","Rhode Island","0-130",34
2024-02-24,"45","South Carolina","0-130",111
2024-02-24,"46","South Dakota","0-130",42
2024-02-24,"47","Tennessee","0-130",201
2024-02-24,"48","Texas","0-130",995
2024-02-24,"US","US","0-130",10856
2024-02-24,"49","Utah","0-130",9
2024-02-24,"50","Vermont","0-130",26
2024-02-24,"78","Virgin Islands","0-130",0
2024-02-24,"51","Virginia","0-130",207
2024-02-24,"53","Washington","0-130",97
2024-02-24,"54","West Virginia","0-130",163
2024-02-24,"55","Wisconsin","0-130",213
2024-02-24,"56","Wyoming","0-130",27
2024-03-02,"01","Alabama","0-130",81
2024-03-02,"02","Alaska","0-130",11
2024-03-02,"60","American Samoa","0-130",0
2024-03-02,"04","Arizona","0-130",182
2024-03-02,"05","Arkansas","0-130",278
2024-03-02,"06","California","0-130",266
2024-03-02,"08","Colorado","0-130",93
2024-03-02,"09","Connecticut","0-130",212
2024-03-02,"10","Delaware","0-130",33
2024-03-02,"11","District of Columbia","0-130",15
2024-03-02,"12","Florida","0-130",538
2024-03-02,"13","Georgia","0-130",203
2024-03-02,"66","Guam","0-130",1
2024-03-02,"15","Hawaii","0-130",16
2024-03-02,"16","Idaho","0-130",61
2024-03-02,"17","Illinois","0-130",331
2024-03-02,"18","Indiana","0-130",390
2024-03-02,"19","Iowa","0-130",180
2024-03-02,"20","Kansas","0-130",87
2024-03-02,"21","Kentucky","0-130",280
2024-03-02,"22","Louisiana","0-130",77
2024-03-02,"23","Maine","0-130",64
2024-03-02,"24","Maryland","0-130",176
2024-03-02,"25","Massachusetts","0-130",508
2024-03-02,"26","Michigan","0-130",1017
2024-03-02,"27","Minnesota","0-130",182
2024-03-02,"28","Mississippi","0-130",67
2024-03-02,"29","Missouri","0-130",443
2024-03-02,"30","Montana","0-130",27
2024-03-02,"31","Nebraska","0-130",95
2024-03-02,"32","Nevada","0-130",49
2024-03-02,"33","New Hampshire","0-130",39
2024-03-02,"34","New Jersey","0-130",343
2024-03-02,"35","New Mexico","0-130",61
2024-03-02,"36","New York","0-130",764
2024-03-02,"37","North Carolina","0-130",160
2024-03-02,"38","North Dakota","0-130",22
2024-03-02,"39","Ohio","0-130",637
2024-03-02,"40","Oklahoma","0-130",179
2024-03-02,"41","Oregon","0-130",76
2024-03-02,"42","Pennsylvania","0-130",544
2024-03-02,"72","Puerto Rico","0-130",43
2024-03-02,"44","Rhode Island","0-130",27
2024-03-02,"45","South Carolina","0-130",107
2024-03-02,"46","South Dakota","0-130",46
2024-03-02,"47","Tennessee","0-130",236
2024-03-02,"48","Texas","0-130",811
2024-03-02,"US","US","0-130",10805
2024-03-02,"49","Utah","0-130",17
2024-03-02,"50","Vermont","0-130",30
2024-03-02,"78","Virgin Islands","0-130",0
2024-03-02,"51","Virginia","0-130",219
2024-03-02,"53","Washington","0-130",75
2024-03-02,"54","West Virginia","0-130",181
2024-03-02,"55","Wisconsin","0-130",200
2024-03-02,"56","Wyoming","0-130",25
2024-03-09,"01","Alabama","0-130",85
2024-03-09,"02","Alaska","0-130",5
2024-03-09,"60","American Samoa","0-130",0
2024-03-09,"04","Arizona","0-130",125
2024-03-09,"05","Arkansas","0-130",247
2024-03-09,"06","California","0-130",207
2024-03-09,"08","Colorado","0-130",80
2024-03-09,"09","Connecticut","0-130",165
2024-03-09,"10","Delaware","0-130",26
2024-03-09,"11","District of Columbia","0-130",36
2024-03-09,"12","Florida","0-130",536
2024-03-09,"13","Georgia","0-130",156
2024-03-09,"66","Guam","0-130",0
2024-03-09,"15","Hawaii","0-130",9
2024-03-09,"16","Idaho","0-130",70
2024-03-09,"17","Illinois","0-130",267
2024-03-09,"18","Indiana","0-130",414
2024-03-09,"19","Iowa","0-130",178
2024-03-09,"20","Kansas","0-130",84
2024-03-09,"21","Kentucky","0-130",190
2024-03-09,"22","Louisiana","0-130",55
2024-03-09,"23","Maine","0-130",50
2024-03-09,"24","Maryland","0-130",170
2024-03-09,"25","Massachusetts","0-130",402
2024-03-09,"26","Michigan","0-130",851
2024-03-09,"27","Minnesota","0-130",174
2024-03-09,"28","Mississippi","0-130",61
2024-03-09,"29","Missouri","0-130",408
2024-03-09,"30","Montana","0-130",28
2024-03-09,"31","Nebraska","0-130",86
2024-03-09,"32","Nevada","0-130",43
2024-03-09,"33","New Hampshire","0-130",33
2024-03-09,"34","New Jersey","0-130",272
2024-03-09,"35","New Mexico","0-130",77
2024-03-09,"36","New York","0-130",593
2024-03-09,"37","North Carolina","0-130",132
2024-03-09,"38","North Dakota","0-130",21
2024-03-09,"39","Ohio","0-130",622
2024-03-09,"40","Oklahoma","0-130",181
2024-03-09,"41","Oregon","0-130",79
2024-03-09,"42","Pennsylvania","0-130",511
2024-03-09,"72","Puerto Rico","0-130",52
2024-03-09,"44","Rhode Island","0-130",23
2024-03-09,"45","South Carolina","0-130",97
2024-03-09,"46","South Dakota","0-130",37
2024-03-09,"47","Tennessee","0-130",188
2024-03-09,"48","Texas","0-130",637
2024-03-09,"US","US","0-130",9413
2024-03-09,"49","Utah","0-130",14
2024-03-09,"50","Vermont","0-130",29
2024-03-09,"78","Virgin Islands","0-130",0
2024-03-09,"51","Virginia","0-130",196
2024-03-09,"53","Washington","0-130",56
2024-03-09,"54","West Virginia","0-130",143
2024-03-09,"55","Wisconsin","0-130",197
2024-03-09,"56","Wyoming","0-130",15
2024-03-16,"01","Alabama","0-130",65
2024-03-16,"02","Alaska","0-130",9
2024-03-16,"60","American Samoa","0-130",0
2024-03-16,"04","Arizona","0-130",134
2024-03-16,"05","Arkansas","0-130",190
2024-03-16,"06","California","0-130",188
2024-03-16,"08","Colorado","0-130",96
2024-03-16,"09","Connecticut","0-130",99
2024-03-16,"10","Delaware","0-130",18
2024-03-16,"11","District of Columbia","0-130",14
2024-03-16,"12","Florida","0-130",516
2024-03-16,"13","Georgia","0-130",102
2024-03-16,"66","Guam","0-130",0
2024-03-16,"15","Hawaii","0-130",18
2024-03-16,"16","Idaho","0-130",68
2024-03-16,"17","Illinois","0-130",250
2024-03-16,"18","Indiana","0-130",275
2024-03-16,"19","Iowa","0-130",115
2024-03-16,"20","Kansas","0-130",95
2024-03-16,"21","Kentucky","0-130",142
2024-03-16,"22","Louisiana","0-130",40
2024-03-16,"23","Maine","0-130",33
2024-03-16,"24","Maryland","0-130",114
2024-03-16,"25","Massachusetts","0-130",323
2024-03-16,"26","Michigan","0-130",599
2024-03-16,"27","Minnesota","0-130",164
2024-03-16,"28","Mississippi","0-130",55
2024-03-16,"29","Missouri","0-130",278
2024-03-16,"30","Montana","0-130",35
2024-03-16,"31","Nebraska","0-130",69
2024-03-16,"32","Nevada","0-130",30
2024-03-16,"33","New Hampshire","0-130",38
2024-03-16,"34","New Jersey","0-130",218
2024-03-16,"35","New Mexico","0-130",45
2024-03-16,"36","New York","0-130",411
2024-03-16,"37","North Carolina","0-130",94
2024-03-16,"38","North Dakota","0-130",29
2024-03-16,"39","Ohio","0-130",357
2024-03-16,"40","Oklahoma","0-130",139
2024-03-16,"41","Oregon","0-130",68
2024-03-16,"42","Pennsylvania","0-130",369
2024-03-16,"72","Puerto Rico","0-130",63
2024-03-16,"44","Rhode Island","0-130",21
2024-03-16,"45","South Carolina","0-130",74
2024-03-16,"46","South Dakota","0-130",43
2024-03-16,"47","Tennessee","0-130",129
2024-03-16,"48","Texas","0-130",538
2024-03-16,"US","US","0-130",7321
2024-03-16,"49","Utah","0-130",13
2024-03-16,"50","Vermont","0-130",24
2024-03-16,"78","Virgin Islands","0-130",0
2024-03-16,"51","Virginia","0-130",134
2024-03-16,"53","Washington","0-130",85
2024-03-16,"54","West Virginia","0-130",101
2024-03-16,"55","Wisconsin","0-130",183
2024-03-16,"56","Wyoming","0-130",11
2024-03-23,"01","Alabama","0-130",70
2024-03-23,"02","Alaska","0-130",10
2024-03-23,"60","American Samoa","0-130",0
2024-03-23,"04","Arizona","0-130",106
2024-03-23,"05","Arkansas","0-130",103
2024-03-23,"06","California","0-130",175
2024-03-23,"08","Colorado","0-130",97
2024-03-23,"09","Connecticut","0-130",83
2024-03-23,"10","Delaware","0-130",16
2024-03-23,"11","District of Columbia","0-130",20
2024-03-23,"12","Florida","0-130",423
2024-03-23,"13","Georgia","0-130",81
2024-03-23,"66","Guam","0-130",4
2024-03-23,"15","Hawaii","0-130",6
2024-03-23,"16","Idaho","0-130",55
2024-03-23,"17","Illinois","0-130",212
2024-03-23,"18","Indiana","0-130",174
2024-03-23,"19","Iowa","0-130",94
2024-03-23,"20","Kansas","0-130",66
2024-03-23,"21","Kentucky","0-130",129
2024-03-23,"22","Louisiana","0-130",33
2024-03-23,"23","Maine","0-130",26
2024-03-23,"24","Maryland","0-130",75
2024-03-23,"25","Massachusetts","0-130",240
2024-03-23,"26","Michigan","0-130",530
2024-03-23,"27","Minnesota","0-130",133
2024-03-23,"28","Mississippi","0-130",45
2024-03-23,"29","Missouri","0-130",192
2024-03-23,"30","Montana","0-130",21
2024-03-23,"31","Nebraska","0-130",60
2024-03-23,"32","Nevada","0-130",39
2024-03-23,"33","New Hampshire","0-130",25
2024-03-23,"34","New Jersey","0-130",180
2024-03-23,"35","New Mexico","0-130",57
2024-03-23,"36","New York","0-130",355
2024-03-23,"37","North Carolina","0-130",83
2024-03-23,"38","North Dakota","0-130",20
2024-03-23,"39","Ohio","0-130",299
2024-03-23,"40","Oklahoma","0-130",94
2024-03-23,"41","Oregon","0-130",97
2024-03-23,"42","Pennsylvania","0-130",345
2024-03-23,"72","Puerto Rico","0-130",50
2024-03-23,"44","Rhode Island","0-130",13
2024-03-23,"45","South Carolina","0-130",66
2024-03-23,"46","South Dakota","0-130",59
2024-03-23,"47","Tennessee","0-130",127
2024-03-23,"48","Texas","0-130",398
2024-03-23,"US","US","0-130",6048
2024-03-23,"49","Utah","0-130",11
2024-03-23,"50","Vermont","0-130",18
2024-03-23,"78","Virgin Islands","0-130",0
2024-03-23,"51","Virginia","0-130",135
2024-03-23,"53","Washington","0-130",81
2024-03-23,"54","West Virginia","0-130",80
2024-03-23,"55","Wisconsin","0-130",132
2024-03-23,"56","Wyoming","0-130",5
2024-03-30,"01","Alabama","0-130",60
2024-03-30,"02","Alaska","0-130",8
2024-03-30,"60","American Samoa","0-130",0
2024-03-30,"04","Arizona","0-130",97
2024-03-30,"05","Arkansas","0-130",82
2024-03-30,"06","California","0-130",180
2024-03-30,"08","Colorado","0-130",68
2024-03-30,"09","Connecticut","0-130",89
2024-03-30,"10","Delaware","0-130",15
2024-03-30,"11","District of Columbia","0-130",18
2024-03-30,"12","Florida","0-130",404
2024-03-30,"13","Georgia","0-130",64
2024-03-30,"66","Guam","0-130",1
2024-03-30,"15","Hawaii","0-130",7
2024-03-30,"16","Idaho","0-130",45
2024-03-30,"17","Illinois","0-130",201
2024-03-30,"18","Indiana","0-130",175
2024-03-30,"19","Iowa","0-130",90
2024-03-30,"20","Kansas","0-130",66
2024-03-30,"21","Kentucky","0-130",120
2024-03-30,"22","Louisiana","0-130",47
2024-03-30,"23","Maine","0-130",23
2024-03-30,"24","Maryland","0-130",76
2024-03-30,"25","Massachusetts","0-130",228
2024-03-30,"26","Michigan","0-130",523
2024-03-30,"27","Minnesota","0-130",124
2024-03-30,"28","Mississippi","0-130",47
2024-03-30,"29","Missouri","0-130",193
2024-03-30,"30","Montana","0-130",29
2024-03-30,"31","Nebraska","0-130",51
2024-03-30,"32","Nevada","0-130",26
2024-03-30,"33","New Hampshire","0-130",17
2024-03-30,"34","New Jersey","0-130",188
2024-03-30,"35","New Mexico","0-130",36
2024-03-30,"36","New York","0-130",391
2024-03-30,"37","North Carolina","0-130",88
2024-03-30,"38","North Dakota","0-130",31
2024-03-30,"39","Ohio","0-130",242
2024-03-30,"40","Oklahoma","0-130",91
2024-03-30,"41","Oregon","0-130",64
2024-03-30,"42","Pennsylvania","0-130",267
2024-03-30,"72","Puerto Rico","0-130",47
2024-03-30,"44","Rhode Island","0-130",14
2024-03-30,"45","South Carolina","0-130",63
2024-03-30,"46","South Dakota","0-130",33
2024-03-30,"47","Tennessee","0-130",84
2024-03-30,"48","Texas","0-130",360
2024-03-30,"US","US","0-130",5574
2024-03-30,"49","Utah","0-130",11
2024-03-30,"50","Vermont","0-130",15
2024-03-30,"78","Virgin Islands","0-130",0
2024-03-30,"51","Virginia","0-130",111
2024-03-30,"53","Washington","0-130",56
2024-03-30,"54","West Virginia","0-130",71
2024-03-30,"55","Wisconsin","0-130",126
2024-03-30,"56","Wyoming","0-130",11
2024-04-06,"01","Alabama","0-130",39
2024-04-06,"02","Alaska","0-130",7
2024-04-06,"60","American Samoa","0-130",0
2024-04-06,"04","Arizona","0-130",81
2024-04-06,"05","Arkansas","0-130",60
2024-04-06,"06","California","0-130",151
2024-04-06,"08","Colorado","0-130",49
2024-04-06,"09","Connecticut","0-130",88
2024-04-06,"10","Delaware","0-130",19
2024-04-06,"11","District of Columbia","0-130",23
2024-04-06,"12","Florida","0-130",312
2024-04-06,"13","Georgia","0-130",60
2024-04-06,"66","Guam","0-130",8
2024-04-06,"15","Hawaii","0-130",9
2024-04-06,"16","Idaho","0-130",31
2024-04-06,"17","Illinois","0-130",182
2024-04-06,"18","Indiana","0-130",166
2024-04-06,"19","Iowa","0-130",82
2024-04-06,"20","Kansas","0-130",42
2024-04-06,"21","Kentucky","0-130",102
2024-04-06,"22","Louisiana","0-130",32
2024-04-06,"23","Maine","0-130",24
2024-04-06,"24","Maryland","0-130",88
2024-04-06,"25","Massachusetts","0-130",227
2024-04-06,"26","Michigan","0-130",457
2024-04-06,"27","Minnesota","0-130",112
2024-04-06,"28","Mississippi","0-130",53
2024-04-06,"29","Missouri","0-130",146
2024-04-06,"30","Montana","0-130",7
2024-04-06,"31","Nebraska","0-130",54
2024-04-06,"32","Nevada","0-130",35
2024-04-06,"33","New Hampshire","0-130",16
2024-04-06,"34","New Jersey","0-130",168
2024-04-06,"35","New Mexico","0-130",41
2024-04-06,"36","New York","0-130",408
2024-04-06,"37","North Carolina","0-130",77
2024-04-06,"38","North Dakota","0-130",19
2024-04-06,"39","Ohio","0-130",264
2024-04-06,"40","Oklahoma","0-130",63
2024-04-06,"41","Oregon","0-130",51
2024-04-06,"42","Pennsylvania","0-130",256
2024-04-06,"72","Puerto Rico","0-130",39
2024-04-06,"44","Rhode Island","0-130",16
2024-04-06,"45","South Carolina","0-130",44
2024-04-06,"46","South Dakota","0-130",37
2024-04-06,"47","Tennessee","0-130",102
2024-04-06,"48","Texas","0-130",308
2024-04-06,"US","US","0-130",5068
2024-04-06,"49","Utah","0-130",5
2024-04-06,"50","Vermont","0-130",9
2024-04-06,"78","Virgin Islands","0-130",0
2024-04-06,"51","Virginia","0-130",157
2024-04-06,"53","Washington","0-130",43
2024-04-06,"54","West Virginia","0-130",68
2024-04-06,"55","Wisconsin","0-130",124
2024-04-06,"56","Wyoming","0-130",7
2024-04-13,"01","Alabama","0-130",19
2024-04-13,"02","Alaska","0-130",4
2024-04-13,"60","American Samoa","0-130",0
2024-04-13,"04","Arizona","0-130",85
2024-04-13,"05","Arkansas","0-130",47
2024-04-13,"06","California","0-130",179
2024-04-13,"08","Colorado","0-130",55
2024-04-13,"09","Connecticut","0-130",62
2024-04-13,"10","Delaware","0-130",7
2024-04-13,"11","District of Columbia","0-130",17
2024-04-13,"12","Florida","0-130",326
2024-04-13,"13","Georgia","0-130",57
2024-04-13,"66","Guam","0-130",3
2024-04-13,"15","Hawaii","0-130",12
2024-04-13,"16","Idaho","0-130",12
2024-04-13,"17","Illinois","0-130",186
2024-04-13,"18","Indiana","0-130",112
2024-04-13,"19","Iowa","0-130",63
2024-04-13,"20","Kansas","0-130",27
2024-04-13,"21","Kentucky","0-130",67
2024-04-13,"22","Louisiana","0-130",30
2024-04-13,"23","Maine","0-130",15
2024-04-13,"24","Maryland","0-130",55
2024-04-13,"25","Massachusetts","0-130",177
2024-04-13,"26","Michigan","0-130",334
2024-04-13,"27","Minnesota","0-130",79
2024-04-13,"28","Mississippi","0-130",38
2024-04-13,"29","Missouri","0-130",108
2024-04-13,"30","Montana","0-130",9
2024-04-13,"31","Nebraska","0-130",45
2024-04-13,"32","Nevada","0-130",23
2024-04-13,"33","New Hampshire","0-130",14
2024-04-13,"34","New Jersey","0-130",130
2024-04-13,"35","New Mexico","0-130",19
2024-04-13,"36","New York","0-130",365
2024-04-13,"37","North Carolina","0-130",55
2024-04-13,"38","North Dakota","0-130",18
2024-04-13,"39","Ohio","0-130",193
2024-04-13,"40","Oklahoma","0-130",35
2024-04-13,"41","Oregon","0-130",33
2024-04-13,"42","Pennsylvania","0-130",196
2024-04-13,"72","Puerto Rico","0-130",43
2024-04-13,"44","Rhode Island","0-130",14
2024-04-13,"45","South Carolina","0-130",64
2024-04-13,"46","South Dakota","0-130",14
2024-04-13,"47","Tennessee","0-130",77
2024-04-13,"48","Texas","0-130",275
2024-04-13,"US","US","0-130",4072
2024-04-13,"49","Utah","0-130",1
2024-04-13,"50","Vermont","0-130",16
2024-04-13,"78","Virgin Islands","0-130",0
2024-04-13,"51","Virginia","0-130",110
2024-04-13,"53","Washington","0-130",42
2024-04-13,"54","West Virginia","0-130",22
2024-04-13,"55","Wisconsin","0-130",77
2024-04-13,"56","Wyoming","0-130",6
2024-04-20,"01","Alabama","0-130",17
2024-04-20,"02","Alaska","0-130",2
2024-04-20,"60","American Samoa","0-130",0
2024-04-20,"04","Arizona","0-130",79
2024-04-20,"05","Arkansas","0-130",30
2024-04-20,"06","California","0-130",157
2024-04-20,"08","Colorado","0-130",26
2024-04-20,"09","Connecticut","0-130",57
2024-04-20,"10","Delaware","0-130",8
2024-04-20,"11","District of Columbia","0-130",14
2024-04-20,"12","Florida","0-130",239
2024-04-20,"13","Georgia","0-130",40
2024-04-20,"66","Guam","0-130",7
2024-04-20,"15","Hawaii","0-130",5
2024-04-20,"16","Idaho","0-130",15
2024-04-20,"17","Illinois","0-130",122
2024-04-20,"18","Indiana","0-130",61
2024-04-20,"19","Iowa","0-130",53
2024-04-20,"20","Kansas","0-130",40
2024-04-20,"21","Kentucky","0-130",46
2024-04-20,"22","Louisiana","0-130",24
2024-04-20,"23","Maine","0-130",16
2024-04-20,"24","Maryland","0-130",38
2024-04-20,"25","Massachusetts","0-130",127
2024-04-20,"26","Michigan","0-130",170
2024-04-20,"27","Minnesota","0-130",53
2024-04-20,"28","Mississippi","0-130",25
2024-04-20,"29","Missouri","0-130",83
2024-04-20,"30","Montana","0-130",6
2024-04-20,"31","Nebraska","0-130",27
2024-04-20,"32","Nevada","0-130",26
2024-04-20,"33","New Hampshire","0-130",12
2024-04-20,"34","New Jersey","0-130",110
2024-04-20,"35","New Mexico","0-130",15
2024-04-20,"36","New York","0-130",216
2024-04-20,"37","North Carolina","0-130",23
2024-04-20,"38","North Dakota","0-130",15
2024-04-20,"39","Ohio","0-130",110
2024-04-20,"40","Oklahoma","0-130",30
2024-04-20,"41","Oregon","0-130",32
2024-04-20,"42","Pennsylvania","0-130",146
2024-04-20,"72","Puerto Rico","0-130",36
2024-04-20,"44","Rhode Island","0-130",11
2024-04-20,"45","South Carolina","0-130",37
2024-04-20,"46","South Dakota","0-130",24
2024-04-20,"47","Tennessee","0-130",58
2024-04-20,"48","Texas","0-130",255
2024-04-20,"US","US","0-130",2942
2024-04-20,"49","Utah","0-130",3
2024-04-20,"50","Vermont","0-130",10
2024-04-20,"78","Virgin Islands","0-130",0
2024-04-20,"51","Virginia","0-130",79
2024-04-20,"53","Washington","0-130",26
2024-04-20,"54","West Virginia","0-130",13
2024-04-20,"55","Wisconsin","0-130",66
2024-04-20,"56","Wyoming","0-130",2
2024-04-27,"01","Alabama","0-130",15
2024-04-27,"02","Alaska","0-130",5
2024-04-27,"60","American Samoa","0-130",0
2024-04-27,"04","Arizona","0-130",105
2024-04-27,"05","Arkansas","0-130",60
2024-04-27,"06","California","0-130",156
2024-04-27,"08","Colorado","0-130",23
2024-04-27,"09","Connecticut","0-130",64
2024-04-27,"10","Delaware","0-130",2
2024-04-27,"11","District of Columbia","0-130",8
2024-04-27,"12","Florida","0-130",262
2024-04-27,"13","Georgia","0-130",35
2024-04-27,"66","Guam","0-130",0
2024-04-27,"15","Hawaii","0-130",14
2024-04-27,"16","Idaho","0-130",16
2024-04-27,"17","Illinois","0-130",88
2024-04-27,"18","Indiana","0-130",46
2024-04-27,"19","Iowa","0-130",22
2024-04-27,"20","Kansas","0-130",27
2024-04-27,"21","Kentucky","0-130",25
2024-04-27,"22","Louisiana","0-130",17
2024-04-27,"23","Maine","0-130",14
2024-04-27,"24","Maryland","0-130",20
2024-04-27,"25","Massachusetts","0-130",69
2024-04-27,"26","Michigan","0-130",123
2024-04-27,"27","Minnesota","0-130",39
2024-04-27,"28","Mississippi","0-130",21
2024-04-27,"29","Missouri","0-130",59
2024-04-27,"30","Montana","0-130",3
2024-04-27,"31","Nebraska","0-130",17
2024-04-27,"32","Nevada","0-130",21
2024-04-27,"33","New Hampshire","0-130",4
2024-04-27,"34","New Jersey","0-130",89
2024-04-27,"35","New Mexico","0-130",20
2024-04-27,"36","New York","0-130",164
2024-04-27,"37","North Carolina","0-130",13
2024-04-27,"38","North Dakota","0-130",7
2024-04-27,"39","Ohio","0-130",78
2024-04-27,"40","Oklahoma","0-130",36
2024-04-27,"41","Oregon","0-130",30
2024-04-27,"42","Pennsylvania","0-130",116
2024-04-27,"72","Puerto Rico","0-130",44
2024-04-27,"44","Rhode Island","0-130",7
2024-04-27,"45","South Carolina","0-130",30
2024-04-27,"46","South Dakota","0-130",14
2024-04-27,"47","Tennessee","0-130",51
2024-04-27,"48","Texas","0-130",171
2024-04-27,"US","US","0-130",2420
2024-04-27,"49","Utah","0-130",6
2024-04-27,"50","Vermont","0-130",6
2024-04-27,"78","Virgin Islands","0-130",0
2024-04-27,"51","Virginia","0-130",58
2024-04-27,"53","Washington","0-130",37
2024-04-27,"54","West Virginia","0-130",22
2024-04-27,"55","Wisconsin","0-130",37
2024-04-27,"56","Wyoming","0-130",4
2024-05-04,"01","Alabama","0-130",10
2024-05-04,"02","Alaska","0-130",3
2024-05-04,"60","American Samoa","0-130",0
2024-05-04,"04","Arizona","0-130",75
2024-05-04,"05","Arkansas","0-130",14
2024-05-04,"06","California","0-130",77
2024-05-04,"08","Colorado","0-130",23
2024-05-04,"09","Connecticut","0-130",34
2024-05-04,"10","Delaware","0-130",4
2024-05-04,"11","District of Columbia","0-130",5
2024-05-04,"12","Florida","0-130",141
2024-05-04,"13","Georgia","0-130",16
2024-05-04,"66","Guam","0-130",1
2024-05-04,"15","Hawaii","0-130",6
2024-05-04,"16","Idaho","0-130",2
2024-05-04,"17","Illinois","0-130",43
2024-05-04,"18","Indiana","0-130",36
2024-05-04,"20","Kansas","0-130",9
2024-05-04,"21","Kentucky","0-130",10
2024-05-04,"22","Louisiana","0-130",9
2024-05-04,"23","Maine","0-130",9
2024-05-04,"24","Maryland","0-130",10
2024-05-04,"25","Massachusetts","0-130",58
2024-05-04,"26","Michigan","0-130",83
2024-05-04,"27","Minnesota","0-130",18
2024-05-04,"28","Mississippi","0-130",20
2024-05-04,"29","Missouri","0-130",33
2024-05-04,"30","Montana","0-130",0
2024-05-04,"31","Nebraska","0-130",5
2024-05-04,"32","Nevada","0-130",10
2024-05-04,"33","New Hampshire","0-130",3
2024-05-04,"34","New Jersey","0-130",81
2024-05-04,"35","New Mexico","0-130",11
2024-05-04,"36","New York","0-130",132
2024-05-04,"37","North Carolina","0-130",8
2024-05-04,"38","North Dakota","0-130",4
2024-05-04,"39","Ohio","0-130",46
2024-05-04,"40","Oklahoma","0-130",16
2024-05-04,"41","Oregon","0-130",17
2024-05-04,"42","Pennsylvania","0-130",95
2024-05-04,"72","Puerto Rico","0-130",32
2024-05-04,"44","Rhode Island","0-130",3
2024-05-04,"45","South Carolina","0-130",31
2024-05-04,"46","South Dakota","0-130",7
2024-05-04,"47","Tennessee","0-130",22
2024-05-04,"48","Texas","0-130",89
2024-05-04,"US","US","0-130",1485
2024-05-04,"49","Utah","0-130",2
2024-05-04,"50","Vermont","0-130",4
2024-05-04,"78","Virgin Islands","0-130",0
2024-05-04,"51","Virginia","0-130",58
2024-05-04,"53","Washington","0-130",25
2024-05-04,"54","West Virginia","0-130",7
2024-05-04,"55","Wisconsin","0-130",15
2024-05-04,"56","Wyoming","0-130",4
2024-05-11,"60","American Samoa","0-130",0
2024-05-11,"09","Connecticut","0-130",22
2024-05-11,"11","District of Columbia","0-130",4
2024-05-11,"16","Idaho","0-130",0
2024-05-11,"25","Massachusetts","0-130",48
2024-05-11,"34","New Jersey","0-130",47
2024-05-11,"35","New Mexico","0-130",16
2024-05-11,"72","Puerto Rico","0-130",28
2024-05-11,"44","Rhode Island","0-130",4
2024-05-11,"78","Virgin Islands","0-130",0
2024-05-11,"53","Washington","0-130",28
2024-05-11,"56","Wyoming","0-130",0
2024-05-18,"60","American Samoa","0-130",0
2024-05-18,"09","Connecticut","0-130",10
2024-05-18,"34","New Jersey","0-130",32
2024-05-18,"35","New Mexico","0-130",13
2024-05-18,"44","Rhode Island","0-130",1
2024-05-18,"78","Virgin Islands","0-130",0
2024-05-18,"53","Washington","0-130",12
2024-05-18,"56","Wyoming","0-130",1
2024-05-25,"60","American Samoa","0-130",0
2024-05-25,"09","Connecticut","0-130",6
2024-05-25,"34","New Jersey","0-130",37
2024-05-25,"35","New Mexico","0-130",8
2024-05-25,"53","Washington","0-130",21
2024-06-01,"60","American Samoa","0-130",0
2024-06-01,"09","Connecticut","0-130",4
2024-06-01,"34","New Jersey","0-130",26
2024-06-01,"35","New Mexico","0-130",9
2024-06-01,"53","Washington","0-130",21
2024-06-08,"09","Connecticut","0-130",5
2024-06-08,"34","New Jersey","0-130",20
2024-06-08,"53","Washington","0-130",39
2024-06-15,"09","Connecticut","0-130",2
2024-06-15,"34","New Jersey","0-130",25
2024-06-15,"53","Washington","0-130",20
2024-06-22,"09","Connecticut","0-130",3
2024-06-22,"26","Michigan","0-130",NA
2024-06-22,"34","New Jersey","0-130",16
2024-06-22,"53","Washington","0-130",28
2024-06-22,"56","Wyoming","0-130",NA
2024-06-29,"09","Connecticut","0-130",1
2024-06-29,"26","Michigan","0-130",11
2024-06-29,"34","New Jersey","0-130",20
2024-06-29,"53","Washington","0-130",32
2024-06-29,"56","Wyoming","0-130",0
2024-07-06,"09","Connecticut","0-130",7
2024-07-06,"26","Michigan","0-130",7
2024-07-06,"34","New Jersey","0-130",21
2024-07-06,"53","Washington","0-130",19
2024-07-06,"56","Wyoming","0-130",2
2024-07-13,"09","Connecticut","0-130",3
2024-07-13,"26","Michigan","0-130",9
2024-07-13,"34","New Jersey","0-130",23
2024-07-13,"53","Washington","0-130",15
2024-07-13,"56","Wyoming","0-130",1
2024-07-20,"09","Connecticut","0-130",2
2024-07-20,"26","Michigan","0-130",8
2024-07-20,"34","New Jersey","0-130",17
2024-07-20,"53","Washington","0-130",6
2024-07-20,"56","Wyoming","0-130",3
2024-07-27,"09","Connecticut","0-130",1
2024-07-27,"26","Michigan","0-130",NA
2024-07-27,"34","New Jersey","0-130",17
2024-07-27,"53","Washington","0-130",6
2024-08-03,"09","Connecticut","0-130",3
2024-08-03,"26","Michigan","0-130",2
2024-08-03,"34","New Jersey","0-130",12
2024-08-03,"53","Washington","0-130",3
2024-08-10,"09","Connecticut","0-130",0
2024-08-10,"34","New Jersey","0-130",15
2024-08-10,"53","Washington","0-130",4
2024-08-17,"09","Connecticut","0-130",2
2024-08-17,"34","New Jersey","0-130",10
2024-08-17,"53","Washington","0-130",8
2024-08-24,"09","Connecticut","0-130",1
2024-08-24,"26","Michigan","0-130",NA
2024-08-24,"34","New Jersey","0-130",12
2024-08-24,"53","Washington","0-130",5
2024-08-31,"09","Connecticut","0-130",0
2024-08-31,"26","Michigan","0-130",10
2024-08-31,"34","New Jersey","0-130",7
2024-08-31,"53","Washington","0-130",7
2024-09-07,"09","Connecticut","0-130",2
2024-09-07,"26","Michigan","0-130",9
2024-09-07,"34","New Jersey","0-130",12
2024-09-07,"53","Washington","0-130",6
2024-09-14,"09","Connecticut","0-130",2
2024-09-14,"26","Michigan","0-130",16
2024-09-14,"34","New Jersey","0-130",21
2024-09-14,"53","Washington","0-130",5
2024-09-21,"09","Connecticut","0-130",0
2024-09-21,"26","Michigan","0-130",11
2024-09-21,"34","New Jersey","0-130",27
2024-09-21,"53","Washington","0-130",6
2024-09-28,"09","Connecticut","0-130",0
2024-09-28,"26","Michigan","0-130",9
2024-09-28,"34","New Jersey","0-130",8
2024-09-28,"53","Washington","0-130",6
2024-10-05,"09","Connecticut","0-130",4
2024-10-05,"34","New Jersey","0-130",17
2024-10-05,"53","Washington","0-130",10
2024-10-12,"09","Connecticut","0-130",NA
2024-10-19,"60","American Samoa","0-130",NA
2024-10-19,"09","Connecticut","0-130",5
2024-10-19,"09","Connecticut","0-64",1
2024-10-19,"09","Connecticut","65-130",4
2024-10-26,"02","Alaska","0-130",NA
2024-10-26,"60","American Samoa","0-130",9
2024-10-26,"60","American Samoa","0-64",8
2024-10-26,"60","American Samoa","65-130",1
2024-10-26,"06","California","0-130",NA
2024-10-26,"09","Connecticut","0-130",6
2024-10-26,"09","Connecticut","0-64",2
2024-10-26,"09","Connecticut","65-130",4
2024-10-26,"22","Louisiana","0-130",NA
2024-10-26,"30","Montana","0-130",NA
2024-10-26,"31","Nebraska","0-130",NA
2024-10-26,"33","New Hampshire","0-130",NA
2024-10-26,"34","New Jersey","0-130",NA
2024-10-26,"39","Ohio","0-130",NA
2024-10-26,"45","South Carolina","0-130",NA
2024-10-26,"49","Utah","0-130",NA
2024-10-26,"51","Virginia","0-130",NA
2024-11-02,"01","Alabama","0-130",NA
2024-11-02,"02","Alaska","0-130",8
2024-11-02,"02","Alaska","0-64",5
2024-11-02,"02","Alaska","65-130",3
2024-11-02,"60","American Samoa","0-130",6
2024-11-02,"60","American Samoa","0-64",6
2024-11-02,"60","American Samoa","65-130",0
2024-11-02,"04","Arizona","0-130",NA
2024-11-02,"05","Arkansas","0-130",NA
2024-11-02,"06","California","0-130",110
2024-11-02,"06","California","0-64",74
2024-11-02,"06","California","65-130",36
2024-11-02,"08","Colorado","0-130",NA
2024-11-02,"09","Connecticut","0-130",10
2024-11-02,"09","Connecticut","0-64",4
2024-11-02,"09","Connecticut","65-130",5
2024-11-02,"10","Delaware","0-130",NA
2024-11-02,"12","Florida","0-130",NA
2024-11-02,"13","Georgia","0-130",NA
2024-11-02,"66","Guam","0-130",NA
2024-11-02,"15","Hawaii","0-130",NA
2024-11-02,"16","Idaho","0-130",NA
2024-11-02,"17","Illinois","0-130",NA
2024-11-02,"18","Indiana","0-130",NA
2024-11-02,"19","Iowa","0-130",NA
2024-11-02,"20","Kansas","0-130",NA
2024-11-02,"21","Kentucky","0-130",NA
2024-11-02,"22","Louisiana","0-130",27
2024-11-02,"22","Louisiana","0-64",11
2024-11-02,"22","Louisiana","65-130",16
2024-11-02,"23","Maine","0-130",NA
2024-11-02,"24","Maryland","0-130",NA
2024-11-02,"25","Massachusetts","0-130",NA
2024-11-02,"26","Michigan","0-130",NA
2024-11-02,"27","Minnesota","0-130",NA
2024-11-02,"28","Mississippi","0-130",NA
2024-11-02,"29","Missouri","0-130",NA
2024-11-02,"30","Montana","0-130",0
2024-11-02,"30","Montana","0-64",0
2024-11-02,"30","Montana","65-130",0
2024-11-02,"31","Nebraska","0-130",2
2024-11-02,"31","Nebraska","0-64",1
2024-11-02,"31","Nebraska","65-130",1
2024-11-02,"32","Nevada","0-130",NA
2024-11-02,"33","New Hampshire","0-130",1
2024-11-02,"33","New Hampshire","0-64",0
2024-11-02,"33","New Hampshire","65-130",1
2024-11-02,"34","New Jersey","0-130",28
2024-11-02,"34","New Jersey","0-64",12
2024-11-02,"34","New Jersey","65-130",16
2024-11-02,"35","New Mexico","0-130",NA
2024-11-02,"36","New York","0-130",NA
2024-11-02,"37","North Carolina","0-130",NA
2024-11-02,"38","North Dakota","0-130",NA
2024-11-02,"39","Ohio","0-130",15
2024-11-02,"39","Ohio","0-64",9
2024-11-02,"39","Ohio","65-130",6
2024-11-02,"40","Oklahoma","0-130",NA
2024-11-02,"41","Oregon","0-130",NA
2024-11-02,"42","Pennsylvania","0-130",NA
2024-11-02,"44","Rhode Island","0-130",NA
2024-11-02,"45","South Carolina","0-130",11
2024-11-02,"45","South Carolina","0-64",5
2024-11-02,"45","South Carolina","65-130",6
2024-11-02,"46","South Dakota","0-130",NA
2024-11-02,"47","Tennessee","0-130",NA
2024-11-02,"48","Texas","0-130",NA
2024-11-02,"US","US","0-130",NA
2024-11-02,"49","Utah","0-130",2
2024-11-02,"49","Utah","0-64",1
2024-11-02,"49","Utah","65-130",1
2024-11-02,"50","Vermont","0-130",NA
2024-11-02,"51","Virginia","0-130",16
2024-11-02,"51","Virginia","0-64",9
2024-11-02,"51","Virginia","65-130",7
2024-11-02,"53","Washington","0-130",NA
2024-11-02,"54","West Virginia","0-130",NA
2024-11-02,"55","Wisconsin","0-130",NA
2024-11-02,"56","Wyoming","0-130",NA
2024-11-09,"01","Alabama","0-130",32
2024-11-09,"01","Alabama","0-64",15
2024-11-09,"01","Alabama","65-130",17
2024-11-09,"02","Alaska","0-130",6
2024-11-09,"02","Alaska","0-64",3
2024-11-09,"02","Alaska","65-130",3
2024-11-09,"04","Arizona","0-130",262
2024-11-09,"04","Arizona","0-64",166
2024-11-09,"04","Arizona","65-130",96
2024-11-09,"05","Arkansas","0-130",11
2024-11-09,"05","Arkansas","0-64",6
2024-11-09,"05","Arkansas","65-130",5
2024-11-09,"06","California","0-130",159
2024-11-09,"06","California","0-64",86
2024-11-09,"06","California","65-130",73
2024-11-09,"08","Colorado","0-130",20
2024-11-09,"08","Colorado","0-64",14
2024-11-09,"08","Colorado","65-130",6
2024-11-09,"09","Connecticut","0-130",4
2024-11-09,"09","Connecticut","0-64",0
2024-11-09,"09","Connecticut","65-130",4
2024-11-09,"10","Delaware","0-130",1
2024-11-09,"10","Delaware","0-64",0
2024-11-09,"10","Delaware","65-130",1
2024-11-09,"12","Florida","0-130",360
2024-11-09,"12","Florida","0-64",179
2024-11-09,"12","Florida","65-130",166
2024-11-09,"13","Georgia","0-130",41
2024-11-09,"13","Georgia","0-64",23
2024-11-09,"13","Georgia","65-130",18
2024-11-09,"66","Guam","0-130",3
2024-11-09,"66","Guam","0-64",2
2024-11-09,"66","Guam","65-130",1
2024-11-09,"15","Hawaii","0-130",7
2024-11-09,"15","Hawaii","0-64",3
2024-11-09,"15","Hawaii","65-130",4
2024-11-09,"16","Idaho","0-130",8
2024-11-09,"16","Idaho","0-64",2
2024-11-09,"16","Idaho","65-130",6
2024-11-09,"17","Illinois","0-130",36
2024-11-09,"17","Illinois","0-64",17
2024-11-09,"17","Illinois","65-130",19
2024-11-09,"18","Indiana","0-130",28
2024-11-09,"18","Indiana","0-64",17
2024-11-09,"18","Indiana","65-130",11
2024-11-09,"19","Iowa","0-130",4
2024-11-09,"19","Iowa","0-64",3
2024-11-09,"19","Iowa","65-130",1
2024-11-09,"20","Kansas","0-130",7
2024-11-09,"20","Kansas","0-64",2
2024-11-09,"20","Kansas","65-130",5
2024-11-09,"21","Kentucky","0-130",16
2024-11-09,"21","Kentucky","0-64",8
2024-11-09,"21","Kentucky","65-130",8
2024-11-09,"22","Louisiana","0-130",81
2024-11-09,"22","Louisiana","0-64",44
2024-11-09,"22","Louisiana","65-130",37
2024-11-09,"23","Maine","0-130",1
2024-11-09,"23","Maine","0-64",0
2024-11-09,"23","Maine","65-130",1
2024-11-09,"24","Maryland","0-130",9
2024-11-09,"24","Maryland","0-64",4
2024-11-09,"24","Maryland","65-130",5
2024-11-09,"25","Massachusetts","0-130",30
2024-11-09,"25","Massachusetts","0-64",15
2024-11-09,"25","Massachusetts","65-130",15
2024-11-09,"26","Michigan","0-130",36
2024-11-09,"26","Michigan","0-64",17
2024-11-09,"26","Michigan","65-130",19
2024-11-09,"27","Minnesota","0-130",17
2024-11-09,"27","Minnesota","0-64",9
2024-11-09,"27","Minnesota","65-130",8
2024-11-09,"28","Mississippi","0-130",23
2024-11-09,"28","Mississippi","0-64",12
2024-11-09,"28","Mississippi","65-130",11
2024-11-09,"29","Missouri","0-130",30
2024-11-09,"29","Missouri","0-64",21
2024-11-09,"29","Missouri","65-130",9
2024-11-09,"30","Montana","0-130",0
2024-11-09,"30","Montana","0-64",0
2024-11-09,"30","Montana","65-130",0
2024-11-09,"31","Nebraska","0-130",4
2024-11-09,"31","Nebraska","0-64",3
2024-11-09,"31","Nebraska","65-130",1
2024-11-09,"32","Nevada","0-130",25
2024-11-09,"32","Nevada","0-64",17
2024-11-09,"32","Nevada","65-130",8
2024-11-09,"33","New Hampshire","0-130",5
2024-11-09,"33","New Hampshire","0-64",0
2024-11-09,"33","New Hampshire","65-130",5
2024-11-09,"34","New Jersey","0-130",30
2024-11-09,"34","New Jersey","0-64",14
2024-11-09,"34","New Jersey","65-130",16
2024-11-09,"35","New Mexico","0-130",16
2024-11-09,"35","New Mexico","0-64",8
2024-11-09,"35","New Mexico","65-130",8
2024-11-09,"36","New York","0-130",55
2024-11-09,"36","New York","0-64",27
2024-11-09,"36","New York","65-130",28
2024-11-09,"37","North Carolina","0-130",27
2024-11-09,"37","North Carolina","0-64",16
2024-11-09,"37","North Carolina","65-130",11
2024-11-09,"38","North Dakota","0-130",0
2024-11-09,"38","North Dakota","0-64",0
2024-11-09,"38","North Dakota","65-130",0
2024-11-09,"39","Ohio","0-130",22
2024-11-09,"39","Ohio","0-64",16
2024-11-09,"39","Ohio","65-130",6
2024-11-09,"40","Oklahoma","0-130",13
2024-11-09,"40","Oklahoma","0-64",6
2024-11-09,"40","Oklahoma","65-130",7
2024-11-09,"41","Oregon","0-130",25
2024-11-09,"41","Oregon","0-64",17
2024-11-09,"41","Oregon","65-130",8
2024-11-09,"42","Pennsylvania","0-130",142
2024-11-09,"42","Pennsylvania","0-64",66
2024-11-09,"42","Pennsylvania","65-130",76
2024-11-09,"44","Rhode Island","0-130",3
2024-11-09,"44","Rhode Island","0-64",1
2024-11-09,"44","Rhode Island","65-130",2
2024-11-09,"45","South Carolina","0-130",21
2024-11-09,"45","South Carolina","0-64",9
2024-11-09,"45","South Carolina","65-130",12
2024-11-09,"46","South Dakota","0-130",2
2024-11-09,"46","South Dakota","0-64",0
2024-11-09,"46","South Dakota","65-130",2
2024-11-09,"47","Tennessee","0-130",80
2024-11-09,"47","Tennessee","0-64",23
2024-11-09,"47","Tennessee","65-130",45
2024-11-09,"48","Texas","0-130",182
2024-11-09,"48","Texas","0-64",102
2024-11-09,"48","Texas","65-130",79
2024-11-09,"US","US","0-130",2075
2024-11-09,"US","US","0-64",1105
2024-11-09,"US","US","65-130",939
2024-11-09,"49","Utah","0-130",7
2024-11-09,"49","Utah","0-64",5
2024-11-09,"49","Utah","65-130",2
2024-11-09,"50","Vermont","0-130",0
2024-11-09,"50","Vermont","0-64",0
2024-11-09,"50","Vermont","65-130",0
2024-11-09,"51","Virginia","0-130",26
2024-11-09,"51","Virginia","0-64",16
2024-11-09,"51","Virginia","65-130",10
2024-11-09,"53","Washington","0-130",14
2024-11-09,"53","Washington","0-64",8
2024-11-09,"53","Washington","65-130",6
2024-11-09,"54","West Virginia","0-130",6
2024-11-09,"54","West Virginia","0-64",3
2024-11-09,"54","West Virginia","65-130",3
2024-11-09,"55","Wisconsin","0-130",12
2024-11-09,"55","Wisconsin","0-64",5
2024-11-09,"55","Wisconsin","65-130",7
2024-11-09,"56","Wyoming","0-130",5
2024-11-09,"56","Wyoming","0-64",4
2024-11-09,"56","Wyoming","65-130",1
2024-11-16,"01","Alabama","0-130",44
2024-11-16,"01","Alabama","0-64",21
2024-11-16,"01","Alabama","65-130",23
2024-11-16,"02","Alaska","0-130",9
2024-11-16,"02","Alaska","0-64",4
2024-11-16,"02","Alaska","65-130",5
2024-11-16,"60","American Samoa","0-130",NA
2024-11-16,"60","American Samoa","0-64",NA
2024-11-16,"60","American Samoa","65-130",NA
2024-11-16,"04","Arizona","0-130",329
2024-11-16,"04","Arizona","0-64",140
2024-11-16,"04","Arizona","65-130",185
2024-11-16,"05","Arkansas","0-130",13
2024-11-16,"05","Arkansas","0-64",6
2024-11-16,"05","Arkansas","65-130",7
2024-11-16,"06","California","0-130",311
2024-11-16,"06","California","0-64",167
2024-11-16,"06","California","65-130",141
2024-11-16,"08","Colorado","0-130",29
2024-11-16,"08","Colorado","0-64",15
2024-11-16,"08","Colorado","65-130",14
2024-11-16,"09","Connecticut","0-130",5
2024-11-16,"09","Connecticut","0-64",2
2024-11-16,"09","Connecticut","65-130",3
2024-11-16,"10","Delaware","0-130",4
2024-11-16,"10","Delaware","0-64",3
2024-11-16,"10","Delaware","65-130",1
2024-11-16,"12","Florida","0-130",375
2024-11-16,"12","Florida","0-64",187
2024-11-16,"12","Florida","65-130",181
2024-11-16,"13","Georgia","0-130",44
2024-11-16,"13","Georgia","0-64",22
2024-11-16,"13","Georgia","65-130",22
2024-11-16,"66","Guam","0-130",3
2024-11-16,"66","Guam","0-64",3
2024-11-16,"66","Guam","65-130",0
2024-11-16,"15","Hawaii","0-130",15
2024-11-16,"15","Hawaii","0-64",9
2024-11-16,"15","Hawaii","65-130",6
2024-11-16,"16","Idaho","0-130",12
2024-11-16,"16","Idaho","0-64",6
2024-11-16,"16","Idaho","65-130",6
2024-11-16,"17","Illinois","0-130",34
2024-11-16,"17","Illinois","0-64",23
2024-11-16,"17","Illinois","65-130",11
2024-11-16,"18","Indiana","0-130",26
2024-11-16,"18","Indiana","0-64",14
2024-11-16,"18","Indiana","65-130",12
2024-11-16,"19","Iowa","0-130",5
2024-11-16,"19","Iowa","0-64",1
2024-11-16,"19","Iowa","65-130",4
2024-11-16,"20","Kansas","0-130",11
2024-11-16,"20","Kansas","0-64",6
2024-11-16,"20","Kansas","65-130",5
2024-11-16,"21","Kentucky","0-130",18
2024-11-16,"21","Kentucky","0-64",10
2024-11-16,"21","Kentucky","65-130",8
2024-11-16,"22","Louisiana","0-130",79
2024-11-16,"22","Louisiana","0-64",47
2024-11-16,"22","Louisiana","65-130",32
2024-11-16,"23","Maine","0-130",0
2024-11-16,"23","Maine","0-64",0
2024-11-16,"23","Maine","65-130",0
2024-11-16,"24","Maryland","0-130",11
2024-11-16,"24","Maryland","0-64",7
2024-11-16,"24","Maryland","65-130",4
2024-11-16,"25","Massachusetts","0-130",16
2024-11-16,"25","Massachusetts","0-64",6
2024-11-16,"25","Massachusetts","65-130",10
2024-11-16,"26","Michigan","0-130",46
2024-11-16,"26","Michigan","0-64",16
2024-11-16,"26","Michigan","65-130",28
2024-11-16,"27","Minnesota","0-130",8
2024-11-16,"27","Minnesota","0-64",4
2024-11-16,"27","Minnesota","65-130",4
2024-11-16,"28","Mississippi","0-130",24
2024-11-16,"28","Mississippi","0-64",14
2024-11-16,"28","Mississippi","65-130",10
2024-11-16,"29","Missouri","0-130",29
2024-11-16,"29","Missouri","0-64",15
2024-11-16,"29","Missouri","65-130",14
2024-11-16,"30","Montana","0-130",4
2024-11-16,"30","Montana","0-64",2
2024-11-16,"30","Montana","65-130",2
2024-11-16,"31","Nebraska","0-130",6
2024-11-16,"31","Nebraska","0-64",2
2024-11-16,"31","Nebraska","65-130",4
2024-11-16,"32","Nevada","0-130",43
2024-11-16,"32","Nevada","0-64",26
2024-11-16,"32","Nevada","65-130",17
2024-11-16,"33","New Hampshire","0-130",6
2024-11-16,"33","New Hampshire","0-64",2
2024-11-16,"33","New Hampshire","65-130",4
2024-11-16,"34","New Jersey","0-130",37
2024-11-16,"34","New Jersey","0-64",18
2024-11-16,"34","New Jersey","65-130",19
2024-11-16,"35","New Mexico","0-130",21
2024-11-16,"35","New Mexico","0-64",11
2024-11-16,"35","New Mexico","65-130",7
2024-11-16,"36","New York","0-130",63
2024-11-16,"36","New York","0-64",35
2024-11-16,"36","New York","65-130",28
2024-11-16,"37","North Carolina","0-130",38
2024-11-16,"37","North Carolina","0-64",22
2024-11-16,"37","North Carolina","65-130",16
2024-11-16,"38","North Dakota","0-130",1
2024-11-16,"38","North Dakota","0-64",0
2024-11-16,"38","North Dakota","65-130",1
2024-11-16,"39","Ohio","0-130",38
2024-11-16,"39","Ohio","0-64",25
2024-11-16,"39","Ohio","65-130",13
2024-11-16,"40","Oklahoma","0-130",13
2024-11-16,"40","Oklahoma","0-64",5
2024-11-16,"40","Oklahoma","65-130",8
2024-11-16,"41","Oregon","0-130",36
2024-11-16,"41","Oregon","0-64",16
2024-11-16,"41","Oregon","65-130",20
2024-11-16,"42","Pennsylvania","0-130",111
2024-11-16,"42","Pennsylvania","0-64",59
2024-11-16,"42","Pennsylvania","65-130",50
2024-11-16,"44","Rhode Island","0-130",0
2024-11-16,"44","Rhode Island","0-64",0
2024-11-16,"44","Rhode Island","65-130",0
2024-11-16,"45","South Carolina","0-130",13
2024-11-16,"45","South Carolina","0-64",9
2024-11-16,"45","South Carolina","65-130",4
2024-11-16,"46","South Dakota","0-130",0
2024-11-16,"46","South Dakota","0-64",0
2024-11-16,"46","South Dakota","65-130",0
2024-11-16,"47","Tennessee","0-130",94
2024-11-16,"47","Tennessee","0-64",45
2024-11-16,"47","Tennessee","65-130",49
2024-11-16,"48","Texas","0-130",223
2024-11-16,"48","Texas","0-64",121
2024-11-16,"48","Texas","65-130",102
2024-11-16,"US","US","0-130",2527
2024-11-16,"US","US","0-64",1310
2024-11-16,"US","US","65-130",1152
2024-11-16,"49","Utah","0-130",10
2024-11-16,"49","Utah","0-64",7
2024-11-16,"49","Utah","65-130",3
2024-11-16,"50","Vermont","0-130",3
2024-11-16,"50","Vermont","0-64",0
2024-11-16,"50","Vermont","65-130",3
2024-11-16,"51","Virginia","0-130",26
2024-11-16,"51","Virginia","0-64",16
2024-11-16,"51","Virginia","65-130",10
2024-11-16,"53","Washington","0-130",22
2024-11-16,"53","Washington","0-64",16
2024-11-16,"53","Washington","65-130",6
2024-11-16,"54","West Virginia","0-130",4
2024-11-16,"54","West Virginia","0-64",2
2024-11-16,"54","West Virginia","65-130",2
2024-11-16,"55","Wisconsin","0-130",6
2024-11-16,"55","Wisconsin","0-64",1
2024-11-16,"55","Wisconsin","65-130",5
2024-11-16,"56","Wyoming","0-130",4
2024-11-16,"56","Wyoming","0-64",2
2024-11-16,"56","Wyoming","65-130",2
2024-11-23,"01","Alabama","0-130",50
2024-11-23,"01","Alabama","0-64",22
2024-11-23,"01","Alabama","65-130",28
2024-11-23,"02","Alaska","0-130",7
2024-11-23,"02","Alaska","0-64",2
2024-11-23,"02","Alaska","65-130",5
2024-11-23,"60","American Samoa","0-130",2
2024-11-23,"60","American Samoa","0-64",2
2024-11-23,"60","American Samoa","65-130",0
2024-11-23,"04","Arizona","0-130",475
2024-11-23,"04","Arizona","0-64",217
2024-11-23,"04","Arizona","65-130",254
2024-11-23,"05","Arkansas","0-130",8
2024-11-23,"05","Arkansas","0-64",2
2024-11-23,"05","Arkansas","65-130",5
2024-11-23,"06","California","0-130",475
2024-11-23,"06","California","0-64",254
2024-11-23,"06","California","65-130",215
2024-11-23,"08","Colorado","0-130",31
2024-11-23,"08","Colorado","0-64",20
2024-11-23,"08","Colorado","65-130",11
2024-11-23,"09","Connecticut","0-130",4
2024-11-23,"09","Connecticut","0-64",1
2024-11-23,"09","Connecticut","65-130",3
2024-11-23,"10","Delaware","0-130",7
2024-11-23,"10","Delaware","0-64",6
2024-11-23,"10","Delaware","65-130",1
2024-11-23,"12","Florida","0-130",423
2024-11-23,"12","Florida","0-64",214
2024-11-23,"12","Florida","65-130",209
2024-11-23,"13","Georgia","0-130",47
2024-11-23,"13","Georgia","0-64",25
2024-11-23,"13","Georgia","65-130",22
2024-11-23,"66","Guam","0-130",1
2024-11-23,"66","Guam","0-64",0
2024-11-23,"66","Guam","65-130",1
2024-11-23,"15","Hawaii","0-130",8
2024-11-23,"15","Hawaii","0-64",1
2024-11-23,"15","Hawaii","65-130",7
2024-11-23,"16","Idaho","0-130",31
2024-11-23,"16","Idaho","0-64",26
2024-11-23,"16","Idaho","65-130",5
2024-11-23,"17","Illinois","0-130",86
2024-11-23,"17","Illinois","0-64",39
2024-11-23,"17","Illinois","65-130",47
2024-11-23,"18","Indiana","0-130",32
2024-11-23,"18","Indiana","0-64",16
2024-11-23,"18","Indiana","65-130",16
2024-11-23,"19","Iowa","0-130",4
2024-11-23,"19","Iowa","0-64",0
2024-11-23,"19","Iowa","65-130",4
2024-11-23,"20","Kansas","0-130",17
2024-11-23,"20","Kansas","0-64",4
2024-11-23,"20","Kansas","65-130",13
2024-11-23,"21","Kentucky","0-130",20
2024-11-23,"21","Kentucky","0-64",10
2024-11-23,"21","Kentucky","65-130",10
2024-11-23,"22","Louisiana","0-130",77
2024-11-23,"22","Louisiana","0-64",37
2024-11-23,"22","Louisiana","65-130",40
2024-11-23,"23","Maine","0-130",0
2024-11-23,"23","Maine","0-64",0
2024-11-23,"23","Maine","65-130",0
2024-11-23,"24","Maryland","0-130",16
2024-11-23,"24","Maryland","0-64",6
2024-11-23,"24","Maryland","65-130",10
2024-11-23,"25","Massachusetts","0-130",45
2024-11-23,"25","Massachusetts","0-64",6
2024-11-23,"25","Massachusetts","65-130",39
2024-11-23,"26","Michigan","0-130",59
2024-11-23,"26","Michigan","0-64",21
2024-11-23,"26","Michigan","65-130",37
2024-11-23,"27","Minnesota","0-130",11
2024-11-23,"27","Minnesota","0-64",4
2024-11-23,"27","Minnesota","65-130",7
2024-11-23,"28","Mississippi","0-130",35
2024-11-23,"28","Mississippi","0-64",16
2024-11-23,"28","Mississippi","65-130",19
2024-11-23,"29","Missouri","0-130",40
2024-11-23,"29","Missouri","0-64",28
2024-11-23,"29","Missouri","65-130",12
2024-11-23,"30","Montana","0-130",1
2024-11-23,"30","Montana","0-64",0
2024-11-23,"30","Montana","65-130",1
2024-11-23,"31","Nebraska","0-130",4
2024-11-23,"31","Nebraska","0-64",1
2024-11-23,"31","Nebraska","65-130",3
2024-11-23,"32","Nevada","0-130",47
2024-11-23,"32","Nevada","0-64",29
2024-11-23,"32","Nevada","65-130",18
2024-11-23,"33","New Hampshire","0-130",11
2024-11-23,"33","New Hampshire","0-64",2
2024-11-23,"33","New Hampshire","65-130",9
2024-11-23,"34","New Jersey","0-130",47
2024-11-23,"34","New Jersey","0-64",26
2024-11-23,"34","New Jersey","65-130",21
2024-11-23,"35","New Mexico","0-130",28
2024-11-23,"35","New Mexico","0-64",20
2024-11-23,"35","New Mexico","65-130",8
2024-11-23,"36","New York","0-130",103
2024-11-23,"36","New York","0-64",44
2024-11-23,"36","New York","65-130",56
2024-11-23,"37","North Carolina","0-130",31
2024-11-23,"37","North Carolina","0-64",19
2024-11-23,"37","North Carolina","65-130",12
2024-11-23,"38","North Dakota","0-130",3
2024-11-23,"38","North Dakota","0-64",2
2024-11-23,"38","North Dakota","65-130",1
2024-11-23,"39","Ohio","0-130",40
2024-11-23,"39","Ohio","0-64",17
2024-11-23,"39","Ohio","65-130",23
2024-11-23,"40","Oklahoma","0-130",14
2024-11-23,"40","Oklahoma","0-64",3
2024-11-23,"40","Oklahoma","65-130",11
2024-11-23,"41","Oregon","0-130",63
2024-11-23,"41","Oregon","0-64",37
2024-11-23,"41","Oregon","65-130",23
2024-11-23,"42","Pennsylvania","0-130",134
2024-11-23,"42","Pennsylvania","0-64",65
2024-11-23,"42","Pennsylvania","65-130",67
2024-11-23,"72","Puerto Rico","0-130",NA
2024-11-23,"44","Rhode Island","0-130",2
2024-11-23,"44","Rhode Island","0-64",2
2024-11-23,"44","Rhode Island","65-130",0
2024-11-23,"45","South Carolina","0-130",12
2024-11-23,"45","South Carolina","0-64",5
2024-11-23,"45","South Carolina","65-130",7
2024-11-23,"46","South Dakota","0-130",0
2024-11-23,"46","South Dakota","0-64",0
2024-11-23,"46","South Dakota","65-130",0
2024-11-23,"47","Tennessee","0-130",58
2024-11-23,"47","Tennessee","0-64",36
2024-11-23,"47","Tennessee","65-130",22
2024-11-23,"48","Texas","0-130",270
2024-11-23,"48","Texas","0-64",161
2024-11-23,"48","Texas","65-130",109
2024-11-23,"US","US","0-130",3097
2024-11-23,"US","US","0-64",1541
2024-11-23,"US","US","65-130",1502
2024-11-23,"49","Utah","0-130",20
2024-11-23,"49","Utah","0-64",13
2024-11-23,"49","Utah","65-130",7
2024-11-23,"50","Vermont","0-130",0
2024-11-23,"50","Vermont","0-64",0
2024-11-23,"50","Vermont","65-130",0
2024-11-23,"51","Virginia","0-130",35
2024-11-23,"51","Virginia","0-64",19
2024-11-23,"51","Virginia","65-130",16
2024-11-23,"53","Washington","0-130",29
2024-11-23,"53","Washington","0-64",17
2024-11-23,"53","Washington","65-130",12
2024-11-23,"54","West Virginia","0-130",4
2024-11-23,"54","West Virginia","0-64",2
2024-11-23,"54","West Virginia","65-130",2
2024-11-23,"55","Wisconsin","0-130",18
2024-11-23,"55","Wisconsin","0-64",7
2024-11-23,"55","Wisconsin","65-130",11
2024-11-23,"56","Wyoming","0-130",NA
2024-11-23,"56","Wyoming","0-64",NA
2024-11-23,"56","Wyoming","65-130",NA
2024-11-30,"01","Alabama","0-130",65
2024-11-30,"01","Alabama","0-64",36
2024-11-30,"01","Alabama","65-130",29
2024-11-30,"02","Alaska","0-130",10
2024-11-30,"02","Alaska","0-64",9
2024-11-30,"02","Alaska","65-130",1
2024-11-30,"60","American Samoa","0-130",2
2024-11-30,"60","American Samoa","0-64",1
2024-11-30,"60","American Samoa","65-130",1
2024-11-30,"04","Arizona","0-130",541
2024-11-30,"04","Arizona","0-64",261
2024-11-30,"04","Arizona","65-130",280
2024-11-30,"05","Arkansas","0-130",11
2024-11-30,"05","Arkansas","0-64",3
2024-11-30,"05","Arkansas","65-130",8
2024-11-30,"06","California","0-130",684
2024-11-30,"06","California","0-64",369
2024-11-30,"06","California","65-130",306
2024-11-30,"08","Colorado","0-130",67
2024-11-30,"08","Colorado","0-64",42
2024-11-30,"08","Colorado","65-130",25
2024-11-30,"09","Connecticut","0-130",10
2024-11-30,"09","Connecticut","0-64",3
2024-11-30,"09","Connecticut","65-130",7
2024-11-30,"10","Delaware","0-130",5
2024-11-30,"10","Delaware","0-64",3
2024-11-30,"10","Delaware","65-130",2
2024-11-30,"11","District of Columbia","0-130",NA
2024-11-30,"12","Florida","0-130",605
2024-11-30,"12","Florida","0-64",295
2024-11-30,"12","Florida","65-130",309
2024-11-30,"13","Georgia","0-130",56
2024-11-30,"13","Georgia","0-64",30
2024-11-30,"13","Georgia","65-130",26
2024-11-30,"66","Guam","0-130",2
2024-11-30,"66","Guam","0-64",1
2024-11-30,"66","Guam","65-130",1
2024-11-30,"15","Hawaii","0-130",14
2024-11-30,"15","Hawaii","0-64",5
2024-11-30,"15","Hawaii","65-130",9
2024-11-30,"16","Idaho","0-130",63
2024-11-30,"16","Idaho","0-64",40
2024-11-30,"16","Idaho","65-130",23
2024-11-30,"17","Illinois","0-130",83
2024-11-30,"17","Illinois","0-64",42
2024-11-30,"17","Illinois","65-130",41
2024-11-30,"18","Indiana","0-130",41
2024-11-30,"18","Indiana","0-64",21
2024-11-30,"18","Indiana","65-130",20
2024-11-30,"19","Iowa","0-130",4
2024-11-30,"19","Iowa","0-64",1
2024-11-30,"19","Iowa","65-130",3
2024-11-30,"20","Kansas","0-130",20
2024-11-30,"20","Kansas","0-64",8
2024-11-30,"20","Kansas","65-130",12
2024-11-30,"21","Kentucky","0-130",24
2024-11-30,"21","Kentucky","0-64",8
2024-11-30,"21","Kentucky","65-130",15
2024-11-30,"22","Louisiana","0-130",135
2024-11-30,"22","Louisiana","0-64",74
2024-11-30,"22","Louisiana","65-130",61
2024-11-30,"23","Maine","0-130",2
2024-11-30,"23","Maine","0-64",2
2024-11-30,"23","Maine","65-130",0
2024-11-30,"24","Maryland","0-130",21
2024-11-30,"24","Maryland","0-64",11
2024-11-30,"24","Maryland","65-130",10
2024-11-30,"25","Massachusetts","0-130",63
2024-11-30,"25","Massachusetts","0-64",12
2024-11-30,"25","Massachusetts","65-130",51
2024-11-30,"26","Michigan","0-130",65
2024-11-30,"26","Michigan","0-64",33
2024-11-30,"26","Michigan","65-130",28
2024-11-30,"27","Minnesota","0-130",18
2024-11-30,"27","Minnesota","0-64",7
2024-11-30,"27","Minnesota","65-130",11
2024-11-30,"28","Mississippi","0-130",28
2024-11-30,"28","Mississippi","0-64",12
2024-11-30,"28","Mississippi","65-130",16
2024-11-30,"29","Missouri","0-130",41
2024-11-30,"29","Missouri","0-64",23
2024-11-30,"29","Missouri","65-130",18
2024-11-30,"30","Montana","0-130",1
2024-11-30,"30","Montana","0-64",1
2024-11-30,"30","Montana","65-130",0
2024-11-30,"31","Nebraska","0-130",11
2024-11-30,"31","Nebraska","0-64",3
2024-11-30,"31","Nebraska","65-130",8
2024-11-30,"32","Nevada","0-130",61
2024-11-30,"32","Nevada","0-64",38
2024-11-30,"32","Nevada","65-130",23
2024-11-30,"33","New Hampshire","0-130",14
2024-11-30,"33","New Hampshire","0-64",2
2024-11-30,"33","New Hampshire","65-130",12
2024-11-30,"34","New Jersey","0-130",67
2024-11-30,"34","New Jersey","0-64",30
2024-11-30,"34","New Jersey","65-130",37
2024-11-30,"35","New Mexico","0-130",55
2024-11-30,"35","New Mexico","0-64",41
2024-11-30,"35","New Mexico","65-130",14
2024-11-30,"36","New York","0-130",145
2024-11-30,"36","New York","0-64",79
2024-11-30,"36","New York","65-130",66
2024-11-30,"37","North Carolina","0-130",43
2024-11-30,"37","North Carolina","0-64",18
2024-11-30,"37","North Carolina","65-130",25
2024-11-30,"38","North Dakota","0-130",1
2024-11-30,"38","North Dakota","0-64",0
2024-11-30,"38","North Dakota","65-130",1
2024-11-30,"39","Ohio","0-130",53
2024-11-30,"39","Ohio","0-64",26
2024-11-30,"39","Ohio","65-130",27
2024-11-30,"40","Oklahoma","0-130",40
2024-11-30,"40","Oklahoma","0-64",24
2024-11-30,"40","Oklahoma","65-130",16
2024-11-30,"41","Oregon","0-130",83
2024-11-30,"41","Oregon","0-64",51
2024-11-30,"41","Oregon","65-130",31
2024-11-30,"42","Pennsylvania","0-130",115
2024-11-30,"42","Pennsylvania","0-64",65
2024-11-30,"42","Pennsylvania","65-130",48
2024-11-30,"72","Puerto Rico","0-130",279
2024-11-30,"72","Puerto Rico","0-64",85
2024-11-30,"72","Puerto Rico","65-130",90
2024-11-30,"44","Rhode Island","0-130",6
2024-11-30,"44","Rhode Island","0-64",1
2024-11-30,"44","Rhode Island","65-130",5
2024-11-30,"45","South Carolina","0-130",18
2024-11-30,"45","South Carolina","0-64",9
2024-11-30,"45","South Carolina","65-130",9
2024-11-30,"46","South Dakota","0-130",5
2024-11-30,"46","South Dakota","0-64",2
2024-11-30,"46","South Dakota","65-130",3
2024-11-30,"47","Tennessee","0-130",60
2024-11-30,"47","Tennessee","0-64",23
2024-11-30,"47","Tennessee","65-130",37
2024-11-30,"48","Texas","0-130",402
2024-11-30,"48","Texas","0-64",214
2024-11-30,"48","Texas","65-130",187
2024-11-30,"US","US","0-130",4281
2024-11-30,"US","US","0-64",2133
2024-11-30,"US","US","65-130",2024
2024-11-30,"49","Utah","0-130",20
2024-11-30,"49","Utah","0-64",11
2024-11-30,"49","Utah","65-130",9
2024-11-30,"50","Vermont","0-130",3
2024-11-30,"50","Vermont","0-64",3
2024-11-30,"50","Vermont","65-130",0
2024-11-30,"51","Virginia","0-130",46
2024-11-30,"51","Virginia","0-64",23
2024-11-30,"51","Virginia","65-130",22
2024-11-30,"53","Washington","0-130",46
2024-11-30,"53","Washington","0-64",23
2024-11-30,"53","Washington","65-130",23
2024-11-30,"54","West Virginia","0-130",3
2024-11-30,"54","West Virginia","0-64",0
2024-11-30,"54","West Virginia","65-130",3
2024-11-30,"55","Wisconsin","0-130",12
2024-11-30,"55","Wisconsin","0-64",3
2024-11-30,"55","Wisconsin","65-130",9
2024-11-30,"56","Wyoming","0-130",7
2024-11-30,"56","Wyoming","0-64",2
2024-11-30,"56","Wyoming","65-130",5
2024-12-07,"01","Alabama","0-130",102
2024-12-07,"01","Alabama","0-64",50
2024-12-07,"01","Alabama","65-130",51
2024-12-07,"02","Alaska","0-130",18
2024-12-07,"02","Alaska","0-64",12
2024-12-07,"02","Alaska","65-130",6
2024-12-07,"60","American Samoa","0-130",0
2024-12-07,"60","American Samoa","0-64",0
2024-12-07,"60","American Samoa","65-130",0
2024-12-07,"04","Arizona","0-130",829
2024-12-07,"04","Arizona","0-64",423
2024-12-07,"04","Arizona","65-130",406
2024-12-07,"05","Arkansas","0-130",32
2024-12-07,"05","Arkansas","0-64",21
2024-12-07,"05","Arkansas","65-130",11
2024-12-07,"06","California","0-130",1059
2024-12-07,"06","California","0-64",567
2024-12-07,"06","California","65-130",487
2024-12-07,"08","Colorado","0-130",90
2024-12-07,"08","Colorado","0-64",44
2024-12-07,"08","Colorado","65-130",46
2024-12-07,"09","Connecticut","0-130",13
2024-12-07,"09","Connecticut","0-64",6
2024-12-07,"09","Connecticut","65-130",7
2024-12-07,"10","Delaware","0-130",15
2024-12-07,"10","Delaware","0-64",5
2024-12-07,"10","Delaware","65-130",10
2024-12-07,"11","District of Columbia","0-130",2
2024-12-07,"11","District of Columbia","0-64",1
2024-12-07,"11","District of Columbia","65-130",1
2024-12-07,"12","Florida","0-130",700
2024-12-07,"12","Florida","0-64",333
2024-12-07,"12","Florida","65-130",367
2024-12-07,"13","Georgia","0-130",88
2024-12-07,"13","Georgia","0-64",49
2024-12-07,"13","Georgia","65-130",39
2024-12-07,"66","Guam","0-130",0
2024-12-07,"66","Guam","0-64",0
2024-12-07,"66","Guam","65-130",0
2024-12-07,"15","Hawaii","0-130",20
2024-12-07,"15","Hawaii","0-64",12
2024-12-07,"15","Hawaii","65-130",8
2024-12-07,"16","Idaho","0-130",77
2024-12-07,"16","Idaho","0-64",54
2024-12-07,"16","Idaho","65-130",23
2024-12-07,"17","Illinois","0-130",106
2024-12-07,"17","Illinois","0-64",52
2024-12-07,"17","Illinois","65-130",53
2024-12-07,"18","Indiana","0-130",65
2024-12-07,"18","Indiana","0-64",26
2024-12-07,"18","Indiana","65-130",39
2024-12-07,"19","Iowa","0-130",13
2024-12-07,"19","Iowa","0-64",5
2024-12-07,"19","Iowa","65-130",8
2024-12-07,"20","Kansas","0-130",35
2024-12-07,"20","Kansas","0-64",15
2024-12-07,"20","Kansas","65-130",20
2024-12-07,"21","Kentucky","0-130",53
2024-12-07,"21","Kentucky","0-64",28
2024-12-07,"21","Kentucky","65-130",25
2024-12-07,"22","Louisiana","0-130",153
2024-12-07,"22","Louisiana","0-64",83
2024-12-07,"22","Louisiana","65-130",70
2024-12-07,"23","Maine","0-130",2
2024-12-07,"23","Maine","0-64",1
2024-12-07,"23","Maine","65-130",1
2024-12-07,"24","Maryland","0-130",37
2024-12-07,"24","Maryland","0-64",16
2024-12-07,"24","Maryland","65-130",21
2024-12-07,"25","Massachusetts","0-130",83
2024-12-07,"25","Massachusetts","0-64",24
2024-12-07,"25","Massachusetts","65-130",59
2024-12-07,"26","Michigan","0-130",91
2024-12-07,"26","Michigan","0-64",37
2024-12-07,"26","Michigan","65-130",54
2024-12-07,"27","Minnesota","0-130",40
2024-12-07,"27","Minnesota","0-64",9
2024-12-07,"27","Minnesota","65-130",31
2024-12-07,"28","Mississippi","0-130",39
2024-12-07,"28","Mississippi","0-64",22
2024-12-07,"28","Mississippi","65-130",17
2024-12-07,"29","Missouri","0-130",54
2024-12-07,"29","Missouri","0-64",27
2024-12-07,"29","Missouri","65-130",27
2024-12-07,"30","Montana","0-130",2
2024-12-07,"30","Montana","0-64",2
2024-12-07,"30","Montana","65-130",0
2024-12-07,"31","Nebraska","0-130",10
2024-12-07,"31","Nebraska","0-64",1
2024-12-07,"31","Nebraska","65-130",9
2024-12-07,"32","Nevada","0-130",81
2024-12-07,"32","Nevada","0-64",48
2024-12-07,"32","Nevada","65-130",33
2024-12-07,"33","New Hampshire","0-130",16
2024-12-07,"33","New Hampshire","0-64",4
2024-12-07,"33","New Hampshire","65-130",12
2024-12-07,"34","New Jersey","0-130",109
2024-12-07,"34","New Jersey","0-64",54
2024-12-07,"34","New Jersey","65-130",55
2024-12-07,"35","New Mexico","0-130",103
2024-12-07,"35","New Mexico","0-64",69
2024-12-07,"35","New Mexico","65-130",34
2024-12-07,"36","New York","0-130",275
2024-12-07,"36","New York","0-64",129
2024-12-07,"36","New York","65-130",141
2024-12-07,"37","North Carolina","0-130",65
2024-12-07,"37","North Carolina","0-64",28
2024-12-07,"37","North Carolina","65-130",37
2024-12-07,"38","North Dakota","0-130",2
2024-12-07,"38","North Dakota","0-64",0
2024-12-07,"38","North Dakota","65-130",2
2024-12-07,"39","Ohio","0-130",88
2024-12-07,"39","Ohio","0-64",52
2024-12-07,"39","Ohio","65-130",36
2024-12-07,"40","Oklahoma","0-130",40
2024-12-07,"40","Oklahoma","0-64",20
2024-12-07,"40","Oklahoma","65-130",19
2024-12-07,"41","Oregon","0-130",119
2024-12-07,"41","Oregon","0-64",51
2024-12-07,"41","Oregon","65-130",68
2024-12-07,"42","Pennsylvania","0-130",176
2024-12-07,"42","Pennsylvania","0-64",89
2024-12-07,"42","Pennsylvania","65-130",86
2024-12-07,"72","Puerto Rico","0-130",440
2024-12-07,"72","Puerto Rico","0-64",133
2024-12-07,"72","Puerto Rico","65-130",115
2024-12-07,"44","Rhode Island","0-130",10
2024-12-07,"44","Rhode Island","0-64",3
2024-12-07,"44","Rhode Island","65-130",7
2024-12-07,"45","South Carolina","0-130",40
2024-12-07,"45","South Carolina","0-64",18
2024-12-07,"45","South Carolina","65-130",22
2024-12-07,"46","South Dakota","0-130",1
2024-12-07,"46","South Dakota","0-64",1
2024-12-07,"46","South Dakota","65-130",0
2024-12-07,"47","Tennessee","0-130",115
2024-12-07,"47","Tennessee","0-64",45
2024-12-07,"47","Tennessee","65-130",70
2024-12-07,"48","Texas","0-130",526
2024-12-07,"48","Texas","0-64",290
2024-12-07,"48","Texas","65-130",234
2024-12-07,"US","US","0-130",6289
2024-12-07,"US","US","0-64",3084
2024-12-07,"US","US","65-130",2997
2024-12-07,"49","Utah","0-130",64
2024-12-07,"49","Utah","0-64",38
2024-12-07,"49","Utah","65-130",26
2024-12-07,"50","Vermont","0-130",0
2024-12-07,"50","Vermont","0-64",0
2024-12-07,"50","Vermont","65-130",0
2024-12-07,"51","Virginia","0-130",68
2024-12-07,"51","Virginia","0-64",28
2024-12-07,"51","Virginia","65-130",40
2024-12-07,"53","Washington","0-130",78
2024-12-07,"53","Washington","0-64",35
2024-12-07,"53","Washington","65-130",43
2024-12-07,"54","West Virginia","0-130",13
2024-12-07,"54","West Virginia","0-64",7
2024-12-07,"54","West Virginia","65-130",6
2024-12-07,"55","Wisconsin","0-130",27
2024-12-07,"55","Wisconsin","0-64",16
2024-12-07,"55","Wisconsin","65-130",11
2024-12-07,"56","Wyoming","0-130",5
2024-12-07,"56","Wyoming","0-64",1
2024-12-07,"56","Wyoming","65-130",4
2024-12-14,"01","Alabama","0-130",193
2024-12-14,"01","Alabama","0-64",97
2024-12-14,"01","Alabama","65-130",96
2024-12-14,"02","Alaska","0-130",27
2024-12-14,"02","Alaska","0-64",14
2024-12-14,"02","Alaska","65-130",13
2024-12-14,"60","American Samoa","0-130",3
2024-12-14,"60","American Samoa","0-64",3
2024-12-14,"60","American Samoa","65-130",0
2024-12-14,"04","Arizona","0-130",960
2024-12-14,"04","Arizona","0-64",481
2024-12-14,"04","Arizona","65-130",479
2024-12-14,"05","Arkansas","0-130",42
2024-12-14,"05","Arkansas","0-64",24
2024-12-14,"05","Arkansas","65-130",18
2024-12-14,"06","California","0-130",1395
2024-12-14,"06","California","0-64",743
2024-12-14,"06","California","65-130",639
2024-12-14,"08","Colorado","0-130",129
2024-12-14,"08","Colorado","0-64",68
2024-12-14,"08","Colorado","65-130",61
2024-12-14,"09","Connecticut","0-130",24
2024-12-14,"09","Connecticut","0-64",13
2024-12-14,"09","Connecticut","65-130",11
2024-12-14,"10","Delaware","0-130",15
2024-12-14,"10","Delaware","0-64",12
2024-12-14,"10","Delaware","65-130",3
2024-12-14,"11","District of Columbia","0-130",4
2024-12-14,"11","District of Columbia","0-64",2
2024-12-14,"11","District of Columbia","65-130",2
2024-12-14,"12","Florida","0-130",872
2024-12-14,"12","Florida","0-64",437
2024-12-14,"12","Florida","65-130",435
2024-12-14,"13","Georgia","0-130",214
2024-12-14,"13","Georgia","0-64",120
2024-12-14,"13","Georgia","65-130",94
2024-12-14,"66","Guam","0-130",3
2024-12-14,"66","Guam","0-64",2
2024-12-14,"66","Guam","65-130",1
2024-12-14,"15","Hawaii","0-130",34
2024-12-14,"15","Hawaii","0-64",15
2024-12-14,"15","Hawaii","65-130",19
2024-12-14,"16","Idaho","0-130",107
2024-12-14,"16","Idaho","0-64",76
2024-12-14,"16","Idaho","65-130",31
2024-12-14,"17","Illinois","0-130",240
2024-12-14,"17","Illinois","0-64",132
2024-12-14,"17","Illinois","65-130",108
2024-12-14,"18","Indiana","0-130",140
2024-12-14,"18","Indiana","0-64",61
2024-12-14,"18","Indiana","65-130",79
2024-12-14,"19","Iowa","0-130",23
2024-12-14,"19","Iowa","0-64",12
2024-12-14,"19","Iowa","65-130",11
2024-12-14,"20","Kansas","0-130",90
2024-12-14,"20","Kansas","0-64",34
2024-12-14,"20","Kansas","65-130",56
2024-12-14,"21","Kentucky","0-130",79
2024-12-14,"21","Kentucky","0-64",43
2024-12-14,"21","Kentucky","65-130",36
2024-12-14,"22","Louisiana","0-130",249
2024-12-14,"22","Louisiana","0-64",138
2024-12-14,"22","Louisiana","65-130",111
2024-12-14,"23","Maine","0-130",2
2024-12-14,"23","Maine","0-64",0
2024-12-14,"23","Maine","65-130",2
2024-12-14,"24","Maryland","0-130",73
2024-12-14,"24","Maryland","0-64",36
2024-12-14,"24","Maryland","65-130",37
2024-12-14,"25","Massachusetts","0-130",126
2024-12-14,"25","Massachusetts","0-64",43
2024-12-14,"25","Massachusetts","65-130",83
2024-12-14,"26","Michigan","0-130",172
2024-12-14,"26","Michigan","0-64",70
2024-12-14,"26","Michigan","65-130",101
2024-12-14,"27","Minnesota","0-130",92
2024-12-14,"27","Minnesota","0-64",53
2024-12-14,"27","Minnesota","65-130",39
2024-12-14,"28","Mississippi","0-130",61
2024-12-14,"28","Mississippi","0-64",31
2024-12-14,"28","Mississippi","65-130",30
2024-12-14,"29","Missouri","0-130",88
2024-12-14,"29","Missouri","0-64",49
2024-12-14,"29","Missouri","65-130",39
2024-12-14,"30","Montana","0-130",6
2024-12-14,"30","Montana","0-64",4
2024-12-14,"30","Montana","65-130",2
2024-12-14,"31","Nebraska","0-130",19
2024-12-14,"31","Nebraska","0-64",11
2024-12-14,"31","Nebraska","65-130",8
2024-12-14,"32","Nevada","0-130",113
2024-12-14,"32","Nevada","0-64",54
2024-12-14,"32","Nevada","65-130",59
2024-12-14,"33","New Hampshire","0-130",22
2024-12-14,"33","New Hampshire","0-64",16
2024-12-14,"33","New Hampshire","65-130",6
2024-12-14,"34","New Jersey","0-130",174
2024-12-14,"34","New Jersey","0-64",85
2024-12-14,"34","New Jersey","65-130",89
2024-12-14,"35","New Mexico","0-130",108
2024-12-14,"35","New Mexico","0-64",82
2024-12-14,"35","New Mexico","65-130",26
2024-12-14,"36","New York","0-130",432
2024-12-14,"36","New York","0-64",212
2024-12-14,"36","New York","65-130",216
2024-12-14,"37","North Carolina","0-130",173
2024-12-14,"37","North Carolina","0-64",89
2024-12-14,"37","North Carolina","65-130",84
2024-12-14,"38","North Dakota","0-130",5
2024-12-14,"38","North Dakota","0-64",4
2024-12-14,"38","North Dakota","65-130",1
2024-12-14,"39","Ohio","0-130",151
2024-12-14,"39","Ohio","0-64",76
2024-12-14,"39","Ohio","65-130",75
2024-12-14,"40","Oklahoma","0-130",57
2024-12-14,"40","Oklahoma","0-64",30
2024-12-14,"40","Oklahoma","65-130",27
2024-12-14,"41","Oregon","0-130",242
2024-12-14,"41","Oregon","0-64",112
2024-12-14,"41","Oregon","65-130",128
2024-12-14,"42","Pennsylvania","0-130",268
2024-12-14,"42","Pennsylvania","0-64",104
2024-12-14,"42","Pennsylvania","65-130",162
2024-12-14,"72","Puerto Rico","0-130",378
2024-12-14,"72","Puerto Rico","0-64",137
2024-12-14,"72","Puerto Rico","65-130",130
2024-12-14,"44","Rhode Island","0-130",28
2024-12-14,"44","Rhode Island","0-64",12
2024-12-14,"44","Rhode Island","65-130",16
2024-12-14,"45","South Carolina","0-130",79
2024-12-14,"45","South Carolina","0-64",38
2024-12-14,"45","South Carolina","65-130",41
2024-12-14,"46","South Dakota","0-130",8
2024-12-14,"46","South Dakota","0-64",3
2024-12-14,"46","South Dakota","65-130",5
2024-12-14,"47","Tennessee","0-130",217
2024-12-14,"47","Tennessee","0-64",114
2024-12-14,"47","Tennessee","65-130",103
2024-12-14,"48","Texas","0-130",701
2024-12-14,"48","Texas","0-64",402
2024-12-14,"48","Texas","65-130",299
2024-12-14,"US","US","0-130",9179
2024-12-14,"US","US","0-64",4675
2024-12-14,"US","US","65-130",4368
2024-12-14,"49","Utah","0-130",87
2024-12-14,"49","Utah","0-64",55
2024-12-14,"49","Utah","65-130",32
2024-12-14,"50","Vermont","0-130",8
2024-12-14,"50","Vermont","0-64",6
2024-12-14,"50","Vermont","65-130",2
2024-12-14,"51","Virginia","0-130",140
2024-12-14,"51","Virginia","0-64",62
2024-12-14,"51","Virginia","65-130",78
2024-12-14,"53","Washington","0-130",188
2024-12-14,"53","Washington","0-64",92
2024-12-14,"53","Washington","65-130",93
2024-12-14,"54","West Virginia","0-130",21
2024-12-14,"54","West Virginia","0-64",10
2024-12-14,"54","West Virginia","65-130",11
2024-12-14,"55","Wisconsin","0-130",66
2024-12-14,"55","Wisconsin","0-64",32
2024-12-14,"55","Wisconsin","65-130",34
2024-12-14,"56","Wyoming","0-130",31
2024-12-14,"56","Wyoming","0-64",24
2024-12-14,"56","Wyoming","65-130",7
2024-12-21,"01","Alabama","0-130",437
2024-12-21,"01","Alabama","0-64",210
2024-12-21,"01","Alabama","65-130",222
2024-12-21,"02","Alaska","0-130",22
2024-12-21,"02","Alaska","0-64",12
2024-12-21,"02","Alaska","65-130",10
2024-12-21,"60","American Samoa","0-130",0
2024-12-21,"60","American Samoa","0-64",0
2024-12-21,"60","American Samoa","65-130",0
2024-12-21,"04","Arizona","0-130",1492
2024-12-21,"04","Arizona","0-64",710
2024-12-21,"04","Arizona","65-130",781
2024-12-21,"05","Arkansas","0-130",59
2024-12-21,"05","Arkansas","0-64",27
2024-12-21,"05","Arkansas","65-130",32
2024-12-21,"06","California","0-130",2438
2024-12-21,"06","California","0-64",1323
2024-12-21,"06","California","65-130",1101
2024-12-21,"08","Colorado","0-130",179
2024-12-21,"08","Colorado","0-64",101
2024-12-21,"08","Colorado","65-130",78
2024-12-21,"09","Connecticut","0-130",41
2024-12-21,"09","Connecticut","0-64",14
2024-12-21,"09","Connecticut","65-130",27
2024-12-21,"10","Delaware","0-130",43
2024-12-21,"10","Delaware","0-64",21
2024-12-21,"10","Delaware","65-130",22
2024-12-21,"11","District of Columbia","0-130",NA
2024-12-21,"11","District of Columbia","0-64",NA
2024-12-21,"11","District of Columbia","65-130",NA
2024-12-21,"12","Florida","0-130",1251
2024-12-21,"12","Florida","0-64",628
2024-12-21,"12","Florida","65-130",623
2024-12-21,"13","Georgia","0-130",388
2024-12-21,"13","Georgia","0-64",215
2024-12-21,"13","Georgia","65-130",172
2024-12-21,"66","Guam","0-130",0
2024-12-21,"66","Guam","0-64",0
2024-12-21,"66","Guam","65-130",0
2024-12-21,"15","Hawaii","0-130",42
2024-12-21,"15","Hawaii","0-64",19
2024-12-21,"15","Hawaii","65-130",23
2024-12-21,"16","Idaho","0-130",188
2024-12-21,"16","Idaho","0-64",124
2024-12-21,"16","Idaho","65-130",64
2024-12-21,"17","Illinois","0-130",488
2024-12-21,"17","Illinois","0-64",262
2024-12-21,"17","Illinois","65-130",226
2024-12-21,"18","Indiana","0-130",284
2024-12-21,"18","Indiana","0-64",135
2024-12-21,"18","Indiana","65-130",149
2024-12-21,"19","Iowa","0-130",42
2024-12-21,"19","Iowa","0-64",24
2024-12-21,"19","Iowa","65-130",18
2024-12-21,"20","Kansas","0-130",120
2024-12-21,"20","Kansas","0-64",52
2024-12-21,"20","Kansas","65-130",64
2024-12-21,"21","Kentucky","0-130",200
2024-12-21,"21","Kentucky","0-64",104
2024-12-21,"21","Kentucky","65-130",96
2024-12-21,"22","Louisiana","0-130",413
2024-12-21,"22","Louisiana","0-64",230
2024-12-21,"22","Louisiana","65-130",183
2024-12-21,"23","Maine","0-130",10
2024-12-21,"23","Maine","0-64",7
2024-12-21,"23","Maine","65-130",3
2024-12-21,"24","Maryland","0-130",131
2024-12-21,"24","Maryland","0-64",67
2024-12-21,"24","Maryland","65-130",64
2024-12-21,"25","Massachusetts","0-130",137
2024-12-21,"25","Massachusetts","0-64",53
2024-12-21,"25","Massachusetts","65-130",84
2024-12-21,"26","Michigan","0-130",213
2024-12-21,"26","Michigan","0-64",92
2024-12-21,"26","Michigan","65-130",118
2024-12-21,"27","Minnesota","0-130",227
2024-12-21,"27","Minnesota","0-64",118
2024-12-21,"27","Minnesota","65-130",109
2024-12-21,"28","Mississippi","0-130",95
2024-12-21,"28","Mississippi","0-64",60
2024-12-21,"28","Mississippi","65-130",35
2024-12-21,"29","Missouri","0-130",249
2024-12-21,"29","Missouri","0-64",134
2024-12-21,"29","Missouri","65-130",115
2024-12-21,"30","Montana","0-130",23
2024-12-21,"30","Montana","0-64",9
2024-12-21,"30","Montana","65-130",14
2024-12-21,"31","Nebraska","0-130",78
2024-12-21,"31","Nebraska","0-64",42
2024-12-21,"31","Nebraska","65-130",36
2024-12-21,"32","Nevada","0-130",208
2024-12-21,"32","Nevada","0-64",120
2024-12-21,"32","Nevada","65-130",88
2024-12-21,"33","New Hampshire","0-130",24
2024-12-21,"33","New Hampshire","0-64",12
2024-12-21,"33","New Hampshire","65-130",12
2024-12-21,"34","New Jersey","0-130",335
2024-12-21,"34","New Jersey","0-64",168
2024-12-21,"34","New Jersey","65-130",167
2024-12-21,"35","New Mexico","0-130",207
2024-12-21,"35","New Mexico","0-64",148
2024-12-21,"35","New Mexico","65-130",59
2024-12-21,"36","New York","0-130",733
2024-12-21,"36","New York","0-64",395
2024-12-21,"36","New York","65-130",334
2024-12-21,"37","North Carolina","0-130",292
2024-12-21,"37","North Carolina","0-64",150
2024-12-21,"37","North Carolina","65-130",142
2024-12-21,"38","North Dakota","0-130",8
2024-12-21,"38","North Dakota","0-64",6
2024-12-21,"38","North Dakota","65-130",2
2024-12-21,"39","Ohio","0-130",297
2024-12-21,"39","Ohio","0-64",167
2024-12-21,"39","Ohio","65-130",130
2024-12-21,"40","Oklahoma","0-130",106
2024-12-21,"40","Oklahoma","0-64",59
2024-12-21,"40","Oklahoma","65-130",47
2024-12-21,"41","Oregon","0-130",392
2024-12-21,"41","Oregon","0-64",174
2024-12-21,"41","Oregon","65-130",216
2024-12-21,"42","Pennsylvania","0-130",492
2024-12-21,"42","Pennsylvania","0-64",206
2024-12-21,"42","Pennsylvania","65-130",278
2024-12-21,"72","Puerto Rico","0-130",351
2024-12-21,"72","Puerto Rico","0-64",125
2024-12-21,"72","Puerto Rico","65-130",130
2024-12-21,"44","Rhode Island","0-130",23
2024-12-21,"44","Rhode Island","0-64",12
2024-12-21,"44","Rhode Island","65-130",11
2024-12-21,"45","South Carolina","0-130",160
2024-12-21,"45","South Carolina","0-64",75
2024-12-21,"45","South Carolina","65-130",85
2024-12-21,"46","South Dakota","0-130",14
2024-12-21,"46","South Dakota","0-64",6
2024-12-21,"46","South Dakota","65-130",8
2024-12-21,"47","Tennessee","0-130",372
2024-12-21,"47","Tennessee","0-64",200
2024-12-21,"47","Tennessee","65-130",171
2024-12-21,"48","Texas","0-130",1169
2024-12-21,"48","Texas","0-64",669
2024-12-21,"48","Texas","65-130",498
2024-12-21,"US","US","0-130",15439
2024-12-21,"US","US","0-64",7977
2024-12-21,"US","US","65-130",7296
2024-12-21,"49","Utah","0-130",163
2024-12-21,"49","Utah","0-64",111
2024-12-21,"49","Utah","65-130",52
2024-12-21,"50","Vermont","0-130",8
2024-12-21,"50","Vermont","0-64",3
2024-12-21,"50","Vermont","65-130",4
2024-12-21,"78","Virgin Islands","0-130",NA
2024-12-21,"51","Virginia","0-130",192
2024-12-21,"51","Virginia","0-64",99
2024-12-21,"51","Virginia","65-130",93
2024-12-21,"53","Washington","0-130",416
2024-12-21,"53","Washington","0-64",196
2024-12-21,"53","Washington","65-130",196
2024-12-21,"54","West Virginia","0-130",37
2024-12-21,"54","West Virginia","0-64",20
2024-12-21,"54","West Virginia","65-130",17
2024-12-21,"55","Wisconsin","0-130",120
2024-12-21,"55","Wisconsin","0-64",44
2024-12-21,"55","Wisconsin","65-130",76
2024-12-21,"56","Wyoming","0-130",NA
2024-12-21,"56","Wyoming","0-64",NA
2024-12-21,"56","Wyoming","65-130",NA
2024-12-28,"01","Alabama","0-130",667
2024-12-28,"01","Alabama","0-64",303
2024-12-28,"01","Alabama","65-130",363
2024-12-28,"02","Alaska","0-130",35
2024-12-28,"02","Alaska","0-64",16
2024-12-28,"02","Alaska","65-130",19
2024-12-28,"60","American Samoa","0-130",0
2024-12-28,"60","American Samoa","0-64",0
2024-12-28,"60","American Samoa","65-130",0
2024-12-28,"04","Arizona","0-130",2241
2024-12-28,"04","Arizona","0-64",908
2024-12-28,"04","Arizona","65-130",1332
2024-12-28,"05","Arkansas","0-130",127
2024-12-28,"05","Arkansas","0-64",51
2024-12-28,"05","Arkansas","65-130",76
2024-12-28,"06","California","0-130",3478
2024-12-28,"06","California","0-64",1693
2024-12-28,"06","California","65-130",1773
2024-12-28,"08","Colorado","0-130",475
2024-12-28,"08","Colorado","0-64",231
2024-12-28,"08","Colorado","65-130",244
2024-12-28,"09","Connecticut","0-130",148
2024-12-28,"09","Connecticut","0-64",57
2024-12-28,"09","Connecticut","65-130",91
2024-12-28,"10","Delaware","0-130",96
2024-12-28,"10","Delaware","0-64",55
2024-12-28,"10","Delaware","65-130",41
2024-12-28,"11","District of Columbia","0-130",38
2024-12-28,"11","District of Columbia","0-64",21
2024-12-28,"11","District of Columbia","65-130",16
2024-12-28,"12","Florida","0-130",2081
2024-12-28,"12","Florida","0-64",1030
2024-12-28,"12","Florida","65-130",1051
2024-12-28,"13","Georgia","0-130",800
2024-12-28,"13","Georgia","0-64",454
2024-12-28,"13","Georgia","65-130",346
2024-12-28,"66","Guam","0-130",3
2024-12-28,"66","Guam","0-64",3
2024-12-28,"66","Guam","65-130",0
2024-12-28,"15","Hawaii","0-130",57
2024-12-28,"15","Hawaii","0-64",22
2024-12-28,"15","Hawaii","65-130",35
2024-12-28,"16","Idaho","0-130",333
2024-12-28,"16","Idaho","0-64",188
2024-12-28,"16","Idaho","65-130",145
2024-12-28,"17","Illinois","0-130",1143
2024-12-28,"17","Illinois","0-64",532
2024-12-28,"17","Illinois","65-130",609
2024-12-28,"18","Indiana","0-130",590
2024-12-28,"18","Indiana","0-64",248
2024-12-28,"18","Indiana","65-130",339
2024-12-28,"19","Iowa","0-130",118
2024-12-28,"19","Iowa","0-64",55
2024-12-28,"19","Iowa","65-130",63
2024-12-28,"20","Kansas","0-130",225
2024-12-28,"20","Kansas","0-64",92
2024-12-28,"20","Kansas","65-130",132
2024-12-28,"21","Kentucky","0-130",515
2024-12-28,"21","Kentucky","0-64",212
2024-12-28,"21","Kentucky","65-130",303
2024-12-28,"22","Louisiana","0-130",585
2024-12-28,"22","Louisiana","0-64",306
2024-12-28,"22","Louisiana","65-130",279
2024-12-28,"23","Maine","0-130",30
2024-12-28,"23","Maine","0-64",9
2024-12-28,"23","Maine","65-130",21
2024-12-28,"24","Maryland","0-130",195
2024-12-28,"24","Maryland","0-64",99
2024-12-28,"24","Maryland","65-130",96
2024-12-28,"25","Massachusetts","0-130",256
2024-12-28,"25","Massachusetts","0-64",92
2024-12-28,"25","Massachusetts","65-130",164
2024-12-28,"26","Michigan","0-130",429
2024-12-28,"26","Michigan","0-64",166
2024-12-28,"26","Michigan","65-130",228
2024-12-28,"27","Minnesota","0-130",545
2024-12-28,"27","Minnesota","0-64",233
2024-12-28,"27","Minnesota","65-130",312
2024-12-28,"28","Mississippi","0-130",212
2024-12-28,"28","Mississippi","0-64",118
2024-12-28,"28","Mississippi","65-130",94
2024-12-28,"29","Missouri","0-130",611
2024-12-28,"29","Missouri","0-64",297
2024-12-28,"29","Missouri","65-130",314
2024-12-28,"30","Montana","0-130",52
2024-12-28,"30","Montana","0-64",17
2024-12-28,"30","Montana","65-130",35
2024-12-28,"31","Nebraska","0-130",131
2024-12-28,"31","Nebraska","0-64",55
2024-12-28,"31","Nebraska","65-130",76
2024-12-28,"32","Nevada","0-130",255
2024-12-28,"32","Nevada","0-64",123
2024-12-28,"32","Nevada","65-130",132
2024-12-28,"33","New Hampshire","0-130",53
2024-12-28,"33","New Hampshire","0-64",21
2024-12-28,"33","New Hampshire","65-130",32
2024-12-28,"34","New Jersey","0-130",723
2024-12-28,"34","New Jersey","0-64",323
2024-12-28,"34","New Jersey","65-130",400
2024-12-28,"35","New Mexico","0-130",234
2024-12-28,"35","New Mexico","0-64",152
2024-12-28,"35","New Mexico","65-130",80
2024-12-28,"36","New York","0-130",1528
2024-12-28,"36","New York","0-64",760
2024-12-28,"36","New York","65-130",762
2024-12-28,"37","North Carolina","0-130",611
2024-12-28,"37","North Carolina","0-64",287
2024-12-28,"37","North Carolina","65-130",324
2024-12-28,"38","North Dakota","0-130",22
2024-12-28,"38","North Dakota","0-64",6
2024-12-28,"38","North Dakota","65-130",16
2024-12-28,"39","Ohio","0-130",691
2024-12-28,"39","Ohio","0-64",359
2024-12-28,"39","Ohio","65-130",332
2024-12-28,"40","Oklahoma","0-130",284
2024-12-28,"40","Oklahoma","0-64",150
2024-12-28,"40","Oklahoma","65-130",134
2024-12-28,"41","Oregon","0-130",558
2024-12-28,"41","Oregon","0-64",254
2024-12-28,"41","Oregon","65-130",303
2024-12-28,"42","Pennsylvania","0-130",1005
2024-12-28,"42","Pennsylvania","0-64",403
2024-12-28,"42","Pennsylvania","65-130",584
2024-12-28,"72","Puerto Rico","0-130",655
2024-12-28,"72","Puerto Rico","0-64",178
2024-12-28,"72","Puerto Rico","65-130",229
2024-12-28,"44","Rhode Island","0-130",45
2024-12-28,"44","Rhode Island","0-64",17
2024-12-28,"44","Rhode Island","65-130",28
2024-12-28,"45","South Carolina","0-130",327
2024-12-28,"45","South Carolina","0-64",162
2024-12-28,"45","South Carolina","65-130",165
2024-12-28,"46","South Dakota","0-130",33
2024-12-28,"46","South Dakota","0-64",10
2024-12-28,"46","South Dakota","65-130",23
2024-12-28,"47","Tennessee","0-130",747
2024-12-28,"47","Tennessee","0-64",347
2024-12-28,"47","Tennessee","65-130",399
2024-12-28,"48","Texas","0-130",2046
2024-12-28,"48","Texas","0-64",1047
2024-12-28,"48","Texas","65-130",999
2024-12-28,"US","US","0-130",27691
2024-12-28,"US","US","0-64",12919
2024-12-28,"US","US","65-130",14429
2024-12-28,"49","Utah","0-130",287
2024-12-28,"49","Utah","0-64",146
2024-12-28,"49","Utah","65-130",141
2024-12-28,"50","Vermont","0-130",19
2024-12-28,"50","Vermont","0-64",13
2024-12-28,"50","Vermont","65-130",6
2024-12-28,"78","Virgin Islands","0-130",1
2024-12-28,"78","Virgin Islands","0-64",1
2024-12-28,"78","Virgin Islands","65-130",0
2024-12-28,"51","Virginia","0-130",371
2024-12-28,"51","Virginia","0-64",158
2024-12-28,"51","Virginia","65-130",211
2024-12-28,"53","Washington","0-130",541
2024-12-28,"53","Washington","0-64",252
2024-12-28,"53","Washington","65-130",282
2024-12-28,"54","West Virginia","0-130",102
2024-12-28,"54","West Virginia","0-64",43
2024-12-28,"54","West Virginia","65-130",59
2024-12-28,"55","Wisconsin","0-130",253
2024-12-28,"55","Wisconsin","0-64",106
2024-12-28,"55","Wisconsin","65-130",145
2024-12-28,"56","Wyoming","0-130",84
2024-12-28,"56","Wyoming","0-64",38
2024-12-28,"56","Wyoming","65-130",46
2025-01-04,"01","Alabama","0-130",690
2025-01-04,"01","Alabama","0-64",287
2025-01-04,"01","Alabama","65-130",396
2025-01-04,"02","Alaska","0-130",64
2025-01-04,"02","Alaska","0-64",28
2025-01-04,"02","Alaska","65-130",36
2025-01-04,"60","American Samoa","0-130",3
2025-01-04,"60","American Samoa","0-64",3
2025-01-04,"60","American Samoa","65-130",0
2025-01-04,"04","Arizona","0-130",2742
2025-01-04,"04","Arizona","0-64",1145
2025-01-04,"04","Arizona","65-130",1596
2025-01-04,"05","Arkansas","0-130",212
2025-01-04,"05","Arkansas","0-64",92
2025-01-04,"05","Arkansas","65-130",120
2025-01-04,"06","California","0-130",3821
2025-01-04,"06","California","0-64",1761
2025-01-04,"06","California","65-130",2050
2025-01-04,"08","Colorado","0-130",760
2025-01-04,"08","Colorado","0-64",396
2025-01-04,"08","Colorado","65-130",364
2025-01-04,"09","Connecticut","0-130",294
2025-01-04,"09","Connecticut","0-64",112
2025-01-04,"09","Connecticut","65-130",182
2025-01-04,"10","Delaware","0-130",185
2025-01-04,"10","Delaware","0-64",91
2025-01-04,"10","Delaware","65-130",94
2025-01-04,"11","District of Columbia","0-130",96
2025-01-04,"11","District of Columbia","0-64",65
2025-01-04,"11","District of Columbia","65-130",28
2025-01-04,"12","Florida","0-130",2862
2025-01-04,"12","Florida","0-64",1224
2025-01-04,"12","Florida","65-130",1638
2025-01-04,"13","Georgia","0-130",1144
2025-01-04,"13","Georgia","0-64",568
2025-01-04,"13","Georgia","65-130",576
2025-01-04,"66","Guam","0-130",0
2025-01-04,"66","Guam","0-64",0
2025-01-04,"66","Guam","65-130",0
2025-01-04,"15","Hawaii","0-130",125
2025-01-04,"15","Hawaii","0-64",48
2025-01-04,"15","Hawaii","65-130",77
2025-01-04,"16","Idaho","0-130",242
2025-01-04,"16","Idaho","0-64",119
2025-01-04,"16","Idaho","65-130",123
2025-01-04,"17","Illinois","0-130",1562
2025-01-04,"17","Illinois","0-64",617
2025-01-04,"17","Illinois","65-130",944
2025-01-04,"18","Indiana","0-130",814
2025-01-04,"18","Indiana","0-64",362
2025-01-04,"18","Indiana","65-130",450
2025-01-04,"19","Iowa","0-130",171
2025-01-04,"19","Iowa","0-64",64
2025-01-04,"19","Iowa","65-130",104
2025-01-04,"20","Kansas","0-130",353
2025-01-04,"20","Kansas","0-64",131
2025-01-04,"20","Kansas","65-130",215
2025-01-04,"21","Kentucky","0-130",678
2025-01-04,"21","Kentucky","0-64",270
2025-01-04,"21","Kentucky","65-130",408
2025-01-04,"22","Louisiana","0-130",713
2025-01-04,"22","Louisiana","0-64",348
2025-01-04,"22","Louisiana","65-130",365
2025-01-04,"23","Maine","0-130",88
2025-01-04,"23","Maine","0-64",41
2025-01-04,"23","Maine","65-130",47
2025-01-04,"24","Maryland","0-130",457
2025-01-04,"24","Maryland","0-64",203
2025-01-04,"24","Maryland","65-130",252
2025-01-04,"25","Massachusetts","0-130",520
2025-01-04,"25","Massachusetts","0-64",169
2025-01-04,"25","Massachusetts","65-130",349
2025-01-04,"26","Michigan","0-130",555
2025-01-04,"26","Michigan","0-64",214
2025-01-04,"26","Michigan","65-130",333
2025-01-04,"27","Minnesota","0-130",952
2025-01-04,"27","Minnesota","0-64",392
2025-01-04,"27","Minnesota","65-130",560
2025-01-04,"28","Mississippi","0-130",272
2025-01-04,"28","Mississippi","0-64",104
2025-01-04,"28","Mississippi","65-130",168
2025-01-04,"29","Missouri","0-130",826
2025-01-04,"29","Missouri","0-64",405
2025-01-04,"29","Missouri","65-130",421
2025-01-04,"30","Montana","0-130",62
2025-01-04,"30","Montana","0-64",25
2025-01-04,"30","Montana","65-130",37
2025-01-04,"31","Nebraska","0-130",211
2025-01-04,"31","Nebraska","0-64",80
2025-01-04,"31","Nebraska","65-130",130
2025-01-04,"32","Nevada","0-130",387
2025-01-04,"32","Nevada","0-64",181
2025-01-04,"32","Nevada","65-130",206
2025-01-04,"33","New Hampshire","0-130",108
2025-01-04,"33","New Hampshire","0-64",44
2025-01-04,"33","New Hampshire","65-130",64
2025-01-04,"34","New Jersey","0-130",1326
2025-01-04,"34","New Jersey","0-64",486
2025-01-04,"34","New Jersey","65-130",840
2025-01-04,"35","New Mexico","0-130",320
2025-01-04,"35","New Mexico","0-64",185
2025-01-04,"35","New Mexico","65-130",135
2025-01-04,"36","New York","0-130",2594
2025-01-04,"36","New York","0-64",1178
2025-01-04,"36","New York","65-130",1403
2025-01-04,"37","North Carolina","0-130",942
2025-01-04,"37","North Carolina","0-64",411
2025-01-04,"37","North Carolina","65-130",531
2025-01-04,"38","North Dakota","0-130",56
2025-01-04,"38","North Dakota","0-64",25
2025-01-04,"38","North Dakota","65-130",29
2025-01-04,"39","Ohio","0-130",1302
2025-01-04,"39","Ohio","0-64",629
2025-01-04,"39","Ohio","65-130",673
2025-01-04,"40","Oklahoma","0-130",405
2025-01-04,"40","Oklahoma","0-64",184
2025-01-04,"40","Oklahoma","65-130",221
2025-01-04,"41","Oregon","0-130",536
2025-01-04,"41","Oregon","0-64",252
2025-01-04,"41","Oregon","65-130",282
2025-01-04,"42","Pennsylvania","0-130",1674
2025-01-04,"42","Pennsylvania","0-64",561
2025-01-04,"42","Pennsylvania","65-130",1063
2025-01-04,"72","Puerto Rico","0-130",1010
2025-01-04,"72","Puerto Rico","0-64",428
2025-01-04,"72","Puerto Rico","65-130",383
2025-01-04,"44","Rhode Island","0-130",93
2025-01-04,"44","Rhode Island","0-64",30
2025-01-04,"44","Rhode Island","65-130",63
2025-01-04,"45","South Carolina","0-130",520
2025-01-04,"45","South Carolina","0-64",226
2025-01-04,"45","South Carolina","65-130",294
2025-01-04,"46","South Dakota","0-130",47
2025-01-04,"46","South Dakota","0-64",19
2025-01-04,"46","South Dakota","65-130",28
2025-01-04,"47","Tennessee","0-130",1063
2025-01-04,"47","Tennessee","0-64",467
2025-01-04,"47","Tennessee","65-130",596
2025-01-04,"48","Texas","0-130",2514
2025-01-04,"48","Texas","0-64",1312
2025-01-04,"48","Texas","65-130",1202
2025-01-04,"US","US","0-130",38693
2025-01-04,"US","US","0-64",16982
2025-01-04,"US","US","65-130",21390
2025-01-04,"49","Utah","0-130",388
2025-01-04,"49","Utah","0-64",196
2025-01-04,"49","Utah","65-130",192
2025-01-04,"50","Vermont","0-130",33
2025-01-04,"50","Vermont","0-64",18
2025-01-04,"50","Vermont","65-130",14
2025-01-04,"78","Virgin Islands","0-130",0
2025-01-04,"78","Virgin Islands","0-64",0
2025-01-04,"78","Virgin Islands","65-130",0
2025-01-04,"51","Virginia","0-130",669
2025-01-04,"51","Virginia","0-64",288
2025-01-04,"51","Virginia","65-130",381
2025-01-04,"53","Washington","0-130",530
2025-01-04,"53","Washington","0-64",231
2025-01-04,"53","Washington","65-130",292
2025-01-04,"54","West Virginia","0-130",198
2025-01-04,"54","West Virginia","0-64",74
2025-01-04,"54","West Virginia","65-130",124
2025-01-04,"55","Wisconsin","0-130",389
2025-01-04,"55","Wisconsin","0-64",145
2025-01-04,"55","Wisconsin","65-130",244
2025-01-04,"56","Wyoming","0-130",NA
2025-01-04,"56","Wyoming","0-64",NA
2025-01-04,"56","Wyoming","65-130",NA
2025-01-11,"01","Alabama","0-130",477
2025-01-11,"01","Alabama","0-64",207
2025-01-11,"01","Alabama","65-130",269
2025-01-11,"02","Alaska","0-130",45
2025-01-11,"02","Alaska","0-64",26
2025-01-11,"02","Alaska","65-130",19
2025-01-11,"60","American Samoa","0-130",1
2025-01-11,"60","American Samoa","0-64",1
2025-01-11,"60","American Samoa","65-130",0
2025-01-11,"04","Arizona","0-130",1419
2025-01-11,"04","Arizona","0-64",599
2025-01-11,"04","Arizona","65-130",819
2025-01-11,"05","Arkansas","0-130",158
2025-01-11,"05","Arkansas","0-64",62
2025-01-11,"05","Arkansas","65-130",96
2025-01-11,"06","California","0-130",3064
2025-01-11,"06","California","0-64",1362
2025-01-11,"06","California","65-130",1688
2025-01-11,"08","Colorado","0-130",499
2025-01-11,"08","Colorado","0-64",259
2025-01-11,"08","Colorado","65-130",240
2025-01-11,"09","Connecticut","0-130",247
2025-01-11,"09","Connecticut","0-64",110
2025-01-11,"09","Connecticut","65-130",137
2025-01-11,"10","Delaware","0-130",87
2025-01-11,"10","Delaware","0-64",47
2025-01-11,"10","Delaware","65-130",40
2025-01-11,"12","Florida","0-130",2411
2025-01-11,"12","Florida","0-64",1025
2025-01-11,"12","Florida","65-130",1386
2025-01-11,"13","Georgia","0-130",823
2025-01-11,"13","Georgia","0-64",420
2025-01-11,"13","Georgia","65-130",403
2025-01-11,"15","Hawaii","0-130",113
2025-01-11,"15","Hawaii","0-64",46
2025-01-11,"15","Hawaii","65-130",67
2025-01-11,"16","Idaho","0-130",136
2025-01-11,"16","Idaho","0-64",83
2025-01-11,"16","Idaho","65-130",53
2025-01-11,"17","Illinois","0-130",1399
2025-01-11,"17","Illinois","0-64",606
2025-01-11,"17","Illinois","65-130",793
2025-01-11,"18","Indiana","0-130",511
2025-01-11,"18","Indiana","0-64",224
2025-01-11,"18","Indiana","65-130",287
2025-01-11,"19","Iowa","0-130",264
2025-01-11,"19","Iowa","0-64",110
2025-01-11,"19","Iowa","65-130",154
2025-01-11,"20","Kansas","0-130",236
2025-01-11,"20","Kansas","0-64",104
2025-01-11,"20","Kansas","65-130",125
2025-01-11,"21","Kentucky","0-130",463
2025-01-11,"21","Kentucky","0-64",214
2025-01-11,"21","Kentucky","65-130",249
2025-01-11,"22","Louisiana","0-130",446
2025-01-11,"22","Louisiana","0-64",248
2025-01-11,"22","Louisiana","65-130",198
2025-01-11,"23","Maine","0-130",92
2025-01-11,"23","Maine","0-64",38
2025-01-11,"23","Maine","65-130",54
2025-01-11,"24","Maryland","0-130",372
2025-01-11,"24","Maryland","0-64",182
2025-01-11,"24","Maryland","65-130",190
2025-01-11,"25","Massachusetts","0-130",585
2025-01-11,"25","Massachusetts","0-64",206
2025-01-11,"25","Massachusetts","65-130",378
2025-01-11,"26","Michigan","0-130",625
2025-01-11,"26","Michigan","0-64",258
2025-01-11,"26","Michigan","65-130",353
2025-01-11,"27","Minnesota","0-130",896
2025-01-11,"27","Minnesota","0-64",397
2025-01-11,"27","Minnesota","65-130",499
2025-01-11,"28","Mississippi","0-130",216
2025-01-11,"28","Mississippi","0-64",99
2025-01-11,"28","Mississippi","65-130",117
2025-01-11,"29","Missouri","0-130",647
2025-01-11,"29","Missouri","0-64",299
2025-01-11,"29","Missouri","65-130",348
2025-01-11,"30","Montana","0-130",60
2025-01-11,"30","Montana","0-64",28
2025-01-11,"30","Montana","65-130",32
2025-01-11,"31","Nebraska","0-130",171
2025-01-11,"31","Nebraska","0-64",79
2025-01-11,"31","Nebraska","65-130",92
2025-01-11,"32","Nevada","0-130",260
2025-01-11,"32","Nevada","0-64",119
2025-01-11,"32","Nevada","65-130",141
2025-01-11,"33","New Hampshire","0-130",90
2025-01-11,"33","New Hampshire","0-64",34
2025-01-11,"33","New Hampshire","65-130",56
2025-01-11,"34","New Jersey","0-130",1074
2025-01-11,"34","New Jersey","0-64",459
2025-01-11,"34","New Jersey","65-130",615
2025-01-11,"35","New Mexico","0-130",249
2025-01-11,"35","New Mexico","0-64",135
2025-01-11,"35","New Mexico","65-130",113
2025-01-11,"36","New York","0-130",2240
2025-01-11,"36","New York","0-64",1019
2025-01-11,"36","New York","65-130",1204
2025-01-11,"37","North Carolina","0-130",832
2025-01-11,"37","North Carolina","0-64",391
2025-01-11,"37","North Carolina","65-130",437
2025-01-11,"38","North Dakota","0-130",38
2025-01-11,"38","North Dakota","0-64",21
2025-01-11,"38","North Dakota","65-130",17
2025-01-11,"39","Ohio","0-130",1043
2025-01-11,"39","Ohio","0-64",556
2025-01-11,"39","Ohio","65-130",487
2025-01-11,"40","Oklahoma","0-130",285
2025-01-11,"40","Oklahoma","0-64",137
2025-01-11,"40","Oklahoma","65-130",147
2025-01-11,"41","Oregon","0-130",320
2025-01-11,"41","Oregon","0-64",157
2025-01-11,"41","Oregon","65-130",163
2025-01-11,"42","Pennsylvania","0-130",1594
2025-01-11,"42","Pennsylvania","0-64",631
2025-01-11,"42","Pennsylvania","65-130",943
2025-01-11,"72","Puerto Rico","0-130",1249
2025-01-11,"72","Puerto Rico","0-64",526
2025-01-11,"72","Puerto Rico","65-130",569
2025-01-11,"44","Rhode Island","0-130",69
2025-01-11,"44","Rhode Island","0-64",33
2025-01-11,"44","Rhode Island","65-130",36
2025-01-11,"45","South Carolina","0-130",430
2025-01-11,"45","South Carolina","0-64",187
2025-01-11,"45","South Carolina","65-130",241
2025-01-11,"46","South Dakota","0-130",50
2025-01-11,"46","South Dakota","0-64",26
2025-01-11,"46","South Dakota","65-130",24
2025-01-11,"47","Tennessee","0-130",684
2025-01-11,"47","Tennessee","0-64",318
2025-01-11,"47","Tennessee","65-130",366
2025-01-11,"48","Texas","0-130",2005
2025-01-11,"48","Texas","0-64",1015
2025-01-11,"48","Texas","65-130",990
2025-01-11,"US","US","0-130",30757
2025-01-11,"US","US","0-64",13952
2025-01-11,"US","US","65-130",16562
2025-01-11,"49","Utah","0-130",256
2025-01-11,"49","Utah","0-64",154
2025-01-11,"49","Utah","65-130",102
2025-01-11,"50","Vermont","0-130",35
2025-01-11,"50","Vermont","0-64",17
2025-01-11,"50","Vermont","65-130",18
2025-01-11,"78","Virgin Islands","0-130",0
2025-01-11,"78","Virgin Islands","0-64",0
2025-01-11,"78","Virgin Islands","65-130",0
2025-01-11,"51","Virginia","0-130",464
2025-01-11,"51","Virginia","0-64",215
2025-01-11,"51","Virginia","65-130",249
2025-01-11,"53","Washington","0-130",389
2025-01-11,"53","Washington","0-64",163
2025-01-11,"53","Washington","65-130",225
2025-01-11,"54","West Virginia","0-130",144
2025-01-11,"54","West Virginia","0-64",63
2025-01-11,"54","West Virginia","65-130",81
2025-01-11,"55","Wisconsin","0-130",388
2025-01-11,"55","Wisconsin","0-64",173
2025-01-11,"55","Wisconsin","65-130",210
2025-01-11,"56","Wyoming","0-130",62
2025-01-11,"56","Wyoming","0-64",38
2025-01-11,"56","Wyoming","65-130",24
2025-01-18,"01","Alabama","0-130",490
2025-01-18,"01","Alabama","0-64",241
2025-01-18,"01","Alabama","65-130",249
2025-01-18,"02","Alaska","0-130",33
2025-01-18,"02","Alaska","0-64",18
2025-01-18,"02","Alaska","65-130",15
2025-01-18,"60","American Samoa","0-130",1
2025-01-18,"60","American Samoa","0-64",1
2025-01-18,"60","American Samoa","65-130",0
2025-01-18,"04","Arizona","0-130",1038
2025-01-18,"04","Arizona","0-64",435
2025-01-18,"04","Arizona","65-130",603
2025-01-18,"05","Arkansas","0-130",223
2025-01-18,"05","Arkansas","0-64",101
2025-01-18,"05","Arkansas","65-130",122
2025-01-18,"06","California","0-130",3464
2025-01-18,"06","California","0-64",1562
2025-01-18,"06","California","65-130",1893
2025-01-18,"08","Colorado","0-130",441
2025-01-18,"08","Colorado","0-64",247
2025-01-18,"08","Colorado","65-130",194
2025-01-18,"09","Connecticut","0-130",245
2025-01-18,"09","Connecticut","0-64",81
2025-01-18,"09","Connecticut","65-130",164
2025-01-18,"10","Delaware","0-130",66
2025-01-18,"10","Delaware","0-64",40
2025-01-18,"10","Delaware","65-130",26
2025-01-18,"11","District of Columbia","0-130",NA
2025-01-18,"11","District of Columbia","0-64",NA
2025-01-18,"11","District of Columbia","65-130",NA
2025-01-18,"12","Florida","0-130",2663
2025-01-18,"12","Florida","0-64",1167
2025-01-18,"12","Florida","65-130",1496
2025-01-18,"13","Georgia","0-130",992
2025-01-18,"13","Georgia","0-64",521
2025-01-18,"13","Georgia","65-130",470
2025-01-18,"66","Guam","0-130",NA
2025-01-18,"66","Guam","0-64",NA
2025-01-18,"66","Guam","65-130",NA
2025-01-18,"15","Hawaii","0-130",91
2025-01-18,"15","Hawaii","0-64",39
2025-01-18,"15","Hawaii","65-130",52
2025-01-18,"16","Idaho","0-130",123
2025-01-18,"16","Idaho","0-64",70
2025-01-18,"16","Idaho","65-130",53
2025-01-18,"17","Illinois","0-130",1341
2025-01-18,"17","Illinois","0-64",647
2025-01-18,"17","Illinois","65-130",694
2025-01-18,"18","Indiana","0-130",542
2025-01-18,"18","Indiana","0-64",278
2025-01-18,"18","Indiana","65-130",263
2025-01-18,"19","Iowa","0-130",237
2025-01-18,"19","Iowa","0-64",103
2025-01-18,"19","Iowa","65-130",134
2025-01-18,"20","Kansas","0-130",200
2025-01-18,"20","Kansas","0-64",94
2025-01-18,"20","Kansas","65-130",101
2025-01-18,"21","Kentucky","0-130",397
2025-01-18,"21","Kentucky","0-64",185
2025-01-18,"21","Kentucky","65-130",212
2025-01-18,"22","Louisiana","0-130",477
2025-01-18,"22","Louisiana","0-64",253
2025-01-18,"22","Louisiana","65-130",223
2025-01-18,"23","Maine","0-130",86
2025-01-18,"23","Maine","0-64",42
2025-01-18,"23","Maine","65-130",44
2025-01-18,"24","Maryland","0-130",459
2025-01-18,"24","Maryland","0-64",227
2025-01-18,"24","Maryland","65-130",232
2025-01-18,"25","Massachusetts","0-130",735
2025-01-18,"25","Massachusetts","0-64",249
2025-01-18,"25","Massachusetts","65-130",486
2025-01-18,"26","Michigan","0-130",496
2025-01-18,"26","Michigan","0-64",226
2025-01-18,"26","Michigan","65-130",270
2025-01-18,"27","Minnesota","0-130",927
2025-01-18,"27","Minnesota","0-64",439
2025-01-18,"27","Minnesota","65-130",488
2025-01-18,"28","Mississippi","0-130",226
2025-01-18,"28","Mississippi","0-64",121
2025-01-18,"28","Mississippi","65-130",105
2025-01-18,"29","Missouri","0-130",559
2025-01-18,"29","Missouri","0-64",285
2025-01-18,"29","Missouri","65-130",274
2025-01-18,"30","Montana","0-130",78
2025-01-18,"30","Montana","0-64",39
2025-01-18,"30","Montana","65-130",39
2025-01-18,"31","Nebraska","0-130",128
2025-01-18,"31","Nebraska","0-64",54
2025-01-18,"31","Nebraska","65-130",74
2025-01-18,"32","Nevada","0-130",189
2025-01-18,"32","Nevada","0-64",79
2025-01-18,"32","Nevada","65-130",110
2025-01-18,"33","New Hampshire","0-130",86
2025-01-18,"33","New Hampshire","0-64",39
2025-01-18,"33","New Hampshire","65-130",47
2025-01-18,"34","New Jersey","0-130",1259
2025-01-18,"34","New Jersey","0-64",569
2025-01-18,"34","New Jersey","65-130",690
2025-01-18,"35","New Mexico","0-130",251
2025-01-18,"35","New Mexico","0-64",146
2025-01-18,"35","New Mexico","65-130",105
2025-01-18,"36","New York","0-130",2617
2025-01-18,"36","New York","0-64",1277
2025-01-18,"36","New York","65-130",1313
2025-01-18,"37","North Carolina","0-130",1104
2025-01-18,"37","North Carolina","0-64",542
2025-01-18,"37","North Carolina","65-130",559
2025-01-18,"38","North Dakota","0-130",61
2025-01-18,"38","North Dakota","0-64",30
2025-01-18,"38","North Dakota","65-130",31
2025-01-18,"39","Ohio","0-130",1146
2025-01-18,"39","Ohio","0-64",623
2025-01-18,"39","Ohio","65-130",523
2025-01-18,"40","Oklahoma","0-130",439
2025-01-18,"40","Oklahoma","0-64",214
2025-01-18,"40","Oklahoma","65-130",225
2025-01-18,"41","Oregon","0-130",289
2025-01-18,"41","Oregon","0-64",156
2025-01-18,"41","Oregon","65-130",133
2025-01-18,"42","Pennsylvania","0-130",2476
2025-01-18,"42","Pennsylvania","0-64",1168
2025-01-18,"42","Pennsylvania","65-130",1282
2025-01-18,"44","Rhode Island","0-130",107
2025-01-18,"44","Rhode Island","0-64",45
2025-01-18,"44","Rhode Island","65-130",62
2025-01-18,"45","South Carolina","0-130",638
2025-01-18,"45","South Carolina","0-64",301
2025-01-18,"45","South Carolina","65-130",337
2025-01-18,"46","South Dakota","0-130",55
2025-01-18,"46","South Dakota","0-64",24
2025-01-18,"46","South Dakota","65-130",31
2025-01-18,"47","Tennessee","0-130",568
2025-01-18,"47","Tennessee","0-64",266
2025-01-18,"47","Tennessee","65-130",302
2025-01-18,"48","Texas","0-130",2423
2025-01-18,"48","Texas","0-64",1228
2025-01-18,"48","Texas","65-130",1194
2025-01-18,"US","US","0-130",32984
2025-01-18,"US","US","0-64",15640
2025-01-18,"US","US","65-130",17256
2025-01-18,"49","Utah","0-130",199
2025-01-18,"49","Utah","0-64",106
2025-01-18,"49","Utah","65-130",93
2025-01-18,"50","Vermont","0-130",41
2025-01-18,"50","Vermont","0-64",14
2025-01-18,"50","Vermont","65-130",27
2025-01-18,"78","Virgin Islands","0-130",3
2025-01-18,"78","Virgin Islands","0-64",2
2025-01-18,"78","Virgin Islands","65-130",1
2025-01-18,"51","Virginia","0-130",493
2025-01-18,"51","Virginia","0-64",233
2025-01-18,"51","Virginia","65-130",260
2025-01-18,"53","Washington","0-130",360
2025-01-18,"53","Washington","0-64",160
2025-01-18,"53","Washington","65-130",194
2025-01-18,"54","West Virginia","0-130",133
2025-01-18,"54","West Virginia","0-64",61
2025-01-18,"54","West Virginia","65-130",72
2025-01-18,"55","Wisconsin","0-130",593
2025-01-18,"55","Wisconsin","0-64",277
2025-01-18,"55","Wisconsin","65-130",316
2025-01-18,"56","Wyoming","0-130",84
2025-01-18,"56","Wyoming","0-64",36
2025-01-18,"56","Wyoming","65-130",48
2025-01-25,"01","Alabama","0-130",632
2025-01-25,"01","Alabama","0-64",299
2025-01-25,"01","Alabama","65-130",333
2025-01-25,"02","Alaska","0-130",29
2025-01-25,"02","Alaska","0-64",17
2025-01-25,"02","Alaska","65-130",12
2025-01-25,"04","Arizona","0-130",960
2025-01-25,"04","Arizona","0-64",399
2025-01-25,"04","Arizona","65-130",561
2025-01-25,"05","Arkansas","0-130",388
2025-01-25,"05","Arkansas","0-64",202
2025-01-25,"05","Arkansas","65-130",186
2025-01-25,"06","California","0-130",3864
2025-01-25,"06","California","0-64",1725
2025-01-25,"06","California","65-130",2131
2025-01-25,"08","Colorado","0-130",456
2025-01-25,"08","Colorado","0-64",247
2025-01-25,"08","Colorado","65-130",209
2025-01-25,"09","Connecticut","0-130",378
2025-01-25,"09","Connecticut","0-64",145
2025-01-25,"09","Connecticut","65-130",233
2025-01-25,"10","Delaware","0-130",88
2025-01-25,"10","Delaware","0-64",54
2025-01-25,"10","Delaware","65-130",34
2025-01-25,"11","District of Columbia","0-130",207
2025-01-25,"11","District of Columbia","0-64",85
2025-01-25,"11","District of Columbia","65-130",35
2025-01-25,"12","Florida","0-130",3158
2025-01-25,"12","Florida","0-64",1352
2025-01-25,"12","Florida","65-130",1806
2025-01-25,"13","Georgia","0-130",1186
2025-01-25,"13","Georgia","0-64",599
2025-01-25,"13","Georgia","65-130",587
2025-01-25,"66","Guam","0-130",5
2025-01-25,"66","Guam","0-64",5
2025-01-25,"66","Guam","65-130",0
2025-01-25,"15","Hawaii","0-130",88
2025-01-25,"15","Hawaii","0-64",36
2025-01-25,"15","Hawaii","65-130",52
2025-01-25,"16","Idaho","0-130",99
2025-01-25,"16","Idaho","0-64",55
2025-01-25,"16","Idaho","65-130",44
2025-01-25,"17","Illinois","0-130",1727
2025-01-25,"17","Illinois","0-64",826
2025-01-25,"17","Illinois","65-130",898
2025-01-25,"18","Indiana","0-130",788
2025-01-25,"18","Indiana","0-64",371
2025-01-25,"18","Indiana","65-130",416
2025-01-25,"19","Iowa","0-130",304
2025-01-25,"19","Iowa","0-64",149
2025-01-25,"19","Iowa","65-130",153
2025-01-25,"20","Kansas","0-130",216
2025-01-25,"20","Kansas","0-64",92
2025-01-25,"20","Kansas","65-130",117
2025-01-25,"21","Kentucky","0-130",434
2025-01-25,"21","Kentucky","0-64",194
2025-01-25,"21","Kentucky","65-130",232
2025-01-25,"22","Louisiana","0-130",521
2025-01-25,"22","Louisiana","0-64",251
2025-01-25,"22","Louisiana","65-130",270
2025-01-25,"23","Maine","0-130",109
2025-01-25,"23","Maine","0-64",52
2025-01-25,"23","Maine","65-130",57
2025-01-25,"24","Maryland","0-130",611
2025-01-25,"24","Maryland","0-64",315
2025-01-25,"24","Maryland","65-130",296
2025-01-25,"25","Massachusetts","0-130",991
2025-01-25,"25","Massachusetts","0-64",348
2025-01-25,"25","Massachusetts","65-130",642
2025-01-25,"26","Michigan","0-130",863
2025-01-25,"26","Michigan","0-64",410
2025-01-25,"26","Michigan","65-130",451
2025-01-25,"27","Minnesota","0-130",928
2025-01-25,"27","Minnesota","0-64",419
2025-01-25,"27","Minnesota","65-130",509
2025-01-25,"28","Mississippi","0-130",323
2025-01-25,"28","Mississippi","0-64",146
2025-01-25,"28","Mississippi","65-130",177
2025-01-25,"29","Missouri","0-130",655
2025-01-25,"29","Missouri","0-64",340
2025-01-25,"29","Missouri","65-130",315
2025-01-25,"30","Montana","0-130",67
2025-01-25,"30","Montana","0-64",31
2025-01-25,"30","Montana","65-130",35
2025-01-25,"31","Nebraska","0-130",182
2025-01-25,"31","Nebraska","0-64",78
2025-01-25,"31","Nebraska","65-130",104
2025-01-25,"32","Nevada","0-130",196
2025-01-25,"32","Nevada","0-64",76
2025-01-25,"32","Nevada","65-130",120
2025-01-25,"33","New Hampshire","0-130",144
2025-01-25,"33","New Hampshire","0-64",51
2025-01-25,"33","New Hampshire","65-130",93
2025-01-25,"34","New Jersey","0-130",1591
2025-01-25,"34","New Jersey","0-64",716
2025-01-25,"34","New Jersey","65-130",869
2025-01-25,"35","New Mexico","0-130",196
2025-01-25,"35","New Mexico","0-64",112
2025-01-25,"35","New Mexico","65-130",84
2025-01-25,"36","New York","0-130",2929
2025-01-25,"36","New York","0-64",1476
2025-01-25,"36","New York","65-130",1423
2025-01-25,"37","North Carolina","0-130",1582
2025-01-25,"37","North Carolina","0-64",762
2025-01-25,"37","North Carolina","65-130",813
2025-01-25,"38","North Dakota","0-130",89
2025-01-25,"38","North Dakota","0-64",36
2025-01-25,"38","North Dakota","65-130",53
2025-01-25,"39","Ohio","0-130",1699
2025-01-25,"39","Ohio","0-64",962
2025-01-25,"39","Ohio","65-130",737
2025-01-25,"40","Oklahoma","0-130",698
2025-01-25,"40","Oklahoma","0-64",351
2025-01-25,"40","Oklahoma","65-130",347
2025-01-25,"41","Oregon","0-130",275
2025-01-25,"41","Oregon","0-64",134
2025-01-25,"41","Oregon","65-130",141
2025-01-25,"42","Pennsylvania","0-130",3065
2025-01-25,"42","Pennsylvania","0-64",1574
2025-01-25,"42","Pennsylvania","65-130",1478
2025-01-25,"44","Rhode Island","0-130",113
2025-01-25,"44","Rhode Island","0-64",43
2025-01-25,"44","Rhode Island","65-130",70
2025-01-25,"45","South Carolina","0-130",823
2025-01-25,"45","South Carolina","0-64",381
2025-01-25,"45","South Carolina","65-130",442
2025-01-25,"46","South Dakota","0-130",88
2025-01-25,"46","South Dakota","0-64",37
2025-01-25,"46","South Dakota","65-130",51
2025-01-25,"47","Tennessee","0-130",646
2025-01-25,"47","Tennessee","0-64",302
2025-01-25,"47","Tennessee","65-130",344
2025-01-25,"48","Texas","0-130",3302
2025-01-25,"48","Texas","0-64",1702
2025-01-25,"48","Texas","65-130",1583
2025-01-25,"US","US","0-130",40608
2025-01-25,"US","US","0-64",19286
2025-01-25,"US","US","65-130",21110
2025-01-25,"49","Utah","0-130",185
2025-01-25,"49","Utah","0-64",102
2025-01-25,"49","Utah","65-130",83
2025-01-25,"50","Vermont","0-130",58
2025-01-25,"50","Vermont","0-64",16
2025-01-25,"50","Vermont","65-130",32
2025-01-25,"78","Virgin Islands","0-130",0
2025-01-25,"78","Virgin Islands","0-64",0
2025-01-25,"78","Virgin Islands","65-130",0
2025-01-25,"51","Virginia","0-130",685
2025-01-25,"51","Virginia","0-64",325
2025-01-25,"51","Virginia","65-130",360
2025-01-25,"53","Washington","0-130",417
2025-01-25,"53","Washington","0-64",197
2025-01-25,"53","Washington","65-130",217
2025-01-25,"54","West Virginia","0-130",160
2025-01-25,"54","West Virginia","0-64",81
2025-01-25,"54","West Virginia","65-130",79
2025-01-25,"55","Wisconsin","0-130",857
2025-01-25,"55","Wisconsin","0-64",362
2025-01-25,"55","Wisconsin","65-130",495
2025-01-25,"56","Wyoming","0-130",89
2025-01-25,"56","Wyoming","0-64",30
2025-01-25,"56","Wyoming","65-130",59
2025-02-01,"01","Alabama","0-130",742
2025-02-01,"01","Alabama","0-64",337
2025-02-01,"01","Alabama","65-130",405
2025-02-01,"02","Alaska","0-130",30
2025-02-01,"02","Alaska","0-64",14
2025-02-01,"02","Alaska","65-130",16
2025-02-01,"04","Arizona","0-130",807
2025-02-01,"04","Arizona","0-64",335
2025-02-01,"04","Arizona","65-130",471
2025-02-01,"05","Arkansas","0-130",513
2025-02-01,"05","Arkansas","0-64",241
2025-02-01,"05","Arkansas","65-130",272
2025-02-01,"06","California","0-130",4364
2025-02-01,"06","California","0-64",1894
2025-02-01,"06","California","65-130",2467
2025-02-01,"08","Colorado","0-130",543
2025-02-01,"08","Colorado","0-64",290
2025-02-01,"08","Colorado","65-130",253
2025-02-01,"09","Connecticut","0-130",478
2025-02-01,"09","Connecticut","0-64",194
2025-02-01,"09","Connecticut","65-130",284
2025-02-01,"10","Delaware","0-130",140
2025-02-01,"10","Delaware","0-64",83
2025-02-01,"10","Delaware","65-130",57
2025-02-01,"11","District of Columbia","0-130",197
2025-02-01,"11","District of Columbia","0-64",78
2025-02-01,"11","District of Columbia","65-130",42
2025-02-01,"12","Florida","0-130",3627
2025-02-01,"12","Florida","0-64",1551
2025-02-01,"12","Florida","65-130",2076
2025-02-01,"13","Georgia","0-130",1373
2025-02-01,"13","Georgia","0-64",640
2025-02-01,"13","Georgia","65-130",733
2025-02-01,"15","Hawaii","0-130",70
2025-02-01,"15","Hawaii","0-64",27
2025-02-01,"15","Hawaii","65-130",43
2025-02-01,"16","Idaho","0-130",159
2025-02-01,"16","Idaho","0-64",79
2025-02-01,"16","Idaho","65-130",79
2025-02-01,"17","Illinois","0-130",2137
2025-02-01,"17","Illinois","0-64",936
2025-02-01,"17","Illinois","65-130",1201
2025-02-01,"18","Indiana","0-130",1295
2025-02-01,"18","Indiana","0-64",599
2025-02-01,"18","Indiana","65-130",684
2025-02-01,"19","Iowa","0-130",457
2025-02-01,"19","Iowa","0-64",204
2025-02-01,"19","Iowa","65-130",252
2025-02-01,"20","Kansas","0-130",388
2025-02-01,"20","Kansas","0-64",148
2025-02-01,"20","Kansas","65-130",223
2025-02-01,"21","Kentucky","0-130",741
2025-02-01,"21","Kentucky","0-64",323
2025-02-01,"21","Kentucky","65-130",417
2025-02-01,"22","Louisiana","0-130",620
2025-02-01,"22","Louisiana","0-64",291
2025-02-01,"22","Louisiana","65-130",329
2025-02-01,"23","Maine","0-130",151
2025-02-01,"23","Maine","0-64",76
2025-02-01,"23","Maine","65-130",75
2025-02-01,"24","Maryland","0-130",810
2025-02-01,"24","Maryland","0-64",413
2025-02-01,"24","Maryland","65-130",396
2025-02-01,"25","Massachusetts","0-130",1290
2025-02-01,"25","Massachusetts","0-64",479
2025-02-01,"25","Massachusetts","65-130",810
2025-02-01,"26","Michigan","0-130",1093
2025-02-01,"26","Michigan","0-64",505
2025-02-01,"26","Michigan","65-130",585
2025-02-01,"27","Minnesota","0-130",882
2025-02-01,"27","Minnesota","0-64",375
2025-02-01,"27","Minnesota","65-130",507
2025-02-01,"28","Mississippi","0-130",537
2025-02-01,"28","Mississippi","0-64",241
2025-02-01,"28","Mississippi","65-130",277
2025-02-01,"29","Missouri","0-130",1039
2025-02-01,"29","Missouri","0-64",540
2025-02-01,"29","Missouri","65-130",499
2025-02-01,"30","Montana","0-130",103
2025-02-01,"30","Montana","0-64",39
2025-02-01,"30","Montana","65-130",64
2025-02-01,"31","Nebraska","0-130",308
2025-02-01,"31","Nebraska","0-64",163
2025-02-01,"31","Nebraska","65-130",145
2025-02-01,"32","Nevada","0-130",178
2025-02-01,"32","Nevada","0-64",84
2025-02-01,"32","Nevada","65-130",94
2025-02-01,"33","New Hampshire","0-130",174
2025-02-01,"33","New Hampshire","0-64",77
2025-02-01,"33","New Hampshire","65-130",97
2025-02-01,"34","New Jersey","0-130",1794
2025-02-01,"34","New Jersey","0-64",749
2025-02-01,"34","New Jersey","65-130",1039
2025-02-01,"35","New Mexico","0-130",214
2025-02-01,"35","New Mexico","0-64",127
2025-02-01,"35","New Mexico","65-130",87
2025-02-01,"36","New York","0-130",3081
2025-02-01,"36","New York","0-64",1428
2025-02-01,"36","New York","65-130",1652
2025-02-01,"37","North Carolina","0-130",1994
2025-02-01,"37","North Carolina","0-64",872
2025-02-01,"37","North Carolina","65-130",1112
2025-02-01,"38","North Dakota","0-130",104
2025-02-01,"38","North Dakota","0-64",50
2025-02-01,"38","North Dakota","65-130",54
2025-02-01,"39","Ohio","0-130",2467
2025-02-01,"39","Ohio","0-64",1183
2025-02-01,"39","Ohio","65-130",1284
2025-02-01,"40","Oklahoma","0-130",1116
2025-02-01,"40","Oklahoma","0-64",519
2025-02-01,"40","Oklahoma","65-130",596
2025-02-01,"41","Oregon","0-130",497
2025-02-01,"41","Oregon","0-64",271
2025-02-01,"41","Oregon","65-130",225
2025-02-01,"42","Pennsylvania","0-130",3778
2025-02-01,"42","Pennsylvania","0-64",1874
2025-02-01,"42","Pennsylvania","65-130",1886
2025-02-01,"44","Rhode Island","0-130",173
2025-02-01,"44","Rhode Island","0-64",79
2025-02-01,"44","Rhode Island","65-130",94
2025-02-01,"45","South Carolina","0-130",1259
2025-02-01,"45","South Carolina","0-64",598
2025-02-01,"45","South Carolina","65-130",661
2025-02-01,"46","South Dakota","0-130",139
2025-02-01,"46","South Dakota","0-64",67
2025-02-01,"46","South Dakota","65-130",72
2025-02-01,"47","Tennessee","0-130",944
2025-02-01,"47","Tennessee","0-64",450
2025-02-01,"47","Tennessee","65-130",494
2025-02-01,"48","Texas","0-130",4692
2025-02-01,"48","Texas","0-64",2371
2025-02-01,"48","Texas","65-130",2318
2025-02-01,"US","US","0-130",51211
2025-02-01,"US","US","0-64",23606
2025-02-01,"US","US","65-130",27386
2025-02-01,"49","Utah","0-130",195
2025-02-01,"49","Utah","0-64",113
2025-02-01,"49","Utah","65-130",82
2025-02-01,"50","Vermont","0-130",84
2025-02-01,"50","Vermont","0-64",31
2025-02-01,"50","Vermont","65-130",44
2025-02-01,"78","Virgin Islands","0-130",0
2025-02-01,"78","Virgin Islands","0-64",0
2025-02-01,"78","Virgin Islands","65-130",0
2025-02-01,"51","Virginia","0-130",1083
2025-02-01,"51","Virginia","0-64",494
2025-02-01,"51","Virginia","65-130",589
2025-02-01,"53","Washington","0-130",578
2025-02-01,"53","Washington","0-64",247
2025-02-01,"53","Washington","65-130",323
2025-02-01,"54","West Virginia","0-130",267
2025-02-01,"54","West Virginia","0-64",128
2025-02-01,"54","West Virginia","65-130",139
2025-02-01,"55","Wisconsin","0-130",1054
2025-02-01,"55","Wisconsin","0-64",443
2025-02-01,"55","Wisconsin","65-130",606
2025-02-01,"56","Wyoming","0-130",102
2025-02-01,"56","Wyoming","0-64",43
2025-02-01,"56","Wyoming","65-130",59
2025-02-08,"01","Alabama","0-130",663
2025-02-08,"01","Alabama","0-64",306
2025-02-08,"01","Alabama","65-130",355
2025-02-08,"02","Alaska","0-130",26
2025-02-08,"02","Alaska","0-64",15
2025-02-08,"02","Alaska","65-130",11
2025-02-08,"04","Arizona","0-130",785
2025-02-08,"04","Arizona","0-64",326
2025-02-08,"04","Arizona","65-130",459
2025-02-08,"05","Arkansas","0-130",745
2025-02-08,"05","Arkansas","0-64",368
2025-02-08,"05","Arkansas","65-130",365
2025-02-08,"06","California","0-130",3508
2025-02-08,"06","California","0-64",1500
2025-02-08,"06","California","65-130",2003
2025-02-08,"08","Colorado","0-130",622
2025-02-08,"08","Colorado","0-64",313
2025-02-08,"08","Colorado","65-130",309
2025-02-08,"09","Connecticut","0-130",538
2025-02-08,"09","Connecticut","0-64",215
2025-02-08,"09","Connecticut","65-130",323
2025-02-08,"10","Delaware","0-130",157
2025-02-08,"10","Delaware","0-64",91
2025-02-08,"10","Delaware","65-130",66
2025-02-08,"11","District of Columbia","0-130",259
2025-02-08,"11","District of Columbia","0-64",92
2025-02-08,"11","District of Columbia","65-130",54
2025-02-08,"12","Florida","0-130",3327
2025-02-08,"12","Florida","0-64",1435
2025-02-08,"12","Florida","65-130",1892
2025-02-08,"13","Georgia","0-130",1301
2025-02-08,"13","Georgia","0-64",630
2025-02-08,"13","Georgia","65-130",670
2025-02-08,"66","Guam","0-130",NA
2025-02-08,"66","Guam","0-64",NA
2025-02-08,"66","Guam","65-130",NA
2025-02-08,"15","Hawaii","0-130",83
2025-02-08,"15","Hawaii","0-64",42
2025-02-08,"15","Hawaii","65-130",41
2025-02-08,"16","Idaho","0-130",175
2025-02-08,"16","Idaho","0-64",77
2025-02-08,"16","Idaho","65-130",98
2025-02-08,"17","Illinois","0-130",2306
2025-02-08,"17","Illinois","0-64",979
2025-02-08,"17","Illinois","65-130",1327
2025-02-08,"18","Indiana","0-130",1711
2025-02-08,"18","Indiana","0-64",757
2025-02-08,"18","Indiana","65-130",949
2025-02-08,"19","Iowa","0-130",596
2025-02-08,"19","Iowa","0-64",245
2025-02-08,"19","Iowa","65-130",349
2025-02-08,"20","Kansas","0-130",479
2025-02-08,"20","Kansas","0-64",204
2025-02-08,"20","Kansas","65-130",265
2025-02-08,"21","Kentucky","0-130",1196
2025-02-08,"21","Kentucky","0-64",546
2025-02-08,"21","Kentucky","65-130",650
2025-02-08,"22","Louisiana","0-130",494
2025-02-08,"22","Louisiana","0-64",230
2025-02-08,"22","Louisiana","65-130",264
2025-02-08,"23","Maine","0-130",205
2025-02-08,"23","Maine","0-64",91
2025-02-08,"23","Maine","65-130",114
2025-02-08,"24","Maryland","0-130",1086
2025-02-08,"24","Maryland","0-64",511
2025-02-08,"24","Maryland","65-130",575
2025-02-08,"25","Massachusetts","0-130",1580
2025-02-08,"25","Massachusetts","0-64",536
2025-02-08,"25","Massachusetts","65-130",1044
2025-02-08,"26","Michigan","0-130",1265
2025-02-08,"26","Michigan","0-64",567
2025-02-08,"26","Michigan","65-130",686
2025-02-08,"27","Minnesota","0-130",689
2025-02-08,"27","Minnesota","0-64",305
2025-02-08,"27","Minnesota","65-130",384
2025-02-08,"28","Mississippi","0-130",467
2025-02-08,"28","Mississippi","0-64",199
2025-02-08,"28","Mississippi","65-130",268
2025-02-08,"29","Missouri","0-130",1315
2025-02-08,"29","Missouri","0-64",670
2025-02-08,"29","Missouri","65-130",645
2025-02-08,"30","Montana","0-130",148
2025-02-08,"30","Montana","0-64",61
2025-02-08,"30","Montana","65-130",87
2025-02-08,"31","Nebraska","0-130",319
2025-02-08,"31","Nebraska","0-64",148
2025-02-08,"31","Nebraska","65-130",171
2025-02-08,"32","Nevada","0-130",222
2025-02-08,"32","Nevada","0-64",97
2025-02-08,"32","Nevada","65-130",125
2025-02-08,"33","New Hampshire","0-130",203
2025-02-08,"33","New Hampshire","0-64",69
2025-02-08,"33","New Hampshire","65-130",134
2025-02-08,"34","New Jersey","0-130",1888
2025-02-08,"34","New Jersey","0-64",766
2025-02-08,"34","New Jersey","65-130",1122
2025-02-08,"35","New Mexico","0-130",215
2025-02-08,"35","New Mexico","0-64",129
2025-02-08,"35","New Mexico","65-130",86
2025-02-08,"36","New York","0-130",2945
2025-02-08,"36","New York","0-64",1336
2025-02-08,"36","New York","65-130",1608
2025-02-08,"37","North Carolina","0-130",2280
2025-02-08,"37","North Carolina","0-64",1024
2025-02-08,"37","North Carolina","65-130",1251
2025-02-08,"38","North Dakota","0-130",127
2025-02-08,"38","North Dakota","0-64",59
2025-02-08,"38","North Dakota","65-130",68
2025-02-08,"39","Ohio","0-130",3195
2025-02-08,"39","Ohio","0-64",1533
2025-02-08,"39","Ohio","65-130",1662
2025-02-08,"40","Oklahoma","0-130",1052
2025-02-08,"40","Oklahoma","0-64",501
2025-02-08,"40","Oklahoma","65-130",545
2025-02-08,"41","Oregon","0-130",565
2025-02-08,"41","Oregon","0-64",308
2025-02-08,"41","Oregon","65-130",257
2025-02-08,"42","Pennsylvania","0-130",4263
2025-02-08,"42","Pennsylvania","0-64",2044
2025-02-08,"42","Pennsylvania","65-130",2204
2025-02-08,"44","Rhode Island","0-130",202
2025-02-08,"44","Rhode Island","0-64",70
2025-02-08,"44","Rhode Island","65-130",132
2025-02-08,"45","South Carolina","0-130",1232
2025-02-08,"45","South Carolina","0-64",558
2025-02-08,"45","South Carolina","65-130",674
2025-02-08,"46","South Dakota","0-130",207
2025-02-08,"46","South Dakota","0-64",96
2025-02-08,"46","South Dakota","65-130",111
2025-02-08,"47","Tennessee","0-130",1067
2025-02-08,"47","Tennessee","0-64",500
2025-02-08,"47","Tennessee","65-130",567
2025-02-08,"48","Texas","0-130",4198
2025-02-08,"48","Texas","0-64",2048
2025-02-08,"48","Texas","65-130",2143
2025-02-08,"US","US","0-130",54272
2025-02-08,"US","US","0-64",24454
2025-02-08,"US","US","65-130",29579
2025-02-08,"49","Utah","0-130",213
2025-02-08,"49","Utah","0-64",121
2025-02-08,"49","Utah","65-130",92
2025-02-08,"50","Vermont","0-130",134
2025-02-08,"50","Vermont","0-64",44
2025-02-08,"50","Vermont","65-130",80
2025-02-08,"78","Virgin Islands","0-130",0
2025-02-08,"78","Virgin Islands","0-64",0
2025-02-08,"78","Virgin Islands","65-130",0
2025-02-08,"51","Virginia","0-130",1315
2025-02-08,"51","Virginia","0-64",561
2025-02-08,"51","Virginia","65-130",754
2025-02-08,"53","Washington","0-130",747
2025-02-08,"53","Washington","0-64",297
2025-02-08,"53","Washington","65-130",441
2025-02-08,"54","West Virginia","0-130",458
2025-02-08,"54","West Virginia","0-64",214
2025-02-08,"54","West Virginia","65-130",244
2025-02-08,"55","Wisconsin","0-130",1149
2025-02-08,"55","Wisconsin","0-64",455
2025-02-08,"55","Wisconsin","65-130",694
2025-02-08,"56","Wyoming","0-130",99
2025-02-08,"56","Wyoming","0-64",39
2025-02-08,"56","Wyoming","65-130",60
2025-02-15,"01","Alabama","0-130",415
2025-02-15,"01","Alabama","0-64",193
2025-02-15,"01","Alabama","65-130",220
2025-02-15,"02","Alaska","0-130",53
2025-02-15,"02","Alaska","0-64",29
2025-02-15,"02","Alaska","65-130",24
2025-02-15,"04","Arizona","0-130",679
2025-02-15,"04","Arizona","0-64",300
2025-02-15,"04","Arizona","65-130",379
2025-02-15,"05","Arkansas","0-130",514
2025-02-15,"05","Arkansas","0-64",248
2025-02-15,"05","Arkansas","65-130",252
2025-02-15,"06","California","0-130",2642
2025-02-15,"06","California","0-64",1223
2025-02-15,"06","California","65-130",1414
2025-02-15,"08","Colorado","0-130",583
2025-02-15,"08","Colorado","0-64",304
2025-02-15,"08","Colorado","65-130",279
2025-02-15,"09","Connecticut","0-130",499
2025-02-15,"09","Connecticut","0-64",200
2025-02-15,"09","Connecticut","65-130",299
2025-02-15,"12","Florida","0-130",2436
2025-02-15,"12","Florida","0-64",984
2025-02-15,"12","Florida","65-130",1452
2025-02-15,"13","Georgia","0-130",734
2025-02-15,"13","Georgia","0-64",372
2025-02-15,"13","Georgia","65-130",362
2025-02-15,"66","Guam","0-130",4
2025-02-15,"66","Guam","0-64",3
2025-02-15,"66","Guam","65-130",1
2025-02-15,"15","Hawaii","0-130",79
2025-02-15,"15","Hawaii","0-64",30
2025-02-15,"15","Hawaii","65-130",49
2025-02-15,"16","Idaho","0-130",152
2025-02-15,"16","Idaho","0-64",77
2025-02-15,"16","Idaho","65-130",75
2025-02-15,"17","Illinois","0-130",2058
2025-02-15,"17","Illinois","0-64",816
2025-02-15,"17","Illinois","65-130",1242
2025-02-15,"18","Indiana","0-130",1670
2025-02-15,"18","Indiana","0-64",721
2025-02-15,"18","Indiana","65-130",949
2025-02-15,"19","Iowa","0-130",498
2025-02-15,"19","Iowa","0-64",205
2025-02-15,"19","Iowa","65-130",293
2025-02-15,"20","Kansas","0-130",519
2025-02-15,"20","Kansas","0-64",201
2025-02-15,"20","Kansas","65-130",299
2025-02-15,"21","Kentucky","0-130",1203
2025-02-15,"21","Kentucky","0-64",526
2025-02-15,"21","Kentucky","65-130",676
2025-02-15,"22","Louisiana","0-130",387
2025-02-15,"22","Louisiana","0-64",201
2025-02-15,"22","Louisiana","65-130",186
2025-02-15,"23","Maine","0-130",267
2025-02-15,"23","Maine","0-64",123
2025-02-15,"23","Maine","65-130",144
2025-02-15,"24","Maryland","0-130",1081
2025-02-15,"24","Maryland","0-64",502
2025-02-15,"24","Maryland","65-130",578
2025-02-15,"25","Massachusetts","0-130",1448
2025-02-15,"25","Massachusetts","0-64",503
2025-02-15,"25","Massachusetts","65-130",944
2025-02-15,"26","Michigan","0-130",1563
2025-02-15,"26","Michigan","0-64",618
2025-02-15,"26","Michigan","65-130",919
2025-02-15,"27","Minnesota","0-130",486
2025-02-15,"27","Minnesota","0-64",201
2025-02-15,"27","Minnesota","65-130",285
2025-02-15,"28","Mississippi","0-130",265
2025-02-15,"28","Mississippi","0-64",137
2025-02-15,"28","Mississippi","65-130",128
2025-02-15,"29","Missouri","0-130",1412
2025-02-15,"29","Missouri","0-64",729
2025-02-15,"29","Missouri","65-130",683
2025-02-15,"30","Montana","0-130",149
2025-02-15,"30","Montana","0-64",68
2025-02-15,"30","Montana","65-130",81
2025-02-15,"31","Nebraska","0-130",311
2025-02-15,"31","Nebraska","0-64",137
2025-02-15,"31","Nebraska","65-130",174
2025-02-15,"32","Nevada","0-130",147
2025-02-15,"32","Nevada","0-64",70
2025-02-15,"32","Nevada","65-130",77
2025-02-15,"33","New Hampshire","0-130",205
2025-02-15,"33","New Hampshire","0-64",83
2025-02-15,"33","New Hampshire","65-130",122
2025-02-15,"34","New Jersey","0-130",1517
2025-02-15,"34","New Jersey","0-64",585
2025-02-15,"34","New Jersey","65-130",932
2025-02-15,"35","New Mexico","0-130",248
2025-02-15,"35","New Mexico","0-64",144
2025-02-15,"35","New Mexico","65-130",104
2025-02-15,"36","New York","0-130",2499
2025-02-15,"36","New York","0-64",1169
2025-02-15,"36","New York","65-130",1330
2025-02-15,"37","North Carolina","0-130",1690
2025-02-15,"37","North Carolina","0-64",756
2025-02-15,"37","North Carolina","65-130",931
2025-02-15,"38","North Dakota","0-130",85
2025-02-15,"38","North Dakota","0-64",32
2025-02-15,"38","North Dakota","65-130",53
2025-02-15,"39","Ohio","0-130",3529
2025-02-15,"39","Ohio","0-64",1669
2025-02-15,"39","Ohio","65-130",1860
2025-02-15,"40","Oklahoma","0-130",786
2025-02-15,"40","Oklahoma","0-64",343
2025-02-15,"40","Oklahoma","65-130",443
2025-02-15,"41","Oregon","0-130",500
2025-02-15,"41","Oregon","0-64",247
2025-02-15,"41","Oregon","65-130",251
2025-02-15,"42","Pennsylvania","0-130",4318
2025-02-15,"42","Pennsylvania","0-64",1966
2025-02-15,"42","Pennsylvania","65-130",2340
2025-02-15,"44","Rhode Island","0-130",180
2025-02-15,"44","Rhode Island","0-64",61
2025-02-15,"44","Rhode Island","65-130",119
2025-02-15,"45","South Carolina","0-130",690
2025-02-15,"45","South Carolina","0-64",299
2025-02-15,"45","South Carolina","65-130",391
2025-02-15,"46","South Dakota","0-130",183
2025-02-15,"46","South Dakota","0-64",90
2025-02-15,"46","South Dakota","65-130",93
2025-02-15,"47","Tennessee","0-130",699
2025-02-15,"47","Tennessee","0-64",325
2025-02-15,"47","Tennessee","65-130",374
2025-02-15,"48","Texas","0-130",2485
2025-02-15,"48","Texas","0-64",1246
2025-02-15,"48","Texas","65-130",1223
2025-02-15,"US","US","0-130",46380
2025-02-15,"US","US","0-64",20803
2025-02-15,"US","US","65-130",25437
2025-02-15,"49","Utah","0-130",201
2025-02-15,"49","Utah","0-64",114
2025-02-15,"49","Utah","65-130",87
2025-02-15,"50","Vermont","0-130",115
2025-02-15,"50","Vermont","0-64",40
2025-02-15,"50","Vermont","65-130",62
2025-02-15,"78","Virgin Islands","0-130",1
2025-02-15,"78","Virgin Islands","0-64",0
2025-02-15,"78","Virgin Islands","65-130",1
2025-02-15,"51","Virginia","0-130",1190
2025-02-15,"51","Virginia","0-64",542
2025-02-15,"51","Virginia","65-130",648
2025-02-15,"53","Washington","0-130",659
2025-02-15,"53","Washington","0-64",298
2025-02-15,"53","Washington","65-130",358
2025-02-15,"54","West Virginia","0-130",617
2025-02-15,"54","West Virginia","0-64",284
2025-02-15,"54","West Virginia","65-130",333
2025-02-15,"55","Wisconsin","0-130",1059
2025-02-15,"55","Wisconsin","0-64",409
2025-02-15,"55","Wisconsin","65-130",647
2025-02-22,"01","Alabama","0-130",283
2025-02-22,"01","Alabama","0-64",144
2025-02-22,"01","Alabama","65-130",139
2025-02-22,"02","Alaska","0-130",52
2025-02-22,"02","Alaska","0-64",36
2025-02-22,"02","Alaska","65-130",16
2025-02-22,"04","Arizona","0-130",620
2025-02-22,"04","Arizona","0-64",264
2025-02-22,"04","Arizona","65-130",356
2025-02-22,"05","Arkansas","0-130",354
2025-02-22,"05","Arkansas","0-64",199
2025-02-22,"05","Arkansas","65-130",155
2025-02-22,"06","California","0-130",1947
2025-02-22,"06","California","0-64",903
2025-02-22,"06","California","65-130",1041
2025-02-22,"08","Colorado","0-130",481
2025-02-22,"08","Colorado","0-64",232
2025-02-22,"08","Colorado","65-130",249
2025-02-22,"09","Connecticut","0-130",364
2025-02-22,"09","Connecticut","0-64",136
2025-02-22,"09","Connecticut","65-130",227
2025-02-22,"10","Delaware","0-130",NA
2025-02-22,"10","Delaware","0-64",NA
2025-02-22,"10","Delaware","65-130",NA
2025-02-22,"12","Florida","0-130",1982
2025-02-22,"12","Florida","0-64",790
2025-02-22,"12","Florida","65-130",1192
2025-02-22,"13","Georgia","0-130",450
2025-02-22,"13","Georgia","0-64",225
2025-02-22,"13","Georgia","65-130",225
2025-02-22,"15","Hawaii","0-130",86
2025-02-22,"15","Hawaii","0-64",30
2025-02-22,"15","Hawaii","65-130",56
2025-02-22,"16","Idaho","0-130",150
2025-02-22,"16","Idaho","0-64",76
2025-02-22,"16","Idaho","65-130",74
2025-02-22,"17","Illinois","0-130",1673
2025-02-22,"17","Illinois","0-64",673
2025-02-22,"17","Illinois","65-130",1000
2025-02-22,"18","Indiana","0-130",1536
2025-02-22,"18","Indiana","0-64",623
2025-02-22,"18","Indiana","65-130",913
2025-02-22,"19","Iowa","0-130",401
2025-02-22,"19","Iowa","0-64",169
2025-02-22,"19","Iowa","65-130",231
2025-02-22,"20","Kansas","0-130",401
2025-02-22,"20","Kansas","0-64",148
2025-02-22,"20","Kansas","65-130",232
2025-02-22,"21","Kentucky","0-130",883
2025-02-22,"21","Kentucky","0-64",375
2025-02-22,"21","Kentucky","65-130",508
2025-02-22,"22","Louisiana","0-130",330
2025-02-22,"22","Louisiana","0-64",164
2025-02-22,"22","Louisiana","65-130",166
2025-02-22,"23","Maine","0-130",262
2025-02-22,"23","Maine","0-64",108
2025-02-22,"23","Maine","65-130",154
2025-02-22,"24","Maryland","0-130",761
2025-02-22,"24","Maryland","0-64",332
2025-02-22,"24","Maryland","65-130",429
2025-02-22,"25","Massachusetts","0-130",1292
2025-02-22,"25","Massachusetts","0-64",408
2025-02-22,"25","Massachusetts","65-130",884
2025-02-22,"26","Michigan","0-130",1638
2025-02-22,"26","Michigan","0-64",712
2025-02-22,"26","Michigan","65-130",912
2025-02-22,"27","Minnesota","0-130",369
2025-02-22,"27","Minnesota","0-64",136
2025-02-22,"27","Minnesota","65-130",233
2025-02-22,"28","Mississippi","0-130",207
2025-02-22,"28","Mississippi","0-64",89
2025-02-22,"28","Mississippi","65-130",118
2025-02-22,"29","Missouri","0-130",1347
2025-02-22,"29","Missouri","0-64",657
2025-02-22,"29","Missouri","65-130",690
2025-02-22,"30","Montana","0-130",195
2025-02-22,"30","Montana","0-64",87
2025-02-22,"30","Montana","65-130",108
2025-02-22,"31","Nebraska","0-130",294
2025-02-22,"31","Nebraska","0-64",140
2025-02-22,"31","Nebraska","65-130",154
2025-02-22,"32","Nevada","0-130",117
2025-02-22,"32","Nevada","0-64",60
2025-02-22,"32","Nevada","65-130",57
2025-02-22,"33","New Hampshire","0-130",212
2025-02-22,"33","New Hampshire","0-64",86
2025-02-22,"33","New Hampshire","65-130",126
2025-02-22,"34","New Jersey","0-130",1205
2025-02-22,"34","New Jersey","0-64",438
2025-02-22,"34","New Jersey","65-130",767
2025-02-22,"35","New Mexico","0-130",237
2025-02-22,"35","New Mexico","0-64",129
2025-02-22,"35","New Mexico","65-130",108
2025-02-22,"36","New York","0-130",2025
2025-02-22,"36","New York","0-64",924
2025-02-22,"36","New York","65-130",1100
2025-02-22,"37","North Carolina","0-130",1169
2025-02-22,"37","North Carolina","0-64",502
2025-02-22,"37","North Carolina","65-130",664
2025-02-22,"38","North Dakota","0-130",63
2025-02-22,"38","North Dakota","0-64",34
2025-02-22,"38","North Dakota","65-130",29
2025-02-22,"69","Northern Mariana Islands","0-130",NA
2025-02-22,"39","Ohio","0-130",3065
2025-02-22,"39","Ohio","0-64",1381
2025-02-22,"39","Ohio","65-130",1684
2025-02-22,"40","Oklahoma","0-130",493
2025-02-22,"40","Oklahoma","0-64",212
2025-02-22,"40","Oklahoma","65-130",281
2025-02-22,"41","Oregon","0-130",484
2025-02-22,"41","Oregon","0-64",244
2025-02-22,"41","Oregon","65-130",240
2025-02-22,"42","Pennsylvania","0-130",3579
2025-02-22,"42","Pennsylvania","0-64",1526
2025-02-22,"42","Pennsylvania","65-130",2033
2025-02-22,"44","Rhode Island","0-130",131
2025-02-22,"44","Rhode Island","0-64",55
2025-02-22,"44","Rhode Island","65-130",76
2025-02-22,"45","South Carolina","0-130",474
2025-02-22,"45","South Carolina","0-64",207
2025-02-22,"45","South Carolina","65-130",267
2025-02-22,"46","South Dakota","0-130",110
2025-02-22,"46","South Dakota","0-64",56
2025-02-22,"46","South Dakota","65-130",54
2025-02-22,"47","Tennessee","0-130",531
2025-02-22,"47","Tennessee","0-64",243
2025-02-22,"47","Tennessee","65-130",288
2025-02-22,"48","Texas","0-130",1751
2025-02-22,"48","Texas","0-64",880
2025-02-22,"48","Texas","65-130",869
2025-02-22,"US","US","0-130",37871
2025-02-22,"US","US","0-64",16454
2025-02-22,"US","US","65-130",21273
2025-02-22,"49","Utah","0-130",183
2025-02-22,"49","Utah","0-64",98
2025-02-22,"49","Utah","65-130",85
2025-02-22,"50","Vermont","0-130",104
2025-02-22,"50","Vermont","0-64",34
2025-02-22,"50","Vermont","65-130",58
2025-02-22,"78","Virgin Islands","0-130",0
2025-02-22,"78","Virgin Islands","0-64",0
2025-02-22,"78","Virgin Islands","65-130",0
2025-02-22,"51","Virginia","0-130",896
2025-02-22,"51","Virginia","0-64",353
2025-02-22,"51","Virginia","65-130",542
2025-02-22,"53","Washington","0-130",663
2025-02-22,"53","Washington","0-64",277
2025-02-22,"53","Washington","65-130",383
2025-02-22,"54","West Virginia","0-130",628
2025-02-22,"54","West Virginia","0-64",260
2025-02-22,"54","West Virginia","65-130",368
2025-02-22,"55","Wisconsin","0-130",882
2025-02-22,"55","Wisconsin","0-64",319
2025-02-22,"55","Wisconsin","65-130",550
2025-02-22,"56","Wyoming","0-130",NA
2025-02-22,"56","Wyoming","0-64",NA
2025-02-22,"56","Wyoming","65-130",NA
2025-03-01,"01","Alabama","0-130",330
2025-03-01,"01","Alabama","0-64",151
2025-03-01,"01","Alabama","65-130",179
2025-03-01,"02","Alaska","0-130",57
2025-03-01,"02","Alaska","0-64",28
2025-03-01,"02","Alaska","65-130",29
2025-03-01,"04","Arizona","0-130",621
2025-03-01,"04","Arizona","0-64",285
2025-03-01,"04","Arizona","65-130",336
2025-03-01,"05","Arkansas","0-130",350
2025-03-01,"05","Arkansas","0-64",165
2025-03-01,"05","Arkansas","65-130",185
2025-03-01,"06","California","0-130",1412
2025-03-01,"06","California","0-64",680
2025-03-01,"06","California","65-130",731
2025-03-01,"08","Colorado","0-130",381
2025-03-01,"08","Colorado","0-64",201
2025-03-01,"08","Colorado","65-130",180
2025-03-01,"09","Connecticut","0-130",278
2025-03-01,"09","Connecticut","0-64",103
2025-03-01,"09","Connecticut","65-130",174
2025-03-01,"10","Delaware","0-130",88
2025-03-01,"10","Delaware","0-64",47
2025-03-01,"10","Delaware","65-130",41
2025-03-01,"11","District of Columbia","0-130",NA
2025-03-01,"11","District of Columbia","0-64",NA
2025-03-01,"11","District of Columbia","65-130",NA
2025-03-01,"12","Florida","0-130",1548
2025-03-01,"12","Florida","0-64",578
2025-03-01,"12","Florida","65-130",970
2025-03-01,"13","Georgia","0-130",437
2025-03-01,"13","Georgia","0-64",189
2025-03-01,"13","Georgia","65-130",247
2025-03-01,"66","Guam","0-130",NA
2025-03-01,"66","Guam","0-64",NA
2025-03-01,"66","Guam","65-130",NA
2025-03-01,"15","Hawaii","0-130",67
2025-03-01,"15","Hawaii","0-64",25
2025-03-01,"15","Hawaii","65-130",42
2025-03-01,"16","Idaho","0-130",124
2025-03-01,"16","Idaho","0-64",59
2025-03-01,"16","Idaho","65-130",65
2025-03-01,"17","Illinois","0-130",1301
2025-03-01,"17","Illinois","0-64",542
2025-03-01,"17","Illinois","65-130",759
2025-03-01,"18","Indiana","0-130",1156
2025-03-01,"18","Indiana","0-64",458
2025-03-01,"18","Indiana","65-130",698
2025-03-01,"19","Iowa","0-130",352
2025-03-01,"19","Iowa","0-64",157
2025-03-01,"19","Iowa","65-130",195
2025-03-01,"20","Kansas","0-130",305
2025-03-01,"20","Kansas","0-64",102
2025-03-01,"20","Kansas","65-130",187
2025-03-01,"21","Kentucky","0-130",774
2025-03-01,"21","Kentucky","0-64",350
2025-03-01,"21","Kentucky","65-130",424
2025-03-01,"22","Louisiana","0-130",359
2025-03-01,"22","Louisiana","0-64",195
2025-03-01,"22","Louisiana","65-130",164
2025-03-01,"23","Maine","0-130",205
2025-03-01,"23","Maine","0-64",94
2025-03-01,"23","Maine","65-130",111
2025-03-01,"24","Maryland","0-130",548
2025-03-01,"24","Maryland","0-64",234
2025-03-01,"24","Maryland","65-130",314
2025-03-01,"25","Massachusetts","0-130",1068
2025-03-01,"25","Massachusetts","0-64",328
2025-03-01,"25","Massachusetts","65-130",740
2025-03-01,"26","Michigan","0-130",1393
2025-03-01,"26","Michigan","0-64",574
2025-03-01,"26","Michigan","65-130",803
2025-03-01,"27","Minnesota","0-130",279
2025-03-01,"27","Minnesota","0-64",114
2025-03-01,"27","Minnesota","65-130",165
2025-03-01,"28","Mississippi","0-130",158
2025-03-01,"28","Mississippi","0-64",65
2025-03-01,"28","Mississippi","65-130",92
2025-03-01,"29","Missouri","0-130",861
2025-03-01,"29","Missouri","0-64",394
2025-03-01,"29","Missouri","65-130",467
2025-03-01,"30","Montana","0-130",186
2025-03-01,"30","Montana","0-64",59
2025-03-01,"30","Montana","65-130",125
2025-03-01,"31","Nebraska","0-130",197
2025-03-01,"31","Nebraska","0-64",84
2025-03-01,"31","Nebraska","65-130",113
2025-03-01,"32","Nevada","0-130",97
2025-03-01,"32","Nevada","0-64",39
2025-03-01,"32","Nevada","65-130",58
2025-03-01,"33","New Hampshire","0-130",190
2025-03-01,"33","New Hampshire","0-64",74
2025-03-01,"33","New Hampshire","65-130",116
2025-03-01,"34","New Jersey","0-130",938
2025-03-01,"34","New Jersey","0-64",340
2025-03-01,"34","New Jersey","65-130",598
2025-03-01,"35","New Mexico","0-130",184
2025-03-01,"35","New Mexico","0-64",107
2025-03-01,"35","New Mexico","65-130",77
2025-03-01,"36","New York","0-130",1617
2025-03-01,"36","New York","0-64",721
2025-03-01,"36","New York","65-130",895
2025-03-01,"37","North Carolina","0-130",917
2025-03-01,"37","North Carolina","0-64",410
2025-03-01,"37","North Carolina","65-130",503
2025-03-01,"38","North Dakota","0-130",47
2025-03-01,"38","North Dakota","0-64",20
2025-03-01,"38","North Dakota","65-130",27
2025-03-01,"69","Northern Mariana Islands","0-130",2
2025-03-01,"69","Northern Mariana Islands","0-64",1
2025-03-01,"69","Northern Mariana Islands","65-130",1
2025-03-01,"39","Ohio","0-130",2540
2025-03-01,"39","Ohio","0-64",1102
2025-03-01,"39","Ohio","65-130",1438
2025-03-01,"40","Oklahoma","0-130",334
2025-03-01,"40","Oklahoma","0-64",132
2025-03-01,"40","Oklahoma","65-130",198
2025-03-01,"41","Oregon","0-130",321
2025-03-01,"41","Oregon","0-64",146
2025-03-01,"41","Oregon","65-130",175
2025-03-01,"42","Pennsylvania","0-130",3019
2025-03-01,"42","Pennsylvania","0-64",1246
2025-03-01,"42","Pennsylvania","65-130",1764
2025-03-01,"72","Puerto Rico","0-130",NA
2025-03-01,"72","Puerto Rico","0-64",NA
2025-03-01,"72","Puerto Rico","65-130",NA
2025-03-01,"44","Rhode Island","0-130",107
2025-03-01,"44","Rhode Island","0-64",39
2025-03-01,"44","Rhode Island","65-130",68
2025-03-01,"45","South Carolina","0-130",442
2025-03-01,"45","South Carolina","0-64",188
2025-03-01,"45","South Carolina","65-130",254
2025-03-01,"46","South Dakota","0-130",89
2025-03-01,"46","South Dakota","0-64",32
2025-03-01,"46","South Dakota","65-130",57
2025-03-01,"47","Tennessee","0-130",526
2025-03-01,"47","Tennessee","0-64",225
2025-03-01,"47","Tennessee","65-130",300
2025-03-01,"48","Texas","0-130",1528
2025-03-01,"48","Texas","0-64",699
2025-03-01,"48","Texas","65-130",824
2025-03-01,"US","US","0-130",30819
2025-03-01,"US","US","0-64",13077
2025-03-01,"US","US","65-130",17631
2025-03-01,"49","Utah","0-130",123
2025-03-01,"49","Utah","0-64",67
2025-03-01,"49","Utah","65-130",56
2025-03-01,"50","Vermont","0-130",65
2025-03-01,"50","Vermont","0-64",21
2025-03-01,"50","Vermont","65-130",38
2025-03-01,"78","Virgin Islands","0-130",0
2025-03-01,"78","Virgin Islands","0-64",0
2025-03-01,"78","Virgin Islands","65-130",0
2025-03-01,"51","Virginia","0-130",714
2025-03-01,"51","Virginia","0-64",269
2025-03-01,"51","Virginia","65-130",445
2025-03-01,"53","Washington","0-130",422
2025-03-01,"53","Washington","0-64",160
2025-03-01,"53","Washington","65-130",257
2025-03-01,"54","West Virginia","0-130",511
2025-03-01,"54","West Virginia","0-64",201
2025-03-01,"54","West Virginia","65-130",308
2025-03-01,"55","Wisconsin","0-130",781
2025-03-01,"55","Wisconsin","0-64",296
2025-03-01,"55","Wisconsin","65-130",477
2025-03-01,"56","Wyoming","0-130",46
2025-03-01,"56","Wyoming","0-64",23
2025-03-01,"56","Wyoming","65-130",23
2025-03-08,"01","Alabama","0-130",315
2025-03-08,"01","Alabama","0-64",150
2025-03-08,"01","Alabama","65-130",165
2025-03-08,"02","Alaska","0-130",62
2025-03-08,"02","Alaska","0-64",35
2025-03-08,"02","Alaska","65-130",27
2025-03-08,"60","American Samoa","0-130",NA
2025-03-08,"60","American Samoa","0-64",NA
2025-03-08,"60","American Samoa","65-130",NA
2025-03-08,"04","Arizona","0-130",468
2025-03-08,"04","Arizona","0-64",184
2025-03-08,"04","Arizona","65-130",284
2025-03-08,"05","Arkansas","0-130",325
2025-03-08,"05","Arkansas","0-64",151
2025-03-08,"05","Arkansas","65-130",174
2025-03-08,"06","California","0-130",1041
2025-03-08,"06","California","0-64",503
2025-03-08,"06","California","65-130",534
2025-03-08,"08","Colorado","0-130",311
2025-03-08,"08","Colorado","0-64",141
2025-03-08,"08","Colorado","65-130",170
2025-03-08,"09","Connecticut","0-130",187
2025-03-08,"09","Connecticut","0-64",77
2025-03-08,"09","Connecticut","65-130",110
2025-03-08,"10","Delaware","0-130",55
2025-03-08,"10","Delaware","0-64",25
2025-03-08,"10","Delaware","65-130",30
2025-03-08,"11","District of Columbia","0-130",103
2025-03-08,"11","District of Columbia","0-64",68
2025-03-08,"11","District of Columbia","65-130",21
2025-03-08,"12","Florida","0-130",1243
2025-03-08,"12","Florida","0-64",497
2025-03-08,"12","Florida","65-130",746
2025-03-08,"13","Georgia","0-130",396
2025-03-08,"13","Georgia","0-64",189
2025-03-08,"13","Georgia","65-130",207
2025-03-08,"66","Guam","0-130",0
2025-03-08,"66","Guam","0-64",0
2025-03-08,"66","Guam","65-130",0
2025-03-08,"15","Hawaii","0-130",63
2025-03-08,"15","Hawaii","0-64",27
2025-03-08,"15","Hawaii","65-130",36
2025-03-08,"16","Idaho","0-130",90
2025-03-08,"16","Idaho","0-64",45
2025-03-08,"16","Idaho","65-130",45
2025-03-08,"17","Illinois","0-130",956
2025-03-08,"17","Illinois","0-64",398
2025-03-08,"17","Illinois","65-130",555
2025-03-08,"18","Indiana","0-130",871
2025-03-08,"18","Indiana","0-64",322
2025-03-08,"18","Indiana","65-130",538
2025-03-08,"19","Iowa","0-130",271
2025-03-08,"19","Iowa","0-64",105
2025-03-08,"19","Iowa","65-130",166
2025-03-08,"20","Kansas","0-130",251
2025-03-08,"20","Kansas","0-64",81
2025-03-08,"20","Kansas","65-130",156
2025-03-08,"21","Kentucky","0-130",633
2025-03-08,"21","Kentucky","0-64",251
2025-03-08,"21","Kentucky","65-130",382
2025-03-08,"22","Louisiana","0-130",398
2025-03-08,"22","Louisiana","0-64",199
2025-03-08,"22","Louisiana","65-130",199
2025-03-08,"23","Maine","0-130",200
2025-03-08,"23","Maine","0-64",91
2025-03-08,"23","Maine","65-130",109
2025-03-08,"24","Maryland","0-130",379
2025-03-08,"24","Maryland","0-64",173
2025-03-08,"24","Maryland","65-130",206
2025-03-08,"25","Massachusetts","0-130",744
2025-03-08,"25","Massachusetts","0-64",225
2025-03-08,"25","Massachusetts","65-130",518
2025-03-08,"26","Michigan","0-130",1015
2025-03-08,"26","Michigan","0-64",401
2025-03-08,"26","Michigan","65-130",608
2025-03-08,"27","Minnesota","0-130",195
2025-03-08,"27","Minnesota","0-64",82
2025-03-08,"27","Minnesota","65-130",113
2025-03-08,"28","Mississippi","0-130",172
2025-03-08,"28","Mississippi","0-64",68
2025-03-08,"28","Mississippi","65-130",104
2025-03-08,"29","Missouri","0-130",692
2025-03-08,"29","Missouri","0-64",322
2025-03-08,"29","Missouri","65-130",370
2025-03-08,"30","Montana","0-130",151
2025-03-08,"30","Montana","0-64",43
2025-03-08,"30","Montana","65-130",107
2025-03-08,"31","Nebraska","0-130",153
2025-03-08,"31","Nebraska","0-64",68
2025-03-08,"31","Nebraska","65-130",85
2025-03-08,"32","Nevada","0-130",79
2025-03-08,"32","Nevada","0-64",41
2025-03-08,"32","Nevada","65-130",38
2025-03-08,"33","New Hampshire","0-130",145
2025-03-08,"33","New Hampshire","0-64",57
2025-03-08,"33","New Hampshire","65-130",88
2025-03-08,"34","New Jersey","0-130",630
2025-03-08,"34","New Jersey","0-64",243
2025-03-08,"34","New Jersey","65-130",387
2025-03-08,"35","New Mexico","0-130",178
2025-03-08,"35","New Mexico","0-64",99
2025-03-08,"35","New Mexico","65-130",79
2025-03-08,"36","New York","0-130",1282
2025-03-08,"36","New York","0-64",605
2025-03-08,"36","New York","65-130",677
2025-03-08,"37","North Carolina","0-130",821
2025-03-08,"37","North Carolina","0-64",346
2025-03-08,"37","North Carolina","65-130",470
2025-03-08,"38","North Dakota","0-130",31
2025-03-08,"38","North Dakota","0-64",20
2025-03-08,"38","North Dakota","65-130",11
2025-03-08,"69","Northern Mariana Islands","0-130",3
2025-03-08,"69","Northern Mariana Islands","0-64",0
2025-03-08,"69","Northern Mariana Islands","65-130",3
2025-03-08,"39","Ohio","0-130",1882
2025-03-08,"39","Ohio","0-64",796
2025-03-08,"39","Ohio","65-130",1086
2025-03-08,"40","Oklahoma","0-130",221
2025-03-08,"40","Oklahoma","0-64",86
2025-03-08,"40","Oklahoma","65-130",135
2025-03-08,"41","Oregon","0-130",207
2025-03-08,"41","Oregon","0-64",115
2025-03-08,"41","Oregon","65-130",92
2025-03-08,"42","Pennsylvania","0-130",2356
2025-03-08,"42","Pennsylvania","0-64",1068
2025-03-08,"42","Pennsylvania","65-130",1282
2025-03-08,"72","Puerto Rico","0-130",283
2025-03-08,"72","Puerto Rico","0-64",154
2025-03-08,"72","Puerto Rico","65-130",112
2025-03-08,"44","Rhode Island","0-130",65
2025-03-08,"44","Rhode Island","0-64",21
2025-03-08,"44","Rhode Island","65-130",44
2025-03-08,"45","South Carolina","0-130",408
2025-03-08,"45","South Carolina","0-64",169
2025-03-08,"45","South Carolina","65-130",239
2025-03-08,"46","South Dakota","0-130",53
2025-03-08,"46","South Dakota","0-64",18
2025-03-08,"46","South Dakota","65-130",35
2025-03-08,"47","Tennessee","0-130",477
2025-03-08,"47","Tennessee","0-64",221
2025-03-08,"47","Tennessee","65-130",256
2025-03-08,"48","Texas","0-130",1208
2025-03-08,"48","Texas","0-64",567
2025-03-08,"48","Texas","65-130",634
2025-03-08,"US","US","0-130",24026
2025-03-08,"US","US","0-64",10340
2025-03-08,"US","US","65-130",13585
2025-03-08,"49","Utah","0-130",121
2025-03-08,"49","Utah","0-64",74
2025-03-08,"49","Utah","65-130",47
2025-03-08,"50","Vermont","0-130",43
2025-03-08,"50","Vermont","0-64",12
2025-03-08,"50","Vermont","65-130",31
2025-03-08,"78","Virgin Islands","0-130",0
2025-03-08,"78","Virgin Islands","0-64",0
2025-03-08,"78","Virgin Islands","65-130",0
2025-03-08,"51","Virginia","0-130",556
2025-03-08,"51","Virginia","0-64",224
2025-03-08,"51","Virginia","65-130",330
2025-03-08,"53","Washington","0-130",241
2025-03-08,"53","Washington","0-64",109
2025-03-08,"53","Washington","65-130",130
2025-03-08,"54","West Virginia","0-130",456
2025-03-08,"54","West Virginia","0-64",184
2025-03-08,"54","West Virginia","65-130",272
2025-03-08,"55","Wisconsin","0-130",501
2025-03-08,"55","Wisconsin","0-64",179
2025-03-08,"55","Wisconsin","65-130",314
2025-03-08,"56","Wyoming","0-130",NA
2025-03-08,"56","Wyoming","0-64",NA
2025-03-08,"56","Wyoming","65-130",NA
2025-03-15,"01","Alabama","0-130",273
2025-03-15,"01","Alabama","0-64",122
2025-03-15,"01","Alabama","65-130",151
2025-03-15,"02","Alaska","0-130",31
2025-03-15,"02","Alaska","0-64",22
2025-03-15,"02","Alaska","65-130",9
2025-03-15,"60","American Samoa","0-130",4
2025-03-15,"60","American Samoa","0-64",2
2025-03-15,"60","American Samoa","65-130",2
2025-03-15,"04","Arizona","0-130",359
2025-03-15,"04","Arizona","0-64",157
2025-03-15,"04","Arizona","65-130",200
2025-03-15,"05","Arkansas","0-130",229
2025-03-15,"05","Arkansas","0-64",106
2025-03-15,"05","Arkansas","65-130",123
2025-03-15,"06","California","0-130",959
2025-03-15,"06","California","0-64",442
2025-03-15,"06","California","65-130",515
2025-03-15,"08","Colorado","0-130",215
2025-03-15,"08","Colorado","0-64",103
2025-03-15,"08","Colorado","65-130",112
2025-03-15,"09","Connecticut","0-130",147
2025-03-15,"09","Connecticut","0-64",66
2025-03-15,"09","Connecticut","65-130",81
2025-03-15,"10","Delaware","0-130",45
2025-03-15,"10","Delaware","0-64",28
2025-03-15,"10","Delaware","65-130",17
2025-03-15,"11","District of Columbia","0-130",81
2025-03-15,"11","District of Columbia","0-64",57
2025-03-15,"11","District of Columbia","65-130",11
2025-03-15,"12","Florida","0-130",1072
2025-03-15,"12","Florida","0-64",412
2025-03-15,"12","Florida","65-130",660
2025-03-15,"13","Georgia","0-130",365
2025-03-15,"13","Georgia","0-64",176
2025-03-15,"13","Georgia","65-130",189
2025-03-15,"15","Hawaii","0-130",56
2025-03-15,"15","Hawaii","0-64",21
2025-03-15,"15","Hawaii","65-130",35
2025-03-15,"16","Idaho","0-130",99
2025-03-15,"16","Idaho","0-64",60
2025-03-15,"16","Idaho","65-130",39
2025-03-15,"17","Illinois","0-130",695
2025-03-15,"17","Illinois","0-64",275
2025-03-15,"17","Illinois","65-130",420
2025-03-15,"18","Indiana","0-130",580
2025-03-15,"18","Indiana","0-64",235
2025-03-15,"18","Indiana","65-130",345
2025-03-15,"19","Iowa","0-130",187
2025-03-15,"19","Iowa","0-64",95
2025-03-15,"19","Iowa","65-130",92
2025-03-15,"20","Kansas","0-130",164
2025-03-15,"20","Kansas","0-64",49
2025-03-15,"20","Kansas","65-130",102
2025-03-15,"21","Kentucky","0-130",494
2025-03-15,"21","Kentucky","0-64",196
2025-03-15,"21","Kentucky","65-130",297
2025-03-15,"22","Louisiana","0-130",327
2025-03-15,"22","Louisiana","0-64",138
2025-03-15,"22","Louisiana","65-130",189
2025-03-15,"23","Maine","0-130",115
2025-03-15,"23","Maine","0-64",48
2025-03-15,"23","Maine","65-130",67
2025-03-15,"24","Maryland","0-130",291
2025-03-15,"24","Maryland","0-64",127
2025-03-15,"24","Maryland","65-130",164
2025-03-15,"25","Massachusetts","0-130",416
2025-03-15,"25","Massachusetts","0-64",141
2025-03-15,"25","Massachusetts","65-130",273
2025-03-15,"26","Michigan","0-130",746
2025-03-15,"26","Michigan","0-64",306
2025-03-15,"26","Michigan","65-130",439
2025-03-15,"27","Minnesota","0-130",158
2025-03-15,"27","Minnesota","0-64",63
2025-03-15,"27","Minnesota","65-130",95
2025-03-15,"28","Mississippi","0-130",190
2025-03-15,"28","Mississippi","0-64",84
2025-03-15,"28","Mississippi","65-130",106
2025-03-15,"29","Missouri","0-130",440
2025-03-15,"29","Missouri","0-64",187
2025-03-15,"29","Missouri","65-130",253
2025-03-15,"30","Montana","0-130",118
2025-03-15,"30","Montana","0-64",47
2025-03-15,"30","Montana","65-130",65
2025-03-15,"31","Nebraska","0-130",80
2025-03-15,"31","Nebraska","0-64",33
2025-03-15,"31","Nebraska","65-130",46
2025-03-15,"32","Nevada","0-130",88
2025-03-15,"32","Nevada","0-64",46
2025-03-15,"32","Nevada","65-130",42
2025-03-15,"33","New Hampshire","0-130",79
2025-03-15,"33","New Hampshire","0-64",30
2025-03-15,"33","New Hampshire","65-130",49
2025-03-15,"34","New Jersey","0-130",465
2025-03-15,"34","New Jersey","0-64",223
2025-03-15,"34","New Jersey","65-130",242
2025-03-15,"35","New Mexico","0-130",146
2025-03-15,"35","New Mexico","0-64",87
2025-03-15,"35","New Mexico","65-130",58
2025-03-15,"36","New York","0-130",1109
2025-03-15,"36","New York","0-64",492
2025-03-15,"36","New York","65-130",617
2025-03-15,"37","North Carolina","0-130",665
2025-03-15,"37","North Carolina","0-64",289
2025-03-15,"37","North Carolina","65-130",373
2025-03-15,"38","North Dakota","0-130",36
2025-03-15,"38","North Dakota","0-64",21
2025-03-15,"38","North Dakota","65-130",15
2025-03-15,"69","Northern Mariana Islands","0-130",0
2025-03-15,"69","Northern Mariana Islands","0-64",0
2025-03-15,"69","Northern Mariana Islands","65-130",0
2025-03-15,"39","Ohio","0-130",1321
2025-03-15,"39","Ohio","0-64",548
2025-03-15,"39","Ohio","65-130",773
2025-03-15,"40","Oklahoma","0-130",143
2025-03-15,"40","Oklahoma","0-64",52
2025-03-15,"40","Oklahoma","65-130",91
2025-03-15,"41","Oregon","0-130",184
2025-03-15,"41","Oregon","0-64",101
2025-03-15,"41","Oregon","65-130",83
2025-03-15,"42","Pennsylvania","0-130",1618
2025-03-15,"42","Pennsylvania","0-64",718
2025-03-15,"42","Pennsylvania","65-130",894
2025-03-15,"72","Puerto Rico","0-130",346
2025-03-15,"72","Puerto Rico","0-64",200
2025-03-15,"72","Puerto Rico","65-130",131
2025-03-15,"44","Rhode Island","0-130",68
2025-03-15,"44","Rhode Island","0-64",24
2025-03-15,"44","Rhode Island","65-130",44
2025-03-15,"45","South Carolina","0-130",269
2025-03-15,"45","South Carolina","0-64",110
2025-03-15,"45","South Carolina","65-130",159
2025-03-15,"46","South Dakota","0-130",26
2025-03-15,"46","South Dakota","0-64",6
2025-03-15,"46","South Dakota","65-130",20
2025-03-15,"47","Tennessee","0-130",461
2025-03-15,"47","Tennessee","0-64",188
2025-03-15,"47","Tennessee","65-130",273
2025-03-15,"48","Texas","0-130",905
2025-03-15,"48","Texas","0-64",417
2025-03-15,"48","Texas","65-130",484
2025-03-15,"US","US","0-130",18423
2025-03-15,"US","US","0-64",8006
2025-03-15,"US","US","65-130",10343
2025-03-15,"49","Utah","0-130",102
2025-03-15,"49","Utah","0-64",54
2025-03-15,"49","Utah","65-130",48
2025-03-15,"50","Vermont","0-130",32
2025-03-15,"50","Vermont","0-64",10
2025-03-15,"50","Vermont","65-130",20
2025-03-15,"78","Virgin Islands","0-130",1
2025-03-15,"78","Virgin Islands","0-64",1
2025-03-15,"78","Virgin Islands","65-130",0
2025-03-15,"51","Virginia","0-130",514
2025-03-15,"51","Virginia","0-64",212
2025-03-15,"51","Virginia","65-130",302
2025-03-15,"53","Washington","0-130",191
2025-03-15,"53","Washington","0-64",91
2025-03-15,"53","Washington","65-130",98
2025-03-15,"54","West Virginia","0-130",347
2025-03-15,"54","West Virginia","0-64",135
2025-03-15,"54","West Virginia","65-130",212
2025-03-15,"55","Wisconsin","0-130",326
2025-03-15,"55","Wisconsin","0-64",134
2025-03-15,"55","Wisconsin","65-130",192
2025-03-15,"56","Wyoming","0-130",44
2025-03-15,"56","Wyoming","0-64",18
2025-03-15,"56","Wyoming","65-130",26
2025-03-22,"01","Alabama","0-130",193
2025-03-22,"01","Alabama","0-64",76
2025-03-22,"01","Alabama","65-130",117
2025-03-22,"02","Alaska","0-130",26
2025-03-22,"02","Alaska","0-64",11
2025-03-22,"02","Alaska","65-130",15
2025-03-22,"60","American Samoa","0-130",3
2025-03-22,"60","American Samoa","0-64",3
2025-03-22,"60","American Samoa","65-130",0
2025-03-22,"04","Arizona","0-130",307
2025-03-22,"04","Arizona","0-64",166
2025-03-22,"04","Arizona","65-130",141
2025-03-22,"05","Arkansas","0-130",164
2025-03-22,"05","Arkansas","0-64",84
2025-03-22,"05","Arkansas","65-130",80
2025-03-22,"06","California","0-130",689
2025-03-22,"06","California","0-64",334
2025-03-22,"06","California","65-130",352
2025-03-22,"08","Colorado","0-130",162
2025-03-22,"08","Colorado","0-64",68
2025-03-22,"08","Colorado","65-130",94
2025-03-22,"09","Connecticut","0-130",118
2025-03-22,"09","Connecticut","0-64",46
2025-03-22,"09","Connecticut","65-130",72
2025-03-22,"10","Delaware","0-130",33
2025-03-22,"10","Delaware","0-64",18
2025-03-22,"10","Delaware","65-130",15
2025-03-22,"12","Florida","0-130",920
2025-03-22,"12","Florida","0-64",398
2025-03-22,"12","Florida","65-130",522
2025-03-22,"13","Georgia","0-130",235
2025-03-22,"13","Georgia","0-64",119
2025-03-22,"13","Georgia","65-130",116
2025-03-22,"15","Hawaii","0-130",42
2025-03-22,"15","Hawaii","0-64",20
2025-03-22,"15","Hawaii","65-130",22
2025-03-22,"16","Idaho","0-130",83
2025-03-22,"16","Idaho","0-64",44
2025-03-22,"16","Idaho","65-130",39
2025-03-22,"17","Illinois","0-130",507
2025-03-22,"17","Illinois","0-64",240
2025-03-22,"17","Illinois","65-130",267
2025-03-22,"18","Indiana","0-130",392
2025-03-22,"18","Indiana","0-64",159
2025-03-22,"18","Indiana","65-130",233
2025-03-22,"19","Iowa","0-130",99
2025-03-22,"19","Iowa","0-64",40
2025-03-22,"19","Iowa","65-130",59
2025-03-22,"20","Kansas","0-130",120
2025-03-22,"20","Kansas","0-64",33
2025-03-22,"20","Kansas","65-130",82
2025-03-22,"21","Kentucky","0-130",372
2025-03-22,"21","Kentucky","0-64",151
2025-03-22,"21","Kentucky","65-130",220
2025-03-22,"22","Louisiana","0-130",230
2025-03-22,"22","Louisiana","0-64",101
2025-03-22,"22","Louisiana","65-130",129
2025-03-22,"23","Maine","0-130",83
2025-03-22,"23","Maine","0-64",36
2025-03-22,"23","Maine","65-130",47
2025-03-22,"24","Maryland","0-130",210
2025-03-22,"24","Maryland","0-64",104
2025-03-22,"24","Maryland","65-130",106
2025-03-22,"25","Massachusetts","0-130",299
2025-03-22,"25","Massachusetts","0-64",101
2025-03-22,"25","Massachusetts","65-130",198
2025-03-22,"26","Michigan","0-130",793
2025-03-22,"26","Michigan","0-64",247
2025-03-22,"26","Michigan","65-130",541
2025-03-22,"27","Minnesota","0-130",182
2025-03-22,"27","Minnesota","0-64",50
2025-03-22,"27","Minnesota","65-130",132
2025-03-22,"28","Mississippi","0-130",102
2025-03-22,"28","Mississippi","0-64",39
2025-03-22,"28","Mississippi","65-130",62
2025-03-22,"29","Missouri","0-130",369
2025-03-22,"29","Missouri","0-64",158
2025-03-22,"29","Missouri","65-130",211
2025-03-22,"30","Montana","0-130",87
2025-03-22,"30","Montana","0-64",32
2025-03-22,"30","Montana","65-130",55
2025-03-22,"31","Nebraska","0-130",58
2025-03-22,"31","Nebraska","0-64",26
2025-03-22,"31","Nebraska","65-130",32
2025-03-22,"32","Nevada","0-130",81
2025-03-22,"32","Nevada","0-64",46
2025-03-22,"32","Nevada","65-130",35
2025-03-22,"33","New Hampshire","0-130",53
2025-03-22,"33","New Hampshire","0-64",24
2025-03-22,"33","New Hampshire","65-130",29
2025-03-22,"34","New Jersey","0-130",345
2025-03-22,"34","New Jersey","0-64",164
2025-03-22,"34","New Jersey","65-130",181
2025-03-22,"35","New Mexico","0-130",110
2025-03-22,"35","New Mexico","0-64",61
2025-03-22,"35","New Mexico","65-130",49
2025-03-22,"36","New York","0-130",895
2025-03-22,"36","New York","0-64",435
2025-03-22,"36","New York","65-130",460
2025-03-22,"37","North Carolina","0-130",434
2025-03-22,"37","North Carolina","0-64",185
2025-03-22,"37","North Carolina","65-130",244
2025-03-22,"38","North Dakota","0-130",24
2025-03-22,"38","North Dakota","0-64",8
2025-03-22,"38","North Dakota","65-130",16
2025-03-22,"69","Northern Mariana Islands","0-130",0
2025-03-22,"69","Northern Mariana Islands","0-64",0
2025-03-22,"69","Northern Mariana Islands","65-130",0
2025-03-22,"39","Ohio","0-130",788
2025-03-22,"39","Ohio","0-64",327
2025-03-22,"39","Ohio","65-130",461
2025-03-22,"40","Oklahoma","0-130",87
2025-03-22,"40","Oklahoma","0-64",30
2025-03-22,"40","Oklahoma","65-130",57
2025-03-22,"41","Oregon","0-130",125
2025-03-22,"41","Oregon","0-64",68
2025-03-22,"41","Oregon","65-130",57
2025-03-22,"42","Pennsylvania","0-130",1258
2025-03-22,"42","Pennsylvania","0-64",513
2025-03-22,"42","Pennsylvania","65-130",742
2025-03-22,"44","Rhode Island","0-130",43
2025-03-22,"44","Rhode Island","0-64",21
2025-03-22,"44","Rhode Island","65-130",22
2025-03-22,"45","South Carolina","0-130",188
2025-03-22,"45","South Carolina","0-64",85
2025-03-22,"45","South Carolina","65-130",103
2025-03-22,"46","South Dakota","0-130",16
2025-03-22,"46","South Dakota","0-64",8
2025-03-22,"46","South Dakota","65-130",8
2025-03-22,"47","Tennessee","0-130",308
2025-03-22,"47","Tennessee","0-64",124
2025-03-22,"47","Tennessee","65-130",184
2025-03-22,"48","Texas","0-130",605
2025-03-22,"48","Texas","0-64",286
2025-03-22,"48","Texas","65-130",313
2025-03-22,"US","US","0-130",13645
2025-03-22,"US","US","0-64",5933
2025-03-22,"US","US","65-130",7665
2025-03-22,"49","Utah","0-130",76
2025-03-22,"49","Utah","0-64",41
2025-03-22,"49","Utah","65-130",35
2025-03-22,"50","Vermont","0-130",34
2025-03-22,"50","Vermont","0-64",11
2025-03-22,"50","Vermont","65-130",23
2025-03-22,"78","Virgin Islands","0-130",0
2025-03-22,"78","Virgin Islands","0-64",0
2025-03-22,"78","Virgin Islands","65-130",0
2025-03-22,"51","Virginia","0-130",339
2025-03-22,"51","Virginia","0-64",156
2025-03-22,"51","Virginia","65-130",183
2025-03-22,"53","Washington","0-130",165
2025-03-22,"53","Washington","0-64",63
2025-03-22,"53","Washington","65-130",99
2025-03-22,"54","West Virginia","0-130",275
2025-03-22,"54","West Virginia","0-64",112
2025-03-22,"54","West Virginia","65-130",162
2025-03-22,"55","Wisconsin","0-130",186
2025-03-22,"55","Wisconsin","0-64",75
2025-03-22,"55","Wisconsin","65-130",110
2025-03-22,"56","Wyoming","0-130",30
2025-03-22,"56","Wyoming","0-64",10
2025-03-22,"56","Wyoming","65-130",20
2025-03-29,"01","Alabama","0-130",169
2025-03-29,"01","Alabama","0-64",78
2025-03-29,"01","Alabama","65-130",91
2025-03-29,"02","Alaska","0-130",32
2025-03-29,"02","Alaska","0-64",18
2025-03-29,"02","Alaska","65-130",14
2025-03-29,"60","American Samoa","0-130",5
2025-03-29,"60","American Samoa","0-64",4
2025-03-29,"60","American Samoa","65-130",1
2025-03-29,"04","Arizona","0-130",222
2025-03-29,"04","Arizona","0-64",125
2025-03-29,"04","Arizona","65-130",97
2025-03-29,"05","Arkansas","0-130",111
2025-03-29,"05","Arkansas","0-64",56
2025-03-29,"05","Arkansas","65-130",55
2025-03-29,"06","California","0-130",561
2025-03-29,"06","California","0-64",297
2025-03-29,"06","California","65-130",262
2025-03-29,"08","Colorado","0-130",121
2025-03-29,"08","Colorado","0-64",74
2025-03-29,"08","Colorado","65-130",47
2025-03-29,"09","Connecticut","0-130",77
2025-03-29,"09","Connecticut","0-64",36
2025-03-29,"09","Connecticut","65-130",41
2025-03-29,"12","Florida","0-130",708
2025-03-29,"12","Florida","0-64",307
2025-03-29,"12","Florida","65-130",401
2025-03-29,"13","Georgia","0-130",190
2025-03-29,"13","Georgia","0-64",86
2025-03-29,"13","Georgia","65-130",103
2025-03-29,"66","Guam","0-130",NA
2025-03-29,"66","Guam","0-64",NA
2025-03-29,"66","Guam","65-130",NA
2025-03-29,"15","Hawaii","0-130",31
2025-03-29,"15","Hawaii","0-64",9
2025-03-29,"15","Hawaii","65-130",22
2025-03-29,"16","Idaho","0-130",50
2025-03-29,"16","Idaho","0-64",26
2025-03-29,"16","Idaho","65-130",24
2025-03-29,"17","Illinois","0-130",349
2025-03-29,"17","Illinois","0-64",198
2025-03-29,"17","Illinois","65-130",150
2025-03-29,"18","Indiana","0-130",237
2025-03-29,"18","Indiana","0-64",103
2025-03-29,"18","Indiana","65-130",134
2025-03-29,"19","Iowa","0-130",52
2025-03-29,"19","Iowa","0-64",20
2025-03-29,"19","Iowa","65-130",32
2025-03-29,"20","Kansas","0-130",68
2025-03-29,"20","Kansas","0-64",15
2025-03-29,"20","Kansas","65-130",47
2025-03-29,"21","Kentucky","0-130",267
2025-03-29,"21","Kentucky","0-64",118
2025-03-29,"21","Kentucky","65-130",149
2025-03-29,"22","Louisiana","0-130",178
2025-03-29,"22","Louisiana","0-64",86
2025-03-29,"22","Louisiana","65-130",91
2025-03-29,"23","Maine","0-130",59
2025-03-29,"23","Maine","0-64",29
2025-03-29,"23","Maine","65-130",30
2025-03-29,"24","Maryland","0-130",135
2025-03-29,"24","Maryland","0-64",67
2025-03-29,"24","Maryland","65-130",68
2025-03-29,"25","Massachusetts","0-130",213
2025-03-29,"25","Massachusetts","0-64",74
2025-03-29,"25","Massachusetts","65-130",139
2025-03-29,"26","Michigan","0-130",550
2025-03-29,"26","Michigan","0-64",173
2025-03-29,"26","Michigan","65-130",373
2025-03-29,"27","Minnesota","0-130",81
2025-03-29,"27","Minnesota","0-64",35
2025-03-29,"27","Minnesota","65-130",46
2025-03-29,"28","Mississippi","0-130",51
2025-03-29,"28","Mississippi","0-64",22
2025-03-29,"28","Mississippi","65-130",29
2025-03-29,"29","Missouri","0-130",189
2025-03-29,"29","Missouri","0-64",74
2025-03-29,"29","Missouri","65-130",115
2025-03-29,"30","Montana","0-130",52
2025-03-29,"30","Montana","0-64",21
2025-03-29,"30","Montana","65-130",29
2025-03-29,"31","Nebraska","0-130",37
2025-03-29,"31","Nebraska","0-64",17
2025-03-29,"31","Nebraska","65-130",20
2025-03-29,"32","Nevada","0-130",70
2025-03-29,"32","Nevada","0-64",42
2025-03-29,"32","Nevada","65-130",28
2025-03-29,"33","New Hampshire","0-130",34
2025-03-29,"33","New Hampshire","0-64",12
2025-03-29,"33","New Hampshire","65-130",22
2025-03-29,"34","New Jersey","0-130",282
2025-03-29,"34","New Jersey","0-64",128
2025-03-29,"34","New Jersey","65-130",154
2025-03-29,"35","New Mexico","0-130",90
2025-03-29,"35","New Mexico","0-64",55
2025-03-29,"35","New Mexico","65-130",35
2025-03-29,"36","New York","0-130",610
2025-03-29,"36","New York","0-64",308
2025-03-29,"36","New York","65-130",302
2025-03-29,"37","North Carolina","0-130",301
2025-03-29,"37","North Carolina","0-64",133
2025-03-29,"37","North Carolina","65-130",165
2025-03-29,"38","North Dakota","0-130",25
2025-03-29,"38","North Dakota","0-64",10
2025-03-29,"38","North Dakota","65-130",15
2025-03-29,"69","Northern Mariana Islands","0-130",0
2025-03-29,"69","Northern Mariana Islands","0-64",0
2025-03-29,"69","Northern Mariana Islands","65-130",0
2025-03-29,"39","Ohio","0-130",451
2025-03-29,"39","Ohio","0-64",204
2025-03-29,"39","Ohio","65-130",246
2025-03-29,"40","Oklahoma","0-130",76
2025-03-29,"40","Oklahoma","0-64",33
2025-03-29,"40","Oklahoma","65-130",43
2025-03-29,"41","Oregon","0-130",95
2025-03-29,"41","Oregon","0-64",42
2025-03-29,"41","Oregon","65-130",53
2025-03-29,"42","Pennsylvania","0-130",933
2025-03-29,"42","Pennsylvania","0-64",449
2025-03-29,"42","Pennsylvania","65-130",474
2025-03-29,"44","Rhode Island","0-130",26
2025-03-29,"44","Rhode Island","0-64",12
2025-03-29,"44","Rhode Island","65-130",14
2025-03-29,"45","South Carolina","0-130",135
2025-03-29,"45","South Carolina","0-64",57
2025-03-29,"45","South Carolina","65-130",78
2025-03-29,"46","South Dakota","0-130",11
2025-03-29,"46","South Dakota","0-64",3
2025-03-29,"46","South Dakota","65-130",8
2025-03-29,"47","Tennessee","0-130",219
2025-03-29,"47","Tennessee","0-64",96
2025-03-29,"47","Tennessee","65-130",123
2025-03-29,"48","Texas","0-130",538
2025-03-29,"48","Texas","0-64",268
2025-03-29,"48","Texas","65-130",265
2025-03-29,"US","US","0-130",9724
2025-03-29,"US","US","0-64",4533
2025-03-29,"US","US","65-130",5133
2025-03-29,"49","Utah","0-130",54
2025-03-29,"49","Utah","0-64",31
2025-03-29,"49","Utah","65-130",23
2025-03-29,"50","Vermont","0-130",26
2025-03-29,"50","Vermont","0-64",15
2025-03-29,"50","Vermont","65-130",10
2025-03-29,"78","Virgin Islands","0-130",1
2025-03-29,"78","Virgin Islands","0-64",1
2025-03-29,"78","Virgin Islands","65-130",0
2025-03-29,"51","Virginia","0-130",213
2025-03-29,"51","Virginia","0-64",97
2025-03-29,"51","Virginia","65-130",116
2025-03-29,"53","Washington","0-130",113
2025-03-29,"53","Washington","0-64",39
2025-03-29,"53","Washington","65-130",74
2025-03-29,"54","West Virginia","0-130",168
2025-03-29,"54","West Virginia","0-64",68
2025-03-29,"54","West Virginia","65-130",99
2025-03-29,"55","Wisconsin","0-130",136
2025-03-29,"55","Wisconsin","0-64",57
2025-03-29,"55","Wisconsin","65-130",73
2025-04-05,"01","Alabama","0-130",85
2025-04-05,"01","Alabama","0-64",43
2025-04-05,"01","Alabama","65-130",42
2025-04-05,"02","Alaska","0-130",17
2025-04-05,"02","Alaska","0-64",11
2025-04-05,"02","Alaska","65-130",6
2025-04-05,"04","Arizona","0-130",100
2025-04-05,"04","Arizona","0-64",60
2025-04-05,"04","Arizona","65-130",40
2025-04-05,"05","Arkansas","0-130",71
2025-04-05,"05","Arkansas","0-64",38
2025-04-05,"05","Arkansas","65-130",33
2025-04-05,"06","California","0-130",446
2025-04-05,"06","California","0-64",242
2025-04-05,"06","California","65-130",203
2025-04-05,"08","Colorado","0-130",86
2025-04-05,"08","Colorado","0-64",41
2025-04-05,"08","Colorado","65-130",45
2025-04-05,"09","Connecticut","0-130",53
2025-04-05,"09","Connecticut","0-64",28
2025-04-05,"09","Connecticut","65-130",25
2025-04-05,"12","Florida","0-130",583
2025-04-05,"12","Florida","0-64",243
2025-04-05,"12","Florida","65-130",340
2025-04-05,"13","Georgia","0-130",162
2025-04-05,"13","Georgia","0-64",63
2025-04-05,"13","Georgia","65-130",98
2025-04-05,"66","Guam","0-130",0
2025-04-05,"66","Guam","0-64",0
2025-04-05,"66","Guam","65-130",0
2025-04-05,"15","Hawaii","0-130",39
2025-04-05,"15","Hawaii","0-64",14
2025-04-05,"15","Hawaii","65-130",25
2025-04-05,"16","Idaho","0-130",27
2025-04-05,"16","Idaho","0-64",17
2025-04-05,"16","Idaho","65-130",10
2025-04-05,"17","Illinois","0-130",297
2025-04-05,"17","Illinois","0-64",189
2025-04-05,"17","Illinois","65-130",99
2025-04-05,"18","Indiana","0-130",126
2025-04-05,"18","Indiana","0-64",57
2025-04-05,"18","Indiana","65-130",69
2025-04-05,"19","Iowa","0-130",43
2025-04-05,"19","Iowa","0-64",23
2025-04-05,"19","Iowa","65-130",20
2025-04-05,"20","Kansas","0-130",40
2025-04-05,"20","Kansas","0-64",15
2025-04-05,"20","Kansas","65-130",22
2025-04-05,"21","Kentucky","0-130",175
2025-04-05,"21","Kentucky","0-64",66
2025-04-05,"21","Kentucky","65-130",109
2025-04-05,"22","Louisiana","0-130",121
2025-04-05,"22","Louisiana","0-64",54
2025-04-05,"22","Louisiana","65-130",67
2025-04-05,"23","Maine","0-130",55
2025-04-05,"23","Maine","0-64",29
2025-04-05,"23","Maine","65-130",26
2025-04-05,"24","Maryland","0-130",129
2025-04-05,"24","Maryland","0-64",74
2025-04-05,"24","Maryland","65-130",55
2025-04-05,"25","Massachusetts","0-130",135
2025-04-05,"25","Massachusetts","0-64",35
2025-04-05,"25","Massachusetts","65-130",100
2025-04-05,"26","Michigan","0-130",278
2025-04-05,"26","Michigan","0-64",88
2025-04-05,"26","Michigan","65-130",187
2025-04-05,"27","Minnesota","0-130",59
2025-04-05,"27","Minnesota","0-64",35
2025-04-05,"27","Minnesota","65-130",24
2025-04-05,"28","Mississippi","0-130",48
2025-04-05,"28","Mississippi","0-64",25
2025-04-05,"28","Mississippi","65-130",23
2025-04-05,"29","Missouri","0-130",130
2025-04-05,"29","Missouri","0-64",52
2025-04-05,"29","Missouri","65-130",78
2025-04-05,"30","Montana","0-130",31
2025-04-05,"30","Montana","0-64",17
2025-04-05,"30","Montana","65-130",14
2025-04-05,"31","Nebraska","0-130",14
2025-04-05,"31","Nebraska","0-64",6
2025-04-05,"31","Nebraska","65-130",8
2025-04-05,"32","Nevada","0-130",41
2025-04-05,"32","Nevada","0-64",20
2025-04-05,"32","Nevada","65-130",21
2025-04-05,"33","New Hampshire","0-130",17
2025-04-05,"33","New Hampshire","0-64",5
2025-04-05,"33","New Hampshire","65-130",12
2025-04-05,"34","New Jersey","0-130",248
2025-04-05,"34","New Jersey","0-64",128
2025-04-05,"34","New Jersey","65-130",120
2025-04-05,"35","New Mexico","0-130",58
2025-04-05,"35","New Mexico","0-64",37
2025-04-05,"35","New Mexico","65-130",21
2025-04-05,"36","New York","0-130",503
2025-04-05,"36","New York","0-64",280
2025-04-05,"36","New York","65-130",223
2025-04-05,"37","North Carolina","0-130",188
2025-04-05,"37","North Carolina","0-64",79
2025-04-05,"37","North Carolina","65-130",108
2025-04-05,"38","North Dakota","0-130",14
2025-04-05,"38","North Dakota","0-64",6
2025-04-05,"38","North Dakota","65-130",8
2025-04-05,"69","Northern Mariana Islands","0-130",0
2025-04-05,"69","Northern Mariana Islands","0-64",0
2025-04-05,"69","Northern Mariana Islands","65-130",0
2025-04-05,"39","Ohio","0-130",269
2025-04-05,"39","Ohio","0-64",118
2025-04-05,"39","Ohio","65-130",151
2025-04-05,"40","Oklahoma","0-130",40
2025-04-05,"40","Oklahoma","0-64",18
2025-04-05,"40","Oklahoma","65-130",22
2025-04-05,"41","Oregon","0-130",85
2025-04-05,"41","Oregon","0-64",42
2025-04-05,"41","Oregon","65-130",43
2025-04-05,"42","Pennsylvania","0-130",621
2025-04-05,"42","Pennsylvania","0-64",317
2025-04-05,"42","Pennsylvania","65-130",302
2025-04-05,"72","Puerto Rico","0-130",NA
2025-04-05,"72","Puerto Rico","0-64",NA
2025-04-05,"72","Puerto Rico","65-130",NA
2025-04-05,"44","Rhode Island","0-130",25
2025-04-05,"44","Rhode Island","0-64",12
2025-04-05,"44","Rhode Island","65-130",13
2025-04-05,"45","South Carolina","0-130",80
2025-04-05,"45","South Carolina","0-64",32
2025-04-05,"45","South Carolina","65-130",48
2025-04-05,"46","South Dakota","0-130",7
2025-04-05,"46","South Dakota","0-64",5
2025-04-05,"46","South Dakota","65-130",2
2025-04-05,"47","Tennessee","0-130",150
2025-04-05,"47","Tennessee","0-64",57
2025-04-05,"47","Tennessee","65-130",92
2025-04-05,"48","Texas","0-130",369
2025-04-05,"48","Texas","0-64",184
2025-04-05,"48","Texas","65-130",177
2025-04-05,"US","US","0-130",6824
2025-04-05,"US","US","0-64",3301
2025-04-05,"US","US","65-130",3485
2025-04-05,"49","Utah","0-130",54
2025-04-05,"49","Utah","0-64",27
2025-04-05,"49","Utah","65-130",27
2025-04-05,"50","Vermont","0-130",28
2025-04-05,"50","Vermont","0-64",16
2025-04-05,"50","Vermont","65-130",11
2025-04-05,"78","Virgin Islands","0-130",0
2025-04-05,"78","Virgin Islands","0-64",0
2025-04-05,"78","Virgin Islands","65-130",0
2025-04-05,"51","Virginia","0-130",153
2025-04-05,"51","Virginia","0-64",75
2025-04-05,"51","Virginia","65-130",78
2025-04-05,"53","Washington","0-130",101
2025-04-05,"53","Washington","0-64",54
2025-04-05,"53","Washington","65-130",47
2025-04-05,"54","West Virginia","0-130",102
2025-04-05,"54","West Virginia","0-64",41
2025-04-05,"54","West Virginia","65-130",61
2025-04-05,"55","Wisconsin","0-130",77
2025-04-05,"55","Wisconsin","0-64",36
2025-04-05,"55","Wisconsin","65-130",41
2025-04-12,"01","Alabama","0-130",54
2025-04-12,"01","Alabama","0-64",22
2025-04-12,"01","Alabama","65-130",32
2025-04-12,"02","Alaska","0-130",16
2025-04-12,"02","Alaska","0-64",8
2025-04-12,"02","Alaska","65-130",8
2025-04-12,"04","Arizona","0-130",89
2025-04-12,"04","Arizona","0-64",52
2025-04-12,"04","Arizona","65-130",36
2025-04-12,"05","Arkansas","0-130",32
2025-04-12,"05","Arkansas","0-64",16
2025-04-12,"05","Arkansas","65-130",16
2025-04-12,"06","California","0-130",409
2025-04-12,"06","California","0-64",222
2025-04-12,"06","California","65-130",185
2025-04-12,"08","Colorado","0-130",62
2025-04-12,"08","Colorado","0-64",32
2025-04-12,"08","Colorado","65-130",30
2025-04-12,"09","Connecticut","0-130",39
2025-04-12,"09","Connecticut","0-64",17
2025-04-12,"09","Connecticut","65-130",22
2025-04-12,"12","Florida","0-130",389
2025-04-12,"12","Florida","0-64",168
2025-04-12,"12","Florida","65-130",221
2025-04-12,"13","Georgia","0-130",84
2025-04-12,"13","Georgia","0-64",42
2025-04-12,"13","Georgia","65-130",41
2025-04-12,"66","Guam","0-130",1
2025-04-12,"66","Guam","0-64",1
2025-04-12,"66","Guam","65-130",0
2025-04-12,"15","Hawaii","0-130",24
2025-04-12,"15","Hawaii","0-64",13
2025-04-12,"15","Hawaii","65-130",11
2025-04-12,"16","Idaho","0-130",27
2025-04-12,"16","Idaho","0-64",17
2025-04-12,"16","Idaho","65-130",10
2025-04-12,"17","Illinois","0-130",156
2025-04-12,"17","Illinois","0-64",81
2025-04-12,"17","Illinois","65-130",75
2025-04-12,"18","Indiana","0-130",87
2025-04-12,"18","Indiana","0-64",47
2025-04-12,"18","Indiana","65-130",40
2025-04-12,"19","Iowa","0-130",20
2025-04-12,"19","Iowa","0-64",8
2025-04-12,"19","Iowa","65-130",12
2025-04-12,"20","Kansas","0-130",29
2025-04-12,"20","Kansas","0-64",7
2025-04-12,"20","Kansas","65-130",21
2025-04-12,"21","Kentucky","0-130",88
2025-04-12,"21","Kentucky","0-64",32
2025-04-12,"21","Kentucky","65-130",56
2025-04-12,"22","Louisiana","0-130",76
2025-04-12,"22","Louisiana","0-64",41
2025-04-12,"22","Louisiana","65-130",35
2025-04-12,"23","Maine","0-130",40
2025-04-12,"23","Maine","0-64",21
2025-04-12,"23","Maine","65-130",19
2025-04-12,"24","Maryland","0-130",94
2025-04-12,"24","Maryland","0-64",63
2025-04-12,"24","Maryland","65-130",31
2025-04-12,"25","Massachusetts","0-130",114
2025-04-12,"25","Massachusetts","0-64",44
2025-04-12,"25","Massachusetts","65-130",70
2025-04-12,"26","Michigan","0-130",224
2025-04-12,"26","Michigan","0-64",103
2025-04-12,"26","Michigan","65-130",121
2025-04-12,"27","Minnesota","0-130",53
2025-04-12,"27","Minnesota","0-64",28
2025-04-12,"27","Minnesota","65-130",25
2025-04-12,"28","Mississippi","0-130",43
2025-04-12,"28","Mississippi","0-64",21
2025-04-12,"28","Mississippi","65-130",21
2025-04-12,"29","Missouri","0-130",99
2025-04-12,"29","Missouri","0-64",46
2025-04-12,"29","Missouri","65-130",53
2025-04-12,"30","Montana","0-130",32
2025-04-12,"30","Montana","0-64",2
2025-04-12,"30","Montana","65-130",28
2025-04-12,"31","Nebraska","0-130",16
2025-04-12,"31","Nebraska","0-64",9
2025-04-12,"31","Nebraska","65-130",7
2025-04-12,"32","Nevada","0-130",48
2025-04-12,"32","Nevada","0-64",25
2025-04-12,"32","Nevada","65-130",23
2025-04-12,"33","New Hampshire","0-130",22
2025-04-12,"33","New Hampshire","0-64",7
2025-04-12,"33","New Hampshire","65-130",15
2025-04-12,"34","New Jersey","0-130",161
2025-04-12,"34","New Jersey","0-64",78
2025-04-12,"34","New Jersey","65-130",83
2025-04-12,"35","New Mexico","0-130",37
2025-04-12,"35","New Mexico","0-64",25
2025-04-12,"35","New Mexico","65-130",12
2025-04-12,"36","New York","0-130",395
2025-04-12,"36","New York","0-64",223
2025-04-12,"36","New York","65-130",172
2025-04-12,"37","North Carolina","0-130",98
2025-04-12,"37","North Carolina","0-64",42
2025-04-12,"37","North Carolina","65-130",56
2025-04-12,"38","North Dakota","0-130",12
2025-04-12,"38","North Dakota","0-64",8
2025-04-12,"38","North Dakota","65-130",4
2025-04-12,"69","Northern Mariana Islands","0-130",0
2025-04-12,"69","Northern Mariana Islands","0-64",0
2025-04-12,"69","Northern Mariana Islands","65-130",0
2025-04-12,"39","Ohio","0-130",166
2025-04-12,"39","Ohio","0-64",80
2025-04-12,"39","Ohio","65-130",86
2025-04-12,"40","Oklahoma","0-130",20
2025-04-12,"40","Oklahoma","0-64",11
2025-04-12,"40","Oklahoma","65-130",9
2025-04-12,"41","Oregon","0-130",50
2025-04-12,"41","Oregon","0-64",23
2025-04-12,"41","Oregon","65-130",27
2025-04-12,"42","Pennsylvania","0-130",475
2025-04-12,"42","Pennsylvania","0-64",233
2025-04-12,"42","Pennsylvania","65-130",239
2025-04-12,"72","Puerto Rico","0-130",273
2025-04-12,"72","Puerto Rico","0-64",193
2025-04-12,"72","Puerto Rico","65-130",66
2025-04-12,"44","Rhode Island","0-130",22
2025-04-12,"44","Rhode Island","0-64",10
2025-04-12,"44","Rhode Island","65-130",12
2025-04-12,"45","South Carolina","0-130",43
2025-04-12,"45","South Carolina","0-64",20
2025-04-12,"45","South Carolina","65-130",23
2025-04-12,"46","South Dakota","0-130",7
2025-04-12,"46","South Dakota","0-64",6
2025-04-12,"46","South Dakota","65-130",1
2025-04-12,"47","Tennessee","0-130",100
2025-04-12,"47","Tennessee","0-64",45
2025-04-12,"47","Tennessee","65-130",55
2025-04-12,"48","Texas","0-130",283
2025-04-12,"48","Texas","0-64",153
2025-04-12,"48","Texas","65-130",129
2025-04-12,"US","US","0-130",4954
2025-04-12,"US","US","0-64",2508
2025-04-12,"US","US","65-130",2418
2025-04-12,"49","Utah","0-130",33
2025-04-12,"49","Utah","0-64",19
2025-04-12,"49","Utah","65-130",14
2025-04-12,"50","Vermont","0-130",8
2025-04-12,"50","Vermont","0-64",6
2025-04-12,"50","Vermont","65-130",2
2025-04-12,"78","Virgin Islands","0-130",0
2025-04-12,"78","Virgin Islands","0-64",0
2025-04-12,"78","Virgin Islands","65-130",0
2025-04-12,"51","Virginia","0-130",93
2025-04-12,"51","Virginia","0-64",44
2025-04-12,"51","Virginia","65-130",49
2025-04-12,"53","Washington","0-130",74
2025-04-12,"53","Washington","0-64",33
2025-04-12,"53","Washington","65-130",41
2025-04-12,"54","West Virginia","0-130",47
2025-04-12,"54","West Virginia","0-64",15
2025-04-12,"54","West Virginia","65-130",32
2025-04-12,"55","Wisconsin","0-130",66
2025-04-12,"55","Wisconsin","0-64",33
2025-04-12,"55","Wisconsin","65-130",33
2025-04-19,"01","Alabama","0-130",50
2025-04-19,"01","Alabama","0-64",23
2025-04-19,"01","Alabama","65-130",27
2025-04-19,"02","Alaska","0-130",12
2025-04-19,"02","Alaska","0-64",6
2025-04-19,"02","Alaska","65-130",6
2025-04-19,"60","American Samoa","0-130",NA
2025-04-19,"60","American Samoa","0-64",NA
2025-04-19,"60","American Samoa","65-130",NA
2025-04-19,"04","Arizona","0-130",83
2025-04-19,"04","Arizona","0-64",50
2025-04-19,"04","Arizona","65-130",31
2025-04-19,"05","Arkansas","0-130",29
2025-04-19,"05","Arkansas","0-64",17
2025-04-19,"05","Arkansas","65-130",12
2025-04-19,"06","California","0-130",339
2025-04-19,"06","California","0-64",174
2025-04-19,"06","California","65-130",156
2025-04-19,"08","Colorado","0-130",40
2025-04-19,"08","Colorado","0-64",19
2025-04-19,"08","Colorado","65-130",21
2025-04-19,"09","Connecticut","0-130",34
2025-04-19,"09","Connecticut","0-64",17
2025-04-19,"09","Connecticut","65-130",17
2025-04-19,"12","Florida","0-130",335
2025-04-19,"12","Florida","0-64",185
2025-04-19,"12","Florida","65-130",150
2025-04-19,"13","Georgia","0-130",64
2025-04-19,"13","Georgia","0-64",35
2025-04-19,"13","Georgia","65-130",29
2025-04-19,"66","Guam","0-130",3
2025-04-19,"66","Guam","0-64",2
2025-04-19,"66","Guam","65-130",1
2025-04-19,"15","Hawaii","0-130",24
2025-04-19,"15","Hawaii","0-64",12
2025-04-19,"15","Hawaii","65-130",12
2025-04-19,"16","Idaho","0-130",13
2025-04-19,"16","Idaho","0-64",6
2025-04-19,"16","Idaho","65-130",7
2025-04-19,"17","Illinois","0-130",156
2025-04-19,"17","Illinois","0-64",95
2025-04-19,"17","Illinois","65-130",61
2025-04-19,"18","Indiana","0-130",52
2025-04-19,"18","Indiana","0-64",23
2025-04-19,"18","Indiana","65-130",29
2025-04-19,"19","Iowa","0-130",11
2025-04-19,"19","Iowa","0-64",6
2025-04-19,"19","Iowa","65-130",5
2025-04-19,"20","Kansas","0-130",20
2025-04-19,"20","Kansas","0-64",9
2025-04-19,"20","Kansas","65-130",11
2025-04-19,"21","Kentucky","0-130",49
2025-04-19,"21","Kentucky","0-64",24
2025-04-19,"21","Kentucky","65-130",25
2025-04-19,"22","Louisiana","0-130",66
2025-04-19,"22","Louisiana","0-64",36
2025-04-19,"22","Louisiana","65-130",30
2025-04-19,"23","Maine","0-130",23
2025-04-19,"23","Maine","0-64",12
2025-04-19,"23","Maine","65-130",11
2025-04-19,"24","Maryland","0-130",62
2025-04-19,"24","Maryland","0-64",47
2025-04-19,"24","Maryland","65-130",15
2025-04-19,"25","Massachusetts","0-130",86
2025-04-19,"25","Massachusetts","0-64",30
2025-04-19,"25","Massachusetts","65-130",56
2025-04-19,"26","Michigan","0-130",179
2025-04-19,"26","Michigan","0-64",67
2025-04-19,"26","Michigan","65-130",112
2025-04-19,"27","Minnesota","0-130",38
2025-04-19,"27","Minnesota","0-64",16
2025-04-19,"27","Minnesota","65-130",22
2025-04-19,"28","Mississippi","0-130",28
2025-04-19,"28","Mississippi","0-64",7
2025-04-19,"28","Mississippi","65-130",21
2025-04-19,"29","Missouri","0-130",100
2025-04-19,"29","Missouri","0-64",57
2025-04-19,"29","Missouri","65-130",43
2025-04-19,"30","Montana","0-130",21
2025-04-19,"30","Montana","0-64",6
2025-04-19,"30","Montana","65-130",15
2025-04-19,"31","Nebraska","0-130",13
2025-04-19,"31","Nebraska","0-64",6
2025-04-19,"31","Nebraska","65-130",7
2025-04-19,"32","Nevada","0-130",41
2025-04-19,"32","Nevada","0-64",23
2025-04-19,"32","Nevada","65-130",18
2025-04-19,"33","New Hampshire","0-130",22
2025-04-19,"33","New Hampshire","0-64",7
2025-04-19,"33","New Hampshire","65-130",15
2025-04-19,"34","New Jersey","0-130",137
2025-04-19,"34","New Jersey","0-64",58
2025-04-19,"34","New Jersey","65-130",79
2025-04-19,"35","New Mexico","0-130",31
2025-04-19,"35","New Mexico","0-64",16
2025-04-19,"35","New Mexico","65-130",15
2025-04-19,"36","New York","0-130",281
2025-04-19,"36","New York","0-64",144
2025-04-19,"36","New York","65-130",137
2025-04-19,"37","North Carolina","0-130",60
2025-04-19,"37","North Carolina","0-64",33
2025-04-19,"37","North Carolina","65-130",25
2025-04-19,"38","North Dakota","0-130",14
2025-04-19,"38","North Dakota","0-64",8
2025-04-19,"38","North Dakota","65-130",6
2025-04-19,"69","Northern Mariana Islands","0-130",0
2025-04-19,"69","Northern Mariana Islands","0-64",0
2025-04-19,"69","Northern Mariana Islands","65-130",0
2025-04-19,"39","Ohio","0-130",107
2025-04-19,"39","Ohio","0-64",50
2025-04-19,"39","Ohio","65-130",57
2025-04-19,"40","Oklahoma","0-130",21
2025-04-19,"40","Oklahoma","0-64",12
2025-04-19,"40","Oklahoma","65-130",9
2025-04-19,"41","Oregon","0-130",42
2025-04-19,"41","Oregon","0-64",22
2025-04-19,"41","Oregon","65-130",20
2025-04-19,"42","Pennsylvania","0-130",408
2025-04-19,"42","Pennsylvania","0-64",215
2025-04-19,"42","Pennsylvania","65-130",188
2025-04-19,"44","Rhode Island","0-130",17
2025-04-19,"44","Rhode Island","0-64",13
2025-04-19,"44","Rhode Island","65-130",4
2025-04-19,"45","South Carolina","0-130",34
2025-04-19,"45","South Carolina","0-64",13
2025-04-19,"45","South Carolina","65-130",21
2025-04-19,"46","South Dakota","0-130",10
2025-04-19,"46","South Dakota","0-64",4
2025-04-19,"46","South Dakota","65-130",6
2025-04-19,"47","Tennessee","0-130",59
2025-04-19,"47","Tennessee","0-64",31
2025-04-19,"47","Tennessee","65-130",28
2025-04-19,"48","Texas","0-130",257
2025-04-19,"48","Texas","0-64",136
2025-04-19,"48","Texas","65-130",114
2025-04-19,"US","US","0-130",3880
2025-04-19,"US","US","0-64",2019
2025-04-19,"US","US","65-130",1829
2025-04-19,"49","Utah","0-130",27
2025-04-19,"49","Utah","0-64",15
2025-04-19,"49","Utah","65-130",12
2025-04-19,"50","Vermont","0-130",12
2025-04-19,"50","Vermont","0-64",7
2025-04-19,"50","Vermont","65-130",4
2025-04-19,"78","Virgin Islands","0-130",0
2025-04-19,"78","Virgin Islands","0-64",0
2025-04-19,"78","Virgin Islands","65-130",0
2025-04-19,"51","Virginia","0-130",56
2025-04-19,"51","Virginia","0-64",33
2025-04-19,"51","Virginia","65-130",23
2025-04-19,"53","Washington","0-130",42
2025-04-19,"53","Washington","0-64",23
2025-04-19,"53","Washington","65-130",19
2025-04-19,"54","West Virginia","0-130",26
2025-04-19,"54","West Virginia","0-64",11
2025-04-19,"54","West Virginia","65-130",15
2025-04-19,"55","Wisconsin","0-130",40
2025-04-19,"55","Wisconsin","0-64",25
2025-04-19,"55","Wisconsin","65-130",15
2025-04-26,"01","Alabama","0-130",35
2025-04-26,"01","Alabama","0-64",13
2025-04-26,"01","Alabama","65-130",22
2025-04-26,"02","Alaska","0-130",9
2025-04-26,"02","Alaska","0-64",7
2025-04-26,"02","Alaska","65-130",2
2025-04-26,"60","American Samoa","0-130",1
2025-04-26,"60","American Samoa","0-64",1
2025-04-26,"60","American Samoa","65-130",0
2025-04-26,"04","Arizona","0-130",74
2025-04-26,"04","Arizona","0-64",43
2025-04-26,"04","Arizona","65-130",31
2025-04-26,"05","Arkansas","0-130",24
2025-04-26,"05","Arkansas","0-64",8
2025-04-26,"05","Arkansas","65-130",16
2025-04-26,"06","California","0-130",246
2025-04-26,"06","California","0-64",132
2025-04-26,"06","California","65-130",110
2025-04-26,"08","Colorado","0-130",42
2025-04-26,"08","Colorado","0-64",21
2025-04-26,"08","Colorado","65-130",21
2025-04-26,"09","Connecticut","0-130",53
2025-04-26,"09","Connecticut","0-64",30
2025-04-26,"09","Connecticut","65-130",23
2025-04-26,"12","Florida","0-130",257
2025-04-26,"12","Florida","0-64",134
2025-04-26,"12","Florida","65-130",122
2025-04-26,"13","Georgia","0-130",44
2025-04-26,"13","Georgia","0-64",26
2025-04-26,"13","Georgia","65-130",18
2025-04-26,"66","Guam","0-130",0
2025-04-26,"66","Guam","0-64",0
2025-04-26,"66","Guam","65-130",0
2025-04-26,"15","Hawaii","0-130",24
2025-04-26,"15","Hawaii","0-64",11
2025-04-26,"15","Hawaii","65-130",13
2025-04-26,"16","Idaho","0-130",20
2025-04-26,"16","Idaho","0-64",9
2025-04-26,"16","Idaho","65-130",11
2025-04-26,"17","Illinois","0-130",124
2025-04-26,"17","Illinois","0-64",90
2025-04-26,"17","Illinois","65-130",34
2025-04-26,"18","Indiana","0-130",43
2025-04-26,"18","Indiana","0-64",22
2025-04-26,"18","Indiana","65-130",21
2025-04-26,"19","Iowa","0-130",14
2025-04-26,"19","Iowa","0-64",4
2025-04-26,"19","Iowa","65-130",10
2025-04-26,"20","Kansas","0-130",9
2025-04-26,"20","Kansas","0-64",4
2025-04-26,"20","Kansas","65-130",5
2025-04-26,"21","Kentucky","0-130",38
2025-04-26,"21","Kentucky","0-64",17
2025-04-26,"21","Kentucky","65-130",21
2025-04-26,"22","Louisiana","0-130",60
2025-04-26,"22","Louisiana","0-64",30
2025-04-26,"22","Louisiana","65-130",30
2025-04-26,"23","Maine","0-130",16
2025-04-26,"23","Maine","0-64",11
2025-04-26,"23","Maine","65-130",5
2025-04-26,"24","Maryland","0-130",47
2025-04-26,"24","Maryland","0-64",35
2025-04-26,"24","Maryland","65-130",12
2025-04-26,"25","Massachusetts","0-130",83
2025-04-26,"25","Massachusetts","0-64",27
2025-04-26,"25","Massachusetts","65-130",56
2025-04-26,"26","Michigan","0-130",115
2025-04-26,"26","Michigan","0-64",55
2025-04-26,"26","Michigan","65-130",60
2025-04-26,"27","Minnesota","0-130",25
2025-04-26,"27","Minnesota","0-64",16
2025-04-26,"27","Minnesota","65-130",9
2025-04-26,"28","Mississippi","0-130",21
2025-04-26,"28","Mississippi","0-64",6
2025-04-26,"28","Mississippi","65-130",15
2025-04-26,"29","Missouri","0-130",66
2025-04-26,"29","Missouri","0-64",37
2025-04-26,"29","Missouri","65-130",29
2025-04-26,"30","Montana","0-130",8
2025-04-26,"30","Montana","0-64",2
2025-04-26,"30","Montana","65-130",6
2025-04-26,"31","Nebraska","0-130",12
2025-04-26,"31","Nebraska","0-64",8
2025-04-26,"31","Nebraska","65-130",4
2025-04-26,"32","Nevada","0-130",29
2025-04-26,"32","Nevada","0-64",15
2025-04-26,"32","Nevada","65-130",14
2025-04-26,"33","New Hampshire","0-130",9
2025-04-26,"33","New Hampshire","0-64",5
2025-04-26,"33","New Hampshire","65-130",4
2025-04-26,"34","New Jersey","0-130",72
2025-04-26,"34","New Jersey","0-64",37
2025-04-26,"34","New Jersey","65-130",35
2025-04-26,"35","New Mexico","0-130",42
2025-04-26,"35","New Mexico","0-64",16
2025-04-26,"35","New Mexico","65-130",26
2025-04-26,"36","New York","0-130",209
2025-04-26,"36","New York","0-64",114
2025-04-26,"36","New York","65-130",95
2025-04-26,"37","North Carolina","0-130",50
2025-04-26,"37","North Carolina","0-64",22
2025-04-26,"37","North Carolina","65-130",26
2025-04-26,"38","North Dakota","0-130",11
2025-04-26,"38","North Dakota","0-64",7
2025-04-26,"38","North Dakota","65-130",4
2025-04-26,"69","Northern Mariana Islands","0-130",0
2025-04-26,"69","Northern Mariana Islands","0-64",0
2025-04-26,"69","Northern Mariana Islands","65-130",0
2025-04-26,"39","Ohio","0-130",87
2025-04-26,"39","Ohio","0-64",39
2025-04-26,"39","Ohio","65-130",48
2025-04-26,"40","Oklahoma","0-130",17
2025-04-26,"40","Oklahoma","0-64",15
2025-04-26,"40","Oklahoma","65-130",2
2025-04-26,"41","Oregon","0-130",32
2025-04-26,"41","Oregon","0-64",21
2025-04-26,"41","Oregon","65-130",11
2025-04-26,"42","Pennsylvania","0-130",472
2025-04-26,"42","Pennsylvania","0-64",239
2025-04-26,"42","Pennsylvania","65-130",225
2025-04-26,"72","Puerto Rico","0-130",NA
2025-04-26,"72","Puerto Rico","0-64",NA
2025-04-26,"72","Puerto Rico","65-130",NA
2025-04-26,"44","Rhode Island","0-130",4
2025-04-26,"44","Rhode Island","0-64",3
2025-04-26,"44","Rhode Island","65-130",1
2025-04-26,"45","South Carolina","0-130",33
2025-04-26,"45","South Carolina","0-64",15
2025-04-26,"45","South Carolina","65-130",18
2025-04-26,"46","South Dakota","0-130",8
2025-04-26,"46","South Dakota","0-64",3
2025-04-26,"46","South Dakota","65-130",5
2025-04-26,"47","Tennessee","0-130",65
2025-04-26,"47","Tennessee","0-64",40
2025-04-26,"47","Tennessee","65-130",25
2025-04-26,"48","Texas","0-130",229
2025-04-26,"48","Texas","0-64",135
2025-04-26,"48","Texas","65-130",93
2025-04-26,"US","US","0-130",3252
2025-04-26,"US","US","0-64",1727
2025-04-26,"US","US","65-130",1504
2025-04-26,"49","Utah","0-130",19
2025-04-26,"49","Utah","0-64",9
2025-04-26,"49","Utah","65-130",10
2025-04-26,"50","Vermont","0-130",13
2025-04-26,"50","Vermont","0-64",4
2025-04-26,"50","Vermont","65-130",7
2025-04-26,"78","Virgin Islands","0-130",0
2025-04-26,"78","Virgin Islands","0-64",0
2025-04-26,"78","Virgin Islands","65-130",0
2025-04-26,"51","Virginia","0-130",54
2025-04-26,"51","Virginia","0-64",21
2025-04-26,"51","Virginia","65-130",33
2025-04-26,"53","Washington","0-130",39
2025-04-26,"53","Washington","0-64",17
2025-04-26,"53","Washington","65-130",22
2025-04-26,"54","West Virginia","0-130",18
2025-04-26,"54","West Virginia","0-64",7
2025-04-26,"54","West Virginia","65-130",11
2025-04-26,"55","Wisconsin","0-130",33
2025-04-26,"55","Wisconsin","0-64",18
2025-04-26,"55","Wisconsin","65-130",15
2025-05-03,"01","Alabama","0-130",27
2025-05-03,"01","Alabama","0-64",12
2025-05-03,"01","Alabama","65-130",15
2025-05-03,"02","Alaska","0-130",9
2025-05-03,"02","Alaska","0-64",6
2025-05-03,"02","Alaska","65-130",3
2025-05-03,"60","American Samoa","0-130",0
2025-05-03,"60","American Samoa","0-64",0
2025-05-03,"60","American Samoa","65-130",0
2025-05-03,"04","Arizona","0-130",71
2025-05-03,"04","Arizona","0-64",49
2025-05-03,"04","Arizona","65-130",22
2025-05-03,"05","Arkansas","0-130",21
2025-05-03,"05","Arkansas","0-64",9
2025-05-03,"05","Arkansas","65-130",12
2025-05-03,"06","California","0-130",234
2025-05-03,"06","California","0-64",109
2025-05-03,"06","California","65-130",121
2025-05-03,"08","Colorado","0-130",30
2025-05-03,"08","Colorado","0-64",16
2025-05-03,"08","Colorado","65-130",14
2025-05-03,"09","Connecticut","0-130",25
2025-05-03,"09","Connecticut","0-64",7
2025-05-03,"09","Connecticut","65-130",18
2025-05-03,"12","Florida","0-130",224
2025-05-03,"12","Florida","0-64",114
2025-05-03,"12","Florida","65-130",110
2025-05-03,"13","Georgia","0-130",44
2025-05-03,"13","Georgia","0-64",18
2025-05-03,"13","Georgia","65-130",26
2025-05-03,"66","Guam","0-130",0
2025-05-03,"66","Guam","0-64",0
2025-05-03,"66","Guam","65-130",0
2025-05-03,"15","Hawaii","0-130",34
2025-05-03,"15","Hawaii","0-64",14
2025-05-03,"15","Hawaii","65-130",20
2025-05-03,"16","Idaho","0-130",13
2025-05-03,"16","Idaho","0-64",6
2025-05-03,"16","Idaho","65-130",7
2025-05-03,"17","Illinois","0-130",81
2025-05-03,"17","Illinois","0-64",53
2025-05-03,"17","Illinois","65-130",28
2025-05-03,"18","Indiana","0-130",34
2025-05-03,"18","Indiana","0-64",14
2025-05-03,"18","Indiana","65-130",20
2025-05-03,"19","Iowa","0-130",4
2025-05-03,"19","Iowa","0-64",2
2025-05-03,"19","Iowa","65-130",2
2025-05-03,"20","Kansas","0-130",6
2025-05-03,"20","Kansas","0-64",2
2025-05-03,"20","Kansas","65-130",4
2025-05-03,"21","Kentucky","0-130",20
2025-05-03,"21","Kentucky","0-64",13
2025-05-03,"21","Kentucky","65-130",7
2025-05-03,"22","Louisiana","0-130",41
2025-05-03,"22","Louisiana","0-64",22
2025-05-03,"22","Louisiana","65-130",19
2025-05-03,"23","Maine","0-130",10
2025-05-03,"23","Maine","0-64",5
2025-05-03,"23","Maine","65-130",5
2025-05-03,"24","Maryland","0-130",41
2025-05-03,"24","Maryland","0-64",24
2025-05-03,"24","Maryland","65-130",17
2025-05-03,"25","Massachusetts","0-130",49
2025-05-03,"25","Massachusetts","0-64",21
2025-05-03,"25","Massachusetts","65-130",28
2025-05-03,"26","Michigan","0-130",117
2025-05-03,"26","Michigan","0-64",61
2025-05-03,"26","Michigan","65-130",50
2025-05-03,"27","Minnesota","0-130",28
2025-05-03,"27","Minnesota","0-64",10
2025-05-03,"27","Minnesota","65-130",18
2025-05-03,"28","Mississippi","0-130",14
2025-05-03,"28","Mississippi","0-64",6
2025-05-03,"28","Mississippi","65-130",8
2025-05-03,"29","Missouri","0-130",59
2025-05-03,"29","Missouri","0-64",27
2025-05-03,"29","Missouri","65-130",32
2025-05-03,"30","Montana","0-130",4
2025-05-03,"30","Montana","0-64",0
2025-05-03,"30","Montana","65-130",4
2025-05-03,"31","Nebraska","0-130",3
2025-05-03,"31","Nebraska","0-64",2
2025-05-03,"31","Nebraska","65-130",1
2025-05-03,"32","Nevada","0-130",19
2025-05-03,"32","Nevada","0-64",10
2025-05-03,"32","Nevada","65-130",9
2025-05-03,"33","New Hampshire","0-130",6
2025-05-03,"33","New Hampshire","0-64",4
2025-05-03,"33","New Hampshire","65-130",2
2025-05-03,"34","New Jersey","0-130",70
2025-05-03,"34","New Jersey","0-64",30
2025-05-03,"34","New Jersey","65-130",40
2025-05-03,"35","New Mexico","0-130",32
2025-05-03,"35","New Mexico","0-64",20
2025-05-03,"35","New Mexico","65-130",12
2025-05-03,"36","New York","0-130",157
2025-05-03,"36","New York","0-64",93
2025-05-03,"36","New York","65-130",64
2025-05-03,"37","North Carolina","0-130",39
2025-05-03,"37","North Carolina","0-64",15
2025-05-03,"37","North Carolina","65-130",22
2025-05-03,"38","North Dakota","0-130",9
2025-05-03,"38","North Dakota","0-64",4
2025-05-03,"38","North Dakota","65-130",5
2025-05-03,"69","Northern Mariana Islands","0-130",0
2025-05-03,"69","Northern Mariana Islands","0-64",0
2025-05-03,"69","Northern Mariana Islands","65-130",0
2025-05-03,"39","Ohio","0-130",45
2025-05-03,"39","Ohio","0-64",25
2025-05-03,"39","Ohio","65-130",20
2025-05-03,"40","Oklahoma","0-130",16
2025-05-03,"40","Oklahoma","0-64",8
2025-05-03,"40","Oklahoma","65-130",8
2025-05-03,"41","Oregon","0-130",35
2025-05-03,"41","Oregon","0-64",17
2025-05-03,"41","Oregon","65-130",18
2025-05-03,"42","Pennsylvania","0-130",256
2025-05-03,"42","Pennsylvania","0-64",141
2025-05-03,"42","Pennsylvania","65-130",113
2025-05-03,"72","Puerto Rico","0-130",138
2025-05-03,"72","Puerto Rico","0-64",90
2025-05-03,"72","Puerto Rico","65-130",43
2025-05-03,"44","Rhode Island","0-130",8
2025-05-03,"44","Rhode Island","0-64",3
2025-05-03,"44","Rhode Island","65-130",4
2025-05-03,"45","South Carolina","0-130",16
2025-05-03,"45","South Carolina","0-64",6
2025-05-03,"45","South Carolina","65-130",10
2025-05-03,"46","South Dakota","0-130",4
2025-05-03,"46","South Dakota","0-64",3
2025-05-03,"46","South Dakota","65-130",1
2025-05-03,"47","Tennessee","0-130",46
2025-05-03,"47","Tennessee","0-64",22
2025-05-03,"47","Tennessee","65-130",24
2025-05-03,"48","Texas","0-130",190
2025-05-03,"48","Texas","0-64",100
2025-05-03,"48","Texas","65-130",90
2025-05-03,"US","US","0-130",2460
2025-05-03,"US","US","0-64",1283
2025-05-03,"US","US","65-130",1157
2025-05-03,"49","Utah","0-130",17
2025-05-03,"49","Utah","0-64",11
2025-05-03,"49","Utah","65-130",6
2025-05-03,"50","Vermont","0-130",3
2025-05-03,"50","Vermont","0-64",2
2025-05-03,"50","Vermont","65-130",1
2025-05-03,"78","Virgin Islands","0-130",0
2025-05-03,"78","Virgin Islands","0-64",0
2025-05-03,"78","Virgin Islands","65-130",0
2025-05-03,"51","Virginia","0-130",40
2025-05-03,"51","Virginia","0-64",22
2025-05-03,"51","Virginia","65-130",18
2025-05-03,"53","Washington","0-130",20
2025-05-03,"53","Washington","0-64",7
2025-05-03,"53","Washington","65-130",13
2025-05-03,"54","West Virginia","0-130",10
2025-05-03,"54","West Virginia","0-64",3
2025-05-03,"54","West Virginia","65-130",7
2025-05-03,"55","Wisconsin","0-130",30
2025-05-03,"55","Wisconsin","0-64",19
2025-05-03,"55","Wisconsin","65-130",11
2025-05-10,"01","Alabama","0-130",33
2025-05-10,"01","Alabama","0-64",19
2025-05-10,"01","Alabama","65-130",14
2025-05-10,"02","Alaska","0-130",5
2025-05-10,"02","Alaska","0-64",3
2025-05-10,"02","Alaska","65-130",2
2025-05-10,"60","American Samoa","0-130",0
2025-05-10,"60","American Samoa","0-64",0
2025-05-10,"60","American Samoa","65-130",0
2025-05-10,"04","Arizona","0-130",53
2025-05-10,"04","Arizona","0-64",37
2025-05-10,"04","Arizona","65-130",16
2025-05-10,"05","Arkansas","0-130",13
2025-05-10,"05","Arkansas","0-64",6
2025-05-10,"05","Arkansas","65-130",7
2025-05-10,"06","California","0-130",164
2025-05-10,"06","California","0-64",89
2025-05-10,"06","California","65-130",72
2025-05-10,"08","Colorado","0-130",36
2025-05-10,"08","Colorado","0-64",25
2025-05-10,"08","Colorado","65-130",11
2025-05-10,"09","Connecticut","0-130",9
2025-05-10,"09","Connecticut","0-64",1
2025-05-10,"09","Connecticut","65-130",8
2025-05-10,"12","Florida","0-130",231
2025-05-10,"12","Florida","0-64",119
2025-05-10,"12","Florida","65-130",112
2025-05-10,"13","Georgia","0-130",44
2025-05-10,"13","Georgia","0-64",26
2025-05-10,"13","Georgia","65-130",18
2025-05-10,"66","Guam","0-130",NA
2025-05-10,"66","Guam","0-64",NA
2025-05-10,"66","Guam","65-130",NA
2025-05-10,"15","Hawaii","0-130",30
2025-05-10,"15","Hawaii","0-64",10
2025-05-10,"15","Hawaii","65-130",20
2025-05-10,"16","Idaho","0-130",11
2025-05-10,"16","Idaho","0-64",2
2025-05-10,"16","Idaho","65-130",9
2025-05-10,"17","Illinois","0-130",57
2025-05-10,"17","Illinois","0-64",32
2025-05-10,"17","Illinois","65-130",25
2025-05-10,"18","Indiana","0-130",27
2025-05-10,"18","Indiana","0-64",16
2025-05-10,"18","Indiana","65-130",11
2025-05-10,"19","Iowa","0-130",4
2025-05-10,"19","Iowa","0-64",2
2025-05-10,"19","Iowa","65-130",2
2025-05-10,"20","Kansas","0-130",4
2025-05-10,"20","Kansas","0-64",2
2025-05-10,"20","Kansas","65-130",2
2025-05-10,"21","Kentucky","0-130",14
2025-05-10,"21","Kentucky","0-64",3
2025-05-10,"21","Kentucky","65-130",11
2025-05-10,"22","Louisiana","0-130",31
2025-05-10,"22","Louisiana","0-64",13
2025-05-10,"22","Louisiana","65-130",18
2025-05-10,"23","Maine","0-130",3
2025-05-10,"23","Maine","0-64",2
2025-05-10,"23","Maine","65-130",1
2025-05-10,"24","Maryland","0-130",21
2025-05-10,"24","Maryland","0-64",13
2025-05-10,"24","Maryland","65-130",8
2025-05-10,"25","Massachusetts","0-130",39
2025-05-10,"25","Massachusetts","0-64",17
2025-05-10,"25","Massachusetts","65-130",22
2025-05-10,"26","Michigan","0-130",91
2025-05-10,"26","Michigan","0-64",42
2025-05-10,"26","Michigan","65-130",49
2025-05-10,"27","Minnesota","0-130",22
2025-05-10,"27","Minnesota","0-64",14
2025-05-10,"27","Minnesota","65-130",8
2025-05-10,"28","Mississippi","0-130",18
2025-05-10,"28","Mississippi","0-64",7
2025-05-10,"28","Mississippi","65-130",11
2025-05-10,"29","Missouri","0-130",49
2025-05-10,"29","Missouri","0-64",21
2025-05-10,"29","Missouri","65-130",28
2025-05-10,"30","Montana","0-130",0
2025-05-10,"30","Montana","0-64",0
2025-05-10,"30","Montana","65-130",0
2025-05-10,"31","Nebraska","0-130",10
2025-05-10,"31","Nebraska","0-64",3
2025-05-10,"31","Nebraska","65-130",7
2025-05-10,"32","Nevada","0-130",20
2025-05-10,"32","Nevada","0-64",11
2025-05-10,"32","Nevada","65-130",9
2025-05-10,"33","New Hampshire","0-130",8
2025-05-10,"33","New Hampshire","0-64",3
2025-05-10,"33","New Hampshire","65-130",5
2025-05-10,"34","New Jersey","0-130",40
2025-05-10,"34","New Jersey","0-64",17
2025-05-10,"34","New Jersey","65-130",23
2025-05-10,"35","New Mexico","0-130",25
2025-05-10,"35","New Mexico","0-64",18
2025-05-10,"35","New Mexico","65-130",7
2025-05-10,"36","New York","0-130",105
2025-05-10,"36","New York","0-64",62
2025-05-10,"36","New York","65-130",43
2025-05-10,"37","North Carolina","0-130",28
2025-05-10,"37","North Carolina","0-64",14
2025-05-10,"37","North Carolina","65-130",14
2025-05-10,"38","North Dakota","0-130",5
2025-05-10,"38","North Dakota","0-64",3
2025-05-10,"38","North Dakota","65-130",2
2025-05-10,"69","Northern Mariana Islands","0-130",0
2025-05-10,"69","Northern Mariana Islands","0-64",0
2025-05-10,"69","Northern Mariana Islands","65-130",0
2025-05-10,"39","Ohio","0-130",32
2025-05-10,"39","Ohio","0-64",15
2025-05-10,"39","Ohio","65-130",17
2025-05-10,"40","Oklahoma","0-130",13
2025-05-10,"40","Oklahoma","0-64",6
2025-05-10,"40","Oklahoma","65-130",7
2025-05-10,"41","Oregon","0-130",27
2025-05-10,"41","Oregon","0-64",15
2025-05-10,"41","Oregon","65-130",12
2025-05-10,"42","Pennsylvania","0-130",260
2025-05-10,"42","Pennsylvania","0-64",131
2025-05-10,"42","Pennsylvania","65-130",129
2025-05-10,"44","Rhode Island","0-130",3
2025-05-10,"44","Rhode Island","0-64",1
2025-05-10,"44","Rhode Island","65-130",2
2025-05-10,"45","South Carolina","0-130",13
2025-05-10,"45","South Carolina","0-64",10
2025-05-10,"45","South Carolina","65-130",3
2025-05-10,"46","South Dakota","0-130",1
2025-05-10,"46","South Dakota","0-64",1
2025-05-10,"46","South Dakota","65-130",0
2025-05-10,"47","Tennessee","0-130",32
2025-05-10,"47","Tennessee","0-64",18
2025-05-10,"47","Tennessee","65-130",14
2025-05-10,"48","Texas","0-130",170
2025-05-10,"48","Texas","0-64",98
2025-05-10,"48","Texas","65-130",72
2025-05-10,"US","US","0-130",2132
2025-05-10,"US","US","0-64",1118
2025-05-10,"US","US","65-130",960
2025-05-10,"49","Utah","0-130",14
2025-05-10,"49","Utah","0-64",9
2025-05-10,"49","Utah","65-130",5
2025-05-10,"50","Vermont","0-130",1
2025-05-10,"50","Vermont","0-64",1
2025-05-10,"50","Vermont","65-130",0
2025-05-10,"78","Virgin Islands","0-130",0
2025-05-10,"78","Virgin Islands","0-64",0
2025-05-10,"78","Virgin Islands","65-130",0
2025-05-10,"51","Virginia","0-130",35
2025-05-10,"51","Virginia","0-64",24
2025-05-10,"51","Virginia","65-130",11
2025-05-10,"53","Washington","0-130",24
2025-05-10,"53","Washington","0-64",13
2025-05-10,"53","Washington","65-130",10
2025-05-10,"54","West Virginia","0-130",6
2025-05-10,"54","West Virginia","0-64",3
2025-05-10,"54","West Virginia","65-130",2
2025-05-10,"55","Wisconsin","0-130",27
2025-05-10,"55","Wisconsin","0-64",16
2025-05-10,"55","Wisconsin","65-130",10
2025-05-17,"01","Alabama","0-130",37
2025-05-17,"01","Alabama","0-64",18
2025-05-17,"01","Alabama","65-130",19
2025-05-17,"02","Alaska","0-130",6
2025-05-17,"02","Alaska","0-64",5
2025-05-17,"02","Alaska","65-130",1
2025-05-17,"04","Arizona","0-130",63
2025-05-17,"04","Arizona","0-64",46
2025-05-17,"04","Arizona","65-130",17
2025-05-17,"05","Arkansas","0-130",13
2025-05-17,"05","Arkansas","0-64",4
2025-05-17,"05","Arkansas","65-130",9
2025-05-17,"06","California","0-130",163
2025-05-17,"06","California","0-64",76
2025-05-17,"06","California","65-130",84
2025-05-17,"08","Colorado","0-130",19
2025-05-17,"08","Colorado","0-64",13
2025-05-17,"08","Colorado","65-130",6
2025-05-17,"09","Connecticut","0-130",17
2025-05-17,"09","Connecticut","0-64",6
2025-05-17,"09","Connecticut","65-130",11
2025-05-17,"12","Florida","0-130",208
2025-05-17,"12","Florida","0-64",91
2025-05-17,"12","Florida","65-130",117
2025-05-17,"13","Georgia","0-130",34
2025-05-17,"13","Georgia","0-64",15
2025-05-17,"13","Georgia","65-130",19
2025-05-17,"66","Guam","0-130",1
2025-05-17,"66","Guam","0-64",1
2025-05-17,"66","Guam","65-130",0
2025-05-17,"15","Hawaii","0-130",25
2025-05-17,"15","Hawaii","0-64",10
2025-05-17,"15","Hawaii","65-130",15
2025-05-17,"16","Idaho","0-130",11
2025-05-17,"16","Idaho","0-64",4
2025-05-17,"16","Idaho","65-130",7
2025-05-17,"17","Illinois","0-130",52
2025-05-17,"17","Illinois","0-64",24
2025-05-17,"17","Illinois","65-130",28
2025-05-17,"18","Indiana","0-130",25
2025-05-17,"18","Indiana","0-64",10
2025-05-17,"18","Indiana","65-130",15
2025-05-17,"19","Iowa","0-130",1
2025-05-17,"19","Iowa","0-64",0
2025-05-17,"19","Iowa","65-130",1
2025-05-17,"20","Kansas","0-130",8
2025-05-17,"20","Kansas","0-64",2
2025-05-17,"20","Kansas","65-130",6
2025-05-17,"21","Kentucky","0-130",15
2025-05-17,"21","Kentucky","0-64",7
2025-05-17,"21","Kentucky","65-130",8
2025-05-17,"22","Louisiana","0-130",40
2025-05-17,"22","Louisiana","0-64",25
2025-05-17,"22","Louisiana","65-130",15
2025-05-17,"23","Maine","0-130",2
2025-05-17,"23","Maine","0-64",2
2025-05-17,"23","Maine","65-130",0
2025-05-17,"24","Maryland","0-130",10
2025-05-17,"24","Maryland","0-64",6
2025-05-17,"24","Maryland","65-130",4
2025-05-17,"25","Massachusetts","0-130",30
2025-05-17,"25","Massachusetts","0-64",20
2025-05-17,"25","Massachusetts","65-130",10
2025-05-17,"26","Michigan","0-130",62
2025-05-17,"26","Michigan","0-64",32
2025-05-17,"26","Michigan","65-130",30
2025-05-17,"27","Minnesota","0-130",7
2025-05-17,"27","Minnesota","0-64",2
2025-05-17,"27","Minnesota","65-130",5
2025-05-17,"28","Mississippi","0-130",16
2025-05-17,"28","Mississippi","0-64",8
2025-05-17,"28","Mississippi","65-130",8
2025-05-17,"29","Missouri","0-130",53
2025-05-17,"29","Missouri","0-64",31
2025-05-17,"29","Missouri","65-130",22
2025-05-17,"30","Montana","0-130",0
2025-05-17,"30","Montana","0-64",0
2025-05-17,"30","Montana","65-130",0
2025-05-17,"31","Nebraska","0-130",5
2025-05-17,"31","Nebraska","0-64",0
2025-05-17,"31","Nebraska","65-130",5
2025-05-17,"32","Nevada","0-130",16
2025-05-17,"32","Nevada","0-64",10
2025-05-17,"32","Nevada","65-130",6
2025-05-17,"33","New Hampshire","0-130",3
2025-05-17,"33","New Hampshire","0-64",1
2025-05-17,"33","New Hampshire","65-130",2
2025-05-17,"34","New Jersey","0-130",43
2025-05-17,"34","New Jersey","0-64",15
2025-05-17,"34","New Jersey","65-130",28
2025-05-17,"35","New Mexico","0-130",11
2025-05-17,"35","New Mexico","0-64",8
2025-05-17,"35","New Mexico","65-130",3
2025-05-17,"36","New York","0-130",63
2025-05-17,"36","New York","0-64",38
2025-05-17,"36","New York","65-130",25
2025-05-17,"37","North Carolina","0-130",18
2025-05-17,"37","North Carolina","0-64",8
2025-05-17,"37","North Carolina","65-130",10
2025-05-17,"38","North Dakota","0-130",7
2025-05-17,"38","North Dakota","0-64",7
2025-05-17,"38","North Dakota","65-130",0
2025-05-17,"69","Northern Mariana Islands","0-130",1
2025-05-17,"69","Northern Mariana Islands","0-64",0
2025-05-17,"69","Northern Mariana Islands","65-130",1
2025-05-17,"39","Ohio","0-130",25
2025-05-17,"39","Ohio","0-64",10
2025-05-17,"39","Ohio","65-130",15
2025-05-17,"40","Oklahoma","0-130",19
2025-05-17,"40","Oklahoma","0-64",12
2025-05-17,"40","Oklahoma","65-130",7
2025-05-17,"41","Oregon","0-130",19
2025-05-17,"41","Oregon","0-64",12
2025-05-17,"41","Oregon","65-130",7
2025-05-17,"42","Pennsylvania","0-130",171
2025-05-17,"42","Pennsylvania","0-64",83
2025-05-17,"42","Pennsylvania","65-130",87
2025-05-17,"44","Rhode Island","0-130",2
2025-05-17,"44","Rhode Island","0-64",1
2025-05-17,"44","Rhode Island","65-130",1
2025-05-17,"45","South Carolina","0-130",15
2025-05-17,"45","South Carolina","0-64",6
2025-05-17,"45","South Carolina","65-130",9
2025-05-17,"46","South Dakota","0-130",5
2025-05-17,"46","South Dakota","0-64",3
2025-05-17,"46","South Dakota","65-130",2
2025-05-17,"47","Tennessee","0-130",50
2025-05-17,"47","Tennessee","0-64",24
2025-05-17,"47","Tennessee","65-130",26
2025-05-17,"48","Texas","0-130",202
2025-05-17,"48","Texas","0-64",107
2025-05-17,"48","Texas","65-130",94
2025-05-17,"US","US","0-130",1856
2025-05-17,"US","US","0-64",952
2025-05-17,"US","US","65-130",895
2025-05-17,"49","Utah","0-130",12
2025-05-17,"49","Utah","0-64",6
2025-05-17,"49","Utah","65-130",6
2025-05-17,"50","Vermont","0-130",2
2025-05-17,"50","Vermont","0-64",2
2025-05-17,"50","Vermont","65-130",0
2025-05-17,"78","Virgin Islands","0-130",0
2025-05-17,"78","Virgin Islands","0-64",0
2025-05-17,"78","Virgin Islands","65-130",0
2025-05-17,"51","Virginia","0-130",16
2025-05-17,"51","Virginia","0-64",9
2025-05-17,"51","Virginia","65-130",7
2025-05-17,"53","Washington","0-130",16
2025-05-17,"53","Washington","0-64",6
2025-05-17,"53","Washington","65-130",10
2025-05-17,"54","West Virginia","0-130",5
2025-05-17,"54","West Virginia","0-64",2
2025-05-17,"54","West Virginia","65-130",3
2025-05-17,"55","Wisconsin","0-130",15
2025-05-17,"55","Wisconsin","0-64",7
2025-05-17,"55","Wisconsin","65-130",8
2025-05-24,"01","Alabama","0-130",28
2025-05-24,"01","Alabama","0-64",10
2025-05-24,"01","Alabama","65-130",18
2025-05-24,"02","Alaska","0-130",10
2025-05-24,"02","Alaska","0-64",3
2025-05-24,"02","Alaska","65-130",7
2025-05-24,"04","Arizona","0-130",35
2025-05-24,"04","Arizona","0-64",21
2025-05-24,"04","Arizona","65-130",14
2025-05-24,"05","Arkansas","0-130",14
2025-05-24,"05","Arkansas","0-64",6
2025-05-24,"05","Arkansas","65-130",8
2025-05-24,"06","California","0-130",177
2025-05-24,"06","California","0-64",88
2025-05-24,"06","California","65-130",86
2025-05-24,"08","Colorado","0-130",15
2025-05-24,"08","Colorado","0-64",8
2025-05-24,"08","Colorado","65-130",7
2025-05-24,"09","Connecticut","0-130",14
2025-05-24,"09","Connecticut","0-64",6
2025-05-24,"09","Connecticut","65-130",8
2025-05-24,"12","Florida","0-130",213
2025-05-24,"12","Florida","0-64",102
2025-05-24,"12","Florida","65-130",111
2025-05-24,"13","Georgia","0-130",21
2025-05-24,"13","Georgia","0-64",10
2025-05-24,"13","Georgia","65-130",11
2025-05-24,"66","Guam","0-130",0
2025-05-24,"66","Guam","0-64",0
2025-05-24,"66","Guam","65-130",0
2025-05-24,"15","Hawaii","0-130",18
2025-05-24,"15","Hawaii","0-64",9
2025-05-24,"15","Hawaii","65-130",9
2025-05-24,"16","Idaho","0-130",11
2025-05-24,"16","Idaho","0-64",7
2025-05-24,"16","Idaho","65-130",4
2025-05-24,"17","Illinois","0-130",74
2025-05-24,"17","Illinois","0-64",38
2025-05-24,"17","Illinois","65-130",36
2025-05-24,"18","Indiana","0-130",18
2025-05-24,"18","Indiana","0-64",9
2025-05-24,"18","Indiana","65-130",9
2025-05-24,"19","Iowa","0-130",5
2025-05-24,"19","Iowa","0-64",2
2025-05-24,"19","Iowa","65-130",3
2025-05-24,"20","Kansas","0-130",11
2025-05-24,"20","Kansas","0-64",7
2025-05-24,"20","Kansas","65-130",4
2025-05-24,"21","Kentucky","0-130",10
2025-05-24,"21","Kentucky","0-64",4
2025-05-24,"21","Kentucky","65-130",6
2025-05-24,"22","Louisiana","0-130",29
2025-05-24,"22","Louisiana","0-64",12
2025-05-24,"22","Louisiana","65-130",17
2025-05-24,"23","Maine","0-130",2
2025-05-24,"23","Maine","0-64",2
2025-05-24,"23","Maine","65-130",0
2025-05-24,"24","Maryland","0-130",26
2025-05-24,"24","Maryland","0-64",17
2025-05-24,"24","Maryland","65-130",7
2025-05-24,"25","Massachusetts","0-130",29
2025-05-24,"25","Massachusetts","0-64",15
2025-05-24,"25","Massachusetts","65-130",14
2025-05-24,"26","Michigan","0-130",51
2025-05-24,"26","Michigan","0-64",20
2025-05-24,"26","Michigan","65-130",20
2025-05-24,"27","Minnesota","0-130",9
2025-05-24,"27","Minnesota","0-64",6
2025-05-24,"27","Minnesota","65-130",3
2025-05-24,"28","Mississippi","0-130",13
2025-05-24,"28","Mississippi","0-64",4
2025-05-24,"28","Mississippi","65-130",9
2025-05-24,"29","Missouri","0-130",42
2025-05-24,"29","Missouri","0-64",24
2025-05-24,"29","Missouri","65-130",18
2025-05-24,"30","Montana","0-130",2
2025-05-24,"30","Montana","0-64",0
2025-05-24,"30","Montana","65-130",2
2025-05-24,"31","Nebraska","0-130",2
2025-05-24,"31","Nebraska","0-64",1
2025-05-24,"31","Nebraska","65-130",1
2025-05-24,"32","Nevada","0-130",26
2025-05-24,"32","Nevada","0-64",16
2025-05-24,"32","Nevada","65-130",10
2025-05-24,"33","New Hampshire","0-130",1
2025-05-24,"33","New Hampshire","0-64",0
2025-05-24,"33","New Hampshire","65-130",1
2025-05-24,"34","New Jersey","0-130",25
2025-05-24,"34","New Jersey","0-64",8
2025-05-24,"34","New Jersey","65-130",17
2025-05-24,"35","New Mexico","0-130",14
2025-05-24,"35","New Mexico","0-64",11
2025-05-24,"35","New Mexico","65-130",3
2025-05-24,"36","New York","0-130",50
2025-05-24,"36","New York","0-64",27
2025-05-24,"36","New York","65-130",23
2025-05-24,"37","North Carolina","0-130",19
2025-05-24,"37","North Carolina","0-64",7
2025-05-24,"37","North Carolina","65-130",12
2025-05-24,"38","North Dakota","0-130",3
2025-05-24,"38","North Dakota","0-64",1
2025-05-24,"38","North Dakota","65-130",2
2025-05-24,"69","Northern Mariana Islands","0-130",0
2025-05-24,"69","Northern Mariana Islands","0-64",0
2025-05-24,"69","Northern Mariana Islands","65-130",0
2025-05-24,"39","Ohio","0-130",20
2025-05-24,"39","Ohio","0-64",10
2025-05-24,"39","Ohio","65-130",10
2025-05-24,"40","Oklahoma","0-130",13
2025-05-24,"40","Oklahoma","0-64",4
2025-05-24,"40","Oklahoma","65-130",9
2025-05-24,"41","Oregon","0-130",19
2025-05-24,"41","Oregon","0-64",11
2025-05-24,"41","Oregon","65-130",8
2025-05-24,"42","Pennsylvania","0-130",171
2025-05-24,"42","Pennsylvania","0-64",84
2025-05-24,"42","Pennsylvania","65-130",87
2025-05-24,"44","Rhode Island","0-130",2
2025-05-24,"44","Rhode Island","0-64",0
2025-05-24,"44","Rhode Island","65-130",2
2025-05-24,"45","South Carolina","0-130",17
2025-05-24,"45","South Carolina","0-64",11
2025-05-24,"45","South Carolina","65-130",6
2025-05-24,"46","South Dakota","0-130",7
2025-05-24,"46","South Dakota","0-64",3
2025-05-24,"46","South Dakota","65-130",4
2025-05-24,"47","Tennessee","0-130",35
2025-05-24,"47","Tennessee","0-64",12
2025-05-24,"47","Tennessee","65-130",23
2025-05-24,"48","Texas","0-130",141
2025-05-24,"48","Texas","0-64",80
2025-05-24,"48","Texas","65-130",61
2025-05-24,"US","US","0-130",1700
2025-05-24,"US","US","0-64",843
2025-05-24,"US","US","65-130",832
2025-05-24,"49","Utah","0-130",14
2025-05-24,"49","Utah","0-64",5
2025-05-24,"49","Utah","65-130",9
2025-05-24,"50","Vermont","0-130",1
2025-05-24,"50","Vermont","0-64",0
2025-05-24,"50","Vermont","65-130",1
2025-05-24,"78","Virgin Islands","0-130",0
2025-05-24,"78","Virgin Islands","0-64",0
2025-05-24,"78","Virgin Islands","65-130",0
2025-05-24,"51","Virginia","0-130",33
2025-05-24,"51","Virginia","0-64",17
2025-05-24,"51","Virginia","65-130",16
2025-05-24,"53","Washington","0-130",29
2025-05-24,"53","Washington","0-64",15
2025-05-24,"53","Washington","65-130",14
2025-05-24,"54","West Virginia","0-130",1
2025-05-24,"54","West Virginia","0-64",1
2025-05-24,"54","West Virginia","65-130",0
2025-05-24,"55","Wisconsin","0-130",10
2025-05-24,"55","Wisconsin","0-64",4
2025-05-24,"55","Wisconsin","65-130",6
2025-05-31,"01","Alabama","0-130",11
2025-05-31,"01","Alabama","0-64",4
2025-05-31,"01","Alabama","65-130",7
2025-05-31,"02","Alaska","0-130",8
2025-05-31,"02","Alaska","0-64",4
2025-05-31,"02","Alaska","65-130",4
2025-05-31,"04","Arizona","0-130",54
2025-05-31,"04","Arizona","0-64",35
2025-05-31,"04","Arizona","65-130",19
2025-05-31,"05","Arkansas","0-130",14
2025-05-31,"05","Arkansas","0-64",7
2025-05-31,"05","Arkansas","65-130",7
2025-05-31,"06","California","0-130",180
2025-05-31,"06","California","0-64",93
2025-05-31,"06","California","65-130",86
2025-05-31,"08","Colorado","0-130",19
2025-05-31,"08","Colorado","0-64",13
2025-05-31,"08","Colorado","65-130",6
2025-05-31,"09","Connecticut","0-130",16
2025-05-31,"09","Connecticut","0-64",7
2025-05-31,"09","Connecticut","65-130",9
2025-05-31,"12","Florida","0-130",226
2025-05-31,"12","Florida","0-64",115
2025-05-31,"12","Florida","65-130",111
2025-05-31,"13","Georgia","0-130",26
2025-05-31,"13","Georgia","0-64",12
2025-05-31,"13","Georgia","65-130",14
2025-05-31,"66","Guam","0-130",1
2025-05-31,"66","Guam","0-64",1
2025-05-31,"66","Guam","65-130",0
2025-05-31,"15","Hawaii","0-130",19
2025-05-31,"15","Hawaii","0-64",10
2025-05-31,"15","Hawaii","65-130",9
2025-05-31,"16","Idaho","0-130",5
2025-05-31,"16","Idaho","0-64",3
2025-05-31,"16","Idaho","65-130",2
2025-05-31,"17","Illinois","0-130",56
2025-05-31,"17","Illinois","0-64",28
2025-05-31,"17","Illinois","65-130",28
2025-05-31,"18","Indiana","0-130",20
2025-05-31,"18","Indiana","0-64",13
2025-05-31,"18","Indiana","65-130",7
2025-05-31,"19","Iowa","0-130",3
2025-05-31,"19","Iowa","0-64",1
2025-05-31,"19","Iowa","65-130",2
2025-05-31,"20","Kansas","0-130",9
2025-05-31,"20","Kansas","0-64",2
2025-05-31,"20","Kansas","65-130",7
2025-05-31,"21","Kentucky","0-130",21
2025-05-31,"21","Kentucky","0-64",12
2025-05-31,"21","Kentucky","65-130",9
2025-05-31,"22","Louisiana","0-130",33
2025-05-31,"22","Louisiana","0-64",17
2025-05-31,"22","Louisiana","65-130",16
2025-05-31,"23","Maine","0-130",1
2025-05-31,"23","Maine","0-64",0
2025-05-31,"23","Maine","65-130",1
2025-05-31,"24","Maryland","0-130",38
2025-05-31,"24","Maryland","0-64",20
2025-05-31,"24","Maryland","65-130",15
2025-05-31,"25","Massachusetts","0-130",26
2025-05-31,"25","Massachusetts","0-64",13
2025-05-31,"25","Massachusetts","65-130",13
2025-05-31,"26","Michigan","0-130",51
2025-05-31,"26","Michigan","0-64",26
2025-05-31,"26","Michigan","65-130",20
2025-05-31,"27","Minnesota","0-130",12
2025-05-31,"27","Minnesota","0-64",4
2025-05-31,"27","Minnesota","65-130",8
2025-05-31,"28","Mississippi","0-130",18
2025-05-31,"28","Mississippi","0-64",10
2025-05-31,"28","Mississippi","65-130",8
2025-05-31,"29","Missouri","0-130",44
2025-05-31,"29","Missouri","0-64",24
2025-05-31,"29","Missouri","65-130",20
2025-05-31,"30","Montana","0-130",4
2025-05-31,"30","Montana","0-64",2
2025-05-31,"30","Montana","65-130",2
2025-05-31,"31","Nebraska","0-130",2
2025-05-31,"31","Nebraska","0-64",0
2025-05-31,"31","Nebraska","65-130",2
2025-05-31,"32","Nevada","0-130",15
2025-05-31,"32","Nevada","0-64",11
2025-05-31,"32","Nevada","65-130",4
2025-05-31,"33","New Hampshire","0-130",3
2025-05-31,"33","New Hampshire","0-64",0
2025-05-31,"33","New Hampshire","65-130",3
2025-05-31,"34","New Jersey","0-130",30
2025-05-31,"34","New Jersey","0-64",12
2025-05-31,"34","New Jersey","65-130",18
2025-05-31,"35","New Mexico","0-130",7
2025-05-31,"35","New Mexico","0-64",6
2025-05-31,"35","New Mexico","65-130",1
2025-05-31,"36","New York","0-130",41
2025-05-31,"36","New York","0-64",17
2025-05-31,"36","New York","65-130",24
2025-05-31,"37","North Carolina","0-130",18
2025-05-31,"37","North Carolina","0-64",14
2025-05-31,"37","North Carolina","65-130",4
2025-05-31,"38","North Dakota","0-130",1
2025-05-31,"38","North Dakota","0-64",1
2025-05-31,"38","North Dakota","65-130",0
2025-05-31,"69","Northern Mariana Islands","0-130",0
2025-05-31,"69","Northern Mariana Islands","0-64",0
2025-05-31,"69","Northern Mariana Islands","65-130",0
2025-05-31,"39","Ohio","0-130",19
2025-05-31,"39","Ohio","0-64",3
2025-05-31,"39","Ohio","65-130",16
2025-05-31,"40","Oklahoma","0-130",8
2025-05-31,"40","Oklahoma","0-64",4
2025-05-31,"40","Oklahoma","65-130",4
2025-05-31,"41","Oregon","0-130",14
2025-05-31,"41","Oregon","0-64",8
2025-05-31,"41","Oregon","65-130",6
2025-05-31,"42","Pennsylvania","0-130",187
2025-05-31,"42","Pennsylvania","0-64",87
2025-05-31,"42","Pennsylvania","65-130",99
2025-05-31,"44","Rhode Island","0-130",2
2025-05-31,"44","Rhode Island","0-64",0
2025-05-31,"44","Rhode Island","65-130",2
2025-05-31,"45","South Carolina","0-130",18
2025-05-31,"45","South Carolina","0-64",7
2025-05-31,"45","South Carolina","65-130",11
2025-05-31,"46","South Dakota","0-130",5
2025-05-31,"46","South Dakota","0-64",2
2025-05-31,"46","South Dakota","65-130",3
2025-05-31,"47","Tennessee","0-130",35
2025-05-31,"47","Tennessee","0-64",14
2025-05-31,"47","Tennessee","65-130",21
2025-05-31,"48","Texas","0-130",161
2025-05-31,"48","Texas","0-64",91
2025-05-31,"48","Texas","65-130",69
2025-05-31,"US","US","0-130",1816
2025-05-31,"US","US","0-64",950
2025-05-31,"US","US","65-130",845
2025-05-31,"49","Utah","0-130",13
2025-05-31,"49","Utah","0-64",5
2025-05-31,"49","Utah","65-130",8
2025-05-31,"50","Vermont","0-130",1
2025-05-31,"50","Vermont","0-64",0
2025-05-31,"50","Vermont","65-130",1
2025-05-31,"78","Virgin Islands","0-130",0
2025-05-31,"78","Virgin Islands","0-64",0
2025-05-31,"78","Virgin Islands","65-130",0
2025-05-31,"51","Virginia","0-130",27
2025-05-31,"51","Virginia","0-64",15
2025-05-31,"51","Virginia","65-130",12
2025-05-31,"53","Washington","0-130",26
2025-05-31,"53","Washington","0-64",9
2025-05-31,"53","Washington","65-130",17
2025-05-31,"54","West Virginia","0-130",1
2025-05-31,"54","West Virginia","0-64",0
2025-05-31,"54","West Virginia","65-130",1
2025-05-31,"55","Wisconsin","0-130",4
2025-05-31,"55","Wisconsin","0-64",2
2025-05-31,"55","Wisconsin","65-130",2
2025-06-07,"01","Alabama","0-130",14
2025-06-07,"01","Alabama","0-64",4
2025-06-07,"01","Alabama","65-130",10
2025-06-07,"02","Alaska","0-130",11
2025-06-07,"02","Alaska","0-64",3
2025-06-07,"02","Alaska","65-130",8
2025-06-07,"60","American Samoa","0-130",NA
2025-06-07,"60","American Samoa","0-64",NA
2025-06-07,"60","American Samoa","65-130",NA
2025-06-07,"04","Arizona","0-130",32
2025-06-07,"04","Arizona","0-64",18
2025-06-07,"04","Arizona","65-130",14
2025-06-07,"05","Arkansas","0-130",14
2025-06-07,"05","Arkansas","0-64",7
2025-06-07,"05","Arkansas","65-130",7
2025-06-07,"06","California","0-130",144
2025-06-07,"06","California","0-64",77
2025-06-07,"06","California","65-130",65
2025-06-07,"08","Colorado","0-130",20
2025-06-07,"08","Colorado","0-64",15
2025-06-07,"08","Colorado","65-130",5
2025-06-07,"09","Connecticut","0-130",8
2025-06-07,"09","Connecticut","0-64",4
2025-06-07,"09","Connecticut","65-130",4
2025-06-07,"12","Florida","0-130",210
2025-06-07,"12","Florida","0-64",110
2025-06-07,"12","Florida","65-130",100
2025-06-07,"13","Georgia","0-130",28
2025-06-07,"13","Georgia","0-64",13
2025-06-07,"13","Georgia","65-130",15
2025-06-07,"66","Guam","0-130",2
2025-06-07,"66","Guam","0-64",1
2025-06-07,"66","Guam","65-130",1
2025-06-07,"15","Hawaii","0-130",10
2025-06-07,"15","Hawaii","0-64",7
2025-06-07,"15","Hawaii","65-130",3
2025-06-07,"16","Idaho","0-130",7
2025-06-07,"16","Idaho","0-64",3
2025-06-07,"16","Idaho","65-130",4
2025-06-07,"17","Illinois","0-130",28
2025-06-07,"17","Illinois","0-64",10
2025-06-07,"17","Illinois","65-130",18
2025-06-07,"18","Indiana","0-130",15
2025-06-07,"18","Indiana","0-64",6
2025-06-07,"18","Indiana","65-130",9
2025-06-07,"19","Iowa","0-130",6
2025-06-07,"19","Iowa","0-64",3
2025-06-07,"19","Iowa","65-130",3
2025-06-07,"20","Kansas","0-130",2
2025-06-07,"20","Kansas","0-64",1
2025-06-07,"20","Kansas","65-130",1
2025-06-07,"21","Kentucky","0-130",20
2025-06-07,"21","Kentucky","0-64",13
2025-06-07,"21","Kentucky","65-130",7
2025-06-07,"22","Louisiana","0-130",32
2025-06-07,"22","Louisiana","0-64",16
2025-06-07,"22","Louisiana","65-130",16
2025-06-07,"23","Maine","0-130",0
2025-06-07,"23","Maine","0-64",0
2025-06-07,"23","Maine","65-130",0
2025-06-07,"24","Maryland","0-130",34
2025-06-07,"24","Maryland","0-64",18
2025-06-07,"24","Maryland","65-130",13
2025-06-07,"25","Massachusetts","0-130",19
2025-06-07,"25","Massachusetts","0-64",7
2025-06-07,"25","Massachusetts","65-130",12
2025-06-07,"26","Michigan","0-130",30
2025-06-07,"26","Michigan","0-64",18
2025-06-07,"26","Michigan","65-130",12
2025-06-07,"27","Minnesota","0-130",6
2025-06-07,"27","Minnesota","0-64",2
2025-06-07,"27","Minnesota","65-130",4
2025-06-07,"28","Mississippi","0-130",17
2025-06-07,"28","Mississippi","0-64",6
2025-06-07,"28","Mississippi","65-130",11
2025-06-07,"29","Missouri","0-130",33
2025-06-07,"29","Missouri","0-64",11
2025-06-07,"29","Missouri","65-130",22
2025-06-07,"30","Montana","0-130",2
2025-06-07,"30","Montana","0-64",1
2025-06-07,"30","Montana","65-130",1
2025-06-07,"31","Nebraska","0-130",4
2025-06-07,"31","Nebraska","0-64",0
2025-06-07,"31","Nebraska","65-130",4
2025-06-07,"32","Nevada","0-130",12
2025-06-07,"32","Nevada","0-64",9
2025-06-07,"32","Nevada","65-130",3
2025-06-07,"33","New Hampshire","0-130",1
2025-06-07,"33","New Hampshire","0-64",1
2025-06-07,"33","New Hampshire","65-130",0
2025-06-07,"34","New Jersey","0-130",26
2025-06-07,"34","New Jersey","0-64",10
2025-06-07,"34","New Jersey","65-130",16
2025-06-07,"35","New Mexico","0-130",10
2025-06-07,"35","New Mexico","0-64",3
2025-06-07,"35","New Mexico","65-130",7
2025-06-07,"36","New York","0-130",27
2025-06-07,"36","New York","0-64",9
2025-06-07,"36","New York","65-130",18
2025-06-07,"37","North Carolina","0-130",25
2025-06-07,"37","North Carolina","0-64",10
2025-06-07,"37","North Carolina","65-130",15
2025-06-07,"38","North Dakota","0-130",5
2025-06-07,"38","North Dakota","0-64",1
2025-06-07,"38","North Dakota","65-130",4
2025-06-07,"69","Northern Mariana Islands","0-130",0
2025-06-07,"69","Northern Mariana Islands","0-64",0
2025-06-07,"69","Northern Mariana Islands","65-130",0
2025-06-07,"39","Ohio","0-130",20
2025-06-07,"39","Ohio","0-64",9
2025-06-07,"39","Ohio","65-130",11
2025-06-07,"40","Oklahoma","0-130",12
2025-06-07,"40","Oklahoma","0-64",8
2025-06-07,"40","Oklahoma","65-130",4
2025-06-07,"41","Oregon","0-130",16
2025-06-07,"41","Oregon","0-64",8
2025-06-07,"41","Oregon","65-130",8
2025-06-07,"42","Pennsylvania","0-130",160
2025-06-07,"42","Pennsylvania","0-64",90
2025-06-07,"42","Pennsylvania","65-130",69
2025-06-07,"44","Rhode Island","0-130",3
2025-06-07,"44","Rhode Island","0-64",2
2025-06-07,"44","Rhode Island","65-130",1
2025-06-07,"45","South Carolina","0-130",9
2025-06-07,"45","South Carolina","0-64",7
2025-06-07,"45","South Carolina","65-130",2
2025-06-07,"46","South Dakota","0-130",3
2025-06-07,"46","South Dakota","0-64",3
2025-06-07,"46","South Dakota","65-130",0
2025-06-07,"47","Tennessee","0-130",34
2025-06-07,"47","Tennessee","0-64",17
2025-06-07,"47","Tennessee","65-130",17
2025-06-07,"48","Texas","0-130",144
2025-06-07,"48","Texas","0-64",76
2025-06-07,"48","Texas","65-130",67
2025-06-07,"US","US","0-130",1506
2025-06-07,"US","US","0-64",771
2025-06-07,"US","US","65-130",718
2025-06-07,"49","Utah","0-130",7
2025-06-07,"49","Utah","0-64",3
2025-06-07,"49","Utah","65-130",4
2025-06-07,"50","Vermont","0-130",0
2025-06-07,"50","Vermont","0-64",0
2025-06-07,"50","Vermont","65-130",0
2025-06-07,"78","Virgin Islands","0-130",0
2025-06-07,"78","Virgin Islands","0-64",0
2025-06-07,"78","Virgin Islands","65-130",0
2025-06-07,"51","Virginia","0-130",20
2025-06-07,"51","Virginia","0-64",7
2025-06-07,"51","Virginia","65-130",13
2025-06-07,"53","Washington","0-130",31
2025-06-07,"53","Washington","0-64",12
2025-06-07,"53","Washington","65-130",19
2025-06-07,"54","West Virginia","0-130",7
2025-06-07,"54","West Virginia","0-64",5
2025-06-07,"54","West Virginia","65-130",2
2025-06-07,"55","Wisconsin","0-130",2
2025-06-07,"55","Wisconsin","0-64",1
2025-06-07,"55","Wisconsin","65-130",1
2025-06-14,"01","Alabama","0-130",18
2025-06-14,"01","Alabama","0-64",10
2025-06-14,"01","Alabama","65-130",8
2025-06-14,"02","Alaska","0-130",11
2025-06-14,"02","Alaska","0-64",2
2025-06-14,"02","Alaska","65-130",9
2025-06-14,"60","American Samoa","0-130",2
2025-06-14,"60","American Samoa","0-64",2
2025-06-14,"60","American Samoa","65-130",0
2025-06-14,"04","Arizona","0-130",26
2025-06-14,"04","Arizona","0-64",19
2025-06-14,"04","Arizona","65-130",7
2025-06-14,"05","Arkansas","0-130",12
2025-06-14,"05","Arkansas","0-64",4
2025-06-14,"05","Arkansas","65-130",8
2025-06-14,"06","California","0-130",152
2025-06-14,"06","California","0-64",93
2025-06-14,"06","California","65-130",58
2025-06-14,"08","Colorado","0-130",17
2025-06-14,"08","Colorado","0-64",10
2025-06-14,"08","Colorado","65-130",7
2025-06-14,"09","Connecticut","0-130",4
2025-06-14,"09","Connecticut","0-64",1
2025-06-14,"09","Connecticut","65-130",3
2025-06-14,"12","Florida","0-130",219
2025-06-14,"12","Florida","0-64",105
2025-06-14,"12","Florida","65-130",113
2025-06-14,"13","Georgia","0-130",31
2025-06-14,"13","Georgia","0-64",12
2025-06-14,"13","Georgia","65-130",19
2025-06-14,"66","Guam","0-130",2
2025-06-14,"66","Guam","0-64",1
2025-06-14,"66","Guam","65-130",1
2025-06-14,"15","Hawaii","0-130",14
2025-06-14,"15","Hawaii","0-64",10
2025-06-14,"15","Hawaii","65-130",4
2025-06-14,"16","Idaho","0-130",9
2025-06-14,"16","Idaho","0-64",2
2025-06-14,"16","Idaho","65-130",7
2025-06-14,"17","Illinois","0-130",24
2025-06-14,"17","Illinois","0-64",6
2025-06-14,"17","Illinois","65-130",18
2025-06-14,"18","Indiana","0-130",5
2025-06-14,"18","Indiana","0-64",2
2025-06-14,"18","Indiana","65-130",3
2025-06-14,"19","Iowa","0-130",1
2025-06-14,"19","Iowa","0-64",0
2025-06-14,"19","Iowa","65-130",1
2025-06-14,"20","Kansas","0-130",1
2025-06-14,"20","Kansas","0-64",0
2025-06-14,"20","Kansas","65-130",1
2025-06-14,"21","Kentucky","0-130",19
2025-06-14,"21","Kentucky","0-64",8
2025-06-14,"21","Kentucky","65-130",11
2025-06-14,"22","Louisiana","0-130",33
2025-06-14,"22","Louisiana","0-64",18
2025-06-14,"22","Louisiana","65-130",15
2025-06-14,"23","Maine","0-130",2
2025-06-14,"23","Maine","0-64",1
2025-06-14,"23","Maine","65-130",1
2025-06-14,"24","Maryland","0-130",13
2025-06-14,"24","Maryland","0-64",6
2025-06-14,"24","Maryland","65-130",6
2025-06-14,"25","Massachusetts","0-130",23
2025-06-14,"25","Massachusetts","0-64",11
2025-06-14,"25","Massachusetts","65-130",12
2025-06-14,"26","Michigan","0-130",30
2025-06-14,"26","Michigan","0-64",11
2025-06-14,"26","Michigan","65-130",19
2025-06-14,"27","Minnesota","0-130",10
2025-06-14,"27","Minnesota","0-64",4
2025-06-14,"27","Minnesota","65-130",6
2025-06-14,"28","Mississippi","0-130",17
2025-06-14,"28","Mississippi","0-64",7
2025-06-14,"28","Mississippi","65-130",10
2025-06-14,"29","Missouri","0-130",41
2025-06-14,"29","Missouri","0-64",17
2025-06-14,"29","Missouri","65-130",24
2025-06-14,"30","Montana","0-130",1
2025-06-14,"30","Montana","0-64",0
2025-06-14,"30","Montana","65-130",1
2025-06-14,"31","Nebraska","0-130",0
2025-06-14,"31","Nebraska","0-64",0
2025-06-14,"31","Nebraska","65-130",0
2025-06-14,"32","Nevada","0-130",16
2025-06-14,"32","Nevada","0-64",11
2025-06-14,"32","Nevada","65-130",5
2025-06-14,"33","New Hampshire","0-130",2
2025-06-14,"33","New Hampshire","0-64",1
2025-06-14,"33","New Hampshire","65-130",1
2025-06-14,"34","New Jersey","0-130",24
2025-06-14,"34","New Jersey","0-64",7
2025-06-14,"34","New Jersey","65-130",17
2025-06-14,"35","New Mexico","0-130",6
2025-06-14,"35","New Mexico","0-64",4
2025-06-14,"35","New Mexico","65-130",2
2025-06-14,"36","New York","0-130",29
2025-06-14,"36","New York","0-64",15
2025-06-14,"36","New York","65-130",14
2025-06-14,"37","North Carolina","0-130",18
2025-06-14,"37","North Carolina","0-64",5
2025-06-14,"37","North Carolina","65-130",13
2025-06-14,"38","North Dakota","0-130",4
2025-06-14,"38","North Dakota","0-64",2
2025-06-14,"38","North Dakota","65-130",2
2025-06-14,"69","Northern Mariana Islands","0-130",0
2025-06-14,"69","Northern Mariana Islands","0-64",0
2025-06-14,"69","Northern Mariana Islands","65-130",0
2025-06-14,"39","Ohio","0-130",15
2025-06-14,"39","Ohio","0-64",8
2025-06-14,"39","Ohio","65-130",7
2025-06-14,"40","Oklahoma","0-130",12
2025-06-14,"40","Oklahoma","0-64",6
2025-06-14,"40","Oklahoma","65-130",6
2025-06-14,"41","Oregon","0-130",17
2025-06-14,"41","Oregon","0-64",9
2025-06-14,"41","Oregon","65-130",8
2025-06-14,"42","Pennsylvania","0-130",155
2025-06-14,"42","Pennsylvania","0-64",66
2025-06-14,"42","Pennsylvania","65-130",86
2025-06-14,"44","Rhode Island","0-130",0
2025-06-14,"44","Rhode Island","0-64",0
2025-06-14,"44","Rhode Island","65-130",0
2025-06-14,"45","South Carolina","0-130",8
2025-06-14,"45","South Carolina","0-64",4
2025-06-14,"45","South Carolina","65-130",4
2025-06-14,"46","South Dakota","0-130",7
2025-06-14,"46","South Dakota","0-64",3
2025-06-14,"46","South Dakota","65-130",4
2025-06-14,"47","Tennessee","0-130",45
2025-06-14,"47","Tennessee","0-64",14
2025-06-14,"47","Tennessee","65-130",31
2025-06-14,"48","Texas","0-130",132
2025-06-14,"48","Texas","0-64",71
2025-06-14,"48","Texas","65-130",61
2025-06-14,"US","US","0-130",1477
2025-06-14,"US","US","0-64",719
2025-06-14,"US","US","65-130",750
2025-06-14,"49","Utah","0-130",9
2025-06-14,"49","Utah","0-64",7
2025-06-14,"49","Utah","65-130",2
2025-06-14,"50","Vermont","0-130",0
2025-06-14,"50","Vermont","0-64",0
2025-06-14,"50","Vermont","65-130",0
2025-06-14,"78","Virgin Islands","0-130",0
2025-06-14,"78","Virgin Islands","0-64",0
2025-06-14,"78","Virgin Islands","65-130",0
2025-06-14,"51","Virginia","0-130",19
2025-06-14,"51","Virginia","0-64",8
2025-06-14,"51","Virginia","65-130",11
2025-06-14,"53","Washington","0-130",23
2025-06-14,"53","Washington","0-64",10
2025-06-14,"53","Washington","65-130",13
2025-06-14,"54","West Virginia","0-130",0
2025-06-14,"54","West Virginia","0-64",0
2025-06-14,"54","West Virginia","65-130",0
2025-06-14,"55","Wisconsin","0-130",4
2025-06-14,"55","Wisconsin","0-64",1
2025-06-14,"55","Wisconsin","65-130",3
2025-06-21,"01","Alabama","0-130",22
2025-06-21,"01","Alabama","0-64",7
2025-06-21,"01","Alabama","65-130",15
2025-06-21,"02","Alaska","0-130",17
2025-06-21,"02","Alaska","0-64",3
2025-06-21,"02","Alaska","65-130",14
2025-06-21,"60","American Samoa","0-130",0
2025-06-21,"60","American Samoa","0-64",0
2025-06-21,"60","American Samoa","65-130",0
2025-06-21,"04","Arizona","0-130",18
2025-06-21,"04","Arizona","0-64",8
2025-06-21,"04","Arizona","65-130",10
2025-06-21,"05","Arkansas","0-130",14
2025-06-21,"05","Arkansas","0-64",7
2025-06-21,"05","Arkansas","65-130",7
2025-06-21,"06","California","0-130",116
2025-06-21,"06","California","0-64",52
2025-06-21,"06","California","65-130",63
2025-06-21,"08","Colorado","0-130",4
2025-06-21,"08","Colorado","0-64",1
2025-06-21,"08","Colorado","65-130",3
2025-06-21,"09","Connecticut","0-130",4
2025-06-21,"09","Connecticut","0-64",1
2025-06-21,"09","Connecticut","65-130",3
2025-06-21,"12","Florida","0-130",212
2025-06-21,"12","Florida","0-64",104
2025-06-21,"12","Florida","65-130",108
2025-06-21,"13","Georgia","0-130",18
2025-06-21,"13","Georgia","0-64",8
2025-06-21,"13","Georgia","65-130",10
2025-06-21,"66","Guam","0-130",NA
2025-06-21,"66","Guam","0-64",NA
2025-06-21,"66","Guam","65-130",NA
2025-06-21,"15","Hawaii","0-130",5
2025-06-21,"15","Hawaii","0-64",3
2025-06-21,"15","Hawaii","65-130",2
2025-06-21,"16","Idaho","0-130",7
2025-06-21,"16","Idaho","0-64",6
2025-06-21,"16","Idaho","65-130",1
2025-06-21,"17","Illinois","0-130",23
2025-06-21,"17","Illinois","0-64",4
2025-06-21,"17","Illinois","65-130",19
2025-06-21,"18","Indiana","0-130",11
2025-06-21,"18","Indiana","0-64",2
2025-06-21,"18","Indiana","65-130",9
2025-06-21,"19","Iowa","0-130",3
2025-06-21,"19","Iowa","0-64",2
2025-06-21,"19","Iowa","65-130",1
2025-06-21,"20","Kansas","0-130",5
2025-06-21,"20","Kansas","0-64",1
2025-06-21,"20","Kansas","65-130",4
2025-06-21,"21","Kentucky","0-130",13
2025-06-21,"21","Kentucky","0-64",7
2025-06-21,"21","Kentucky","65-130",6
2025-06-21,"22","Louisiana","0-130",36
2025-06-21,"22","Louisiana","0-64",18
2025-06-21,"22","Louisiana","65-130",18
2025-06-21,"23","Maine","0-130",2
2025-06-21,"23","Maine","0-64",0
2025-06-21,"23","Maine","65-130",2
2025-06-21,"24","Maryland","0-130",6
2025-06-21,"24","Maryland","0-64",0
2025-06-21,"24","Maryland","65-130",6
2025-06-21,"25","Massachusetts","0-130",8
2025-06-21,"25","Massachusetts","0-64",0
2025-06-21,"25","Massachusetts","65-130",8
2025-06-21,"26","Michigan","0-130",27
2025-06-21,"26","Michigan","0-64",5
2025-06-21,"26","Michigan","65-130",22
2025-06-21,"27","Minnesota","0-130",7
2025-06-21,"27","Minnesota","0-64",1
2025-06-21,"27","Minnesota","65-130",6
2025-06-21,"28","Mississippi","0-130",18
2025-06-21,"28","Mississippi","0-64",9
2025-06-21,"28","Mississippi","65-130",9
2025-06-21,"29","Missouri","0-130",36
2025-06-21,"29","Missouri","0-64",13
2025-06-21,"29","Missouri","65-130",23
2025-06-21,"30","Montana","0-130",2
2025-06-21,"30","Montana","0-64",0
2025-06-21,"30","Montana","65-130",2
2025-06-21,"31","Nebraska","0-130",0
2025-06-21,"31","Nebraska","0-64",0
2025-06-21,"31","Nebraska","65-130",0
2025-06-21,"32","Nevada","0-130",12
2025-06-21,"32","Nevada","0-64",9
2025-06-21,"32","Nevada","65-130",3
2025-06-21,"33","New Hampshire","0-130",2
2025-06-21,"33","New Hampshire","0-64",0
2025-06-21,"33","New Hampshire","65-130",2
2025-06-21,"34","New Jersey","0-130",20
2025-06-21,"34","New Jersey","0-64",7
2025-06-21,"34","New Jersey","65-130",13
2025-06-21,"35","New Mexico","0-130",8
2025-06-21,"35","New Mexico","0-64",3
2025-06-21,"35","New Mexico","65-130",5
2025-06-21,"36","New York","0-130",27
2025-06-21,"36","New York","0-64",14
2025-06-21,"36","New York","65-130",13
2025-06-21,"37","North Carolina","0-130",22
2025-06-21,"37","North Carolina","0-64",11
2025-06-21,"37","North Carolina","65-130",11
2025-06-21,"38","North Dakota","0-130",3
2025-06-21,"38","North Dakota","0-64",2
2025-06-21,"38","North Dakota","65-130",1
2025-06-21,"69","Northern Mariana Islands","0-130",0
2025-06-21,"69","Northern Mariana Islands","0-64",0
2025-06-21,"69","Northern Mariana Islands","65-130",0
2025-06-21,"39","Ohio","0-130",16
2025-06-21,"39","Ohio","0-64",9
2025-06-21,"39","Ohio","65-130",7
2025-06-21,"40","Oklahoma","0-130",10
2025-06-21,"40","Oklahoma","0-64",4
2025-06-21,"40","Oklahoma","65-130",6
2025-06-21,"41","Oregon","0-130",11
2025-06-21,"41","Oregon","0-64",7
2025-06-21,"41","Oregon","65-130",4
2025-06-21,"42","Pennsylvania","0-130",151
2025-06-21,"42","Pennsylvania","0-64",67
2025-06-21,"42","Pennsylvania","65-130",84
2025-06-21,"44","Rhode Island","0-130",0
2025-06-21,"44","Rhode Island","0-64",0
2025-06-21,"44","Rhode Island","65-130",0
2025-06-21,"45","South Carolina","0-130",10
2025-06-21,"45","South Carolina","0-64",6
2025-06-21,"45","South Carolina","65-130",4
2025-06-21,"46","South Dakota","0-130",6
2025-06-21,"46","South Dakota","0-64",4
2025-06-21,"46","South Dakota","65-130",2
2025-06-21,"47","Tennessee","0-130",33
2025-06-21,"47","Tennessee","0-64",12
2025-06-21,"47","Tennessee","65-130",21
2025-06-21,"48","Texas","0-130",119
2025-06-21,"48","Texas","0-64",52
2025-06-21,"48","Texas","65-130",65
2025-06-21,"US","US","0-130",1329
2025-06-21,"US","US","0-64",607
2025-06-21,"US","US","65-130",717
2025-06-21,"49","Utah","0-130",1
2025-06-21,"49","Utah","0-64",1
2025-06-21,"49","Utah","65-130",0
2025-06-21,"50","Vermont","0-130",0
2025-06-21,"50","Vermont","0-64",0
2025-06-21,"50","Vermont","65-130",0
2025-06-21,"78","Virgin Islands","0-130",0
2025-06-21,"78","Virgin Islands","0-64",0
2025-06-21,"78","Virgin Islands","65-130",0
2025-06-21,"51","Virginia","0-130",11
2025-06-21,"51","Virginia","0-64",8
2025-06-21,"51","Virginia","65-130",3
2025-06-21,"53","Washington","0-130",14
2025-06-21,"53","Washington","0-64",4
2025-06-21,"53","Washington","65-130",10
2025-06-21,"54","West Virginia","0-130",2
2025-06-21,"54","West Virginia","0-64",1
2025-06-21,"54","West Virginia","65-130",1
2025-06-21,"55","Wisconsin","0-130",3
2025-06-21,"55","Wisconsin","0-64",2
2025-06-21,"55","Wisconsin","65-130",1
2025-06-28,"01","Alabama","0-130",27
2025-06-28,"01","Alabama","0-64",12
2025-06-28,"01","Alabama","65-130",15
2025-06-28,"02","Alaska","0-130",5
2025-06-28,"02","Alaska","0-64",1
2025-06-28,"02","Alaska","65-130",4
2025-06-28,"60","American Samoa","0-130",1
2025-06-28,"60","American Samoa","0-64",1
2025-06-28,"60","American Samoa","65-130",0
2025-06-28,"04","Arizona","0-130",11
2025-06-28,"04","Arizona","0-64",8
2025-06-28,"04","Arizona","65-130",3
2025-06-28,"05","Arkansas","0-130",20
2025-06-28,"05","Arkansas","0-64",11
2025-06-28,"05","Arkansas","65-130",9
2025-06-28,"06","California","0-130",93
2025-06-28,"06","California","0-64",43
2025-06-28,"06","California","65-130",49
2025-06-28,"08","Colorado","0-130",4
2025-06-28,"08","Colorado","0-64",2
2025-06-28,"08","Colorado","65-130",2
2025-06-28,"09","Connecticut","0-130",1
2025-06-28,"09","Connecticut","0-64",1
2025-06-28,"09","Connecticut","65-130",0
2025-06-28,"10","Delaware","0-130",NA
2025-06-28,"10","Delaware","0-64",NA
2025-06-28,"10","Delaware","65-130",NA
2025-06-28,"12","Florida","0-130",185
2025-06-28,"12","Florida","0-64",83
2025-06-28,"12","Florida","65-130",102
2025-06-28,"13","Georgia","0-130",24
2025-06-28,"13","Georgia","0-64",12
2025-06-28,"13","Georgia","65-130",12
2025-06-28,"66","Guam","0-130",0
2025-06-28,"66","Guam","0-64",0
2025-06-28,"66","Guam","65-130",0
2025-06-28,"15","Hawaii","0-130",8
2025-06-28,"15","Hawaii","0-64",5
2025-06-28,"15","Hawaii","65-130",3
2025-06-28,"16","Idaho","0-130",1
2025-06-28,"16","Idaho","0-64",1
2025-06-28,"16","Idaho","65-130",0
2025-06-28,"17","Illinois","0-130",33
2025-06-28,"17","Illinois","0-64",6
2025-06-28,"17","Illinois","65-130",27
2025-06-28,"18","Indiana","0-130",15
2025-06-28,"18","Indiana","0-64",4
2025-06-28,"18","Indiana","65-130",11
2025-06-28,"19","Iowa","0-130",2
2025-06-28,"19","Iowa","0-64",1
2025-06-28,"19","Iowa","65-130",1
2025-06-28,"20","Kansas","0-130",6
2025-06-28,"20","Kansas","0-64",1
2025-06-28,"20","Kansas","65-130",5
2025-06-28,"21","Kentucky","0-130",12
2025-06-28,"21","Kentucky","0-64",5
2025-06-28,"21","Kentucky","65-130",7
2025-06-28,"22","Louisiana","0-130",25
2025-06-28,"22","Louisiana","0-64",13
2025-06-28,"22","Louisiana","65-130",12
2025-06-28,"23","Maine","0-130",0
2025-06-28,"23","Maine","0-64",0
2025-06-28,"23","Maine","65-130",0
2025-06-28,"24","Maryland","0-130",6
2025-06-28,"24","Maryland","0-64",1
2025-06-28,"24","Maryland","65-130",5
2025-06-28,"25","Massachusetts","0-130",17
2025-06-28,"25","Massachusetts","0-64",8
2025-06-28,"25","Massachusetts","65-130",9
2025-06-28,"26","Michigan","0-130",32
2025-06-28,"26","Michigan","0-64",10
2025-06-28,"26","Michigan","65-130",22
2025-06-28,"27","Minnesota","0-130",3
2025-06-28,"27","Minnesota","0-64",1
2025-06-28,"27","Minnesota","65-130",2
2025-06-28,"28","Mississippi","0-130",12
2025-06-28,"28","Mississippi","0-64",4
2025-06-28,"28","Mississippi","65-130",6
2025-06-28,"29","Missouri","0-130",33
2025-06-28,"29","Missouri","0-64",12
2025-06-28,"29","Missouri","65-130",21
2025-06-28,"30","Montana","0-130",1
2025-06-28,"30","Montana","0-64",1
2025-06-28,"30","Montana","65-130",0
2025-06-28,"31","Nebraska","0-130",0
2025-06-28,"31","Nebraska","0-64",0
2025-06-28,"31","Nebraska","65-130",0
2025-06-28,"32","Nevada","0-130",10
2025-06-28,"32","Nevada","0-64",8
2025-06-28,"32","Nevada","65-130",2
2025-06-28,"33","New Hampshire","0-130",0
2025-06-28,"33","New Hampshire","0-64",0
2025-06-28,"33","New Hampshire","65-130",0
2025-06-28,"34","New Jersey","0-130",25
2025-06-28,"34","New Jersey","0-64",9
2025-06-28,"34","New Jersey","65-130",16
2025-06-28,"35","New Mexico","0-130",3
2025-06-28,"35","New Mexico","0-64",2
2025-06-28,"35","New Mexico","65-130",1
2025-06-28,"36","New York","0-130",22
2025-06-28,"36","New York","0-64",11
2025-06-28,"36","New York","65-130",11
2025-06-28,"37","North Carolina","0-130",23
2025-06-28,"37","North Carolina","0-64",11
2025-06-28,"37","North Carolina","65-130",12
2025-06-28,"38","North Dakota","0-130",NA
2025-06-28,"38","North Dakota","0-64",NA
2025-06-28,"38","North Dakota","65-130",NA
2025-06-28,"69","Northern Mariana Islands","0-130",0
2025-06-28,"69","Northern Mariana Islands","0-64",0
2025-06-28,"69","Northern Mariana Islands","65-130",0
2025-06-28,"39","Ohio","0-130",14
2025-06-28,"39","Ohio","0-64",9
2025-06-28,"39","Ohio","65-130",5
2025-06-28,"40","Oklahoma","0-130",14
2025-06-28,"40","Oklahoma","0-64",6
2025-06-28,"40","Oklahoma","65-130",8
2025-06-28,"41","Oregon","0-130",12
2025-06-28,"41","Oregon","0-64",8
2025-06-28,"41","Oregon","65-130",3
2025-06-28,"42","Pennsylvania","0-130",144
2025-06-28,"42","Pennsylvania","0-64",55
2025-06-28,"42","Pennsylvania","65-130",89
2025-06-28,"44","Rhode Island","0-130",0
2025-06-28,"44","Rhode Island","0-64",0
2025-06-28,"44","Rhode Island","65-130",0
2025-06-28,"45","South Carolina","0-130",16
2025-06-28,"45","South Carolina","0-64",9
2025-06-28,"45","South Carolina","65-130",7
2025-06-28,"46","South Dakota","0-130",2
2025-06-28,"46","South Dakota","0-64",0
2025-06-28,"46","South Dakota","65-130",2
2025-06-28,"47","Tennessee","0-130",19
2025-06-28,"47","Tennessee","0-64",5
2025-06-28,"47","Tennessee","65-130",14
2025-06-28,"48","Texas","0-130",104
2025-06-28,"48","Texas","0-64",46
2025-06-28,"48","Texas","65-130",55
2025-06-28,"US","US","0-130",1126
2025-06-28,"US","US","0-64",501
2025-06-28,"US","US","65-130",615
2025-06-28,"49","Utah","0-130",3
2025-06-28,"49","Utah","0-64",1
2025-06-28,"49","Utah","65-130",2
2025-06-28,"50","Vermont","0-130",0
2025-06-28,"50","Vermont","0-64",0
2025-06-28,"50","Vermont","65-130",0
2025-06-28,"78","Virgin Islands","0-130",0
2025-06-28,"78","Virgin Islands","0-64",0
2025-06-28,"78","Virgin Islands","65-130",0
2025-06-28,"51","Virginia","0-130",12
2025-06-28,"51","Virginia","0-64",5
2025-06-28,"51","Virginia","65-130",7
2025-06-28,"53","Washington","0-130",13
2025-06-28,"53","Washington","0-64",4
2025-06-28,"53","Washington","65-130",9
2025-06-28,"54","West Virginia","0-130",1
2025-06-28,"54","West Virginia","0-64",1
2025-06-28,"54","West Virginia","65-130",0
2025-06-28,"55","Wisconsin","0-130",2
2025-06-28,"55","Wisconsin","0-64",1
2025-06-28,"55","Wisconsin","65-130",1
2025-07-05,"01","Alabama","0-130",15
2025-07-05,"01","Alabama","0-64",9
2025-07-05,"01","Alabama","65-130",6
2025-07-05,"02","Alaska","0-130",4
2025-07-05,"02","Alaska","0-64",2
2025-07-05,"02","Alaska","65-130",2
2025-07-05,"60","American Samoa","0-130",0
2025-07-05,"60","American Samoa","0-64",0
2025-07-05,"60","American Samoa","65-130",0
2025-07-05,"04","Arizona","0-130",24
2025-07-05,"04","Arizona","0-64",16
2025-07-05,"04","Arizona","65-130",8
2025-07-05,"05","Arkansas","0-130",5
2025-07-05,"05","Arkansas","0-64",1
2025-07-05,"05","Arkansas","65-130",4
2025-07-05,"06","California","0-130",84
2025-07-05,"06","California","0-64",33
2025-07-05,"06","California","65-130",51
2025-07-05,"08","Colorado","0-130",5
2025-07-05,"08","Colorado","0-64",0
2025-07-05,"08","Colorado","65-130",5
2025-07-05,"09","Connecticut","0-130",2
2025-07-05,"09","Connecticut","0-64",1
2025-07-05,"09","Connecticut","65-130",1
2025-07-05,"10","Delaware","0-130",3
2025-07-05,"10","Delaware","0-64",1
2025-07-05,"10","Delaware","65-130",2
2025-07-05,"12","Florida","0-130",180
2025-07-05,"12","Florida","0-64",76
2025-07-05,"12","Florida","65-130",104
2025-07-05,"13","Georgia","0-130",9
2025-07-05,"13","Georgia","0-64",2
2025-07-05,"13","Georgia","65-130",7
2025-07-05,"66","Guam","0-130",0
2025-07-05,"66","Guam","0-64",0
2025-07-05,"66","Guam","65-130",0
2025-07-05,"15","Hawaii","0-130",9
2025-07-05,"15","Hawaii","0-64",2
2025-07-05,"15","Hawaii","65-130",7
2025-07-05,"16","Idaho","0-130",5
2025-07-05,"16","Idaho","0-64",4
2025-07-05,"16","Idaho","65-130",1
2025-07-05,"17","Illinois","0-130",42
2025-07-05,"17","Illinois","0-64",15
2025-07-05,"17","Illinois","65-130",27
2025-07-05,"18","Indiana","0-130",10
2025-07-05,"18","Indiana","0-64",3
2025-07-05,"18","Indiana","65-130",7
2025-07-05,"19","Iowa","0-130",1
2025-07-05,"19","Iowa","0-64",0
2025-07-05,"19","Iowa","65-130",1
2025-07-05,"20","Kansas","0-130",3
2025-07-05,"20","Kansas","0-64",1
2025-07-05,"20","Kansas","65-130",2
2025-07-05,"21","Kentucky","0-130",11
2025-07-05,"21","Kentucky","0-64",5
2025-07-05,"21","Kentucky","65-130",6
2025-07-05,"22","Louisiana","0-130",21
2025-07-05,"22","Louisiana","0-64",8
2025-07-05,"22","Louisiana","65-130",13
2025-07-05,"23","Maine","0-130",1
2025-07-05,"23","Maine","0-64",1
2025-07-05,"23","Maine","65-130",0
2025-07-05,"24","Maryland","0-130",7
2025-07-05,"24","Maryland","0-64",3
2025-07-05,"24","Maryland","65-130",4
2025-07-05,"25","Massachusetts","0-130",17
2025-07-05,"25","Massachusetts","0-64",5
2025-07-05,"25","Massachusetts","65-130",12
2025-07-05,"26","Michigan","0-130",19
2025-07-05,"26","Michigan","0-64",7
2025-07-05,"26","Michigan","65-130",12
2025-07-05,"27","Minnesota","0-130",4
2025-07-05,"27","Minnesota","0-64",2
2025-07-05,"27","Minnesota","65-130",2
2025-07-05,"28","Mississippi","0-130",9
2025-07-05,"28","Mississippi","0-64",2
2025-07-05,"28","Mississippi","65-130",6
2025-07-05,"29","Missouri","0-130",11
2025-07-05,"29","Missouri","0-64",5
2025-07-05,"29","Missouri","65-130",6
2025-07-05,"30","Montana","0-130",2
2025-07-05,"30","Montana","0-64",1
2025-07-05,"30","Montana","65-130",1
2025-07-05,"31","Nebraska","0-130",1
2025-07-05,"31","Nebraska","0-64",0
2025-07-05,"31","Nebraska","65-130",1
2025-07-05,"32","Nevada","0-130",8
2025-07-05,"32","Nevada","0-64",5
2025-07-05,"32","Nevada","65-130",3
2025-07-05,"33","New Hampshire","0-130",1
2025-07-05,"33","New Hampshire","0-64",0
2025-07-05,"33","New Hampshire","65-130",1
2025-07-05,"34","New Jersey","0-130",23
2025-07-05,"34","New Jersey","0-64",8
2025-07-05,"34","New Jersey","65-130",15
2025-07-05,"35","New Mexico","0-130",4
2025-07-05,"35","New Mexico","0-64",3
2025-07-05,"35","New Mexico","65-130",1
2025-07-05,"36","New York","0-130",22
2025-07-05,"36","New York","0-64",7
2025-07-05,"36","New York","65-130",15
2025-07-05,"37","North Carolina","0-130",15
2025-07-05,"37","North Carolina","0-64",6
2025-07-05,"37","North Carolina","65-130",9
2025-07-05,"38","North Dakota","0-130",4
2025-07-05,"38","North Dakota","0-64",0
2025-07-05,"38","North Dakota","65-130",4
2025-07-05,"69","Northern Mariana Islands","0-130",0
2025-07-05,"69","Northern Mariana Islands","0-64",0
2025-07-05,"69","Northern Mariana Islands","65-130",0
2025-07-05,"39","Ohio","0-130",18
2025-07-05,"39","Ohio","0-64",7
2025-07-05,"39","Ohio","65-130",11
2025-07-05,"40","Oklahoma","0-130",8
2025-07-05,"40","Oklahoma","0-64",3
2025-07-05,"40","Oklahoma","65-130",5
2025-07-05,"41","Oregon","0-130",13
2025-07-05,"41","Oregon","0-64",5
2025-07-05,"41","Oregon","65-130",8
2025-07-05,"42","Pennsylvania","0-130",104
2025-07-05,"42","Pennsylvania","0-64",46
2025-07-05,"42","Pennsylvania","65-130",58
2025-07-05,"44","Rhode Island","0-130",0
2025-07-05,"44","Rhode Island","0-64",0
2025-07-05,"44","Rhode Island","65-130",0
2025-07-05,"45","South Carolina","0-130",11
2025-07-05,"45","South Carolina","0-64",6
2025-07-05,"45","South Carolina","65-130",5
2025-07-05,"46","South Dakota","0-130",1
2025-07-05,"46","South Dakota","0-64",0
2025-07-05,"46","South Dakota","65-130",1
2025-07-05,"47","Tennessee","0-130",13
2025-07-05,"47","Tennessee","0-64",6
2025-07-05,"47","Tennessee","65-130",7
2025-07-05,"48","Texas","0-130",78
2025-07-05,"48","Texas","0-64",32
2025-07-05,"48","Texas","65-130",46
2025-07-05,"US","US","0-130",990
2025-07-05,"US","US","0-64",416
2025-07-05,"US","US","65-130",567
2025-07-05,"49","Utah","0-130",6
2025-07-05,"49","Utah","0-64",4
2025-07-05,"49","Utah","65-130",2
2025-07-05,"50","Vermont","0-130",0
2025-07-05,"50","Vermont","0-64",0
2025-07-05,"50","Vermont","65-130",0
2025-07-05,"78","Virgin Islands","0-130",0
2025-07-05,"78","Virgin Islands","0-64",0
2025-07-05,"78","Virgin Islands","65-130",0
2025-07-05,"51","Virginia","0-130",14
2025-07-05,"51","Virginia","0-64",3
2025-07-05,"51","Virginia","65-130",11
2025-07-05,"53","Washington","0-130",14
2025-07-05,"53","Washington","0-64",4
2025-07-05,"53","Washington","65-130",10
2025-07-05,"54","West Virginia","0-130",0
2025-07-05,"54","West Virginia","0-64",0
2025-07-05,"54","West Virginia","65-130",0
2025-07-05,"55","Wisconsin","0-130",2
2025-07-05,"55","Wisconsin","0-64",0
2025-07-05,"55","Wisconsin","65-130",2
2025-07-12,"01","Alabama","0-130",11
2025-07-12,"01","Alabama","0-64",4
2025-07-12,"01","Alabama","65-130",7
2025-07-12,"02","Alaska","0-130",2
2025-07-12,"02","Alaska","0-64",2
2025-07-12,"02","Alaska","65-130",0
2025-07-12,"60","American Samoa","0-130",0
2025-07-12,"60","American Samoa","0-64",0
2025-07-12,"60","American Samoa","65-130",0
2025-07-12,"04","Arizona","0-130",15
2025-07-12,"04","Arizona","0-64",10
2025-07-12,"04","Arizona","65-130",5
2025-07-12,"05","Arkansas","0-130",8
2025-07-12,"05","Arkansas","0-64",3
2025-07-12,"05","Arkansas","65-130",5
2025-07-12,"06","California","0-130",105
2025-07-12,"06","California","0-64",47
2025-07-12,"06","California","65-130",57
2025-07-12,"08","Colorado","0-130",6
2025-07-12,"08","Colorado","0-64",2
2025-07-12,"08","Colorado","65-130",4
2025-07-12,"09","Connecticut","0-130",5
2025-07-12,"09","Connecticut","0-64",2
2025-07-12,"09","Connecticut","65-130",3
2025-07-12,"10","Delaware","0-130",1
2025-07-12,"10","Delaware","0-64",0
2025-07-12,"10","Delaware","65-130",1
2025-07-12,"12","Florida","0-130",173
2025-07-12,"12","Florida","0-64",80
2025-07-12,"12","Florida","65-130",93
2025-07-12,"13","Georgia","0-130",17
2025-07-12,"13","Georgia","0-64",6
2025-07-12,"13","Georgia","65-130",11
2025-07-12,"66","Guam","0-130",0
2025-07-12,"66","Guam","0-64",0
2025-07-12,"66","Guam","65-130",0
2025-07-12,"15","Hawaii","0-130",4
2025-07-12,"15","Hawaii","0-64",1
2025-07-12,"15","Hawaii","65-130",3
2025-07-12,"16","Idaho","0-130",4
2025-07-12,"16","Idaho","0-64",1
2025-07-12,"16","Idaho","65-130",3
2025-07-12,"17","Illinois","0-130",30
2025-07-12,"17","Illinois","0-64",21
2025-07-12,"17","Illinois","65-130",9
2025-07-12,"18","Indiana","0-130",4
2025-07-12,"18","Indiana","0-64",0
2025-07-12,"18","Indiana","65-130",4
2025-07-12,"19","Iowa","0-130",0
2025-07-12,"19","Iowa","0-64",0
2025-07-12,"19","Iowa","65-130",0
2025-07-12,"20","Kansas","0-130",2
2025-07-12,"20","Kansas","0-64",0
2025-07-12,"20","Kansas","65-130",2
2025-07-12,"21","Kentucky","0-130",8
2025-07-12,"21","Kentucky","0-64",1
2025-07-12,"21","Kentucky","65-130",7
2025-07-12,"22","Louisiana","0-130",19
2025-07-12,"22","Louisiana","0-64",10
2025-07-12,"22","Louisiana","65-130",9
2025-07-12,"23","Maine","0-130",1
2025-07-12,"23","Maine","0-64",0
2025-07-12,"23","Maine","65-130",1
2025-07-12,"24","Maryland","0-130",4
2025-07-12,"24","Maryland","0-64",3
2025-07-12,"24","Maryland","65-130",1
2025-07-12,"25","Massachusetts","0-130",14
2025-07-12,"25","Massachusetts","0-64",6
2025-07-12,"25","Massachusetts","65-130",8
2025-07-12,"26","Michigan","0-130",17
2025-07-12,"26","Michigan","0-64",7
2025-07-12,"26","Michigan","65-130",9
2025-07-12,"27","Minnesota","0-130",7
2025-07-12,"27","Minnesota","0-64",3
2025-07-12,"27","Minnesota","65-130",4
2025-07-12,"28","Mississippi","0-130",14
2025-07-12,"28","Mississippi","0-64",2
2025-07-12,"28","Mississippi","65-130",12
2025-07-12,"29","Missouri","0-130",12
2025-07-12,"29","Missouri","0-64",5
2025-07-12,"29","Missouri","65-130",7
2025-07-12,"30","Montana","0-130",3
2025-07-12,"30","Montana","0-64",0
2025-07-12,"30","Montana","65-130",3
2025-07-12,"31","Nebraska","0-130",1
2025-07-12,"31","Nebraska","0-64",1
2025-07-12,"31","Nebraska","65-130",0
2025-07-12,"32","Nevada","0-130",4
2025-07-12,"32","Nevada","0-64",2
2025-07-12,"32","Nevada","65-130",2
2025-07-12,"33","New Hampshire","0-130",3
2025-07-12,"33","New Hampshire","0-64",1
2025-07-12,"33","New Hampshire","65-130",2
2025-07-12,"34","New Jersey","0-130",112
2025-07-12,"34","New Jersey","0-64",44
2025-07-12,"34","New Jersey","65-130",68
2025-07-12,"35","New Mexico","0-130",3
2025-07-12,"35","New Mexico","0-64",3
2025-07-12,"35","New Mexico","65-130",0
2025-07-12,"36","New York","0-130",24
2025-07-12,"36","New York","0-64",11
2025-07-12,"36","New York","65-130",13
2025-07-12,"37","North Carolina","0-130",12
2025-07-12,"37","North Carolina","0-64",2
2025-07-12,"37","North Carolina","65-130",10
2025-07-12,"38","North Dakota","0-130",0
2025-07-12,"38","North Dakota","0-64",0
2025-07-12,"38","North Dakota","65-130",0
2025-07-12,"69","Northern Mariana Islands","0-130",0
2025-07-12,"69","Northern Mariana Islands","0-64",0
2025-07-12,"69","Northern Mariana Islands","65-130",0
2025-07-12,"39","Ohio","0-130",11
2025-07-12,"39","Ohio","0-64",7
2025-07-12,"39","Ohio","65-130",4
2025-07-12,"40","Oklahoma","0-130",2
2025-07-12,"40","Oklahoma","0-64",1
2025-07-12,"40","Oklahoma","65-130",1
2025-07-12,"41","Oregon","0-130",7
2025-07-12,"41","Oregon","0-64",4
2025-07-12,"41","Oregon","65-130",3
2025-07-12,"42","Pennsylvania","0-130",127
2025-07-12,"42","Pennsylvania","0-64",48
2025-07-12,"42","Pennsylvania","65-130",79
2025-07-12,"44","Rhode Island","0-130",1
2025-07-12,"44","Rhode Island","0-64",1
2025-07-12,"44","Rhode Island","65-130",0
2025-07-12,"45","South Carolina","0-130",4
2025-07-12,"45","South Carolina","0-64",3
2025-07-12,"45","South Carolina","65-130",1
2025-07-12,"46","South Dakota","0-130",0
2025-07-12,"46","South Dakota","0-64",0
2025-07-12,"46","South Dakota","65-130",0
2025-07-12,"47","Tennessee","0-130",33
2025-07-12,"47","Tennessee","0-64",11
2025-07-12,"47","Tennessee","65-130",22
2025-07-12,"48","Texas","0-130",87
2025-07-12,"48","Texas","0-64",49
2025-07-12,"48","Texas","65-130",37
2025-07-12,"US","US","0-130",1045
2025-07-12,"US","US","0-64",468
2025-07-12,"US","US","65-130",568
2025-07-12,"49","Utah","0-130",7
2025-07-12,"49","Utah","0-64",4
2025-07-12,"49","Utah","65-130",3
2025-07-12,"50","Vermont","0-130",0
2025-07-12,"50","Vermont","0-64",0
2025-07-12,"50","Vermont","65-130",0
2025-07-12,"78","Virgin Islands","0-130",0
2025-07-12,"78","Virgin Islands","0-64",0
2025-07-12,"78","Virgin Islands","65-130",0
2025-07-12,"51","Virginia","0-130",10
2025-07-12,"51","Virginia","0-64",4
2025-07-12,"51","Virginia","65-130",6
2025-07-12,"53","Washington","0-130",8
2025-07-12,"53","Washington","0-64",1
2025-07-12,"53","Washington","65-130",7
2025-07-12,"54","West Virginia","0-130",3
2025-07-12,"54","West Virginia","0-64",1
2025-07-12,"54","West Virginia","65-130",1
2025-07-12,"55","Wisconsin","0-130",1
2025-07-12,"55","Wisconsin","0-64",0
2025-07-12,"55","Wisconsin","65-130",1
2025-07-12,"56","Wyoming","0-130",NA
2025-07-12,"56","Wyoming","0-64",NA
2025-07-12,"56","Wyoming","65-130",NA
2025-07-19,"01","Alabama","0-130",13
2025-07-19,"01","Alabama","0-64",6
2025-07-19,"01","Alabama","65-130",7
2025-07-19,"02","Alaska","0-130",6
2025-07-19,"02","Alaska","0-64",5
2025-07-19,"02","Alaska","65-130",1
2025-07-19,"60","American Samoa","0-130",1
2025-07-19,"60","American Samoa","0-64",1
2025-07-19,"60","American Samoa","65-130",0
2025-07-19,"04","Arizona","0-130",10
2025-07-19,"04","Arizona","0-64",4
2025-07-19,"04","Arizona","65-130",6
2025-07-19,"05","Arkansas","0-130",4
2025-07-19,"05","Arkansas","0-64",1
2025-07-19,"05","Arkansas","65-130",3
2025-07-19,"06","California","0-130",72
2025-07-19,"06","California","0-64",36
2025-07-19,"06","California","65-130",34
2025-07-19,"08","Colorado","0-130",4
2025-07-19,"08","Colorado","0-64",2
2025-07-19,"08","Colorado","65-130",2
2025-07-19,"09","Connecticut","0-130",4
2025-07-19,"09","Connecticut","0-64",2
2025-07-19,"09","Connecticut","65-130",2
2025-07-19,"10","Delaware","0-130",1
2025-07-19,"10","Delaware","0-64",0
2025-07-19,"10","Delaware","65-130",1
2025-07-19,"12","Florida","0-130",152
2025-07-19,"12","Florida","0-64",70
2025-07-19,"12","Florida","65-130",82
2025-07-19,"13","Georgia","0-130",21
2025-07-19,"13","Georgia","0-64",7
2025-07-19,"13","Georgia","65-130",14
2025-07-19,"66","Guam","0-130",0
2025-07-19,"66","Guam","0-64",0
2025-07-19,"66","Guam","65-130",0
2025-07-19,"15","Hawaii","0-130",3
2025-07-19,"15","Hawaii","0-64",1
2025-07-19,"15","Hawaii","65-130",2
2025-07-19,"16","Idaho","0-130",2
2025-07-19,"16","Idaho","0-64",1
2025-07-19,"16","Idaho","65-130",1
2025-07-19,"17","Illinois","0-130",11
2025-07-19,"17","Illinois","0-64",7
2025-07-19,"17","Illinois","65-130",4
2025-07-19,"18","Indiana","0-130",7
2025-07-19,"18","Indiana","0-64",1
2025-07-19,"18","Indiana","65-130",6
2025-07-19,"19","Iowa","0-130",3
2025-07-19,"19","Iowa","0-64",1
2025-07-19,"19","Iowa","65-130",2
2025-07-19,"20","Kansas","0-130",3
2025-07-19,"20","Kansas","0-64",2
2025-07-19,"20","Kansas","65-130",1
2025-07-19,"21","Kentucky","0-130",9
2025-07-19,"21","Kentucky","0-64",5
2025-07-19,"21","Kentucky","65-130",4
2025-07-19,"22","Louisiana","0-130",20
2025-07-19,"22","Louisiana","0-64",10
2025-07-19,"22","Louisiana","65-130",10
2025-07-19,"23","Maine","0-130",1
2025-07-19,"23","Maine","0-64",0
2025-07-19,"23","Maine","65-130",1
2025-07-19,"24","Maryland","0-130",4
2025-07-19,"24","Maryland","0-64",0
2025-07-19,"24","Maryland","65-130",4
2025-07-19,"25","Massachusetts","0-130",10
2025-07-19,"25","Massachusetts","0-64",6
2025-07-19,"25","Massachusetts","65-130",4
2025-07-19,"26","Michigan","0-130",14
2025-07-19,"26","Michigan","0-64",5
2025-07-19,"26","Michigan","65-130",9
2025-07-19,"27","Minnesota","0-130",4
2025-07-19,"27","Minnesota","0-64",0
2025-07-19,"27","Minnesota","65-130",4
2025-07-19,"28","Mississippi","0-130",12
2025-07-19,"28","Mississippi","0-64",3
2025-07-19,"28","Mississippi","65-130",9
2025-07-19,"29","Missouri","0-130",12
2025-07-19,"29","Missouri","0-64",5
2025-07-19,"29","Missouri","65-130",7
2025-07-19,"30","Montana","0-130",2
2025-07-19,"30","Montana","0-64",1
2025-07-19,"30","Montana","65-130",1
2025-07-19,"31","Nebraska","0-130",2
2025-07-19,"31","Nebraska","0-64",2
2025-07-19,"31","Nebraska","65-130",0
2025-07-19,"32","Nevada","0-130",9
2025-07-19,"32","Nevada","0-64",2
2025-07-19,"32","Nevada","65-130",7
2025-07-19,"33","New Hampshire","0-130",1
2025-07-19,"33","New Hampshire","0-64",0
2025-07-19,"33","New Hampshire","65-130",1
2025-07-19,"34","New Jersey","0-130",13
2025-07-19,"34","New Jersey","0-64",8
2025-07-19,"34","New Jersey","65-130",5
2025-07-19,"35","New Mexico","0-130",3
2025-07-19,"35","New Mexico","0-64",3
2025-07-19,"35","New Mexico","65-130",0
2025-07-19,"36","New York","0-130",19
2025-07-19,"36","New York","0-64",10
2025-07-19,"36","New York","65-130",9
2025-07-19,"37","North Carolina","0-130",12
2025-07-19,"37","North Carolina","0-64",3
2025-07-19,"37","North Carolina","65-130",9
2025-07-19,"38","North Dakota","0-130",1
2025-07-19,"38","North Dakota","0-64",1
2025-07-19,"38","North Dakota","65-130",0
2025-07-19,"69","Northern Mariana Islands","0-130",0
2025-07-19,"69","Northern Mariana Islands","0-64",0
2025-07-19,"69","Northern Mariana Islands","65-130",0
2025-07-19,"39","Ohio","0-130",15
2025-07-19,"39","Ohio","0-64",6
2025-07-19,"39","Ohio","65-130",9
2025-07-19,"40","Oklahoma","0-130",4
2025-07-19,"40","Oklahoma","0-64",1
2025-07-19,"40","Oklahoma","65-130",3
2025-07-19,"41","Oregon","0-130",7
2025-07-19,"41","Oregon","0-64",3
2025-07-19,"41","Oregon","65-130",4
2025-07-19,"42","Pennsylvania","0-130",106
2025-07-19,"42","Pennsylvania","0-64",49
2025-07-19,"42","Pennsylvania","65-130",56
2025-07-19,"44","Rhode Island","0-130",0
2025-07-19,"44","Rhode Island","0-64",0
2025-07-19,"44","Rhode Island","65-130",0
2025-07-19,"45","South Carolina","0-130",3
2025-07-19,"45","South Carolina","0-64",2
2025-07-19,"45","South Carolina","65-130",1
2025-07-19,"46","South Dakota","0-130",0
2025-07-19,"46","South Dakota","0-64",0
2025-07-19,"46","South Dakota","65-130",0
2025-07-19,"47","Tennessee","0-130",34
2025-07-19,"47","Tennessee","0-64",18
2025-07-19,"47","Tennessee","65-130",16
2025-07-19,"48","Texas","0-130",82
2025-07-19,"48","Texas","0-64",33
2025-07-19,"48","Texas","65-130",49
2025-07-19,"US","US","0-130",838
2025-07-19,"US","US","0-64",376
2025-07-19,"US","US","65-130",455
2025-07-19,"49","Utah","0-130",4
2025-07-19,"49","Utah","0-64",2
2025-07-19,"49","Utah","65-130",2
2025-07-19,"50","Vermont","0-130",0
2025-07-19,"50","Vermont","0-64",0
2025-07-19,"50","Vermont","65-130",0
2025-07-19,"78","Virgin Islands","0-130",0
2025-07-19,"78","Virgin Islands","0-64",0
2025-07-19,"78","Virgin Islands","65-130",0
2025-07-19,"51","Virginia","0-130",5
2025-07-19,"51","Virginia","0-64",1
2025-07-19,"51","Virginia","65-130",4
2025-07-19,"53","Washington","0-130",5
2025-07-19,"53","Washington","0-64",2
2025-07-19,"53","Washington","65-130",3
2025-07-19,"54","West Virginia","0-130",0
2025-07-19,"54","West Virginia","0-64",0
2025-07-19,"54","West Virginia","65-130",0
2025-07-19,"55","Wisconsin","0-130",7
2025-07-19,"55","Wisconsin","0-64",1
2025-07-19,"55","Wisconsin","65-130",6
2025-07-19,"56","Wyoming","0-130",0
2025-07-19,"56","Wyoming","0-64",0
2025-07-19,"56","Wyoming","65-130",0
2025-07-26,"01","Alabama","0-130",16
2025-07-26,"01","Alabama","0-64",5
2025-07-26,"01","Alabama","65-130",11
2025-07-26,"02","Alaska","0-130",4
2025-07-26,"02","Alaska","0-64",1
2025-07-26,"02","Alaska","65-130",3
2025-07-26,"60","American Samoa","0-130",0
2025-07-26,"60","American Samoa","0-64",0
2025-07-26,"60","American Samoa","65-130",0
2025-07-26,"04","Arizona","0-130",6
2025-07-26,"04","Arizona","0-64",5
2025-07-26,"04","Arizona","65-130",1
2025-07-26,"05","Arkansas","0-130",4
2025-07-26,"05","Arkansas","0-64",1
2025-07-26,"05","Arkansas","65-130",3
2025-07-26,"06","California","0-130",66
2025-07-26,"06","California","0-64",29
2025-07-26,"06","California","65-130",37
2025-07-26,"08","Colorado","0-130",2
2025-07-26,"08","Colorado","0-64",0
2025-07-26,"08","Colorado","65-130",2
2025-07-26,"09","Connecticut","0-130",2
2025-07-26,"09","Connecticut","0-64",0
2025-07-26,"09","Connecticut","65-130",2
2025-07-26,"10","Delaware","0-130",NA
2025-07-26,"10","Delaware","0-64",NA
2025-07-26,"10","Delaware","65-130",NA
2025-07-26,"12","Florida","0-130",159
2025-07-26,"12","Florida","0-64",78
2025-07-26,"12","Florida","65-130",81
2025-07-26,"13","Georgia","0-130",14
2025-07-26,"13","Georgia","0-64",5
2025-07-26,"13","Georgia","65-130",9
2025-07-26,"66","Guam","0-130",0
2025-07-26,"66","Guam","0-64",0
2025-07-26,"66","Guam","65-130",0
2025-07-26,"15","Hawaii","0-130",6
2025-07-26,"15","Hawaii","0-64",3
2025-07-26,"15","Hawaii","65-130",3
2025-07-26,"17","Illinois","0-130",7
2025-07-26,"17","Illinois","0-64",2
2025-07-26,"17","Illinois","65-130",5
2025-07-26,"18","Indiana","0-130",6
2025-07-26,"18","Indiana","0-64",0
2025-07-26,"18","Indiana","65-130",6
2025-07-26,"19","Iowa","0-130",0
2025-07-26,"19","Iowa","0-64",0
2025-07-26,"19","Iowa","65-130",0
2025-07-26,"20","Kansas","0-130",3
2025-07-26,"20","Kansas","0-64",2
2025-07-26,"20","Kansas","65-130",1
2025-07-26,"21","Kentucky","0-130",15
2025-07-26,"21","Kentucky","0-64",7
2025-07-26,"21","Kentucky","65-130",8
2025-07-26,"22","Louisiana","0-130",16
2025-07-26,"22","Louisiana","0-64",6
2025-07-26,"22","Louisiana","65-130",10
2025-07-26,"23","Maine","0-130",1
2025-07-26,"23","Maine","0-64",0
2025-07-26,"23","Maine","65-130",1
2025-07-26,"24","Maryland","0-130",18
2025-07-26,"24","Maryland","0-64",11
2025-07-26,"24","Maryland","65-130",5
2025-07-26,"25","Massachusetts","0-130",4
2025-07-26,"25","Massachusetts","0-64",1
2025-07-26,"25","Massachusetts","65-130",3
2025-07-26,"26","Michigan","0-130",18
2025-07-26,"26","Michigan","0-64",6
2025-07-26,"26","Michigan","65-130",12
2025-07-26,"27","Minnesota","0-130",4
2025-07-26,"27","Minnesota","0-64",1
2025-07-26,"27","Minnesota","65-130",3
2025-07-26,"28","Mississippi","0-130",12
2025-07-26,"28","Mississippi","0-64",1
2025-07-26,"28","Mississippi","65-130",11
2025-07-26,"29","Missouri","0-130",10
2025-07-26,"29","Missouri","0-64",4
2025-07-26,"29","Missouri","65-130",6
2025-07-26,"30","Montana","0-130",0
2025-07-26,"30","Montana","0-64",0
2025-07-26,"30","Montana","65-130",0
2025-07-26,"31","Nebraska","0-130",2
2025-07-26,"31","Nebraska","0-64",2
2025-07-26,"31","Nebraska","65-130",0
2025-07-26,"32","Nevada","0-130",6
2025-07-26,"32","Nevada","0-64",4
2025-07-26,"32","Nevada","65-130",2
2025-07-26,"33","New Hampshire","0-130",3
2025-07-26,"33","New Hampshire","0-64",0
2025-07-26,"33","New Hampshire","65-130",3
2025-07-26,"34","New Jersey","0-130",10
2025-07-26,"34","New Jersey","0-64",4
2025-07-26,"34","New Jersey","65-130",6
2025-07-26,"35","New Mexico","0-130",3
2025-07-26,"35","New Mexico","0-64",1
2025-07-26,"35","New Mexico","65-130",2
2025-07-26,"36","New York","0-130",19
2025-07-26,"36","New York","0-64",8
2025-07-26,"36","New York","65-130",11
2025-07-26,"37","North Carolina","0-130",14
2025-07-26,"37","North Carolina","0-64",5
2025-07-26,"37","North Carolina","65-130",9
2025-07-26,"38","North Dakota","0-130",0
2025-07-26,"38","North Dakota","0-64",0
2025-07-26,"38","North Dakota","65-130",0
2025-07-26,"69","Northern Mariana Islands","0-130",0
2025-07-26,"69","Northern Mariana Islands","0-64",0
2025-07-26,"69","Northern Mariana Islands","65-130",0
2025-07-26,"39","Ohio","0-130",19
2025-07-26,"39","Ohio","0-64",9
2025-07-26,"39","Ohio","65-130",10
2025-07-26,"40","Oklahoma","0-130",9
2025-07-26,"40","Oklahoma","0-64",1
2025-07-26,"40","Oklahoma","65-130",8
2025-07-26,"41","Oregon","0-130",9
2025-07-26,"41","Oregon","0-64",3
2025-07-26,"41","Oregon","65-130",6
2025-07-26,"42","Pennsylvania","0-130",119
2025-07-26,"42","Pennsylvania","0-64",47
2025-07-26,"42","Pennsylvania","65-130",72
2025-07-26,"44","Rhode Island","0-130",0
2025-07-26,"44","Rhode Island","0-64",0
2025-07-26,"44","Rhode Island","65-130",0
2025-07-26,"45","South Carolina","0-130",5
2025-07-26,"45","South Carolina","0-64",4
2025-07-26,"45","South Carolina","65-130",1
2025-07-26,"46","South Dakota","0-130",4
2025-07-26,"46","South Dakota","0-64",1
2025-07-26,"46","South Dakota","65-130",3
2025-07-26,"47","Tennessee","0-130",23
2025-07-26,"47","Tennessee","0-64",7
2025-07-26,"47","Tennessee","65-130",16
2025-07-26,"48","Texas","0-130",86
2025-07-26,"48","Texas","0-64",41
2025-07-26,"48","Texas","65-130",44
2025-07-26,"US","US","0-130",861
2025-07-26,"US","US","0-64",360
2025-07-26,"US","US","65-130",495
2025-07-26,"49","Utah","0-130",4
2025-07-26,"49","Utah","0-64",1
2025-07-26,"49","Utah","65-130",3
2025-07-26,"50","Vermont","0-130",0
2025-07-26,"50","Vermont","0-64",0
2025-07-26,"50","Vermont","65-130",0
2025-07-26,"78","Virgin Islands","0-130",0
2025-07-26,"78","Virgin Islands","0-64",0
2025-07-26,"78","Virgin Islands","65-130",0
2025-07-26,"51","Virginia","0-130",12
2025-07-26,"51","Virginia","0-64",3
2025-07-26,"51","Virginia","65-130",9
2025-07-26,"53","Washington","0-130",6
2025-07-26,"53","Washington","0-64",2
2025-07-26,"53","Washington","65-130",4
2025-07-26,"54","West Virginia","0-130",0
2025-07-26,"54","West Virginia","0-64",0
2025-07-26,"54","West Virginia","65-130",0
2025-07-26,"55","Wisconsin","0-130",3
2025-07-26,"55","Wisconsin","0-64",0
2025-07-26,"55","Wisconsin","65-130",3
2025-08-02,"01","Alabama","0-130",19
2025-08-02,"01","Alabama","0-64",4
2025-08-02,"01","Alabama","65-130",15
2025-08-02,"02","Alaska","0-130",2
2025-08-02,"02","Alaska","0-64",0
2025-08-02,"02","Alaska","65-130",2
2025-08-02,"60","American Samoa","0-130",0
2025-08-02,"60","American Samoa","0-64",0
2025-08-02,"60","American Samoa","65-130",0
2025-08-02,"04","Arizona","0-130",5
2025-08-02,"04","Arizona","0-64",1
2025-08-02,"04","Arizona","65-130",4
2025-08-02,"05","Arkansas","0-130",2
2025-08-02,"05","Arkansas","0-64",1
2025-08-02,"05","Arkansas","65-130",1
2025-08-02,"06","California","0-130",70
2025-08-02,"06","California","0-64",28
2025-08-02,"06","California","65-130",42
2025-08-02,"08","Colorado","0-130",3
2025-08-02,"08","Colorado","0-64",2
2025-08-02,"08","Colorado","65-130",1
2025-08-02,"09","Connecticut","0-130",5
2025-08-02,"09","Connecticut","0-64",3
2025-08-02,"09","Connecticut","65-130",2
2025-08-02,"10","Delaware","0-130",0
2025-08-02,"10","Delaware","0-64",0
2025-08-02,"10","Delaware","65-130",0
2025-08-02,"12","Florida","0-130",146
2025-08-02,"12","Florida","0-64",56
2025-08-02,"12","Florida","65-130",90
2025-08-02,"13","Georgia","0-130",22
2025-08-02,"13","Georgia","0-64",8
2025-08-02,"13","Georgia","65-130",14
2025-08-02,"66","Guam","0-130",3
2025-08-02,"66","Guam","0-64",1
2025-08-02,"66","Guam","65-130",2
2025-08-02,"15","Hawaii","0-130",4
2025-08-02,"15","Hawaii","0-64",1
2025-08-02,"15","Hawaii","65-130",3
2025-08-02,"17","Illinois","0-130",14
2025-08-02,"17","Illinois","0-64",7
2025-08-02,"17","Illinois","65-130",7
2025-08-02,"18","Indiana","0-130",7
2025-08-02,"18","Indiana","0-64",1
2025-08-02,"18","Indiana","65-130",6
2025-08-02,"19","Iowa","0-130",2
2025-08-02,"19","Iowa","0-64",2
2025-08-02,"19","Iowa","65-130",0
2025-08-02,"20","Kansas","0-130",3
2025-08-02,"20","Kansas","0-64",2
2025-08-02,"20","Kansas","65-130",1
2025-08-02,"21","Kentucky","0-130",5
2025-08-02,"21","Kentucky","0-64",2
2025-08-02,"21","Kentucky","65-130",3
2025-08-02,"22","Louisiana","0-130",21
2025-08-02,"22","Louisiana","0-64",11
2025-08-02,"22","Louisiana","65-130",10
2025-08-02,"23","Maine","0-130",0
2025-08-02,"23","Maine","0-64",0
2025-08-02,"23","Maine","65-130",0
2025-08-02,"24","Maryland","0-130",6
2025-08-02,"24","Maryland","0-64",2
2025-08-02,"24","Maryland","65-130",4
2025-08-02,"25","Massachusetts","0-130",8
2025-08-02,"25","Massachusetts","0-64",2
2025-08-02,"25","Massachusetts","65-130",6
2025-08-02,"26","Michigan","0-130",16
2025-08-02,"26","Michigan","0-64",6
2025-08-02,"26","Michigan","65-130",10
2025-08-02,"27","Minnesota","0-130",3
2025-08-02,"27","Minnesota","0-64",1
2025-08-02,"27","Minnesota","65-130",2
2025-08-02,"28","Mississippi","0-130",5
2025-08-02,"28","Mississippi","0-64",4
2025-08-02,"28","Mississippi","65-130",1
2025-08-02,"29","Missouri","0-130",8
2025-08-02,"29","Missouri","0-64",1
2025-08-02,"29","Missouri","65-130",7
2025-08-02,"30","Montana","0-130",0
2025-08-02,"30","Montana","0-64",0
2025-08-02,"30","Montana","65-130",0
2025-08-02,"31","Nebraska","0-130",1
2025-08-02,"31","Nebraska","0-64",0
2025-08-02,"31","Nebraska","65-130",1
2025-08-02,"32","Nevada","0-130",14
2025-08-02,"32","Nevada","0-64",6
2025-08-02,"32","Nevada","65-130",8
2025-08-02,"33","New Hampshire","0-130",3
2025-08-02,"33","New Hampshire","0-64",0
2025-08-02,"33","New Hampshire","65-130",3
2025-08-02,"34","New Jersey","0-130",7
2025-08-02,"34","New Jersey","0-64",2
2025-08-02,"34","New Jersey","65-130",5
2025-08-02,"35","New Mexico","0-130",1
2025-08-02,"35","New Mexico","0-64",1
2025-08-02,"35","New Mexico","65-130",0
2025-08-02,"36","New York","0-130",13
2025-08-02,"36","New York","0-64",5
2025-08-02,"36","New York","65-130",8
2025-08-02,"37","North Carolina","0-130",12
2025-08-02,"37","North Carolina","0-64",5
2025-08-02,"37","North Carolina","65-130",6
2025-08-02,"38","North Dakota","0-130",2
2025-08-02,"38","North Dakota","0-64",0
2025-08-02,"38","North Dakota","65-130",2
2025-08-02,"69","Northern Mariana Islands","0-130",0
2025-08-02,"69","Northern Mariana Islands","0-64",0
2025-08-02,"69","Northern Mariana Islands","65-130",0
2025-08-02,"39","Ohio","0-130",16
2025-08-02,"39","Ohio","0-64",5
2025-08-02,"39","Ohio","65-130",11
2025-08-02,"40","Oklahoma","0-130",5
2025-08-02,"40","Oklahoma","0-64",5
2025-08-02,"40","Oklahoma","65-130",0
2025-08-02,"41","Oregon","0-130",4
2025-08-02,"41","Oregon","0-64",0
2025-08-02,"41","Oregon","65-130",4
2025-08-02,"42","Pennsylvania","0-130",92
2025-08-02,"42","Pennsylvania","0-64",37
2025-08-02,"42","Pennsylvania","65-130",55
2025-08-02,"44","Rhode Island","0-130",1
2025-08-02,"44","Rhode Island","0-64",1
2025-08-02,"44","Rhode Island","65-130",0
2025-08-02,"45","South Carolina","0-130",6
2025-08-02,"45","South Carolina","0-64",2
2025-08-02,"45","South Carolina","65-130",4
2025-08-02,"46","South Dakota","0-130",2
2025-08-02,"46","South Dakota","0-64",0
2025-08-02,"46","South Dakota","65-130",2
2025-08-02,"47","Tennessee","0-130",17
2025-08-02,"47","Tennessee","0-64",3
2025-08-02,"47","Tennessee","65-130",14
2025-08-02,"48","Texas","0-130",83
2025-08-02,"48","Texas","0-64",34
2025-08-02,"48","Texas","65-130",42
2025-08-02,"US","US","0-130",783
2025-08-02,"US","US","0-64",324
2025-08-02,"US","US","65-130",448
2025-08-02,"49","Utah","0-130",1
2025-08-02,"49","Utah","0-64",0
2025-08-02,"49","Utah","65-130",1
2025-08-02,"50","Vermont","0-130",0
2025-08-02,"50","Vermont","0-64",0
2025-08-02,"50","Vermont","65-130",0
2025-08-02,"78","Virgin Islands","0-130",0
2025-08-02,"78","Virgin Islands","0-64",0
2025-08-02,"78","Virgin Islands","65-130",0
2025-08-02,"51","Virginia","0-130",10
2025-08-02,"51","Virginia","0-64",8
2025-08-02,"51","Virginia","65-130",2
2025-08-02,"53","Washington","0-130",4
2025-08-02,"53","Washington","0-64",2
2025-08-02,"53","Washington","65-130",2
2025-08-02,"54","West Virginia","0-130",1
2025-08-02,"54","West Virginia","0-64",0
2025-08-02,"54","West Virginia","65-130",1
2025-08-02,"55","Wisconsin","0-130",5
2025-08-02,"55","Wisconsin","0-64",3
2025-08-02,"55","Wisconsin","65-130",2
2025-08-09,"01","Alabama","0-130",17
2025-08-09,"01","Alabama","0-64",7
2025-08-09,"01","Alabama","65-130",10
2025-08-09,"02","Alaska","0-130",2
2025-08-09,"02","Alaska","0-64",1
2025-08-09,"02","Alaska","65-130",1
2025-08-09,"60","American Samoa","0-130",0
2025-08-09,"60","American Samoa","0-64",0
2025-08-09,"60","American Samoa","65-130",0
2025-08-09,"04","Arizona","0-130",11
2025-08-09,"04","Arizona","0-64",7
2025-08-09,"04","Arizona","65-130",4
2025-08-09,"05","Arkansas","0-130",2
2025-08-09,"05","Arkansas","0-64",0
2025-08-09,"05","Arkansas","65-130",2
2025-08-09,"06","California","0-130",64
2025-08-09,"06","California","0-64",23
2025-08-09,"06","California","65-130",41
2025-08-09,"08","Colorado","0-130",5
2025-08-09,"08","Colorado","0-64",4
2025-08-09,"08","Colorado","65-130",1
2025-08-09,"09","Connecticut","0-130",9
2025-08-09,"09","Connecticut","0-64",1
2025-08-09,"09","Connecticut","65-130",8
2025-08-09,"10","Delaware","0-130",0
2025-08-09,"10","Delaware","0-64",0
2025-08-09,"10","Delaware","65-130",0
2025-08-09,"11","District of Columbia","0-130",NA
2025-08-09,"11","District of Columbia","0-64",NA
2025-08-09,"11","District of Columbia","65-130",NA
2025-08-09,"12","Florida","0-130",124
2025-08-09,"12","Florida","0-64",47
2025-08-09,"12","Florida","65-130",77
2025-08-09,"13","Georgia","0-130",9
2025-08-09,"13","Georgia","0-64",4
2025-08-09,"13","Georgia","65-130",5
2025-08-09,"66","Guam","0-130",0
2025-08-09,"66","Guam","0-64",0
2025-08-09,"66","Guam","65-130",0
2025-08-09,"15","Hawaii","0-130",6
2025-08-09,"15","Hawaii","0-64",2
2025-08-09,"15","Hawaii","65-130",4
2025-08-09,"17","Illinois","0-130",11
2025-08-09,"17","Illinois","0-64",4
2025-08-09,"17","Illinois","65-130",7
2025-08-09,"18","Indiana","0-130",12
2025-08-09,"18","Indiana","0-64",4
2025-08-09,"18","Indiana","65-130",8
2025-08-09,"19","Iowa","0-130",1
2025-08-09,"19","Iowa","0-64",0
2025-08-09,"19","Iowa","65-130",1
2025-08-09,"20","Kansas","0-130",1
2025-08-09,"20","Kansas","0-64",0
2025-08-09,"20","Kansas","65-130",1
2025-08-09,"21","Kentucky","0-130",2
2025-08-09,"21","Kentucky","0-64",0
2025-08-09,"21","Kentucky","65-130",2
2025-08-09,"22","Louisiana","0-130",18
2025-08-09,"22","Louisiana","0-64",8
2025-08-09,"22","Louisiana","65-130",10
2025-08-09,"23","Maine","0-130",0
2025-08-09,"23","Maine","0-64",0
2025-08-09,"23","Maine","65-130",0
2025-08-09,"24","Maryland","0-130",3
2025-08-09,"24","Maryland","0-64",0
2025-08-09,"24","Maryland","65-130",3
2025-08-09,"25","Massachusetts","0-130",6
2025-08-09,"25","Massachusetts","0-64",3
2025-08-09,"25","Massachusetts","65-130",3
2025-08-09,"26","Michigan","0-130",13
2025-08-09,"26","Michigan","0-64",6
2025-08-09,"26","Michigan","65-130",7
2025-08-09,"27","Minnesota","0-130",1
2025-08-09,"27","Minnesota","0-64",0
2025-08-09,"27","Minnesota","65-130",1
2025-08-09,"28","Mississippi","0-130",12
2025-08-09,"28","Mississippi","0-64",4
2025-08-09,"28","Mississippi","65-130",8
2025-08-09,"29","Missouri","0-130",8
2025-08-09,"29","Missouri","0-64",2
2025-08-09,"29","Missouri","65-130",6
2025-08-09,"30","Montana","0-130",1
2025-08-09,"30","Montana","0-64",1
2025-08-09,"30","Montana","65-130",0
2025-08-09,"31","Nebraska","0-130",0
2025-08-09,"31","Nebraska","0-64",0
2025-08-09,"31","Nebraska","65-130",0
2025-08-09,"32","Nevada","0-130",4
2025-08-09,"32","Nevada","0-64",1
2025-08-09,"32","Nevada","65-130",3
2025-08-09,"33","New Hampshire","0-130",3
2025-08-09,"33","New Hampshire","0-64",0
2025-08-09,"33","New Hampshire","65-130",3
2025-08-09,"34","New Jersey","0-130",9
2025-08-09,"34","New Jersey","0-64",3
2025-08-09,"34","New Jersey","65-130",6
2025-08-09,"35","New Mexico","0-130",1
2025-08-09,"35","New Mexico","0-64",0
2025-08-09,"35","New Mexico","65-130",1
2025-08-09,"36","New York","0-130",12
2025-08-09,"36","New York","0-64",7
2025-08-09,"36","New York","65-130",5
2025-08-09,"37","North Carolina","0-130",12
2025-08-09,"37","North Carolina","0-64",6
2025-08-09,"37","North Carolina","65-130",6
2025-08-09,"38","North Dakota","0-130",4
2025-08-09,"38","North Dakota","0-64",1
2025-08-09,"38","North Dakota","65-130",3
2025-08-09,"69","Northern Mariana Islands","0-130",2
2025-08-09,"69","Northern Mariana Islands","0-64",1
2025-08-09,"69","Northern Mariana Islands","65-130",1
2025-08-09,"39","Ohio","0-130",2
2025-08-09,"39","Ohio","0-64",1
2025-08-09,"39","Ohio","65-130",1
2025-08-09,"40","Oklahoma","0-130",7
2025-08-09,"40","Oklahoma","0-64",3
2025-08-09,"40","Oklahoma","65-130",4
2025-08-09,"41","Oregon","0-130",3
2025-08-09,"41","Oregon","0-64",3
2025-08-09,"41","Oregon","65-130",0
2025-08-09,"42","Pennsylvania","0-130",92
2025-08-09,"42","Pennsylvania","0-64",45
2025-08-09,"42","Pennsylvania","65-130",47
2025-08-09,"44","Rhode Island","0-130",1
2025-08-09,"44","Rhode Island","0-64",0
2025-08-09,"44","Rhode Island","65-130",1
2025-08-09,"45","South Carolina","0-130",5
2025-08-09,"45","South Carolina","0-64",2
2025-08-09,"45","South Carolina","65-130",3
2025-08-09,"46","South Dakota","0-130",1
2025-08-09,"46","South Dakota","0-64",0
2025-08-09,"46","South Dakota","65-130",1
2025-08-09,"47","Tennessee","0-130",32
2025-08-09,"47","Tennessee","0-64",8
2025-08-09,"47","Tennessee","65-130",24
2025-08-09,"48","Texas","0-130",79
2025-08-09,"48","Texas","0-64",32
2025-08-09,"48","Texas","65-130",47
2025-08-09,"US","US","0-130",732
2025-08-09,"US","US","0-64",294
2025-08-09,"US","US","65-130",427
2025-08-09,"49","Utah","0-130",8
2025-08-09,"49","Utah","0-64",4
2025-08-09,"49","Utah","65-130",4
2025-08-09,"50","Vermont","0-130",0
2025-08-09,"50","Vermont","0-64",0
2025-08-09,"50","Vermont","65-130",0
2025-08-09,"78","Virgin Islands","0-130",0
2025-08-09,"78","Virgin Islands","0-64",0
2025-08-09,"78","Virgin Islands","65-130",0
2025-08-09,"51","Virginia","0-130",10
2025-08-09,"51","Virginia","0-64",5
2025-08-09,"51","Virginia","65-130",5
2025-08-09,"53","Washington","0-130",7
2025-08-09,"53","Washington","0-64",2
2025-08-09,"53","Washington","65-130",5
2025-08-09,"54","West Virginia","0-130",2
2025-08-09,"54","West Virginia","0-64",1
2025-08-09,"54","West Virginia","65-130",1
2025-08-09,"55","Wisconsin","0-130",3
2025-08-09,"55","Wisconsin","0-64",1
2025-08-09,"55","Wisconsin","65-130",2
2025-08-16,"01","Alabama","0-130",27
2025-08-16,"01","Alabama","0-64",15
2025-08-16,"01","Alabama","65-130",12
2025-08-16,"02","Alaska","0-130",4
2025-08-16,"02","Alaska","0-64",3
2025-08-16,"02","Alaska","65-130",1
2025-08-16,"60","American Samoa","0-130",0
2025-08-16,"60","American Samoa","0-64",0
2025-08-16,"60","American Samoa","65-130",0
2025-08-16,"04","Arizona","0-130",18
2025-08-16,"04","Arizona","0-64",8
2025-08-16,"04","Arizona","65-130",10
2025-08-16,"05","Arkansas","0-130",4
2025-08-16,"05","Arkansas","0-64",1
2025-08-16,"05","Arkansas","65-130",3
2025-08-16,"06","California","0-130",72
2025-08-16,"06","California","0-64",23
2025-08-16,"06","California","65-130",48
2025-08-16,"08","Colorado","0-130",3
2025-08-16,"08","Colorado","0-64",1
2025-08-16,"08","Colorado","65-130",2
2025-08-16,"09","Connecticut","0-130",7
2025-08-16,"09","Connecticut","0-64",3
2025-08-16,"09","Connecticut","65-130",4
2025-08-16,"10","Delaware","0-130",0
2025-08-16,"10","Delaware","0-64",0
2025-08-16,"10","Delaware","65-130",0
2025-08-16,"11","District of Columbia","0-130",1
2025-08-16,"11","District of Columbia","0-64",1
2025-08-16,"11","District of Columbia","65-130",0
2025-08-16,"12","Florida","0-130",137
2025-08-16,"12","Florida","0-64",68
2025-08-16,"12","Florida","65-130",69
2025-08-16,"13","Georgia","0-130",18
2025-08-16,"13","Georgia","0-64",9
2025-08-16,"13","Georgia","65-130",9
2025-08-16,"66","Guam","0-130",0
2025-08-16,"66","Guam","0-64",0
2025-08-16,"66","Guam","65-130",0
2025-08-16,"15","Hawaii","0-130",4
2025-08-16,"15","Hawaii","0-64",2
2025-08-16,"15","Hawaii","65-130",2
2025-08-16,"17","Illinois","0-130",16
2025-08-16,"17","Illinois","0-64",9
2025-08-16,"17","Illinois","65-130",7
2025-08-16,"18","Indiana","0-130",8
2025-08-16,"18","Indiana","0-64",2
2025-08-16,"18","Indiana","65-130",6
2025-08-16,"19","Iowa","0-130",2
2025-08-16,"19","Iowa","0-64",0
2025-08-16,"19","Iowa","65-130",2
2025-08-16,"20","Kansas","0-130",0
2025-08-16,"20","Kansas","0-64",0
2025-08-16,"20","Kansas","65-130",0
2025-08-16,"21","Kentucky","0-130",6
2025-08-16,"21","Kentucky","0-64",3
2025-08-16,"21","Kentucky","65-130",3
2025-08-16,"22","Louisiana","0-130",21
2025-08-16,"22","Louisiana","0-64",11
2025-08-16,"22","Louisiana","65-130",10
2025-08-16,"23","Maine","0-130",0
2025-08-16,"23","Maine","0-64",0
2025-08-16,"23","Maine","65-130",0
2025-08-16,"24","Maryland","0-130",6
2025-08-16,"24","Maryland","0-64",2
2025-08-16,"24","Maryland","65-130",4
2025-08-16,"25","Massachusetts","0-130",6
2025-08-16,"25","Massachusetts","0-64",4
2025-08-16,"25","Massachusetts","65-130",2
2025-08-16,"26","Michigan","0-130",20
2025-08-16,"26","Michigan","0-64",8
2025-08-16,"26","Michigan","65-130",12
2025-08-16,"27","Minnesota","0-130",0
2025-08-16,"27","Minnesota","0-64",0
2025-08-16,"27","Minnesota","65-130",0
2025-08-16,"28","Mississippi","0-130",15
2025-08-16,"28","Mississippi","0-64",4
2025-08-16,"28","Mississippi","65-130",11
2025-08-16,"29","Missouri","0-130",8
2025-08-16,"29","Missouri","0-64",3
2025-08-16,"29","Missouri","65-130",5
2025-08-16,"30","Montana","0-130",1
2025-08-16,"30","Montana","0-64",0
2025-08-16,"30","Montana","65-130",1
2025-08-16,"31","Nebraska","0-130",1
2025-08-16,"31","Nebraska","0-64",0
2025-08-16,"31","Nebraska","65-130",1
2025-08-16,"32","Nevada","0-130",7
2025-08-16,"32","Nevada","0-64",3
2025-08-16,"32","Nevada","65-130",4
2025-08-16,"33","New Hampshire","0-130",5
2025-08-16,"33","New Hampshire","0-64",1
2025-08-16,"33","New Hampshire","65-130",4
2025-08-16,"34","New Jersey","0-130",12
2025-08-16,"34","New Jersey","0-64",6
2025-08-16,"34","New Jersey","65-130",6
2025-08-16,"35","New Mexico","0-130",1
2025-08-16,"35","New Mexico","0-64",1
2025-08-16,"35","New Mexico","65-130",0
2025-08-16,"36","New York","0-130",14
2025-08-16,"36","New York","0-64",6
2025-08-16,"36","New York","65-130",8
2025-08-16,"37","North Carolina","0-130",11
2025-08-16,"37","North Carolina","0-64",6
2025-08-16,"37","North Carolina","65-130",5
2025-08-16,"38","North Dakota","0-130",3
2025-08-16,"38","North Dakota","0-64",0
2025-08-16,"38","North Dakota","65-130",3
2025-08-16,"69","Northern Mariana Islands","0-130",0
2025-08-16,"69","Northern Mariana Islands","0-64",0
2025-08-16,"69","Northern Mariana Islands","65-130",0
2025-08-16,"39","Ohio","0-130",5
2025-08-16,"39","Ohio","0-64",1
2025-08-16,"39","Ohio","65-130",4
2025-08-16,"40","Oklahoma","0-130",5
2025-08-16,"40","Oklahoma","0-64",1
2025-08-16,"40","Oklahoma","65-130",4
2025-08-16,"41","Oregon","0-130",2
2025-08-16,"41","Oregon","0-64",1
2025-08-16,"41","Oregon","65-130",1
2025-08-16,"42","Pennsylvania","0-130",105
2025-08-16,"42","Pennsylvania","0-64",41
2025-08-16,"42","Pennsylvania","65-130",64
2025-08-16,"44","Rhode Island","0-130",1
2025-08-16,"44","Rhode Island","0-64",0
2025-08-16,"44","Rhode Island","65-130",1
2025-08-16,"45","South Carolina","0-130",2
2025-08-16,"45","South Carolina","0-64",1
2025-08-16,"45","South Carolina","65-130",1
2025-08-16,"46","South Dakota","0-130",1
2025-08-16,"46","South Dakota","0-64",1
2025-08-16,"46","South Dakota","65-130",0
2025-08-16,"47","Tennessee","0-130",23
2025-08-16,"47","Tennessee","0-64",8
2025-08-16,"47","Tennessee","65-130",15
2025-08-16,"48","Texas","0-130",90
2025-08-16,"48","Texas","0-64",36
2025-08-16,"48","Texas","65-130",54
2025-08-16,"US","US","0-130",760
2025-08-16,"US","US","0-64",325
2025-08-16,"US","US","65-130",425
2025-08-16,"49","Utah","0-130",3
2025-08-16,"49","Utah","0-64",0
2025-08-16,"49","Utah","65-130",3
2025-08-16,"50","Vermont","0-130",0
2025-08-16,"50","Vermont","0-64",0
2025-08-16,"50","Vermont","65-130",0
2025-08-16,"78","Virgin Islands","0-130",0
2025-08-16,"78","Virgin Islands","0-64",0
2025-08-16,"78","Virgin Islands","65-130",0
2025-08-16,"51","Virginia","0-130",9
2025-08-16,"51","Virginia","0-64",4
2025-08-16,"51","Virginia","65-130",5
2025-08-16,"53","Washington","0-130",10
2025-08-16,"53","Washington","0-64",3
2025-08-16,"53","Washington","65-130",6
2025-08-16,"54","West Virginia","0-130",0
2025-08-16,"54","West Virginia","0-64",0
2025-08-16,"54","West Virginia","65-130",0
2025-08-16,"55","Wisconsin","0-130",1
2025-08-16,"55","Wisconsin","0-64",1
2025-08-16,"55","Wisconsin","65-130",0
2025-08-23,"01","Alabama","0-130",24
2025-08-23,"01","Alabama","0-64",12
2025-08-23,"01","Alabama","65-130",11
2025-08-23,"02","Alaska","0-130",2
2025-08-23,"02","Alaska","0-64",0
2025-08-23,"02","Alaska","65-130",2
2025-08-23,"60","American Samoa","0-130",0
2025-08-23,"60","American Samoa","0-64",0
2025-08-23,"60","American Samoa","65-130",0
2025-08-23,"04","Arizona","0-130",6
2025-08-23,"04","Arizona","0-64",3
2025-08-23,"04","Arizona","65-130",3
2025-08-23,"05","Arkansas","0-130",2
2025-08-23,"05","Arkansas","0-64",0
2025-08-23,"05","Arkansas","65-130",2
2025-08-23,"06","California","0-130",70
2025-08-23,"06","California","0-64",28
2025-08-23,"06","California","65-130",42
2025-08-23,"08","Colorado","0-130",0
2025-08-23,"08","Colorado","0-64",0
2025-08-23,"08","Colorado","65-130",0
2025-08-23,"09","Connecticut","0-130",4
2025-08-23,"09","Connecticut","0-64",1
2025-08-23,"09","Connecticut","65-130",3
2025-08-23,"10","Delaware","0-130",0
2025-08-23,"10","Delaware","0-64",0
2025-08-23,"10","Delaware","65-130",0
2025-08-23,"11","District of Columbia","0-130",0
2025-08-23,"11","District of Columbia","0-64",0
2025-08-23,"11","District of Columbia","65-130",0
2025-08-23,"12","Florida","0-130",107
2025-08-23,"12","Florida","0-64",52
2025-08-23,"12","Florida","65-130",55
2025-08-23,"13","Georgia","0-130",16
2025-08-23,"13","Georgia","0-64",7
2025-08-23,"13","Georgia","65-130",9
2025-08-23,"66","Guam","0-130",1
2025-08-23,"66","Guam","0-64",1
2025-08-23,"66","Guam","65-130",0
2025-08-23,"15","Hawaii","0-130",0
2025-08-23,"15","Hawaii","0-64",0
2025-08-23,"15","Hawaii","65-130",0
2025-08-23,"17","Illinois","0-130",11
2025-08-23,"17","Illinois","0-64",5
2025-08-23,"17","Illinois","65-130",6
2025-08-23,"18","Indiana","0-130",9
2025-08-23,"18","Indiana","0-64",1
2025-08-23,"18","Indiana","65-130",8
2025-08-23,"19","Iowa","0-130",3
2025-08-23,"19","Iowa","0-64",1
2025-08-23,"19","Iowa","65-130",2
2025-08-23,"20","Kansas","0-130",1
2025-08-23,"20","Kansas","0-64",0
2025-08-23,"20","Kansas","65-130",1
2025-08-23,"21","Kentucky","0-130",4
2025-08-23,"21","Kentucky","0-64",2
2025-08-23,"21","Kentucky","65-130",2
2025-08-23,"22","Louisiana","0-130",20
2025-08-23,"22","Louisiana","0-64",7
2025-08-23,"22","Louisiana","65-130",13
2025-08-23,"23","Maine","0-130",1
2025-08-23,"23","Maine","0-64",0
2025-08-23,"23","Maine","65-130",1
2025-08-23,"24","Maryland","0-130",6
2025-08-23,"24","Maryland","0-64",4
2025-08-23,"24","Maryland","65-130",2
2025-08-23,"25","Massachusetts","0-130",6
2025-08-23,"25","Massachusetts","0-64",4
2025-08-23,"25","Massachusetts","65-130",2
2025-08-23,"26","Michigan","0-130",28
2025-08-23,"26","Michigan","0-64",13
2025-08-23,"26","Michigan","65-130",15
2025-08-23,"27","Minnesota","0-130",2
2025-08-23,"27","Minnesota","0-64",0
2025-08-23,"27","Minnesota","65-130",2
2025-08-23,"28","Mississippi","0-130",14
2025-08-23,"28","Mississippi","0-64",4
2025-08-23,"28","Mississippi","65-130",10
2025-08-23,"29","Missouri","0-130",12
2025-08-23,"29","Missouri","0-64",6
2025-08-23,"29","Missouri","65-130",6
2025-08-23,"30","Montana","0-130",0
2025-08-23,"30","Montana","0-64",0
2025-08-23,"30","Montana","65-130",0
2025-08-23,"31","Nebraska","0-130",2
2025-08-23,"31","Nebraska","0-64",1
2025-08-23,"31","Nebraska","65-130",1
2025-08-23,"32","Nevada","0-130",3
2025-08-23,"32","Nevada","0-64",2
2025-08-23,"32","Nevada","65-130",1
2025-08-23,"33","New Hampshire","0-130",0
2025-08-23,"33","New Hampshire","0-64",0
2025-08-23,"33","New Hampshire","65-130",0
2025-08-23,"34","New Jersey","0-130",11
2025-08-23,"34","New Jersey","0-64",3
2025-08-23,"34","New Jersey","65-130",8
2025-08-23,"35","New Mexico","0-130",2
2025-08-23,"35","New Mexico","0-64",2
2025-08-23,"35","New Mexico","65-130",0
2025-08-23,"36","New York","0-130",20
2025-08-23,"36","New York","0-64",5
2025-08-23,"36","New York","65-130",15
2025-08-23,"37","North Carolina","0-130",11
2025-08-23,"37","North Carolina","0-64",7
2025-08-23,"37","North Carolina","65-130",4
2025-08-23,"38","North Dakota","0-130",0
2025-08-23,"38","North Dakota","0-64",0
2025-08-23,"38","North Dakota","65-130",0
2025-08-23,"69","Northern Mariana Islands","0-130",0
2025-08-23,"69","Northern Mariana Islands","0-64",0
2025-08-23,"69","Northern Mariana Islands","65-130",0
2025-08-23,"39","Ohio","0-130",10
2025-08-23,"39","Ohio","0-64",4
2025-08-23,"39","Ohio","65-130",6
2025-08-23,"40","Oklahoma","0-130",11
2025-08-23,"40","Oklahoma","0-64",4
2025-08-23,"40","Oklahoma","65-130",7
2025-08-23,"41","Oregon","0-130",5
2025-08-23,"41","Oregon","0-64",0
2025-08-23,"41","Oregon","65-130",5
2025-08-23,"42","Pennsylvania","0-130",100
2025-08-23,"42","Pennsylvania","0-64",38
2025-08-23,"42","Pennsylvania","65-130",62
2025-08-23,"44","Rhode Island","0-130",1
2025-08-23,"44","Rhode Island","0-64",0
2025-08-23,"44","Rhode Island","65-130",1
2025-08-23,"45","South Carolina","0-130",8
2025-08-23,"45","South Carolina","0-64",3
2025-08-23,"45","South Carolina","65-130",5
2025-08-23,"46","South Dakota","0-130",3
2025-08-23,"46","South Dakota","0-64",3
2025-08-23,"46","South Dakota","65-130",0
2025-08-23,"47","Tennessee","0-130",25
2025-08-23,"47","Tennessee","0-64",9
2025-08-23,"47","Tennessee","65-130",16
2025-08-23,"48","Texas","0-130",87
2025-08-23,"48","Texas","0-64",31
2025-08-23,"48","Texas","65-130",53
2025-08-23,"US","US","0-130",758
2025-08-23,"US","US","0-64",320
2025-08-23,"US","US","65-130",431
2025-08-23,"49","Utah","0-130",3
2025-08-23,"49","Utah","0-64",0
2025-08-23,"49","Utah","65-130",3
2025-08-23,"50","Vermont","0-130",0
2025-08-23,"50","Vermont","0-64",0
2025-08-23,"50","Vermont","65-130",0
2025-08-23,"78","Virgin Islands","0-130",0
2025-08-23,"78","Virgin Islands","0-64",0
2025-08-23,"78","Virgin Islands","65-130",0
2025-08-23,"51","Virginia","0-130",8
2025-08-23,"51","Virginia","0-64",6
2025-08-23,"51","Virginia","65-130",2
2025-08-23,"53","Washington","0-130",10
2025-08-23,"53","Washington","0-64",3
2025-08-23,"53","Washington","65-130",7
2025-08-23,"54","West Virginia","0-130",0
2025-08-23,"54","West Virginia","0-64",0
2025-08-23,"54","West Virginia","65-130",0
2025-08-23,"55","Wisconsin","0-130",4
2025-08-23,"55","Wisconsin","0-64",3
2025-08-23,"55","Wisconsin","65-130",1
2025-08-30,"01","Alabama","0-130",29
2025-08-30,"01","Alabama","0-64",16
2025-08-30,"01","Alabama","65-130",13
2025-08-30,"60","American Samoa","0-130",0
2025-08-30,"60","American Samoa","0-64",0
2025-08-30,"60","American Samoa","65-130",0
2025-08-30,"04","Arizona","0-130",9
2025-08-30,"04","Arizona","0-64",5
2025-08-30,"04","Arizona","65-130",4
2025-08-30,"06","California","0-130",87
2025-08-30,"06","California","0-64",48
2025-08-30,"06","California","65-130",39
2025-08-30,"08","Colorado","0-130",3
2025-08-30,"08","Colorado","0-64",2
2025-08-30,"08","Colorado","65-130",1
2025-08-30,"09","Connecticut","0-130",6
2025-08-30,"09","Connecticut","0-64",3
2025-08-30,"09","Connecticut","65-130",3
2025-08-30,"10","Delaware","0-130",1
2025-08-30,"10","Delaware","0-64",0
2025-08-30,"10","Delaware","65-130",1
2025-08-30,"11","District of Columbia","0-130",1
2025-08-30,"11","District of Columbia","0-64",0
2025-08-30,"11","District of Columbia","65-130",1
2025-08-30,"12","Florida","0-130",163
2025-08-30,"12","Florida","0-64",66
2025-08-30,"12","Florida","65-130",97
2025-08-30,"13","Georgia","0-130",16
2025-08-30,"13","Georgia","0-64",8
2025-08-30,"13","Georgia","65-130",8
2025-08-30,"15","Hawaii","0-130",4
2025-08-30,"15","Hawaii","0-64",1
2025-08-30,"15","Hawaii","65-130",3
2025-08-30,"17","Illinois","0-130",7
2025-08-30,"17","Illinois","0-64",3
2025-08-30,"17","Illinois","65-130",4
2025-08-30,"18","Indiana","0-130",10
2025-08-30,"18","Indiana","0-64",4
2025-08-30,"18","Indiana","65-130",6
2025-08-30,"19","Iowa","0-130",1
2025-08-30,"19","Iowa","0-64",1
2025-08-30,"19","Iowa","65-130",0
2025-08-30,"21","Kentucky","0-130",7
2025-08-30,"21","Kentucky","0-64",2
2025-08-30,"21","Kentucky","65-130",5
2025-08-30,"22","Louisiana","0-130",20
2025-08-30,"22","Louisiana","0-64",4
2025-08-30,"22","Louisiana","65-130",16
2025-08-30,"23","Maine","0-130",1
2025-08-30,"23","Maine","0-64",1
2025-08-30,"23","Maine","65-130",0
2025-08-30,"24","Maryland","0-130",5
2025-08-30,"24","Maryland","0-64",2
2025-08-30,"24","Maryland","65-130",3
2025-08-30,"25","Massachusetts","0-130",5
2025-08-30,"25","Massachusetts","0-64",0
2025-08-30,"25","Massachusetts","65-130",5
2025-08-30,"26","Michigan","0-130",29
2025-08-30,"26","Michigan","0-64",15
2025-08-30,"26","Michigan","65-130",14
2025-08-30,"27","Minnesota","0-130",2
2025-08-30,"27","Minnesota","0-64",0
2025-08-30,"27","Minnesota","65-130",2
2025-08-30,"28","Mississippi","0-130",19
2025-08-30,"28","Mississippi","0-64",9
2025-08-30,"28","Mississippi","65-130",10
2025-08-30,"31","Nebraska","0-130",5
2025-08-30,"31","Nebraska","0-64",3
2025-08-30,"31","Nebraska","65-130",2
2025-08-30,"32","Nevada","0-130",3
2025-08-30,"32","Nevada","0-64",2
2025-08-30,"32","Nevada","65-130",1
2025-08-30,"33","New Hampshire","0-130",2
2025-08-30,"33","New Hampshire","0-64",0
2025-08-30,"33","New Hampshire","65-130",2
2025-08-30,"34","New Jersey","0-130",10
2025-08-30,"34","New Jersey","0-64",3
2025-08-30,"34","New Jersey","65-130",7
2025-08-30,"35","New Mexico","0-130",0
2025-08-30,"35","New Mexico","0-64",0
2025-08-30,"35","New Mexico","65-130",0
2025-08-30,"36","New York","0-130",13
2025-08-30,"36","New York","0-64",4
2025-08-30,"36","New York","65-130",9
2025-08-30,"37","North Carolina","0-130",11
2025-08-30,"37","North Carolina","0-64",5
2025-08-30,"37","North Carolina","65-130",6
2025-08-30,"38","North Dakota","0-130",0
2025-08-30,"38","North Dakota","0-64",0
2025-08-30,"38","North Dakota","65-130",0
2025-08-30,"69","Northern Mariana Islands","0-130",0
2025-08-30,"69","Northern Mariana Islands","0-64",0
2025-08-30,"69","Northern Mariana Islands","65-130",0
2025-08-30,"39","Ohio","0-130",9
2025-08-30,"39","Ohio","0-64",4
2025-08-30,"39","Ohio","65-130",5
2025-08-30,"41","Oregon","0-130",0
2025-08-30,"41","Oregon","0-64",0
2025-08-30,"41","Oregon","65-130",0
2025-08-30,"42","Pennsylvania","0-130",93
2025-08-30,"42","Pennsylvania","0-64",32
2025-08-30,"42","Pennsylvania","65-130",61
2025-08-30,"44","Rhode Island","0-130",0
2025-08-30,"44","Rhode Island","0-64",0
2025-08-30,"44","Rhode Island","65-130",0
2025-08-30,"45","South Carolina","0-130",11
2025-08-30,"45","South Carolina","0-64",3
2025-08-30,"45","South Carolina","65-130",8
2025-08-30,"46","South Dakota","0-130",2
2025-08-30,"46","South Dakota","0-64",1
2025-08-30,"46","South Dakota","65-130",1
2025-08-30,"47","Tennessee","0-130",25
2025-08-30,"47","Tennessee","0-64",11
2025-08-30,"47","Tennessee","65-130",14
2025-08-30,"48","Texas","0-130",88
2025-08-30,"48","Texas","0-64",40
2025-08-30,"48","Texas","65-130",48
2025-08-30,"US","US","0-130",815
2025-08-30,"US","US","0-64",360
2025-08-30,"US","US","65-130",450
2025-08-30,"49","Utah","0-130",4
2025-08-30,"49","Utah","0-64",0
2025-08-30,"49","Utah","65-130",4
2025-08-30,"50","Vermont","0-130",1
2025-08-30,"50","Vermont","0-64",0
2025-08-30,"50","Vermont","65-130",1
2025-08-30,"78","Virgin Islands","0-130",0
2025-08-30,"78","Virgin Islands","0-64",0
2025-08-30,"78","Virgin Islands","65-130",0
2025-08-30,"51","Virginia","0-130",9
2025-08-30,"51","Virginia","0-64",5
2025-08-30,"51","Virginia","65-130",4
2025-08-30,"53","Washington","0-130",4
2025-08-30,"53","Washington","0-64",1
2025-08-30,"53","Washington","65-130",3
2025-08-30,"54","West Virginia","0-130",0
2025-08-30,"54","West Virginia","0-64",0
2025-08-30,"54","West Virginia","65-130",0
2025-08-30,"55","Wisconsin","0-130",4
2025-08-30,"55","Wisconsin","0-64",1
2025-08-30,"55","Wisconsin","65-130",3
