"time_value","fips","geo_value_fullname","age_group","value"
2023-12-23,"42","Pennsylvania","0-130",72
2023-12-30,"42","Pennsylvania","0-130",NA
2024-01-06,"42","Pennsylvania","0-130",48
2024-01-13,"42","Pennsylvania","0-130",NA
2024-01-20,"42","Pennsylvania","0-130",143
2024-03-02,"53","Washington","0-130",7
2024-03-09,"53","Washington","0-130",31
2024-03-16,"53","Washington","0-130",35
2024-03-23,"53","Washington","0-130",25
2024-03-30,"53","Washington","0-130",16
2024-04-06,"53","Washington","0-130",17
2024-04-13,"53","Washington","0-130",12
2024-04-20,"53","Washington","0-130",8
2024-04-27,"53","Washington","0-130",2
2024-05-04,"53","Washington","0-130",2
2024-05-11,"53","Washington","0-130",5
2024-05-18,"53","Washington","0-130",7
2024-05-25,"53","Washington","0-130",4
2024-06-01,"53","Washington","0-130",1
2024-06-08,"53","Washington","0-130",1
2024-06-15,"53","Washington","0-130",0
2024-06-22,"53","Washington","0-130",1
2024-06-29,"53","Washington","0-130",1
2024-07-06,"53","Washington","0-130",0
2024-07-13,"53","Washington","0-130",1
2024-07-20,"53","Washington","0-130",0
2024-07-27,"53","Washington","0-130",1
2024-08-03,"53","Washington","0-130",0
2024-08-10,"53","Washington","0-130",0
2024-08-17,"53","Washington","0-130",1
2024-08-24,"53","Washington","0-130",1
2024-08-31,"53","Washington","0-130",2
2024-09-07,"53","Washington","0-130",1
2024-09-14,"53","Washington","0-130",3
2024-09-21,"53","Washington","0-130",3
2024-09-28,"53","Washington","0-130",0
2024-10-05,"53","Washington","0-130",3
2024-10-19,"09","Connecticut","0-130",12
2024-10-19,"09","Connecticut","0-64",7
2024-10-19,"09","Connecticut","65-130",5
2024-10-26,"60","American Samoa","0-130",0
2024-10-26,"60","American Samoa","0-64",0
2024-10-26,"60","American Samoa","65-130",0
2024-10-26,"09","Connecticut","0-130",16
2024-10-26,"09","Connecticut","0-64",15
2024-10-26,"09","Connecticut","65-130",1
2024-11-02,"02","Alaska","0-130",4
2024-11-02,"02","Alaska","0-64",4
2024-11-02,"02","Alaska","65-130",0
2024-11-02,"60","American Samoa","0-130",0
2024-11-02,"60","American Samoa","0-64",0
2024-11-02,"60","American Samoa","65-130",0
2024-11-02,"06","California","0-130",52
2024-11-02,"06","California","0-64",40
2024-11-02,"06","California","65-130",12
2024-11-02,"09","Connecticut","0-130",12
2024-11-02,"09","Connecticut","0-64",12
2024-11-02,"09","Connecticut","65-130",0
2024-11-02,"22","Louisiana","0-130",31
2024-11-02,"22","Louisiana","0-64",11
2024-11-02,"22","Louisiana","65-130",5
2024-11-02,"30","Montana","0-130",0
2024-11-02,"30","Montana","0-64",0
2024-11-02,"30","Montana","65-130",0
2024-11-02,"31","Nebraska","0-130",0
2024-11-02,"31","Nebraska","0-64",0
2024-11-02,"31","Nebraska","65-130",0
2024-11-02,"33","New Hampshire","0-130",1
2024-11-02,"33","New Hampshire","0-64",0
2024-11-02,"33","New Hampshire","65-130",1
2024-11-02,"34","New Jersey","0-130",96
2024-11-02,"34","New Jersey","0-64",90
2024-11-02,"34","New Jersey","65-130",6
2024-11-02,"39","Ohio","0-130",52
2024-11-02,"39","Ohio","0-64",45
2024-11-02,"39","Ohio","65-130",7
2024-11-02,"42","Pennsylvania","0-130",NA
2024-11-02,"45","South Carolina","0-130",32
2024-11-02,"45","South Carolina","0-64",25
2024-11-02,"45","South Carolina","65-130",7
2024-11-02,"49","Utah","0-130",5
2024-11-02,"49","Utah","0-64",5
2024-11-02,"49","Utah","65-130",0
2024-11-02,"51","Virginia","0-130",26
2024-11-02,"51","Virginia","0-64",16
2024-11-02,"51","Virginia","65-130",10
2024-11-02,"53","Washington","0-130",NA
2024-11-09,"01","Alabama","0-130",62
2024-11-09,"01","Alabama","0-64",54
2024-11-09,"01","Alabama","65-130",8
2024-11-09,"02","Alaska","0-130",5
2024-11-09,"02","Alaska","0-64",5
2024-11-09,"02","Alaska","65-130",0
2024-11-09,"04","Arizona","0-130",7
2024-11-09,"04","Arizona","0-64",5
2024-11-09,"04","Arizona","65-130",2
2024-11-09,"05","Arkansas","0-130",7
2024-11-09,"05","Arkansas","0-64",7
2024-11-09,"05","Arkansas","65-130",0
2024-11-09,"06","California","0-130",114
2024-11-09,"06","California","0-64",84
2024-11-09,"06","California","65-130",29
2024-11-09,"08","Colorado","0-130",10
2024-11-09,"08","Colorado","0-64",6
2024-11-09,"08","Colorado","65-130",4
2024-11-09,"09","Connecticut","0-130",21
2024-11-09,"09","Connecticut","0-64",15
2024-11-09,"09","Connecticut","65-130",6
2024-11-09,"10","Delaware","0-130",23
2024-11-09,"10","Delaware","0-64",22
2024-11-09,"10","Delaware","65-130",1
2024-11-09,"12","Florida","0-130",423
2024-11-09,"12","Florida","0-64",297
2024-11-09,"12","Florida","65-130",115
2024-11-09,"13","Georgia","0-130",175
2024-11-09,"13","Georgia","0-64",153
2024-11-09,"13","Georgia","65-130",22
2024-11-09,"66","Guam","0-130",2
2024-11-09,"66","Guam","0-64",2
2024-11-09,"66","Guam","65-130",0
2024-11-09,"15","Hawaii","0-130",15
2024-11-09,"15","Hawaii","0-64",11
2024-11-09,"15","Hawaii","65-130",4
2024-11-09,"16","Idaho","0-130",2
2024-11-09,"16","Idaho","0-64",2
2024-11-09,"16","Idaho","65-130",0
2024-11-09,"17","Illinois","0-130",63
2024-11-09,"17","Illinois","0-64",47
2024-11-09,"17","Illinois","65-130",16
2024-11-09,"18","Indiana","0-130",17
2024-11-09,"18","Indiana","0-64",15
2024-11-09,"18","Indiana","65-130",2
2024-11-09,"19","Iowa","0-130",5
2024-11-09,"19","Iowa","0-64",5
2024-11-09,"19","Iowa","65-130",0
2024-11-09,"20","Kansas","0-130",1
2024-11-09,"20","Kansas","0-64",0
2024-11-09,"20","Kansas","65-130",1
2024-11-09,"21","Kentucky","0-130",25
2024-11-09,"21","Kentucky","0-64",21
2024-11-09,"21","Kentucky","65-130",4
2024-11-09,"22","Louisiana","0-130",48
2024-11-09,"22","Louisiana","0-64",42
2024-11-09,"22","Louisiana","65-130",6
2024-11-09,"23","Maine","0-130",1
2024-11-09,"23","Maine","0-64",1
2024-11-09,"23","Maine","65-130",0
2024-11-09,"24","Maryland","0-130",75
2024-11-09,"24","Maryland","0-64",70
2024-11-09,"24","Maryland","65-130",5
2024-11-09,"25","Massachusetts","0-130",29
2024-11-09,"25","Massachusetts","0-64",25
2024-11-09,"25","Massachusetts","65-130",4
2024-11-09,"26","Michigan","0-130",36
2024-11-09,"26","Michigan","0-64",34
2024-11-09,"26","Michigan","65-130",2
2024-11-09,"27","Minnesota","0-130",14
2024-11-09,"27","Minnesota","0-64",12
2024-11-09,"27","Minnesota","65-130",2
2024-11-09,"28","Mississippi","0-130",25
2024-11-09,"28","Mississippi","0-64",23
2024-11-09,"28","Mississippi","65-130",2
2024-11-09,"29","Missouri","0-130",20
2024-11-09,"29","Missouri","0-64",15
2024-11-09,"29","Missouri","65-130",5
2024-11-09,"30","Montana","0-130",0
2024-11-09,"30","Montana","0-64",0
2024-11-09,"30","Montana","65-130",0
2024-11-09,"31","Nebraska","0-130",0
2024-11-09,"31","Nebraska","0-64",0
2024-11-09,"31","Nebraska","65-130",0
2024-11-09,"32","Nevada","0-130",9
2024-11-09,"32","Nevada","0-64",6
2024-11-09,"32","Nevada","65-130",3
2024-11-09,"33","New Hampshire","0-130",2
2024-11-09,"33","New Hampshire","0-64",1
2024-11-09,"33","New Hampshire","65-130",1
2024-11-09,"34","New Jersey","0-130",101
2024-11-09,"34","New Jersey","0-64",92
2024-11-09,"34","New Jersey","65-130",9
2024-11-09,"35","New Mexico","0-130",6
2024-11-09,"35","New Mexico","0-64",6
2024-11-09,"35","New Mexico","65-130",0
2024-11-09,"36","New York","0-130",179
2024-11-09,"36","New York","0-64",152
2024-11-09,"36","New York","65-130",27
2024-11-09,"37","North Carolina","0-130",33
2024-11-09,"37","North Carolina","0-64",20
2024-11-09,"37","North Carolina","65-130",13
2024-11-09,"38","North Dakota","0-130",0
2024-11-09,"38","North Dakota","0-64",0
2024-11-09,"38","North Dakota","65-130",0
2024-11-09,"39","Ohio","0-130",100
2024-11-09,"39","Ohio","0-64",90
2024-11-09,"39","Ohio","65-130",10
2024-11-09,"40","Oklahoma","0-130",0
2024-11-09,"40","Oklahoma","0-64",0
2024-11-09,"40","Oklahoma","65-130",0
2024-11-09,"41","Oregon","0-130",4
2024-11-09,"41","Oregon","0-64",1
2024-11-09,"41","Oregon","65-130",3
2024-11-09,"42","Pennsylvania","0-130",185
2024-11-09,"42","Pennsylvania","0-64",153
2024-11-09,"42","Pennsylvania","65-130",30
2024-11-09,"44","Rhode Island","0-130",9
2024-11-09,"44","Rhode Island","0-64",9
2024-11-09,"44","Rhode Island","65-130",0
2024-11-09,"45","South Carolina","0-130",46
2024-11-09,"45","South Carolina","0-64",40
2024-11-09,"45","South Carolina","65-130",6
2024-11-09,"46","South Dakota","0-130",0
2024-11-09,"46","South Dakota","0-64",0
2024-11-09,"46","South Dakota","65-130",0
2024-11-09,"47","Tennessee","0-130",89
2024-11-09,"47","Tennessee","0-64",80
2024-11-09,"47","Tennessee","65-130",9
2024-11-09,"48","Texas","0-130",409
2024-11-09,"48","Texas","0-64",382
2024-11-09,"48","Texas","65-130",26
2024-11-09,"US","US","0-130",2558
2024-11-09,"US","US","0-64",2128
2024-11-09,"US","US","65-130",398
2024-11-09,"49","Utah","0-130",8
2024-11-09,"49","Utah","0-64",7
2024-11-09,"49","Utah","65-130",1
2024-11-09,"50","Vermont","0-130",0
2024-11-09,"50","Vermont","0-64",0
2024-11-09,"50","Vermont","65-130",0
2024-11-09,"51","Virginia","0-130",37
2024-11-09,"51","Virginia","0-64",30
2024-11-09,"51","Virginia","65-130",7
2024-11-09,"53","Washington","0-130",13
2024-11-09,"53","Washington","0-64",11
2024-11-09,"53","Washington","65-130",2
2024-11-09,"54","West Virginia","0-130",10
2024-11-09,"54","West Virginia","0-64",6
2024-11-09,"54","West Virginia","65-130",4
2024-11-09,"55","Wisconsin","0-130",10
2024-11-09,"55","Wisconsin","0-64",8
2024-11-09,"55","Wisconsin","65-130",2
2024-11-09,"56","Wyoming","0-130",0
2024-11-09,"56","Wyoming","0-64",0
2024-11-09,"56","Wyoming","65-130",0
2024-11-16,"01","Alabama","0-130",81
2024-11-16,"01","Alabama","0-64",72
2024-11-16,"01","Alabama","65-130",9
2024-11-16,"02","Alaska","0-130",9
2024-11-16,"02","Alaska","0-64",8
2024-11-16,"02","Alaska","65-130",1
2024-11-16,"60","American Samoa","0-130",NA
2024-11-16,"60","American Samoa","0-64",NA
2024-11-16,"60","American Samoa","65-130",NA
2024-11-16,"04","Arizona","0-130",6
2024-11-16,"04","Arizona","0-64",1
2024-11-16,"04","Arizona","65-130",5
2024-11-16,"05","Arkansas","0-130",21
2024-11-16,"05","Arkansas","0-64",18
2024-11-16,"05","Arkansas","65-130",3
2024-11-16,"06","California","0-130",142
2024-11-16,"06","California","0-64",111
2024-11-16,"06","California","65-130",29
2024-11-16,"08","Colorado","0-130",18
2024-11-16,"08","Colorado","0-64",17
2024-11-16,"08","Colorado","65-130",1
2024-11-16,"09","Connecticut","0-130",27
2024-11-16,"09","Connecticut","0-64",20
2024-11-16,"09","Connecticut","65-130",7
2024-11-16,"10","Delaware","0-130",26
2024-11-16,"10","Delaware","0-64",21
2024-11-16,"10","Delaware","65-130",5
2024-11-16,"12","Florida","0-130",418
2024-11-16,"12","Florida","0-64",316
2024-11-16,"12","Florida","65-130",102
2024-11-16,"13","Georgia","0-130",299
2024-11-16,"13","Georgia","0-64",261
2024-11-16,"13","Georgia","65-130",38
2024-11-16,"66","Guam","0-130",5
2024-11-16,"66","Guam","0-64",5
2024-11-16,"66","Guam","65-130",0
2024-11-16,"15","Hawaii","0-130",26
2024-11-16,"15","Hawaii","0-64",25
2024-11-16,"15","Hawaii","65-130",1
2024-11-16,"16","Idaho","0-130",1
2024-11-16,"16","Idaho","0-64",1
2024-11-16,"16","Idaho","65-130",0
2024-11-16,"17","Illinois","0-130",81
2024-11-16,"17","Illinois","0-64",68
2024-11-16,"17","Illinois","65-130",13
2024-11-16,"18","Indiana","0-130",30
2024-11-16,"18","Indiana","0-64",25
2024-11-16,"18","Indiana","65-130",5
2024-11-16,"19","Iowa","0-130",10
2024-11-16,"19","Iowa","0-64",10
2024-11-16,"19","Iowa","65-130",0
2024-11-16,"20","Kansas","0-130",3
2024-11-16,"20","Kansas","0-64",3
2024-11-16,"20","Kansas","65-130",0
2024-11-16,"21","Kentucky","0-130",44
2024-11-16,"21","Kentucky","0-64",39
2024-11-16,"21","Kentucky","65-130",5
2024-11-16,"22","Louisiana","0-130",73
2024-11-16,"22","Louisiana","0-64",65
2024-11-16,"22","Louisiana","65-130",8
2024-11-16,"23","Maine","0-130",1
2024-11-16,"23","Maine","0-64",1
2024-11-16,"23","Maine","65-130",0
2024-11-16,"24","Maryland","0-130",67
2024-11-16,"24","Maryland","0-64",59
2024-11-16,"24","Maryland","65-130",8
2024-11-16,"25","Massachusetts","0-130",56
2024-11-16,"25","Massachusetts","0-64",48
2024-11-16,"25","Massachusetts","65-130",8
2024-11-16,"26","Michigan","0-130",44
2024-11-16,"26","Michigan","0-64",30
2024-11-16,"26","Michigan","65-130",14
2024-11-16,"27","Minnesota","0-130",13
2024-11-16,"27","Minnesota","0-64",11
2024-11-16,"27","Minnesota","65-130",2
2024-11-16,"28","Mississippi","0-130",46
2024-11-16,"28","Mississippi","0-64",43
2024-11-16,"28","Mississippi","65-130",3
2024-11-16,"29","Missouri","0-130",36
2024-11-16,"29","Missouri","0-64",34
2024-11-16,"29","Missouri","65-130",2
2024-11-16,"30","Montana","0-130",0
2024-11-16,"30","Montana","0-64",0
2024-11-16,"30","Montana","65-130",0
2024-11-16,"31","Nebraska","0-130",2
2024-11-16,"31","Nebraska","0-64",2
2024-11-16,"31","Nebraska","65-130",0
2024-11-16,"32","Nevada","0-130",12
2024-11-16,"32","Nevada","0-64",8
2024-11-16,"32","Nevada","65-130",4
2024-11-16,"33","New Hampshire","0-130",4
2024-11-16,"33","New Hampshire","0-64",4
2024-11-16,"33","New Hampshire","65-130",0
2024-11-16,"34","New Jersey","0-130",159
2024-11-16,"34","New Jersey","0-64",137
2024-11-16,"34","New Jersey","65-130",22
2024-11-16,"35","New Mexico","0-130",7
2024-11-16,"35","New Mexico","0-64",7
2024-11-16,"35","New Mexico","65-130",0
2024-11-16,"36","New York","0-130",265
2024-11-16,"36","New York","0-64",214
2024-11-16,"36","New York","65-130",51
2024-11-16,"37","North Carolina","0-130",62
2024-11-16,"37","North Carolina","0-64",52
2024-11-16,"37","North Carolina","65-130",10
2024-11-16,"38","North Dakota","0-130",0
2024-11-16,"38","North Dakota","0-64",0
2024-11-16,"38","North Dakota","65-130",0
2024-11-16,"39","Ohio","0-130",131
2024-11-16,"39","Ohio","0-64",115
2024-11-16,"39","Ohio","65-130",16
2024-11-16,"40","Oklahoma","0-130",6
2024-11-16,"40","Oklahoma","0-64",6
2024-11-16,"40","Oklahoma","65-130",0
2024-11-16,"41","Oregon","0-130",4
2024-11-16,"41","Oregon","0-64",2
2024-11-16,"41","Oregon","65-130",2
2024-11-16,"42","Pennsylvania","0-130",162
2024-11-16,"42","Pennsylvania","0-64",118
2024-11-16,"42","Pennsylvania","65-130",44
2024-11-16,"44","Rhode Island","0-130",12
2024-11-16,"44","Rhode Island","0-64",11
2024-11-16,"44","Rhode Island","65-130",1
2024-11-16,"45","South Carolina","0-130",73
2024-11-16,"45","South Carolina","0-64",58
2024-11-16,"45","South Carolina","65-130",15
2024-11-16,"46","South Dakota","0-130",0
2024-11-16,"46","South Dakota","0-64",0
2024-11-16,"46","South Dakota","65-130",0
2024-11-16,"47","Tennessee","0-130",129
2024-11-16,"47","Tennessee","0-64",110
2024-11-16,"47","Tennessee","65-130",19
2024-11-16,"48","Texas","0-130",559
2024-11-16,"48","Texas","0-64",513
2024-11-16,"48","Texas","65-130",46
2024-11-16,"US","US","0-130",3393
2024-11-16,"US","US","0-64",2849
2024-11-16,"US","US","65-130",520
2024-11-16,"49","Utah","0-130",2
2024-11-16,"49","Utah","0-64",1
2024-11-16,"49","Utah","65-130",1
2024-11-16,"50","Vermont","0-130",3
2024-11-16,"50","Vermont","0-64",2
2024-11-16,"50","Vermont","65-130",1
2024-11-16,"51","Virginia","0-130",51
2024-11-16,"51","Virginia","0-64",47
2024-11-16,"51","Virginia","65-130",4
2024-11-16,"53","Washington","0-130",27
2024-11-16,"53","Washington","0-64",20
2024-11-16,"53","Washington","65-130",7
2024-11-16,"54","West Virginia","0-130",10
2024-11-16,"54","West Virginia","0-64",8
2024-11-16,"54","West Virginia","65-130",2
2024-11-16,"55","Wisconsin","0-130",7
2024-11-16,"55","Wisconsin","0-64",6
2024-11-16,"55","Wisconsin","65-130",1
2024-11-16,"56","Wyoming","0-130",3
2024-11-16,"56","Wyoming","0-64",3
2024-11-16,"56","Wyoming","65-130",0
2024-11-23,"01","Alabama","0-130",111
2024-11-23,"01","Alabama","0-64",91
2024-11-23,"01","Alabama","65-130",19
2024-11-23,"02","Alaska","0-130",4
2024-11-23,"02","Alaska","0-64",3
2024-11-23,"02","Alaska","65-130",1
2024-11-23,"60","American Samoa","0-130",0
2024-11-23,"60","American Samoa","0-64",0
2024-11-23,"60","American Samoa","65-130",0
2024-11-23,"04","Arizona","0-130",29
2024-11-23,"04","Arizona","0-64",25
2024-11-23,"04","Arizona","65-130",4
2024-11-23,"05","Arkansas","0-130",15
2024-11-23,"05","Arkansas","0-64",11
2024-11-23,"05","Arkansas","65-130",4
2024-11-23,"06","California","0-130",200
2024-11-23,"06","California","0-64",142
2024-11-23,"06","California","65-130",57
2024-11-23,"08","Colorado","0-130",27
2024-11-23,"08","Colorado","0-64",22
2024-11-23,"08","Colorado","65-130",5
2024-11-23,"09","Connecticut","0-130",35
2024-11-23,"09","Connecticut","0-64",26
2024-11-23,"09","Connecticut","65-130",9
2024-11-23,"10","Delaware","0-130",43
2024-11-23,"10","Delaware","0-64",39
2024-11-23,"10","Delaware","65-130",4
2024-11-23,"12","Florida","0-130",516
2024-11-23,"12","Florida","0-64",367
2024-11-23,"12","Florida","65-130",149
2024-11-23,"13","Georgia","0-130",327
2024-11-23,"13","Georgia","0-64",275
2024-11-23,"13","Georgia","65-130",52
2024-11-23,"66","Guam","0-130",3
2024-11-23,"66","Guam","0-64",3
2024-11-23,"66","Guam","65-130",0
2024-11-23,"15","Hawaii","0-130",25
2024-11-23,"15","Hawaii","0-64",20
2024-11-23,"15","Hawaii","65-130",5
2024-11-23,"16","Idaho","0-130",3
2024-11-23,"16","Idaho","0-64",1
2024-11-23,"16","Idaho","65-130",2
2024-11-23,"17","Illinois","0-130",151
2024-11-23,"17","Illinois","0-64",138
2024-11-23,"17","Illinois","65-130",13
2024-11-23,"18","Indiana","0-130",67
2024-11-23,"18","Indiana","0-64",62
2024-11-23,"18","Indiana","65-130",5
2024-11-23,"19","Iowa","0-130",9
2024-11-23,"19","Iowa","0-64",9
2024-11-23,"19","Iowa","65-130",0
2024-11-23,"20","Kansas","0-130",7
2024-11-23,"20","Kansas","0-64",7
2024-11-23,"20","Kansas","65-130",0
2024-11-23,"21","Kentucky","0-130",54
2024-11-23,"21","Kentucky","0-64",46
2024-11-23,"21","Kentucky","65-130",8
2024-11-23,"22","Louisiana","0-130",88
2024-11-23,"22","Louisiana","0-64",78
2024-11-23,"22","Louisiana","65-130",10
2024-11-23,"23","Maine","0-130",0
2024-11-23,"23","Maine","0-64",0
2024-11-23,"23","Maine","65-130",0
2024-11-23,"24","Maryland","0-130",99
2024-11-23,"24","Maryland","0-64",79
2024-11-23,"24","Maryland","65-130",20
2024-11-23,"25","Massachusetts","0-130",119
2024-11-23,"25","Massachusetts","0-64",95
2024-11-23,"25","Massachusetts","65-130",24
2024-11-23,"26","Michigan","0-130",59
2024-11-23,"26","Michigan","0-64",37
2024-11-23,"26","Michigan","65-130",18
2024-11-23,"27","Minnesota","0-130",15
2024-11-23,"27","Minnesota","0-64",13
2024-11-23,"27","Minnesota","65-130",2
2024-11-23,"28","Mississippi","0-130",67
2024-11-23,"28","Mississippi","0-64",60
2024-11-23,"28","Mississippi","65-130",7
2024-11-23,"29","Missouri","0-130",59
2024-11-23,"29","Missouri","0-64",54
2024-11-23,"29","Missouri","65-130",5
2024-11-23,"30","Montana","0-130",0
2024-11-23,"30","Montana","0-64",0
2024-11-23,"30","Montana","65-130",0
2024-11-23,"31","Nebraska","0-130",2
2024-11-23,"31","Nebraska","0-64",2
2024-11-23,"31","Nebraska","65-130",0
2024-11-23,"32","Nevada","0-130",22
2024-11-23,"32","Nevada","0-64",21
2024-11-23,"32","Nevada","65-130",1
2024-11-23,"33","New Hampshire","0-130",7
2024-11-23,"33","New Hampshire","0-64",4
2024-11-23,"33","New Hampshire","65-130",3
2024-11-23,"34","New Jersey","0-130",205
2024-11-23,"34","New Jersey","0-64",156
2024-11-23,"34","New Jersey","65-130",49
2024-11-23,"35","New Mexico","0-130",4
2024-11-23,"35","New Mexico","0-64",4
2024-11-23,"35","New Mexico","65-130",0
2024-11-23,"36","New York","0-130",404
2024-11-23,"36","New York","0-64",334
2024-11-23,"36","New York","65-130",70
2024-11-23,"37","North Carolina","0-130",79
2024-11-23,"37","North Carolina","0-64",64
2024-11-23,"37","North Carolina","65-130",15
2024-11-23,"38","North Dakota","0-130",1
2024-11-23,"38","North Dakota","0-64",1
2024-11-23,"38","North Dakota","65-130",0
2024-11-23,"39","Ohio","0-130",174
2024-11-23,"39","Ohio","0-64",152
2024-11-23,"39","Ohio","65-130",22
2024-11-23,"40","Oklahoma","0-130",11
2024-11-23,"40","Oklahoma","0-64",11
2024-11-23,"40","Oklahoma","65-130",0
2024-11-23,"41","Oregon","0-130",6
2024-11-23,"41","Oregon","0-64",5
2024-11-23,"41","Oregon","65-130",1
2024-11-23,"42","Pennsylvania","0-130",175
2024-11-23,"42","Pennsylvania","0-64",140
2024-11-23,"42","Pennsylvania","65-130",35
2024-11-23,"44","Rhode Island","0-130",18
2024-11-23,"44","Rhode Island","0-64",16
2024-11-23,"44","Rhode Island","65-130",2
2024-11-23,"45","South Carolina","0-130",112
2024-11-23,"45","South Carolina","0-64",92
2024-11-23,"45","South Carolina","65-130",20
2024-11-23,"46","South Dakota","0-130",0
2024-11-23,"46","South Dakota","0-64",0
2024-11-23,"46","South Dakota","65-130",0
2024-11-23,"47","Tennessee","0-130",141
2024-11-23,"47","Tennessee","0-64",125
2024-11-23,"47","Tennessee","65-130",16
2024-11-23,"48","Texas","0-130",623
2024-11-23,"48","Texas","0-64",566
2024-11-23,"48","Texas","65-130",57
2024-11-23,"US","US","0-130",4293
2024-11-23,"US","US","0-64",3523
2024-11-23,"US","US","65-130",748
2024-11-23,"49","Utah","0-130",3
2024-11-23,"49","Utah","0-64",2
2024-11-23,"49","Utah","65-130",1
2024-11-23,"50","Vermont","0-130",0
2024-11-23,"50","Vermont","0-64",0
2024-11-23,"50","Vermont","65-130",0
2024-11-23,"51","Virginia","0-130",70
2024-11-23,"51","Virginia","0-64",60
2024-11-23,"51","Virginia","65-130",10
2024-11-23,"53","Washington","0-130",37
2024-11-23,"53","Washington","0-64",23
2024-11-23,"53","Washington","65-130",14
2024-11-23,"54","West Virginia","0-130",13
2024-11-23,"54","West Virginia","0-64",10
2024-11-23,"54","West Virginia","65-130",3
2024-11-23,"55","Wisconsin","0-130",11
2024-11-23,"55","Wisconsin","0-64",9
2024-11-23,"55","Wisconsin","65-130",2
2024-11-23,"56","Wyoming","0-130",NA
2024-11-23,"56","Wyoming","0-64",NA
2024-11-23,"56","Wyoming","65-130",NA
2024-11-30,"01","Alabama","0-130",130
2024-11-30,"01","Alabama","0-64",111
2024-11-30,"01","Alabama","65-130",19
2024-11-30,"02","Alaska","0-130",13
2024-11-30,"02","Alaska","0-64",10
2024-11-30,"02","Alaska","65-130",3
2024-11-30,"60","American Samoa","0-130",1
2024-11-30,"60","American Samoa","0-64",1
2024-11-30,"60","American Samoa","65-130",0
2024-11-30,"04","Arizona","0-130",21
2024-11-30,"04","Arizona","0-64",17
2024-11-30,"04","Arizona","65-130",4
2024-11-30,"05","Arkansas","0-130",24
2024-11-30,"05","Arkansas","0-64",18
2024-11-30,"05","Arkansas","65-130",6
2024-11-30,"06","California","0-130",320
2024-11-30,"06","California","0-64",235
2024-11-30,"06","California","65-130",83
2024-11-30,"08","Colorado","0-130",23
2024-11-30,"08","Colorado","0-64",21
2024-11-30,"08","Colorado","65-130",2
2024-11-30,"09","Connecticut","0-130",50
2024-11-30,"09","Connecticut","0-64",42
2024-11-30,"09","Connecticut","65-130",8
2024-11-30,"10","Delaware","0-130",47
2024-11-30,"10","Delaware","0-64",39
2024-11-30,"10","Delaware","65-130",8
2024-11-30,"12","Florida","0-130",538
2024-11-30,"12","Florida","0-64",346
2024-11-30,"12","Florida","65-130",192
2024-11-30,"13","Georgia","0-130",401
2024-11-30,"13","Georgia","0-64",343
2024-11-30,"13","Georgia","65-130",58
2024-11-30,"66","Guam","0-130",1
2024-11-30,"66","Guam","0-64",1
2024-11-30,"66","Guam","65-130",0
2024-11-30,"15","Hawaii","0-130",19
2024-11-30,"15","Hawaii","0-64",17
2024-11-30,"15","Hawaii","65-130",2
2024-11-30,"16","Idaho","0-130",3
2024-11-30,"16","Idaho","0-64",3
2024-11-30,"16","Idaho","65-130",0
2024-11-30,"17","Illinois","0-130",225
2024-11-30,"17","Illinois","0-64",195
2024-11-30,"17","Illinois","65-130",30
2024-11-30,"18","Indiana","0-130",59
2024-11-30,"18","Indiana","0-64",48
2024-11-30,"18","Indiana","65-130",11
2024-11-30,"19","Iowa","0-130",10
2024-11-30,"19","Iowa","0-64",10
2024-11-30,"19","Iowa","65-130",0
2024-11-30,"20","Kansas","0-130",13
2024-11-30,"20","Kansas","0-64",10
2024-11-30,"20","Kansas","65-130",3
2024-11-30,"21","Kentucky","0-130",60
2024-11-30,"21","Kentucky","0-64",52
2024-11-30,"21","Kentucky","65-130",8
2024-11-30,"22","Louisiana","0-130",121
2024-11-30,"22","Louisiana","0-64",95
2024-11-30,"22","Louisiana","65-130",26
2024-11-30,"23","Maine","0-130",2
2024-11-30,"23","Maine","0-64",2
2024-11-30,"23","Maine","65-130",0
2024-11-30,"24","Maryland","0-130",113
2024-11-30,"24","Maryland","0-64",90
2024-11-30,"24","Maryland","65-130",23
2024-11-30,"25","Massachusetts","0-130",134
2024-11-30,"25","Massachusetts","0-64",104
2024-11-30,"25","Massachusetts","65-130",30
2024-11-30,"26","Michigan","0-130",106
2024-11-30,"26","Michigan","0-64",82
2024-11-30,"26","Michigan","65-130",24
2024-11-30,"27","Minnesota","0-130",23
2024-11-30,"27","Minnesota","0-64",19
2024-11-30,"27","Minnesota","65-130",4
2024-11-30,"28","Mississippi","0-130",77
2024-11-30,"28","Mississippi","0-64",67
2024-11-30,"28","Mississippi","65-130",10
2024-11-30,"29","Missouri","0-130",59
2024-11-30,"29","Missouri","0-64",54
2024-11-30,"29","Missouri","65-130",5
2024-11-30,"30","Montana","0-130",1
2024-11-30,"30","Montana","0-64",1
2024-11-30,"30","Montana","65-130",0
2024-11-30,"31","Nebraska","0-130",7
2024-11-30,"31","Nebraska","0-64",6
2024-11-30,"31","Nebraska","65-130",1
2024-11-30,"32","Nevada","0-130",24
2024-11-30,"32","Nevada","0-64",24
2024-11-30,"32","Nevada","65-130",0
2024-11-30,"33","New Hampshire","0-130",6
2024-11-30,"33","New Hampshire","0-64",3
2024-11-30,"33","New Hampshire","65-130",3
2024-11-30,"34","New Jersey","0-130",283
2024-11-30,"34","New Jersey","0-64",215
2024-11-30,"34","New Jersey","65-130",68
2024-11-30,"35","New Mexico","0-130",6
2024-11-30,"35","New Mexico","0-64",5
2024-11-30,"35","New Mexico","65-130",1
2024-11-30,"36","New York","0-130",563
2024-11-30,"36","New York","0-64",455
2024-11-30,"36","New York","65-130",108
2024-11-30,"37","North Carolina","0-130",125
2024-11-30,"37","North Carolina","0-64",98
2024-11-30,"37","North Carolina","65-130",27
2024-11-30,"38","North Dakota","0-130",0
2024-11-30,"38","North Dakota","0-64",0
2024-11-30,"38","North Dakota","65-130",0
2024-11-30,"39","Ohio","0-130",197
2024-11-30,"39","Ohio","0-64",175
2024-11-30,"39","Ohio","65-130",22
2024-11-30,"40","Oklahoma","0-130",15
2024-11-30,"40","Oklahoma","0-64",14
2024-11-30,"40","Oklahoma","65-130",1
2024-11-30,"41","Oregon","0-130",12
2024-11-30,"41","Oregon","0-64",8
2024-11-30,"41","Oregon","65-130",4
2024-11-30,"42","Pennsylvania","0-130",198
2024-11-30,"42","Pennsylvania","0-64",133
2024-11-30,"42","Pennsylvania","65-130",65
2024-11-30,"72","Puerto Rico","0-130",149
2024-11-30,"72","Puerto Rico","0-64",96
2024-11-30,"72","Puerto Rico","65-130",11
2024-11-30,"44","Rhode Island","0-130",35
2024-11-30,"44","Rhode Island","0-64",28
2024-11-30,"44","Rhode Island","65-130",7
2024-11-30,"45","South Carolina","0-130",121
2024-11-30,"45","South Carolina","0-64",97
2024-11-30,"45","South Carolina","65-130",24
2024-11-30,"46","South Dakota","0-130",0
2024-11-30,"46","South Dakota","0-64",0
2024-11-30,"46","South Dakota","65-130",0
2024-11-30,"47","Tennessee","0-130",140
2024-11-30,"47","Tennessee","0-64",129
2024-11-30,"47","Tennessee","65-130",11
2024-11-30,"48","Texas","0-130",764
2024-11-30,"48","Texas","0-64",693
2024-11-30,"48","Texas","65-130",71
2024-11-30,"US","US","0-130",5449
2024-11-30,"US","US","0-64",4369
2024-11-30,"US","US","65-130",1028
2024-11-30,"49","Utah","0-130",11
2024-11-30,"49","Utah","0-64",9
2024-11-30,"49","Utah","65-130",2
2024-11-30,"50","Vermont","0-130",3
2024-11-30,"50","Vermont","0-64",3
2024-11-30,"50","Vermont","65-130",0
2024-11-30,"51","Virginia","0-130",99
2024-11-30,"51","Virginia","0-64",75
2024-11-30,"51","Virginia","65-130",23
2024-11-30,"53","Washington","0-130",44
2024-11-30,"53","Washington","0-64",33
2024-11-30,"53","Washington","65-130",11
2024-11-30,"54","West Virginia","0-130",27
2024-11-30,"54","West Virginia","0-64",16
2024-11-30,"54","West Virginia","65-130",6
2024-11-30,"55","Wisconsin","0-130",21
2024-11-30,"55","Wisconsin","0-64",18
2024-11-30,"55","Wisconsin","65-130",3
2024-11-30,"56","Wyoming","0-130",3
2024-11-30,"56","Wyoming","0-64",3
2024-11-30,"56","Wyoming","65-130",0
2024-12-07,"01","Alabama","0-130",166
2024-12-07,"01","Alabama","0-64",124
2024-12-07,"01","Alabama","65-130",42
2024-12-07,"02","Alaska","0-130",3
2024-12-07,"02","Alaska","0-64",3
2024-12-07,"02","Alaska","65-130",0
2024-12-07,"60","American Samoa","0-130",0
2024-12-07,"60","American Samoa","0-64",0
2024-12-07,"60","American Samoa","65-130",0
2024-12-07,"04","Arizona","0-130",61
2024-12-07,"04","Arizona","0-64",48
2024-12-07,"04","Arizona","65-130",13
2024-12-07,"05","Arkansas","0-130",32
2024-12-07,"05","Arkansas","0-64",18
2024-12-07,"05","Arkansas","65-130",14
2024-12-07,"06","California","0-130",411
2024-12-07,"06","California","0-64",314
2024-12-07,"06","California","65-130",96
2024-12-07,"08","Colorado","0-130",34
2024-12-07,"08","Colorado","0-64",31
2024-12-07,"08","Colorado","65-130",3
2024-12-07,"09","Connecticut","0-130",60
2024-12-07,"09","Connecticut","0-64",47
2024-12-07,"09","Connecticut","65-130",13
2024-12-07,"10","Delaware","0-130",70
2024-12-07,"10","Delaware","0-64",62
2024-12-07,"10","Delaware","65-130",8
2024-12-07,"11","District of Columbia","0-130",4
2024-12-07,"11","District of Columbia","0-64",2
2024-12-07,"11","District of Columbia","65-130",2
2024-12-07,"12","Florida","0-130",514
2024-12-07,"12","Florida","0-64",341
2024-12-07,"12","Florida","65-130",173
2024-12-07,"13","Georgia","0-130",411
2024-12-07,"13","Georgia","0-64",309
2024-12-07,"13","Georgia","65-130",102
2024-12-07,"66","Guam","0-130",1
2024-12-07,"66","Guam","0-64",1
2024-12-07,"66","Guam","65-130",0
2024-12-07,"15","Hawaii","0-130",19
2024-12-07,"15","Hawaii","0-64",17
2024-12-07,"15","Hawaii","65-130",2
2024-12-07,"16","Idaho","0-130",5
2024-12-07,"16","Idaho","0-64",4
2024-12-07,"16","Idaho","65-130",1
2024-12-07,"17","Illinois","0-130",256
2024-12-07,"17","Illinois","0-64",203
2024-12-07,"17","Illinois","65-130",52
2024-12-07,"18","Indiana","0-130",73
2024-12-07,"18","Indiana","0-64",57
2024-12-07,"18","Indiana","65-130",16
2024-12-07,"19","Iowa","0-130",13
2024-12-07,"19","Iowa","0-64",11
2024-12-07,"19","Iowa","65-130",2
2024-12-07,"20","Kansas","0-130",15
2024-12-07,"20","Kansas","0-64",8
2024-12-07,"20","Kansas","65-130",7
2024-12-07,"21","Kentucky","0-130",96
2024-12-07,"21","Kentucky","0-64",72
2024-12-07,"21","Kentucky","65-130",23
2024-12-07,"22","Louisiana","0-130",149
2024-12-07,"22","Louisiana","0-64",122
2024-12-07,"22","Louisiana","65-130",27
2024-12-07,"23","Maine","0-130",2
2024-12-07,"23","Maine","0-64",2
2024-12-07,"23","Maine","65-130",0
2024-12-07,"24","Maryland","0-130",125
2024-12-07,"24","Maryland","0-64",98
2024-12-07,"24","Maryland","65-130",27
2024-12-07,"25","Massachusetts","0-130",163
2024-12-07,"25","Massachusetts","0-64",122
2024-12-07,"25","Massachusetts","65-130",41
2024-12-07,"26","Michigan","0-130",122
2024-12-07,"26","Michigan","0-64",100
2024-12-07,"26","Michigan","65-130",22
2024-12-07,"27","Minnesota","0-130",48
2024-12-07,"27","Minnesota","0-64",34
2024-12-07,"27","Minnesota","65-130",14
2024-12-07,"28","Mississippi","0-130",108
2024-12-07,"28","Mississippi","0-64",94
2024-12-07,"28","Mississippi","65-130",14
2024-12-07,"29","Missouri","0-130",86
2024-12-07,"29","Missouri","0-64",73
2024-12-07,"29","Missouri","65-130",13
2024-12-07,"30","Montana","0-130",0
2024-12-07,"30","Montana","0-64",0
2024-12-07,"30","Montana","65-130",0
2024-12-07,"31","Nebraska","0-130",7
2024-12-07,"31","Nebraska","0-64",5
2024-12-07,"31","Nebraska","65-130",2
2024-12-07,"32","Nevada","0-130",29
2024-12-07,"32","Nevada","0-64",21
2024-12-07,"32","Nevada","65-130",8
2024-12-07,"33","New Hampshire","0-130",19
2024-12-07,"33","New Hampshire","0-64",11
2024-12-07,"33","New Hampshire","65-130",8
2024-12-07,"34","New Jersey","0-130",290
2024-12-07,"34","New Jersey","0-64",233
2024-12-07,"34","New Jersey","65-130",57
2024-12-07,"35","New Mexico","0-130",9
2024-12-07,"35","New Mexico","0-64",8
2024-12-07,"35","New Mexico","65-130",1
2024-12-07,"36","New York","0-130",722
2024-12-07,"36","New York","0-64",569
2024-12-07,"36","New York","65-130",152
2024-12-07,"37","North Carolina","0-130",167
2024-12-07,"37","North Carolina","0-64",133
2024-12-07,"37","North Carolina","65-130",33
2024-12-07,"38","North Dakota","0-130",1
2024-12-07,"38","North Dakota","0-64",1
2024-12-07,"38","North Dakota","65-130",0
2024-12-07,"39","Ohio","0-130",285
2024-12-07,"39","Ohio","0-64",235
2024-12-07,"39","Ohio","65-130",50
2024-12-07,"40","Oklahoma","0-130",25
2024-12-07,"40","Oklahoma","0-64",19
2024-12-07,"40","Oklahoma","65-130",6
2024-12-07,"41","Oregon","0-130",14
2024-12-07,"41","Oregon","0-64",9
2024-12-07,"41","Oregon","65-130",5
2024-12-07,"42","Pennsylvania","0-130",291
2024-12-07,"42","Pennsylvania","0-64",189
2024-12-07,"42","Pennsylvania","65-130",101
2024-12-07,"72","Puerto Rico","0-130",296
2024-12-07,"72","Puerto Rico","0-64",236
2024-12-07,"72","Puerto Rico","65-130",12
2024-12-07,"44","Rhode Island","0-130",48
2024-12-07,"44","Rhode Island","0-64",43
2024-12-07,"44","Rhode Island","65-130",5
2024-12-07,"45","South Carolina","0-130",152
2024-12-07,"45","South Carolina","0-64",101
2024-12-07,"45","South Carolina","65-130",51
2024-12-07,"46","South Dakota","0-130",0
2024-12-07,"46","South Dakota","0-64",0
2024-12-07,"46","South Dakota","65-130",0
2024-12-07,"47","Tennessee","0-130",155
2024-12-07,"47","Tennessee","0-64",130
2024-12-07,"47","Tennessee","65-130",25
2024-12-07,"48","Texas","0-130",876
2024-12-07,"48","Texas","0-64",773
2024-12-07,"48","Texas","65-130",102
2024-12-07,"US","US","0-130",6650
2024-12-07,"US","US","0-64",5184
2024-12-07,"US","US","65-130",1411
2024-12-07,"49","Utah","0-130",15
2024-12-07,"49","Utah","0-64",8
2024-12-07,"49","Utah","65-130",7
2024-12-07,"50","Vermont","0-130",5
2024-12-07,"50","Vermont","0-64",4
2024-12-07,"50","Vermont","65-130",1
2024-12-07,"51","Virginia","0-130",77
2024-12-07,"51","Virginia","0-64",52
2024-12-07,"51","Virginia","65-130",25
2024-12-07,"53","Washington","0-130",71
2024-12-07,"53","Washington","0-64",53
2024-12-07,"53","Washington","65-130",18
2024-12-07,"54","West Virginia","0-130",17
2024-12-07,"54","West Virginia","0-64",14
2024-12-07,"54","West Virginia","65-130",3
2024-12-07,"55","Wisconsin","0-130",27
2024-12-07,"55","Wisconsin","0-64",17
2024-12-07,"55","Wisconsin","65-130",10
2024-12-07,"56","Wyoming","0-130",5
2024-12-07,"56","Wyoming","0-64",3
2024-12-07,"56","Wyoming","65-130",2
2024-12-14,"01","Alabama","0-130",155
2024-12-14,"01","Alabama","0-64",95
2024-12-14,"01","Alabama","65-130",60
2024-12-14,"02","Alaska","0-130",18
2024-12-14,"02","Alaska","0-64",15
2024-12-14,"02","Alaska","65-130",3
2024-12-14,"60","American Samoa","0-130",0
2024-12-14,"60","American Samoa","0-64",0
2024-12-14,"60","American Samoa","65-130",0
2024-12-14,"04","Arizona","0-130",54
2024-12-14,"04","Arizona","0-64",30
2024-12-14,"04","Arizona","65-130",24
2024-12-14,"05","Arkansas","0-130",54
2024-12-14,"05","Arkansas","0-64",36
2024-12-14,"05","Arkansas","65-130",18
2024-12-14,"06","California","0-130",444
2024-12-14,"06","California","0-64",341
2024-12-14,"06","California","65-130",103
2024-12-14,"08","Colorado","0-130",68
2024-12-14,"08","Colorado","0-64",56
2024-12-14,"08","Colorado","65-130",12
2024-12-14,"09","Connecticut","0-130",100
2024-12-14,"09","Connecticut","0-64",69
2024-12-14,"09","Connecticut","65-130",31
2024-12-14,"10","Delaware","0-130",79
2024-12-14,"10","Delaware","0-64",68
2024-12-14,"10","Delaware","65-130",11
2024-12-14,"11","District of Columbia","0-130",14
2024-12-14,"11","District of Columbia","0-64",10
2024-12-14,"11","District of Columbia","65-130",4
2024-12-14,"12","Florida","0-130",608
2024-12-14,"12","Florida","0-64",356
2024-12-14,"12","Florida","65-130",252
2024-12-14,"13","Georgia","0-130",408
2024-12-14,"13","Georgia","0-64",263
2024-12-14,"13","Georgia","65-130",145
2024-12-14,"66","Guam","0-130",0
2024-12-14,"66","Guam","0-64",0
2024-12-14,"66","Guam","65-130",0
2024-12-14,"15","Hawaii","0-130",30
2024-12-14,"15","Hawaii","0-64",21
2024-12-14,"15","Hawaii","65-130",9
2024-12-14,"16","Idaho","0-130",10
2024-12-14,"16","Idaho","0-64",7
2024-12-14,"16","Idaho","65-130",3
2024-12-14,"17","Illinois","0-130",365
2024-12-14,"17","Illinois","0-64",270
2024-12-14,"17","Illinois","65-130",95
2024-12-14,"18","Indiana","0-130",140
2024-12-14,"18","Indiana","0-64",95
2024-12-14,"18","Indiana","65-130",45
2024-12-14,"19","Iowa","0-130",24
2024-12-14,"19","Iowa","0-64",20
2024-12-14,"19","Iowa","65-130",4
2024-12-14,"20","Kansas","0-130",20
2024-12-14,"20","Kansas","0-64",15
2024-12-14,"20","Kansas","65-130",5
2024-12-14,"21","Kentucky","0-130",132
2024-12-14,"21","Kentucky","0-64",99
2024-12-14,"21","Kentucky","65-130",33
2024-12-14,"22","Louisiana","0-130",165
2024-12-14,"22","Louisiana","0-64",122
2024-12-14,"22","Louisiana","65-130",43
2024-12-14,"23","Maine","0-130",3
2024-12-14,"23","Maine","0-64",3
2024-12-14,"23","Maine","65-130",0
2024-12-14,"24","Maryland","0-130",179
2024-12-14,"24","Maryland","0-64",126
2024-12-14,"24","Maryland","65-130",53
2024-12-14,"25","Massachusetts","0-130",221
2024-12-14,"25","Massachusetts","0-64",135
2024-12-14,"25","Massachusetts","65-130",83
2024-12-14,"26","Michigan","0-130",185
2024-12-14,"26","Michigan","0-64",147
2024-12-14,"26","Michigan","65-130",38
2024-12-14,"27","Minnesota","0-130",60
2024-12-14,"27","Minnesota","0-64",42
2024-12-14,"27","Minnesota","65-130",18
2024-12-14,"28","Mississippi","0-130",98
2024-12-14,"28","Mississippi","0-64",75
2024-12-14,"28","Mississippi","65-130",22
2024-12-14,"29","Missouri","0-130",63
2024-12-14,"29","Missouri","0-64",54
2024-12-14,"29","Missouri","65-130",9
2024-12-14,"30","Montana","0-130",2
2024-12-14,"30","Montana","0-64",2
2024-12-14,"30","Montana","65-130",0
2024-12-14,"31","Nebraska","0-130",9
2024-12-14,"31","Nebraska","0-64",9
2024-12-14,"31","Nebraska","65-130",0
2024-12-14,"32","Nevada","0-130",45
2024-12-14,"32","Nevada","0-64",36
2024-12-14,"32","Nevada","65-130",9
2024-12-14,"33","New Hampshire","0-130",28
2024-12-14,"33","New Hampshire","0-64",25
2024-12-14,"33","New Hampshire","65-130",3
2024-12-14,"34","New Jersey","0-130",406
2024-12-14,"34","New Jersey","0-64",298
2024-12-14,"34","New Jersey","65-130",108
2024-12-14,"35","New Mexico","0-130",12
2024-12-14,"35","New Mexico","0-64",9
2024-12-14,"35","New Mexico","65-130",3
2024-12-14,"36","New York","0-130",874
2024-12-14,"36","New York","0-64",640
2024-12-14,"36","New York","65-130",234
2024-12-14,"37","North Carolina","0-130",284
2024-12-14,"37","North Carolina","0-64",192
2024-12-14,"37","North Carolina","65-130",92
2024-12-14,"38","North Dakota","0-130",0
2024-12-14,"38","North Dakota","0-64",0
2024-12-14,"38","North Dakota","65-130",0
2024-12-14,"39","Ohio","0-130",370
2024-12-14,"39","Ohio","0-64",293
2024-12-14,"39","Ohio","65-130",77
2024-12-14,"40","Oklahoma","0-130",40
2024-12-14,"40","Oklahoma","0-64",29
2024-12-14,"40","Oklahoma","65-130",11
2024-12-14,"41","Oregon","0-130",32
2024-12-14,"41","Oregon","0-64",28
2024-12-14,"41","Oregon","65-130",4
2024-12-14,"42","Pennsylvania","0-130",396
2024-12-14,"42","Pennsylvania","0-64",249
2024-12-14,"42","Pennsylvania","65-130",145
2024-12-14,"72","Puerto Rico","0-130",206
2024-12-14,"72","Puerto Rico","0-64",189
2024-12-14,"72","Puerto Rico","65-130",4
2024-12-14,"44","Rhode Island","0-130",47
2024-12-14,"44","Rhode Island","0-64",34
2024-12-14,"44","Rhode Island","65-130",13
2024-12-14,"45","South Carolina","0-130",179
2024-12-14,"45","South Carolina","0-64",117
2024-12-14,"45","South Carolina","65-130",62
2024-12-14,"46","South Dakota","0-130",3
2024-12-14,"46","South Dakota","0-64",3
2024-12-14,"46","South Dakota","65-130",0
2024-12-14,"47","Tennessee","0-130",203
2024-12-14,"47","Tennessee","0-64",155
2024-12-14,"47","Tennessee","65-130",48
2024-12-14,"48","Texas","0-130",905
2024-12-14,"48","Texas","0-64",747
2024-12-14,"48","Texas","65-130",158
2024-12-14,"US","US","0-130",8089
2024-12-14,"US","US","0-64",5842
2024-12-14,"US","US","65-130",2223
2024-12-14,"49","Utah","0-130",21
2024-12-14,"49","Utah","0-64",16
2024-12-14,"49","Utah","65-130",5
2024-12-14,"50","Vermont","0-130",8
2024-12-14,"50","Vermont","0-64",7
2024-12-14,"50","Vermont","65-130",1
2024-12-14,"51","Virginia","0-130",94
2024-12-14,"51","Virginia","0-64",54
2024-12-14,"51","Virginia","65-130",40
2024-12-14,"53","Washington","0-130",125
2024-12-14,"53","Washington","0-64",74
2024-12-14,"53","Washington","65-130",46
2024-12-14,"54","West Virginia","0-130",39
2024-12-14,"54","West Virginia","0-64",28
2024-12-14,"54","West Virginia","65-130",11
2024-12-14,"55","Wisconsin","0-130",60
2024-12-14,"55","Wisconsin","0-64",35
2024-12-14,"55","Wisconsin","65-130",25
2024-12-14,"56","Wyoming","0-130",4
2024-12-14,"56","Wyoming","0-64",3
2024-12-14,"56","Wyoming","65-130",1
2024-12-21,"01","Alabama","0-130",173
2024-12-21,"01","Alabama","0-64",116
2024-12-21,"01","Alabama","65-130",54
2024-12-21,"02","Alaska","0-130",20
2024-12-21,"02","Alaska","0-64",15
2024-12-21,"02","Alaska","65-130",5
2024-12-21,"60","American Samoa","0-130",2
2024-12-21,"60","American Samoa","0-64",2
2024-12-21,"60","American Samoa","65-130",0
2024-12-21,"04","Arizona","0-130",139
2024-12-21,"04","Arizona","0-64",112
2024-12-21,"04","Arizona","65-130",27
2024-12-21,"05","Arkansas","0-130",73
2024-12-21,"05","Arkansas","0-64",47
2024-12-21,"05","Arkansas","65-130",24
2024-12-21,"06","California","0-130",588
2024-12-21,"06","California","0-64",418
2024-12-21,"06","California","65-130",168
2024-12-21,"08","Colorado","0-130",111
2024-12-21,"08","Colorado","0-64",95
2024-12-21,"08","Colorado","65-130",16
2024-12-21,"09","Connecticut","0-130",104
2024-12-21,"09","Connecticut","0-64",76
2024-12-21,"09","Connecticut","65-130",28
2024-12-21,"10","Delaware","0-130",112
2024-12-21,"10","Delaware","0-64",84
2024-12-21,"10","Delaware","65-130",28
2024-12-21,"11","District of Columbia","0-130",NA
2024-12-21,"11","District of Columbia","0-64",NA
2024-12-21,"11","District of Columbia","65-130",NA
2024-12-21,"12","Florida","0-130",605
2024-12-21,"12","Florida","0-64",367
2024-12-21,"12","Florida","65-130",238
2024-12-21,"13","Georgia","0-130",430
2024-12-21,"13","Georgia","0-64",280
2024-12-21,"13","Georgia","65-130",150
2024-12-21,"66","Guam","0-130",0
2024-12-21,"66","Guam","0-64",0
2024-12-21,"66","Guam","65-130",0
2024-12-21,"15","Hawaii","0-130",21
2024-12-21,"15","Hawaii","0-64",14
2024-12-21,"15","Hawaii","65-130",7
2024-12-21,"16","Idaho","0-130",28
2024-12-21,"16","Idaho","0-64",22
2024-12-21,"16","Idaho","65-130",6
2024-12-21,"17","Illinois","0-130",486
2024-12-21,"17","Illinois","0-64",367
2024-12-21,"17","Illinois","65-130",118
2024-12-21,"18","Indiana","0-130",204
2024-12-21,"18","Indiana","0-64",126
2024-12-21,"18","Indiana","65-130",56
2024-12-21,"19","Iowa","0-130",41
2024-12-21,"19","Iowa","0-64",37
2024-12-21,"19","Iowa","65-130",4
2024-12-21,"20","Kansas","0-130",46
2024-12-21,"20","Kansas","0-64",33
2024-12-21,"20","Kansas","65-130",13
2024-12-21,"21","Kentucky","0-130",181
2024-12-21,"21","Kentucky","0-64",134
2024-12-21,"21","Kentucky","65-130",47
2024-12-21,"22","Louisiana","0-130",174
2024-12-21,"22","Louisiana","0-64",125
2024-12-21,"22","Louisiana","65-130",49
2024-12-21,"23","Maine","0-130",7
2024-12-21,"23","Maine","0-64",5
2024-12-21,"23","Maine","65-130",2
2024-12-21,"24","Maryland","0-130",199
2024-12-21,"24","Maryland","0-64",151
2024-12-21,"24","Maryland","65-130",48
2024-12-21,"25","Massachusetts","0-130",229
2024-12-21,"25","Massachusetts","0-64",125
2024-12-21,"25","Massachusetts","65-130",102
2024-12-21,"26","Michigan","0-130",190
2024-12-21,"26","Michigan","0-64",138
2024-12-21,"26","Michigan","65-130",52
2024-12-21,"27","Minnesota","0-130",110
2024-12-21,"27","Minnesota","0-64",70
2024-12-21,"27","Minnesota","65-130",40
2024-12-21,"28","Mississippi","0-130",83
2024-12-21,"28","Mississippi","0-64",68
2024-12-21,"28","Mississippi","65-130",15
2024-12-21,"29","Missouri","0-130",94
2024-12-21,"29","Missouri","0-64",70
2024-12-21,"29","Missouri","65-130",24
2024-12-21,"30","Montana","0-130",3
2024-12-21,"30","Montana","0-64",3
2024-12-21,"30","Montana","65-130",0
2024-12-21,"31","Nebraska","0-130",39
2024-12-21,"31","Nebraska","0-64",31
2024-12-21,"31","Nebraska","65-130",8
2024-12-21,"32","Nevada","0-130",62
2024-12-21,"32","Nevada","0-64",52
2024-12-21,"32","Nevada","65-130",10
2024-12-21,"33","New Hampshire","0-130",39
2024-12-21,"33","New Hampshire","0-64",24
2024-12-21,"33","New Hampshire","65-130",15
2024-12-21,"34","New Jersey","0-130",454
2024-12-21,"34","New Jersey","0-64",302
2024-12-21,"34","New Jersey","65-130",152
2024-12-21,"35","New Mexico","0-130",18
2024-12-21,"35","New Mexico","0-64",15
2024-12-21,"35","New Mexico","65-130",3
2024-12-21,"36","New York","0-130",987
2024-12-21,"36","New York","0-64",691
2024-12-21,"36","New York","65-130",295
2024-12-21,"37","North Carolina","0-130",388
2024-12-21,"37","North Carolina","0-64",257
2024-12-21,"37","North Carolina","65-130",131
2024-12-21,"38","North Dakota","0-130",4
2024-12-21,"38","North Dakota","0-64",3
2024-12-21,"38","North Dakota","65-130",1
2024-12-21,"39","Ohio","0-130",554
2024-12-21,"39","Ohio","0-64",460
2024-12-21,"39","Ohio","65-130",94
2024-12-21,"40","Oklahoma","0-130",58
2024-12-21,"40","Oklahoma","0-64",47
2024-12-21,"40","Oklahoma","65-130",11
2024-12-21,"41","Oregon","0-130",34
2024-12-21,"41","Oregon","0-64",22
2024-12-21,"41","Oregon","65-130",12
2024-12-21,"42","Pennsylvania","0-130",548
2024-12-21,"42","Pennsylvania","0-64",374
2024-12-21,"42","Pennsylvania","65-130",169
2024-12-21,"72","Puerto Rico","0-130",182
2024-12-21,"72","Puerto Rico","0-64",168
2024-12-21,"72","Puerto Rico","65-130",0
2024-12-21,"44","Rhode Island","0-130",56
2024-12-21,"44","Rhode Island","0-64",41
2024-12-21,"44","Rhode Island","65-130",15
2024-12-21,"45","South Carolina","0-130",217
2024-12-21,"45","South Carolina","0-64",144
2024-12-21,"45","South Carolina","65-130",73
2024-12-21,"46","South Dakota","0-130",1
2024-12-21,"46","South Dakota","0-64",1
2024-12-21,"46","South Dakota","65-130",0
2024-12-21,"47","Tennessee","0-130",238
2024-12-21,"47","Tennessee","0-64",190
2024-12-21,"47","Tennessee","65-130",48
2024-12-21,"48","Texas","0-130",975
2024-12-21,"48","Texas","0-64",813
2024-12-21,"48","Texas","65-130",162
2024-12-21,"US","US","0-130",9839
2024-12-21,"US","US","0-64",7125
2024-12-21,"US","US","65-130",2661
2024-12-21,"49","Utah","0-130",33
2024-12-21,"49","Utah","0-64",30
2024-12-21,"49","Utah","65-130",3
2024-12-21,"50","Vermont","0-130",4
2024-12-21,"50","Vermont","0-64",2
2024-12-21,"50","Vermont","65-130",2
2024-12-21,"51","Virginia","0-130",199
2024-12-21,"51","Virginia","0-64",152
2024-12-21,"51","Virginia","65-130",47
2024-12-21,"53","Washington","0-130",145
2024-12-21,"53","Washington","0-64",90
2024-12-21,"53","Washington","65-130",55
2024-12-21,"54","West Virginia","0-130",53
2024-12-21,"54","West Virginia","0-64",44
2024-12-21,"54","West Virginia","65-130",9
2024-12-21,"55","Wisconsin","0-130",78
2024-12-21,"55","Wisconsin","0-64",56
2024-12-21,"55","Wisconsin","65-130",22
2024-12-21,"56","Wyoming","0-130",NA
2024-12-21,"56","Wyoming","0-64",NA
2024-12-21,"56","Wyoming","65-130",NA
2024-12-28,"01","Alabama","0-130",173
2024-12-28,"01","Alabama","0-64",111
2024-12-28,"01","Alabama","65-130",62
2024-12-28,"02","Alaska","0-130",28
2024-12-28,"02","Alaska","0-64",20
2024-12-28,"02","Alaska","65-130",8
2024-12-28,"60","American Samoa","0-130",0
2024-12-28,"60","American Samoa","0-64",0
2024-12-28,"60","American Samoa","65-130",0
2024-12-28,"04","Arizona","0-130",154
2024-12-28,"04","Arizona","0-64",133
2024-12-28,"04","Arizona","65-130",20
2024-12-28,"05","Arkansas","0-130",82
2024-12-28,"05","Arkansas","0-64",45
2024-12-28,"05","Arkansas","65-130",35
2024-12-28,"06","California","0-130",678
2024-12-28,"06","California","0-64",471
2024-12-28,"06","California","65-130",207
2024-12-28,"08","Colorado","0-130",137
2024-12-28,"08","Colorado","0-64",120
2024-12-28,"08","Colorado","65-130",17
2024-12-28,"09","Connecticut","0-130",155
2024-12-28,"09","Connecticut","0-64",100
2024-12-28,"09","Connecticut","65-130",55
2024-12-28,"10","Delaware","0-130",104
2024-12-28,"10","Delaware","0-64",79
2024-12-28,"10","Delaware","65-130",25
2024-12-28,"11","District of Columbia","0-130",9
2024-12-28,"11","District of Columbia","0-64",5
2024-12-28,"11","District of Columbia","65-130",4
2024-12-28,"12","Florida","0-130",596
2024-12-28,"12","Florida","0-64",326
2024-12-28,"12","Florida","65-130",270
2024-12-28,"13","Georgia","0-130",426
2024-12-28,"13","Georgia","0-64",290
2024-12-28,"13","Georgia","65-130",136
2024-12-28,"66","Guam","0-130",0
2024-12-28,"66","Guam","0-64",0
2024-12-28,"66","Guam","65-130",0
2024-12-28,"15","Hawaii","0-130",16
2024-12-28,"15","Hawaii","0-64",9
2024-12-28,"15","Hawaii","65-130",7
2024-12-28,"16","Idaho","0-130",30
2024-12-28,"16","Idaho","0-64",29
2024-12-28,"16","Idaho","65-130",1
2024-12-28,"17","Illinois","0-130",575
2024-12-28,"17","Illinois","0-64",415
2024-12-28,"17","Illinois","65-130",160
2024-12-28,"18","Indiana","0-130",230
2024-12-28,"18","Indiana","0-64",176
2024-12-28,"18","Indiana","65-130",54
2024-12-28,"19","Iowa","0-130",49
2024-12-28,"19","Iowa","0-64",37
2024-12-28,"19","Iowa","65-130",12
2024-12-28,"20","Kansas","0-130",57
2024-12-28,"20","Kansas","0-64",45
2024-12-28,"20","Kansas","65-130",12
2024-12-28,"21","Kentucky","0-130",208
2024-12-28,"21","Kentucky","0-64",139
2024-12-28,"21","Kentucky","65-130",69
2024-12-28,"22","Louisiana","0-130",216
2024-12-28,"22","Louisiana","0-64",139
2024-12-28,"22","Louisiana","65-130",68
2024-12-28,"23","Maine","0-130",5
2024-12-28,"23","Maine","0-64",4
2024-12-28,"23","Maine","65-130",1
2024-12-28,"24","Maryland","0-130",183
2024-12-28,"24","Maryland","0-64",121
2024-12-28,"24","Maryland","65-130",62
2024-12-28,"25","Massachusetts","0-130",242
2024-12-28,"25","Massachusetts","0-64",132
2024-12-28,"25","Massachusetts","65-130",109
2024-12-28,"26","Michigan","0-130",395
2024-12-28,"26","Michigan","0-64",270
2024-12-28,"26","Michigan","65-130",86
2024-12-28,"27","Minnesota","0-130",133
2024-12-28,"27","Minnesota","0-64",110
2024-12-28,"27","Minnesota","65-130",23
2024-12-28,"28","Mississippi","0-130",76
2024-12-28,"28","Mississippi","0-64",57
2024-12-28,"28","Mississippi","65-130",19
2024-12-28,"29","Missouri","0-130",174
2024-12-28,"29","Missouri","0-64",131
2024-12-28,"29","Missouri","65-130",43
2024-12-28,"30","Montana","0-130",6
2024-12-28,"30","Montana","0-64",5
2024-12-28,"30","Montana","65-130",1
2024-12-28,"31","Nebraska","0-130",34
2024-12-28,"31","Nebraska","0-64",29
2024-12-28,"31","Nebraska","65-130",5
2024-12-28,"32","Nevada","0-130",62
2024-12-28,"32","Nevada","0-64",51
2024-12-28,"32","Nevada","65-130",11
2024-12-28,"33","New Hampshire","0-130",49
2024-12-28,"33","New Hampshire","0-64",25
2024-12-28,"33","New Hampshire","65-130",24
2024-12-28,"34","New Jersey","0-130",501
2024-12-28,"34","New Jersey","0-64",307
2024-12-28,"34","New Jersey","65-130",194
2024-12-28,"35","New Mexico","0-130",34
2024-12-28,"35","New Mexico","0-64",30
2024-12-28,"35","New Mexico","65-130",4
2024-12-28,"36","New York","0-130",1041
2024-12-28,"36","New York","0-64",685
2024-12-28,"36","New York","65-130",349
2024-12-28,"37","North Carolina","0-130",525
2024-12-28,"37","North Carolina","0-64",372
2024-12-28,"37","North Carolina","65-130",153
2024-12-28,"38","North Dakota","0-130",2
2024-12-28,"38","North Dakota","0-64",2
2024-12-28,"38","North Dakota","65-130",0
2024-12-28,"39","Ohio","0-130",562
2024-12-28,"39","Ohio","0-64",425
2024-12-28,"39","Ohio","65-130",137
2024-12-28,"40","Oklahoma","0-130",113
2024-12-28,"40","Oklahoma","0-64",91
2024-12-28,"40","Oklahoma","65-130",22
2024-12-28,"41","Oregon","0-130",90
2024-12-28,"41","Oregon","0-64",64
2024-12-28,"41","Oregon","65-130",26
2024-12-28,"42","Pennsylvania","0-130",888
2024-12-28,"42","Pennsylvania","0-64",588
2024-12-28,"42","Pennsylvania","65-130",296
2024-12-28,"72","Puerto Rico","0-130",235
2024-12-28,"72","Puerto Rico","0-64",185
2024-12-28,"72","Puerto Rico","65-130",7
2024-12-28,"44","Rhode Island","0-130",73
2024-12-28,"44","Rhode Island","0-64",59
2024-12-28,"44","Rhode Island","65-130",14
2024-12-28,"45","South Carolina","0-130",257
2024-12-28,"45","South Carolina","0-64",150
2024-12-28,"45","South Carolina","65-130",107
2024-12-28,"46","South Dakota","0-130",5
2024-12-28,"46","South Dakota","0-64",2
2024-12-28,"46","South Dakota","65-130",3
2024-12-28,"47","Tennessee","0-130",292
2024-12-28,"47","Tennessee","0-64",215
2024-12-28,"47","Tennessee","65-130",77
2024-12-28,"48","Texas","0-130",1137
2024-12-28,"48","Texas","0-64",844
2024-12-28,"48","Texas","65-130",223
2024-12-28,"US","US","0-130",11668
2024-12-28,"US","US","0-64",8075
2024-12-28,"US","US","65-130",3404
2024-12-28,"49","Utah","0-130",57
2024-12-28,"49","Utah","0-64",53
2024-12-28,"49","Utah","65-130",4
2024-12-28,"50","Vermont","0-130",15
2024-12-28,"50","Vermont","0-64",9
2024-12-28,"50","Vermont","65-130",6
2024-12-28,"78","Virgin Islands","0-130",0
2024-12-28,"78","Virgin Islands","0-64",0
2024-12-28,"78","Virgin Islands","65-130",0
2024-12-28,"51","Virginia","0-130",176
2024-12-28,"51","Virginia","0-64",115
2024-12-28,"51","Virginia","65-130",61
2024-12-28,"53","Washington","0-130",161
2024-12-28,"53","Washington","0-64",91
2024-12-28,"53","Washington","65-130",58
2024-12-28,"54","West Virginia","0-130",96
2024-12-28,"54","West Virginia","0-64",75
2024-12-28,"54","West Virginia","65-130",20
2024-12-28,"55","Wisconsin","0-130",112
2024-12-28,"55","Wisconsin","0-64",76
2024-12-28,"55","Wisconsin","65-130",36
2024-12-28,"56","Wyoming","0-130",14
2024-12-28,"56","Wyoming","0-64",13
2024-12-28,"56","Wyoming","65-130",1
2025-01-04,"01","Alabama","0-130",172
2025-01-04,"01","Alabama","0-64",97
2025-01-04,"01","Alabama","65-130",75
2025-01-04,"02","Alaska","0-130",37
2025-01-04,"02","Alaska","0-64",29
2025-01-04,"02","Alaska","65-130",8
2025-01-04,"60","American Samoa","0-130",3
2025-01-04,"60","American Samoa","0-64",3
2025-01-04,"60","American Samoa","65-130",0
2025-01-04,"04","Arizona","0-130",205
2025-01-04,"04","Arizona","0-64",148
2025-01-04,"04","Arizona","65-130",56
2025-01-04,"05","Arkansas","0-130",108
2025-01-04,"05","Arkansas","0-64",51
2025-01-04,"05","Arkansas","65-130",57
2025-01-04,"06","California","0-130",891
2025-01-04,"06","California","0-64",542
2025-01-04,"06","California","65-130",348
2025-01-04,"08","Colorado","0-130",168
2025-01-04,"08","Colorado","0-64",122
2025-01-04,"08","Colorado","65-130",46
2025-01-04,"09","Connecticut","0-130",202
2025-01-04,"09","Connecticut","0-64",110
2025-01-04,"09","Connecticut","65-130",92
2025-01-04,"10","Delaware","0-130",155
2025-01-04,"10","Delaware","0-64",110
2025-01-04,"10","Delaware","65-130",45
2025-01-04,"11","District of Columbia","0-130",3
2025-01-04,"11","District of Columbia","0-64",1
2025-01-04,"11","District of Columbia","65-130",2
2025-01-04,"12","Florida","0-130",783
2025-01-04,"12","Florida","0-64",385
2025-01-04,"12","Florida","65-130",398
2025-01-04,"13","Georgia","0-130",505
2025-01-04,"13","Georgia","0-64",292
2025-01-04,"13","Georgia","65-130",213
2025-01-04,"66","Guam","0-130",0
2025-01-04,"66","Guam","0-64",0
2025-01-04,"66","Guam","65-130",0
2025-01-04,"15","Hawaii","0-130",50
2025-01-04,"15","Hawaii","0-64",33
2025-01-04,"15","Hawaii","65-130",17
2025-01-04,"16","Idaho","0-130",43
2025-01-04,"16","Idaho","0-64",30
2025-01-04,"16","Idaho","65-130",13
2025-01-04,"17","Illinois","0-130",734
2025-01-04,"17","Illinois","0-64",462
2025-01-04,"17","Illinois","65-130",272
2025-01-04,"18","Indiana","0-130",339
2025-01-04,"18","Indiana","0-64",211
2025-01-04,"18","Indiana","65-130",128
2025-01-04,"19","Iowa","0-130",61
2025-01-04,"19","Iowa","0-64",49
2025-01-04,"19","Iowa","65-130",12
2025-01-04,"20","Kansas","0-130",104
2025-01-04,"20","Kansas","0-64",82
2025-01-04,"20","Kansas","65-130",22
2025-01-04,"21","Kentucky","0-130",333
2025-01-04,"21","Kentucky","0-64",205
2025-01-04,"21","Kentucky","65-130",128
2025-01-04,"22","Louisiana","0-130",298
2025-01-04,"22","Louisiana","0-64",174
2025-01-04,"22","Louisiana","65-130",124
2025-01-04,"23","Maine","0-130",15
2025-01-04,"23","Maine","0-64",13
2025-01-04,"23","Maine","65-130",2
2025-01-04,"24","Maryland","0-130",262
2025-01-04,"24","Maryland","0-64",142
2025-01-04,"24","Maryland","65-130",120
2025-01-04,"25","Massachusetts","0-130",317
2025-01-04,"25","Massachusetts","0-64",139
2025-01-04,"25","Massachusetts","65-130",176
2025-01-04,"26","Michigan","0-130",432
2025-01-04,"26","Michigan","0-64",293
2025-01-04,"26","Michigan","65-130",139
2025-01-04,"27","Minnesota","0-130",206
2025-01-04,"27","Minnesota","0-64",142
2025-01-04,"27","Minnesota","65-130",64
2025-01-04,"28","Mississippi","0-130",95
2025-01-04,"28","Mississippi","0-64",71
2025-01-04,"28","Mississippi","65-130",24
2025-01-04,"29","Missouri","0-130",262
2025-01-04,"29","Missouri","0-64",167
2025-01-04,"29","Missouri","65-130",95
2025-01-04,"30","Montana","0-130",16
2025-01-04,"30","Montana","0-64",13
2025-01-04,"30","Montana","65-130",3
2025-01-04,"31","Nebraska","0-130",47
2025-01-04,"31","Nebraska","0-64",35
2025-01-04,"31","Nebraska","65-130",12
2025-01-04,"32","Nevada","0-130",112
2025-01-04,"32","Nevada","0-64",91
2025-01-04,"32","Nevada","65-130",21
2025-01-04,"33","New Hampshire","0-130",63
2025-01-04,"33","New Hampshire","0-64",43
2025-01-04,"33","New Hampshire","65-130",20
2025-01-04,"34","New Jersey","0-130",613
2025-01-04,"34","New Jersey","0-64",325
2025-01-04,"34","New Jersey","65-130",288
2025-01-04,"35","New Mexico","0-130",48
2025-01-04,"35","New Mexico","0-64",41
2025-01-04,"35","New Mexico","65-130",7
2025-01-04,"36","New York","0-130",1230
2025-01-04,"36","New York","0-64",733
2025-01-04,"36","New York","65-130",496
2025-01-04,"37","North Carolina","0-130",738
2025-01-04,"37","North Carolina","0-64",451
2025-01-04,"37","North Carolina","65-130",287
2025-01-04,"38","North Dakota","0-130",13
2025-01-04,"38","North Dakota","0-64",12
2025-01-04,"38","North Dakota","65-130",1
2025-01-04,"39","Ohio","0-130",738
2025-01-04,"39","Ohio","0-64",503
2025-01-04,"39","Ohio","65-130",234
2025-01-04,"40","Oklahoma","0-130",153
2025-01-04,"40","Oklahoma","0-64",112
2025-01-04,"40","Oklahoma","65-130",41
2025-01-04,"41","Oregon","0-130",138
2025-01-04,"41","Oregon","0-64",86
2025-01-04,"41","Oregon","65-130",52
2025-01-04,"42","Pennsylvania","0-130",1066
2025-01-04,"42","Pennsylvania","0-64",690
2025-01-04,"42","Pennsylvania","65-130",361
2025-01-04,"72","Puerto Rico","0-130",397
2025-01-04,"72","Puerto Rico","0-64",343
2025-01-04,"72","Puerto Rico","65-130",4
2025-01-04,"44","Rhode Island","0-130",70
2025-01-04,"44","Rhode Island","0-64",46
2025-01-04,"44","Rhode Island","65-130",24
2025-01-04,"45","South Carolina","0-130",360
2025-01-04,"45","South Carolina","0-64",177
2025-01-04,"45","South Carolina","65-130",183
2025-01-04,"46","South Dakota","0-130",3
2025-01-04,"46","South Dakota","0-64",2
2025-01-04,"46","South Dakota","65-130",1
2025-01-04,"47","Tennessee","0-130",400
2025-01-04,"47","Tennessee","0-64",290
2025-01-04,"47","Tennessee","65-130",110
2025-01-04,"48","Texas","0-130",1286
2025-01-04,"48","Texas","0-64",997
2025-01-04,"48","Texas","65-130",289
2025-01-04,"US","US","0-130",15244
2025-01-04,"US","US","0-64",9717
2025-01-04,"US","US","65-130",5448
2025-01-04,"49","Utah","0-130",110
2025-01-04,"49","Utah","0-64",97
2025-01-04,"49","Utah","65-130",13
2025-01-04,"50","Vermont","0-130",13
2025-01-04,"50","Vermont","0-64",7
2025-01-04,"50","Vermont","65-130",6
2025-01-04,"78","Virgin Islands","0-130",0
2025-01-04,"78","Virgin Islands","0-64",0
2025-01-04,"78","Virgin Islands","65-130",0
2025-01-04,"51","Virginia","0-130",323
2025-01-04,"51","Virginia","0-64",183
2025-01-04,"51","Virginia","65-130",140
2025-01-04,"53","Washington","0-130",189
2025-01-04,"53","Washington","0-64",109
2025-01-04,"53","Washington","65-130",75
2025-01-04,"54","West Virginia","0-130",145
2025-01-04,"54","West Virginia","0-64",99
2025-01-04,"54","West Virginia","65-130",46
2025-01-04,"55","Wisconsin","0-130",184
2025-01-04,"55","Wisconsin","0-64",123
2025-01-04,"55","Wisconsin","65-130",58
2025-01-04,"56","Wyoming","0-130",NA
2025-01-04,"56","Wyoming","0-64",NA
2025-01-04,"56","Wyoming","65-130",NA
2025-01-11,"01","Alabama","0-130",153
2025-01-11,"01","Alabama","0-64",85
2025-01-11,"01","Alabama","65-130",68
2025-01-11,"02","Alaska","0-130",24
2025-01-11,"02","Alaska","0-64",12
2025-01-11,"02","Alaska","65-130",12
2025-01-11,"60","American Samoa","0-130",0
2025-01-11,"60","American Samoa","0-64",0
2025-01-11,"60","American Samoa","65-130",0
2025-01-11,"04","Arizona","0-130",256
2025-01-11,"04","Arizona","0-64",161
2025-01-11,"04","Arizona","65-130",92
2025-01-11,"05","Arkansas","0-130",80
2025-01-11,"05","Arkansas","0-64",31
2025-01-11,"05","Arkansas","65-130",49
2025-01-11,"06","California","0-130",780
2025-01-11,"06","California","0-64",438
2025-01-11,"06","California","65-130",341
2025-01-11,"08","Colorado","0-130",138
2025-01-11,"08","Colorado","0-64",109
2025-01-11,"08","Colorado","65-130",29
2025-01-11,"09","Connecticut","0-130",213
2025-01-11,"09","Connecticut","0-64",108
2025-01-11,"09","Connecticut","65-130",105
2025-01-11,"10","Delaware","0-130",54
2025-01-11,"10","Delaware","0-64",27
2025-01-11,"10","Delaware","65-130",27
2025-01-11,"12","Florida","0-130",650
2025-01-11,"12","Florida","0-64",265
2025-01-11,"12","Florida","65-130",385
2025-01-11,"13","Georgia","0-130",322
2025-01-11,"13","Georgia","0-64",170
2025-01-11,"13","Georgia","65-130",152
2025-01-11,"15","Hawaii","0-130",28
2025-01-11,"15","Hawaii","0-64",17
2025-01-11,"15","Hawaii","65-130",11
2025-01-11,"16","Idaho","0-130",34
2025-01-11,"16","Idaho","0-64",23
2025-01-11,"16","Idaho","65-130",11
2025-01-11,"17","Illinois","0-130",556
2025-01-11,"17","Illinois","0-64",294
2025-01-11,"17","Illinois","65-130",262
2025-01-11,"18","Indiana","0-130",230
2025-01-11,"18","Indiana","0-64",136
2025-01-11,"18","Indiana","65-130",94
2025-01-11,"19","Iowa","0-130",168
2025-01-11,"19","Iowa","0-64",83
2025-01-11,"19","Iowa","65-130",85
2025-01-11,"20","Kansas","0-130",81
2025-01-11,"20","Kansas","0-64",54
2025-01-11,"20","Kansas","65-130",27
2025-01-11,"21","Kentucky","0-130",202
2025-01-11,"21","Kentucky","0-64",112
2025-01-11,"21","Kentucky","65-130",90
2025-01-11,"22","Louisiana","0-130",228
2025-01-11,"22","Louisiana","0-64",122
2025-01-11,"22","Louisiana","65-130",105
2025-01-11,"23","Maine","0-130",24
2025-01-11,"23","Maine","0-64",17
2025-01-11,"23","Maine","65-130",7
2025-01-11,"24","Maryland","0-130",154
2025-01-11,"24","Maryland","0-64",76
2025-01-11,"24","Maryland","65-130",78
2025-01-11,"25","Massachusetts","0-130",248
2025-01-11,"25","Massachusetts","0-64",103
2025-01-11,"25","Massachusetts","65-130",144
2025-01-11,"26","Michigan","0-130",468
2025-01-11,"26","Michigan","0-64",287
2025-01-11,"26","Michigan","65-130",177
2025-01-11,"27","Minnesota","0-130",231
2025-01-11,"27","Minnesota","0-64",133
2025-01-11,"27","Minnesota","65-130",98
2025-01-11,"28","Mississippi","0-130",64
2025-01-11,"28","Mississippi","0-64",35
2025-01-11,"28","Mississippi","65-130",29
2025-01-11,"29","Missouri","0-130",199
2025-01-11,"29","Missouri","0-64",116
2025-01-11,"29","Missouri","65-130",83
2025-01-11,"30","Montana","0-130",13
2025-01-11,"30","Montana","0-64",5
2025-01-11,"30","Montana","65-130",8
2025-01-11,"31","Nebraska","0-130",42
2025-01-11,"31","Nebraska","0-64",30
2025-01-11,"31","Nebraska","65-130",12
2025-01-11,"32","Nevada","0-130",78
2025-01-11,"32","Nevada","0-64",51
2025-01-11,"32","Nevada","65-130",27
2025-01-11,"33","New Hampshire","0-130",61
2025-01-11,"33","New Hampshire","0-64",39
2025-01-11,"33","New Hampshire","65-130",22
2025-01-11,"34","New Jersey","0-130",503
2025-01-11,"34","New Jersey","0-64",244
2025-01-11,"34","New Jersey","65-130",259
2025-01-11,"35","New Mexico","0-130",41
2025-01-11,"35","New Mexico","0-64",36
2025-01-11,"35","New Mexico","65-130",5
2025-01-11,"36","New York","0-130",889
2025-01-11,"36","New York","0-64",475
2025-01-11,"36","New York","65-130",413
2025-01-11,"37","North Carolina","0-130",546
2025-01-11,"37","North Carolina","0-64",305
2025-01-11,"37","North Carolina","65-130",240
2025-01-11,"38","North Dakota","0-130",8
2025-01-11,"38","North Dakota","0-64",5
2025-01-11,"38","North Dakota","65-130",3
2025-01-11,"39","Ohio","0-130",545
2025-01-11,"39","Ohio","0-64",338
2025-01-11,"39","Ohio","65-130",207
2025-01-11,"40","Oklahoma","0-130",134
2025-01-11,"40","Oklahoma","0-64",93
2025-01-11,"40","Oklahoma","65-130",41
2025-01-11,"41","Oregon","0-130",90
2025-01-11,"41","Oregon","0-64",59
2025-01-11,"41","Oregon","65-130",31
2025-01-11,"42","Pennsylvania","0-130",1106
2025-01-11,"42","Pennsylvania","0-64",616
2025-01-11,"42","Pennsylvania","65-130",487
2025-01-11,"72","Puerto Rico","0-130",300
2025-01-11,"72","Puerto Rico","0-64",234
2025-01-11,"72","Puerto Rico","65-130",8
2025-01-11,"44","Rhode Island","0-130",66
2025-01-11,"44","Rhode Island","0-64",37
2025-01-11,"44","Rhode Island","65-130",29
2025-01-11,"45","South Carolina","0-130",212
2025-01-11,"45","South Carolina","0-64",102
2025-01-11,"45","South Carolina","65-130",110
2025-01-11,"46","South Dakota","0-130",7
2025-01-11,"46","South Dakota","0-64",2
2025-01-11,"46","South Dakota","65-130",5
2025-01-11,"47","Tennessee","0-130",240
2025-01-11,"47","Tennessee","0-64",157
2025-01-11,"47","Tennessee","65-130",83
2025-01-11,"48","Texas","0-130",777
2025-01-11,"48","Texas","0-64",539
2025-01-11,"48","Texas","65-130",238
2025-01-11,"US","US","0-130",11946
2025-01-11,"US","US","0-64",6792
2025-01-11,"US","US","65-130",5073
2025-01-11,"49","Utah","0-130",82
2025-01-11,"49","Utah","0-64",70
2025-01-11,"49","Utah","65-130",12
2025-01-11,"50","Vermont","0-130",14
2025-01-11,"50","Vermont","0-64",11
2025-01-11,"50","Vermont","65-130",3
2025-01-11,"78","Virgin Islands","0-130",0
2025-01-11,"78","Virgin Islands","0-64",0
2025-01-11,"78","Virgin Islands","65-130",0
2025-01-11,"51","Virginia","0-130",196
2025-01-11,"51","Virginia","0-64",107
2025-01-11,"51","Virginia","65-130",89
2025-01-11,"53","Washington","0-130",111
2025-01-11,"53","Washington","0-64",61
2025-01-11,"53","Washington","65-130",47
2025-01-11,"54","West Virginia","0-130",99
2025-01-11,"54","West Virginia","0-64",58
2025-01-11,"54","West Virginia","65-130",41
2025-01-11,"55","Wisconsin","0-130",182
2025-01-11,"55","Wisconsin","0-64",90
2025-01-11,"55","Wisconsin","65-130",87
2025-01-11,"56","Wyoming","0-130",14
2025-01-11,"56","Wyoming","0-64",14
2025-01-11,"56","Wyoming","65-130",0
2025-01-18,"01","Alabama","0-130",98
2025-01-18,"01","Alabama","0-64",54
2025-01-18,"01","Alabama","65-130",44
2025-01-18,"02","Alaska","0-130",13
2025-01-18,"02","Alaska","0-64",10
2025-01-18,"02","Alaska","65-130",3
2025-01-18,"60","American Samoa","0-130",7
2025-01-18,"60","American Samoa","0-64",7
2025-01-18,"60","American Samoa","65-130",0
2025-01-18,"04","Arizona","0-130",251
2025-01-18,"04","Arizona","0-64",164
2025-01-18,"04","Arizona","65-130",87
2025-01-18,"05","Arkansas","0-130",84
2025-01-18,"05","Arkansas","0-64",32
2025-01-18,"05","Arkansas","65-130",48
2025-01-18,"06","California","0-130",751
2025-01-18,"06","California","0-64",419
2025-01-18,"06","California","65-130",327
2025-01-18,"08","Colorado","0-130",196
2025-01-18,"08","Colorado","0-64",169
2025-01-18,"08","Colorado","65-130",27
2025-01-18,"09","Connecticut","0-130",167
2025-01-18,"09","Connecticut","0-64",59
2025-01-18,"09","Connecticut","65-130",108
2025-01-18,"10","Delaware","0-130",38
2025-01-18,"10","Delaware","0-64",25
2025-01-18,"10","Delaware","65-130",13
2025-01-18,"11","District of Columbia","0-130",NA
2025-01-18,"11","District of Columbia","0-64",NA
2025-01-18,"11","District of Columbia","65-130",NA
2025-01-18,"12","Florida","0-130",606
2025-01-18,"12","Florida","0-64",265
2025-01-18,"12","Florida","65-130",341
2025-01-18,"13","Georgia","0-130",267
2025-01-18,"13","Georgia","0-64",151
2025-01-18,"13","Georgia","65-130",116
2025-01-18,"66","Guam","0-130",NA
2025-01-18,"66","Guam","0-64",NA
2025-01-18,"66","Guam","65-130",NA
2025-01-18,"15","Hawaii","0-130",22
2025-01-18,"15","Hawaii","0-64",13
2025-01-18,"15","Hawaii","65-130",9
2025-01-18,"16","Idaho","0-130",40
2025-01-18,"16","Idaho","0-64",34
2025-01-18,"16","Idaho","65-130",6
2025-01-18,"17","Illinois","0-130",526
2025-01-18,"17","Illinois","0-64",274
2025-01-18,"17","Illinois","65-130",245
2025-01-18,"18","Indiana","0-130",217
2025-01-18,"18","Indiana","0-64",118
2025-01-18,"18","Indiana","65-130",99
2025-01-18,"19","Iowa","0-130",86
2025-01-18,"19","Iowa","0-64",57
2025-01-18,"19","Iowa","65-130",29
2025-01-18,"20","Kansas","0-130",69
2025-01-18,"20","Kansas","0-64",32
2025-01-18,"20","Kansas","65-130",37
2025-01-18,"21","Kentucky","0-130",175
2025-01-18,"21","Kentucky","0-64",103
2025-01-18,"21","Kentucky","65-130",71
2025-01-18,"22","Louisiana","0-130",148
2025-01-18,"22","Louisiana","0-64",74
2025-01-18,"22","Louisiana","65-130",74
2025-01-18,"23","Maine","0-130",34
2025-01-18,"23","Maine","0-64",25
2025-01-18,"23","Maine","65-130",9
2025-01-18,"24","Maryland","0-130",127
2025-01-18,"24","Maryland","0-64",62
2025-01-18,"24","Maryland","65-130",65
2025-01-18,"25","Massachusetts","0-130",222
2025-01-18,"25","Massachusetts","0-64",99
2025-01-18,"25","Massachusetts","65-130",122
2025-01-18,"26","Michigan","0-130",294
2025-01-18,"26","Michigan","0-64",182
2025-01-18,"26","Michigan","65-130",110
2025-01-18,"27","Minnesota","0-130",213
2025-01-18,"27","Minnesota","0-64",142
2025-01-18,"27","Minnesota","65-130",71
2025-01-18,"28","Mississippi","0-130",49
2025-01-18,"28","Mississippi","0-64",29
2025-01-18,"28","Mississippi","65-130",19
2025-01-18,"29","Missouri","0-130",187
2025-01-18,"29","Missouri","0-64",116
2025-01-18,"29","Missouri","65-130",71
2025-01-18,"30","Montana","0-130",13
2025-01-18,"30","Montana","0-64",12
2025-01-18,"30","Montana","65-130",1
2025-01-18,"31","Nebraska","0-130",42
2025-01-18,"31","Nebraska","0-64",36
2025-01-18,"31","Nebraska","65-130",6
2025-01-18,"32","Nevada","0-130",73
2025-01-18,"32","Nevada","0-64",49
2025-01-18,"32","Nevada","65-130",24
2025-01-18,"33","New Hampshire","0-130",47
2025-01-18,"33","New Hampshire","0-64",26
2025-01-18,"33","New Hampshire","65-130",21
2025-01-18,"34","New Jersey","0-130",452
2025-01-18,"34","New Jersey","0-64",203
2025-01-18,"34","New Jersey","65-130",249
2025-01-18,"35","New Mexico","0-130",70
2025-01-18,"35","New Mexico","0-64",64
2025-01-18,"35","New Mexico","65-130",6
2025-01-18,"36","New York","0-130",716
2025-01-18,"36","New York","0-64",364
2025-01-18,"36","New York","65-130",352
2025-01-18,"37","North Carolina","0-130",468
2025-01-18,"37","North Carolina","0-64",256
2025-01-18,"37","North Carolina","65-130",212
2025-01-18,"38","North Dakota","0-130",8
2025-01-18,"38","North Dakota","0-64",8
2025-01-18,"38","North Dakota","65-130",0
2025-01-18,"39","Ohio","0-130",495
2025-01-18,"39","Ohio","0-64",291
2025-01-18,"39","Ohio","65-130",204
2025-01-18,"40","Oklahoma","0-130",119
2025-01-18,"40","Oklahoma","0-64",84
2025-01-18,"40","Oklahoma","65-130",35
2025-01-18,"41","Oregon","0-130",74
2025-01-18,"41","Oregon","0-64",46
2025-01-18,"41","Oregon","65-130",28
2025-01-18,"42","Pennsylvania","0-130",1064
2025-01-18,"42","Pennsylvania","0-64",555
2025-01-18,"42","Pennsylvania","65-130",499
2025-01-18,"44","Rhode Island","0-130",37
2025-01-18,"44","Rhode Island","0-64",22
2025-01-18,"44","Rhode Island","65-130",15
2025-01-18,"45","South Carolina","0-130",176
2025-01-18,"45","South Carolina","0-64",83
2025-01-18,"45","South Carolina","65-130",93
2025-01-18,"46","South Dakota","0-130",7
2025-01-18,"46","South Dakota","0-64",7
2025-01-18,"46","South Dakota","65-130",0
2025-01-18,"47","Tennessee","0-130",170
2025-01-18,"47","Tennessee","0-64",108
2025-01-18,"47","Tennessee","65-130",62
2025-01-18,"48","Texas","0-130",677
2025-01-18,"48","Texas","0-64",428
2025-01-18,"48","Texas","65-130",249
2025-01-18,"US","US","0-130",10350
2025-01-18,"US","US","0-64",5805
2025-01-18,"US","US","65-130",4509
2025-01-18,"49","Utah","0-130",101
2025-01-18,"49","Utah","0-64",80
2025-01-18,"49","Utah","65-130",21
2025-01-18,"50","Vermont","0-130",11
2025-01-18,"50","Vermont","0-64",8
2025-01-18,"50","Vermont","65-130",3
2025-01-18,"78","Virgin Islands","0-130",0
2025-01-18,"78","Virgin Islands","0-64",0
2025-01-18,"78","Virgin Islands","65-130",0
2025-01-18,"51","Virginia","0-130",151
2025-01-18,"51","Virginia","0-64",68
2025-01-18,"51","Virginia","65-130",83
2025-01-18,"53","Washington","0-130",116
2025-01-18,"53","Washington","0-64",56
2025-01-18,"53","Washington","65-130",58
2025-01-18,"54","West Virginia","0-130",92
2025-01-18,"54","West Virginia","0-64",62
2025-01-18,"54","West Virginia","65-130",30
2025-01-18,"55","Wisconsin","0-130",192
2025-01-18,"55","Wisconsin","0-64",95
2025-01-18,"55","Wisconsin","65-130",94
2025-01-18,"56","Wyoming","0-130",18
2025-01-18,"56","Wyoming","0-64",16
2025-01-18,"56","Wyoming","65-130",2
2025-01-25,"01","Alabama","0-130",73
2025-01-25,"01","Alabama","0-64",33
2025-01-25,"01","Alabama","65-130",40
2025-01-25,"02","Alaska","0-130",22
2025-01-25,"02","Alaska","0-64",15
2025-01-25,"02","Alaska","65-130",7
2025-01-25,"04","Arizona","0-130",233
2025-01-25,"04","Arizona","0-64",171
2025-01-25,"04","Arizona","65-130",61
2025-01-25,"05","Arkansas","0-130",72
2025-01-25,"05","Arkansas","0-64",34
2025-01-25,"05","Arkansas","65-130",34
2025-01-25,"06","California","0-130",723
2025-01-25,"06","California","0-64",426
2025-01-25,"06","California","65-130",295
2025-01-25,"08","Colorado","0-130",217
2025-01-25,"08","Colorado","0-64",185
2025-01-25,"08","Colorado","65-130",32
2025-01-25,"09","Connecticut","0-130",128
2025-01-25,"09","Connecticut","0-64",50
2025-01-25,"09","Connecticut","65-130",78
2025-01-25,"10","Delaware","0-130",37
2025-01-25,"10","Delaware","0-64",24
2025-01-25,"10","Delaware","65-130",13
2025-01-25,"11","District of Columbia","0-130",8
2025-01-25,"11","District of Columbia","0-64",2
2025-01-25,"11","District of Columbia","65-130",6
2025-01-25,"12","Florida","0-130",536
2025-01-25,"12","Florida","0-64",242
2025-01-25,"12","Florida","65-130",294
2025-01-25,"13","Georgia","0-130",172
2025-01-25,"13","Georgia","0-64",88
2025-01-25,"13","Georgia","65-130",84
2025-01-25,"66","Guam","0-130",1
2025-01-25,"66","Guam","0-64",1
2025-01-25,"66","Guam","65-130",0
2025-01-25,"15","Hawaii","0-130",20
2025-01-25,"15","Hawaii","0-64",11
2025-01-25,"15","Hawaii","65-130",9
2025-01-25,"16","Idaho","0-130",47
2025-01-25,"16","Idaho","0-64",36
2025-01-25,"16","Idaho","65-130",11
2025-01-25,"17","Illinois","0-130",410
2025-01-25,"17","Illinois","0-64",209
2025-01-25,"17","Illinois","65-130",201
2025-01-25,"18","Indiana","0-130",205
2025-01-25,"18","Indiana","0-64",141
2025-01-25,"18","Indiana","65-130",64
2025-01-25,"19","Iowa","0-130",105
2025-01-25,"19","Iowa","0-64",77
2025-01-25,"19","Iowa","65-130",28
2025-01-25,"20","Kansas","0-130",71
2025-01-25,"20","Kansas","0-64",44
2025-01-25,"20","Kansas","65-130",23
2025-01-25,"21","Kentucky","0-130",112
2025-01-25,"21","Kentucky","0-64",57
2025-01-25,"21","Kentucky","65-130",54
2025-01-25,"22","Louisiana","0-130",122
2025-01-25,"22","Louisiana","0-64",63
2025-01-25,"22","Louisiana","65-130",59
2025-01-25,"23","Maine","0-130",29
2025-01-25,"23","Maine","0-64",25
2025-01-25,"23","Maine","65-130",4
2025-01-25,"24","Maryland","0-130",83
2025-01-25,"24","Maryland","0-64",44
2025-01-25,"24","Maryland","65-130",39
2025-01-25,"25","Massachusetts","0-130",243
2025-01-25,"25","Massachusetts","0-64",115
2025-01-25,"25","Massachusetts","65-130",128
2025-01-25,"26","Michigan","0-130",313
2025-01-25,"26","Michigan","0-64",193
2025-01-25,"26","Michigan","65-130",118
2025-01-25,"27","Minnesota","0-130",197
2025-01-25,"27","Minnesota","0-64",148
2025-01-25,"27","Minnesota","65-130",49
2025-01-25,"28","Mississippi","0-130",60
2025-01-25,"28","Mississippi","0-64",38
2025-01-25,"28","Mississippi","65-130",22
2025-01-25,"29","Missouri","0-130",158
2025-01-25,"29","Missouri","0-64",95
2025-01-25,"29","Missouri","65-130",63
2025-01-25,"30","Montana","0-130",23
2025-01-25,"30","Montana","0-64",19
2025-01-25,"30","Montana","65-130",4
2025-01-25,"31","Nebraska","0-130",65
2025-01-25,"31","Nebraska","0-64",50
2025-01-25,"31","Nebraska","65-130",15
2025-01-25,"32","Nevada","0-130",59
2025-01-25,"32","Nevada","0-64",42
2025-01-25,"32","Nevada","65-130",17
2025-01-25,"33","New Hampshire","0-130",37
2025-01-25,"33","New Hampshire","0-64",25
2025-01-25,"33","New Hampshire","65-130",12
2025-01-25,"34","New Jersey","0-130",331
2025-01-25,"34","New Jersey","0-64",157
2025-01-25,"34","New Jersey","65-130",174
2025-01-25,"35","New Mexico","0-130",56
2025-01-25,"35","New Mexico","0-64",55
2025-01-25,"35","New Mexico","65-130",1
2025-01-25,"36","New York","0-130",625
2025-01-25,"36","New York","0-64",330
2025-01-25,"36","New York","65-130",295
2025-01-25,"37","North Carolina","0-130",418
2025-01-25,"37","North Carolina","0-64",228
2025-01-25,"37","North Carolina","65-130",190
2025-01-25,"38","North Dakota","0-130",10
2025-01-25,"38","North Dakota","0-64",8
2025-01-25,"38","North Dakota","65-130",2
2025-01-25,"39","Ohio","0-130",388
2025-01-25,"39","Ohio","0-64",255
2025-01-25,"39","Ohio","65-130",133
2025-01-25,"40","Oklahoma","0-130",148
2025-01-25,"40","Oklahoma","0-64",106
2025-01-25,"40","Oklahoma","65-130",42
2025-01-25,"41","Oregon","0-130",110
2025-01-25,"41","Oregon","0-64",72
2025-01-25,"41","Oregon","65-130",38
2025-01-25,"42","Pennsylvania","0-130",883
2025-01-25,"42","Pennsylvania","0-64",424
2025-01-25,"42","Pennsylvania","65-130",454
2025-01-25,"44","Rhode Island","0-130",40
2025-01-25,"44","Rhode Island","0-64",15
2025-01-25,"44","Rhode Island","65-130",25
2025-01-25,"45","South Carolina","0-130",120
2025-01-25,"45","South Carolina","0-64",66
2025-01-25,"45","South Carolina","65-130",54
2025-01-25,"46","South Dakota","0-130",5
2025-01-25,"46","South Dakota","0-64",4
2025-01-25,"46","South Dakota","65-130",1
2025-01-25,"47","Tennessee","0-130",138
2025-01-25,"47","Tennessee","0-64",79
2025-01-25,"47","Tennessee","65-130",59
2025-01-25,"48","Texas","0-130",536
2025-01-25,"48","Texas","0-64",342
2025-01-25,"48","Texas","65-130",194
2025-01-25,"US","US","0-130",9063
2025-01-25,"US","US","0-64",5312
2025-01-25,"US","US","65-130",3725
2025-01-25,"49","Utah","0-130",114
2025-01-25,"49","Utah","0-64",104
2025-01-25,"49","Utah","65-130",10
2025-01-25,"50","Vermont","0-130",13
2025-01-25,"50","Vermont","0-64",7
2025-01-25,"50","Vermont","65-130",6
2025-01-25,"78","Virgin Islands","0-130",0
2025-01-25,"78","Virgin Islands","0-64",0
2025-01-25,"78","Virgin Islands","65-130",0
2025-01-25,"51","Virginia","0-130",99
2025-01-25,"51","Virginia","0-64",52
2025-01-25,"51","Virginia","65-130",47
2025-01-25,"53","Washington","0-130",94
2025-01-25,"53","Washington","0-64",55
2025-01-25,"53","Washington","65-130",38
2025-01-25,"54","West Virginia","0-130",67
2025-01-25,"54","West Virginia","0-64",45
2025-01-25,"54","West Virginia","65-130",22
2025-01-25,"55","Wisconsin","0-130",190
2025-01-25,"55","Wisconsin","0-64",126
2025-01-25,"55","Wisconsin","65-130",58
2025-01-25,"56","Wyoming","0-130",28
2025-01-25,"56","Wyoming","0-64",18
2025-01-25,"56","Wyoming","65-130",10
2025-02-01,"01","Alabama","0-130",77
2025-02-01,"01","Alabama","0-64",37
2025-02-01,"01","Alabama","65-130",40
2025-02-01,"02","Alaska","0-130",30
2025-02-01,"02","Alaska","0-64",22
2025-02-01,"02","Alaska","65-130",8
2025-02-01,"04","Arizona","0-130",337
2025-02-01,"04","Arizona","0-64",241
2025-02-01,"04","Arizona","65-130",92
2025-02-01,"05","Arkansas","0-130",60
2025-02-01,"05","Arkansas","0-64",23
2025-02-01,"05","Arkansas","65-130",36
2025-02-01,"06","California","0-130",745
2025-02-01,"06","California","0-64",452
2025-02-01,"06","California","65-130",292
2025-02-01,"08","Colorado","0-130",223
2025-02-01,"08","Colorado","0-64",183
2025-02-01,"08","Colorado","65-130",40
2025-02-01,"09","Connecticut","0-130",80
2025-02-01,"09","Connecticut","0-64",37
2025-02-01,"09","Connecticut","65-130",43
2025-02-01,"10","Delaware","0-130",28
2025-02-01,"10","Delaware","0-64",21
2025-02-01,"10","Delaware","65-130",7
2025-02-01,"11","District of Columbia","0-130",6
2025-02-01,"11","District of Columbia","0-64",3
2025-02-01,"11","District of Columbia","65-130",3
2025-02-01,"12","Florida","0-130",494
2025-02-01,"12","Florida","0-64",236
2025-02-01,"12","Florida","65-130",258
2025-02-01,"13","Georgia","0-130",151
2025-02-01,"13","Georgia","0-64",76
2025-02-01,"13","Georgia","65-130",75
2025-02-01,"15","Hawaii","0-130",18
2025-02-01,"15","Hawaii","0-64",11
2025-02-01,"15","Hawaii","65-130",7
2025-02-01,"16","Idaho","0-130",41
2025-02-01,"16","Idaho","0-64",29
2025-02-01,"16","Idaho","65-130",12
2025-02-01,"17","Illinois","0-130",371
2025-02-01,"17","Illinois","0-64",178
2025-02-01,"17","Illinois","65-130",193
2025-02-01,"18","Indiana","0-130",197
2025-02-01,"18","Indiana","0-64",121
2025-02-01,"18","Indiana","65-130",76
2025-02-01,"19","Iowa","0-130",98
2025-02-01,"19","Iowa","0-64",73
2025-02-01,"19","Iowa","65-130",25
2025-02-01,"20","Kansas","0-130",85
2025-02-01,"20","Kansas","0-64",61
2025-02-01,"20","Kansas","65-130",19
2025-02-01,"21","Kentucky","0-130",111
2025-02-01,"21","Kentucky","0-64",62
2025-02-01,"21","Kentucky","65-130",49
2025-02-01,"22","Louisiana","0-130",122
2025-02-01,"22","Louisiana","0-64",52
2025-02-01,"22","Louisiana","65-130",70
2025-02-01,"23","Maine","0-130",22
2025-02-01,"23","Maine","0-64",14
2025-02-01,"23","Maine","65-130",8
2025-02-01,"24","Maryland","0-130",90
2025-02-01,"24","Maryland","0-64",44
2025-02-01,"24","Maryland","65-130",44
2025-02-01,"25","Massachusetts","0-130",136
2025-02-01,"25","Massachusetts","0-64",60
2025-02-01,"25","Massachusetts","65-130",76
2025-02-01,"26","Michigan","0-130",384
2025-02-01,"26","Michigan","0-64",270
2025-02-01,"26","Michigan","65-130",113
2025-02-01,"27","Minnesota","0-130",183
2025-02-01,"27","Minnesota","0-64",130
2025-02-01,"27","Minnesota","65-130",53
2025-02-01,"28","Mississippi","0-130",54
2025-02-01,"28","Mississippi","0-64",23
2025-02-01,"28","Mississippi","65-130",31
2025-02-01,"29","Missouri","0-130",212
2025-02-01,"29","Missouri","0-64",140
2025-02-01,"29","Missouri","65-130",72
2025-02-01,"30","Montana","0-130",28
2025-02-01,"30","Montana","0-64",18
2025-02-01,"30","Montana","65-130",10
2025-02-01,"31","Nebraska","0-130",67
2025-02-01,"31","Nebraska","0-64",50
2025-02-01,"31","Nebraska","65-130",17
2025-02-01,"32","Nevada","0-130",81
2025-02-01,"32","Nevada","0-64",65
2025-02-01,"32","Nevada","65-130",16
2025-02-01,"33","New Hampshire","0-130",33
2025-02-01,"33","New Hampshire","0-64",18
2025-02-01,"33","New Hampshire","65-130",15
2025-02-01,"34","New Jersey","0-130",297
2025-02-01,"34","New Jersey","0-64",129
2025-02-01,"34","New Jersey","65-130",168
2025-02-01,"35","New Mexico","0-130",82
2025-02-01,"35","New Mexico","0-64",71
2025-02-01,"35","New Mexico","65-130",10
2025-02-01,"36","New York","0-130",580
2025-02-01,"36","New York","0-64",300
2025-02-01,"36","New York","65-130",279
2025-02-01,"37","North Carolina","0-130",369
2025-02-01,"37","North Carolina","0-64",213
2025-02-01,"37","North Carolina","65-130",156
2025-02-01,"38","North Dakota","0-130",29
2025-02-01,"38","North Dakota","0-64",24
2025-02-01,"38","North Dakota","65-130",5
2025-02-01,"39","Ohio","0-130",342
2025-02-01,"39","Ohio","0-64",200
2025-02-01,"39","Ohio","65-130",142
2025-02-01,"40","Oklahoma","0-130",176
2025-02-01,"40","Oklahoma","0-64",121
2025-02-01,"40","Oklahoma","65-130",55
2025-02-01,"41","Oregon","0-130",151
2025-02-01,"41","Oregon","0-64",97
2025-02-01,"41","Oregon","65-130",54
2025-02-01,"42","Pennsylvania","0-130",841
2025-02-01,"42","Pennsylvania","0-64",408
2025-02-01,"42","Pennsylvania","65-130",421
2025-02-01,"44","Rhode Island","0-130",55
2025-02-01,"44","Rhode Island","0-64",29
2025-02-01,"44","Rhode Island","65-130",26
2025-02-01,"45","South Carolina","0-130",126
2025-02-01,"45","South Carolina","0-64",48
2025-02-01,"45","South Carolina","65-130",78
2025-02-01,"46","South Dakota","0-130",23
2025-02-01,"46","South Dakota","0-64",20
2025-02-01,"46","South Dakota","65-130",3
2025-02-01,"47","Tennessee","0-130",141
2025-02-01,"47","Tennessee","0-64",74
2025-02-01,"47","Tennessee","65-130",67
2025-02-01,"48","Texas","0-130",551
2025-02-01,"48","Texas","0-64",361
2025-02-01,"48","Texas","65-130",190
2025-02-01,"US","US","0-130",9094
2025-02-01,"US","US","0-64",5375
2025-02-01,"US","US","65-130",3687
2025-02-01,"49","Utah","0-130",178
2025-02-01,"49","Utah","0-64",156
2025-02-01,"49","Utah","65-130",22
2025-02-01,"50","Vermont","0-130",22
2025-02-01,"50","Vermont","0-64",13
2025-02-01,"50","Vermont","65-130",9
2025-02-01,"78","Virgin Islands","0-130",0
2025-02-01,"78","Virgin Islands","0-64",0
2025-02-01,"78","Virgin Islands","65-130",0
2025-02-01,"51","Virginia","0-130",121
2025-02-01,"51","Virginia","0-64",73
2025-02-01,"51","Virginia","65-130",48
2025-02-01,"53","Washington","0-130",119
2025-02-01,"53","Washington","0-64",62
2025-02-01,"53","Washington","65-130",53
2025-02-01,"54","West Virginia","0-130",61
2025-02-01,"54","West Virginia","0-64",38
2025-02-01,"54","West Virginia","65-130",23
2025-02-01,"55","Wisconsin","0-130",195
2025-02-01,"55","Wisconsin","0-64",126
2025-02-01,"55","Wisconsin","65-130",69
2025-02-01,"56","Wyoming","0-130",25
2025-02-01,"56","Wyoming","0-64",16
2025-02-01,"56","Wyoming","65-130",9
2025-02-08,"01","Alabama","0-130",81
2025-02-08,"01","Alabama","0-64",52
2025-02-08,"01","Alabama","65-130",29
2025-02-08,"02","Alaska","0-130",15
2025-02-08,"02","Alaska","0-64",13
2025-02-08,"02","Alaska","65-130",2
2025-02-08,"04","Arizona","0-130",401
2025-02-08,"04","Arizona","0-64",304
2025-02-08,"04","Arizona","65-130",97
2025-02-08,"05","Arkansas","0-130",68
2025-02-08,"05","Arkansas","0-64",33
2025-02-08,"05","Arkansas","65-130",33
2025-02-08,"06","California","0-130",710
2025-02-08,"06","California","0-64",382
2025-02-08,"06","California","65-130",326
2025-02-08,"08","Colorado","0-130",234
2025-02-08,"08","Colorado","0-64",189
2025-02-08,"08","Colorado","65-130",45
2025-02-08,"09","Connecticut","0-130",80
2025-02-08,"09","Connecticut","0-64",33
2025-02-08,"09","Connecticut","65-130",47
2025-02-08,"10","Delaware","0-130",28
2025-02-08,"10","Delaware","0-64",13
2025-02-08,"10","Delaware","65-130",15
2025-02-08,"11","District of Columbia","0-130",4
2025-02-08,"11","District of Columbia","0-64",1
2025-02-08,"11","District of Columbia","65-130",3
2025-02-08,"12","Florida","0-130",415
2025-02-08,"12","Florida","0-64",208
2025-02-08,"12","Florida","65-130",207
2025-02-08,"13","Georgia","0-130",161
2025-02-08,"13","Georgia","0-64",91
2025-02-08,"13","Georgia","65-130",70
2025-02-08,"66","Guam","0-130",NA
2025-02-08,"66","Guam","0-64",NA
2025-02-08,"66","Guam","65-130",NA
2025-02-08,"15","Hawaii","0-130",24
2025-02-08,"15","Hawaii","0-64",13
2025-02-08,"15","Hawaii","65-130",11
2025-02-08,"16","Idaho","0-130",67
2025-02-08,"16","Idaho","0-64",47
2025-02-08,"16","Idaho","65-130",20
2025-02-08,"17","Illinois","0-130",361
2025-02-08,"17","Illinois","0-64",161
2025-02-08,"17","Illinois","65-130",199
2025-02-08,"18","Indiana","0-130",224
2025-02-08,"18","Indiana","0-64",154
2025-02-08,"18","Indiana","65-130",70
2025-02-08,"19","Iowa","0-130",111
2025-02-08,"19","Iowa","0-64",72
2025-02-08,"19","Iowa","65-130",38
2025-02-08,"20","Kansas","0-130",94
2025-02-08,"20","Kansas","0-64",54
2025-02-08,"20","Kansas","65-130",32
2025-02-08,"21","Kentucky","0-130",107
2025-02-08,"21","Kentucky","0-64",57
2025-02-08,"21","Kentucky","65-130",50
2025-02-08,"22","Louisiana","0-130",109
2025-02-08,"22","Louisiana","0-64",46
2025-02-08,"22","Louisiana","65-130",56
2025-02-08,"23","Maine","0-130",26
2025-02-08,"23","Maine","0-64",19
2025-02-08,"23","Maine","65-130",7
2025-02-08,"24","Maryland","0-130",101
2025-02-08,"24","Maryland","0-64",48
2025-02-08,"24","Maryland","65-130",53
2025-02-08,"25","Massachusetts","0-130",142
2025-02-08,"25","Massachusetts","0-64",52
2025-02-08,"25","Massachusetts","65-130",90
2025-02-08,"26","Michigan","0-130",329
2025-02-08,"26","Michigan","0-64",199
2025-02-08,"26","Michigan","65-130",130
2025-02-08,"27","Minnesota","0-130",209
2025-02-08,"27","Minnesota","0-64",160
2025-02-08,"27","Minnesota","65-130",49
2025-02-08,"28","Mississippi","0-130",39
2025-02-08,"28","Mississippi","0-64",20
2025-02-08,"28","Mississippi","65-130",19
2025-02-08,"29","Missouri","0-130",185
2025-02-08,"29","Missouri","0-64",115
2025-02-08,"29","Missouri","65-130",70
2025-02-08,"30","Montana","0-130",32
2025-02-08,"30","Montana","0-64",24
2025-02-08,"30","Montana","65-130",8
2025-02-08,"31","Nebraska","0-130",90
2025-02-08,"31","Nebraska","0-64",61
2025-02-08,"31","Nebraska","65-130",29
2025-02-08,"32","Nevada","0-130",105
2025-02-08,"32","Nevada","0-64",83
2025-02-08,"32","Nevada","65-130",22
2025-02-08,"33","New Hampshire","0-130",30
2025-02-08,"33","New Hampshire","0-64",19
2025-02-08,"33","New Hampshire","65-130",11
2025-02-08,"34","New Jersey","0-130",218
2025-02-08,"34","New Jersey","0-64",82
2025-02-08,"34","New Jersey","65-130",136
2025-02-08,"35","New Mexico","0-130",112
2025-02-08,"35","New Mexico","0-64",98
2025-02-08,"35","New Mexico","65-130",14
2025-02-08,"36","New York","0-130",525
2025-02-08,"36","New York","0-64",259
2025-02-08,"36","New York","65-130",266
2025-02-08,"37","North Carolina","0-130",357
2025-02-08,"37","North Carolina","0-64",183
2025-02-08,"37","North Carolina","65-130",173
2025-02-08,"38","North Dakota","0-130",28
2025-02-08,"38","North Dakota","0-64",24
2025-02-08,"38","North Dakota","65-130",4
2025-02-08,"39","Ohio","0-130",284
2025-02-08,"39","Ohio","0-64",173
2025-02-08,"39","Ohio","65-130",111
2025-02-08,"40","Oklahoma","0-130",167
2025-02-08,"40","Oklahoma","0-64",102
2025-02-08,"40","Oklahoma","65-130",65
2025-02-08,"41","Oregon","0-130",191
2025-02-08,"41","Oregon","0-64",115
2025-02-08,"41","Oregon","65-130",76
2025-02-08,"42","Pennsylvania","0-130",743
2025-02-08,"42","Pennsylvania","0-64",352
2025-02-08,"42","Pennsylvania","65-130",387
2025-02-08,"44","Rhode Island","0-130",22
2025-02-08,"44","Rhode Island","0-64",9
2025-02-08,"44","Rhode Island","65-130",13
2025-02-08,"45","South Carolina","0-130",115
2025-02-08,"45","South Carolina","0-64",51
2025-02-08,"45","South Carolina","65-130",64
2025-02-08,"46","South Dakota","0-130",37
2025-02-08,"46","South Dakota","0-64",29
2025-02-08,"46","South Dakota","65-130",8
2025-02-08,"47","Tennessee","0-130",140
2025-02-08,"47","Tennessee","0-64",82
2025-02-08,"47","Tennessee","65-130",58
2025-02-08,"48","Texas","0-130",475
2025-02-08,"48","Texas","0-64",323
2025-02-08,"48","Texas","65-130",152
2025-02-08,"US","US","0-130",8856
2025-02-08,"US","US","0-64",5184
2025-02-08,"US","US","65-130",3646
2025-02-08,"49","Utah","0-130",224
2025-02-08,"49","Utah","0-64",193
2025-02-08,"49","Utah","65-130",31
2025-02-08,"50","Vermont","0-130",11
2025-02-08,"50","Vermont","0-64",7
2025-02-08,"50","Vermont","65-130",4
2025-02-08,"78","Virgin Islands","0-130",0
2025-02-08,"78","Virgin Islands","0-64",0
2025-02-08,"78","Virgin Islands","65-130",0
2025-02-08,"51","Virginia","0-130",79
2025-02-08,"51","Virginia","0-64",37
2025-02-08,"51","Virginia","65-130",42
2025-02-08,"53","Washington","0-130",145
2025-02-08,"53","Washington","0-64",77
2025-02-08,"53","Washington","65-130",68
2025-02-08,"54","West Virginia","0-130",87
2025-02-08,"54","West Virginia","0-64",54
2025-02-08,"54","West Virginia","65-130",33
2025-02-08,"55","Wisconsin","0-130",222
2025-02-08,"55","Wisconsin","0-64",136
2025-02-08,"55","Wisconsin","65-130",86
2025-02-08,"56","Wyoming","0-130",43
2025-02-08,"56","Wyoming","0-64",28
2025-02-08,"56","Wyoming","65-130",15
2025-02-15,"01","Alabama","0-130",74
2025-02-15,"01","Alabama","0-64",32
2025-02-15,"01","Alabama","65-130",42
2025-02-15,"02","Alaska","0-130",13
2025-02-15,"02","Alaska","0-64",11
2025-02-15,"02","Alaska","65-130",2
2025-02-15,"04","Arizona","0-130",411
2025-02-15,"04","Arizona","0-64",302
2025-02-15,"04","Arizona","65-130",108
2025-02-15,"05","Arkansas","0-130",63
2025-02-15,"05","Arkansas","0-64",32
2025-02-15,"05","Arkansas","65-130",29
2025-02-15,"06","California","0-130",665
2025-02-15,"06","California","0-64",386
2025-02-15,"06","California","65-130",276
2025-02-15,"08","Colorado","0-130",203
2025-02-15,"08","Colorado","0-64",167
2025-02-15,"08","Colorado","65-130",36
2025-02-15,"09","Connecticut","0-130",70
2025-02-15,"09","Connecticut","0-64",29
2025-02-15,"09","Connecticut","65-130",41
2025-02-15,"12","Florida","0-130",307
2025-02-15,"12","Florida","0-64",139
2025-02-15,"12","Florida","65-130",168
2025-02-15,"13","Georgia","0-130",115
2025-02-15,"13","Georgia","0-64",61
2025-02-15,"13","Georgia","65-130",54
2025-02-15,"66","Guam","0-130",0
2025-02-15,"66","Guam","0-64",0
2025-02-15,"66","Guam","65-130",0
2025-02-15,"15","Hawaii","0-130",14
2025-02-15,"15","Hawaii","0-64",8
2025-02-15,"15","Hawaii","65-130",6
2025-02-15,"16","Idaho","0-130",76
2025-02-15,"16","Idaho","0-64",50
2025-02-15,"16","Idaho","65-130",26
2025-02-15,"17","Illinois","0-130",302
2025-02-15,"17","Illinois","0-64",136
2025-02-15,"17","Illinois","65-130",166
2025-02-15,"18","Indiana","0-130",179
2025-02-15,"18","Indiana","0-64",98
2025-02-15,"18","Indiana","65-130",81
2025-02-15,"19","Iowa","0-130",67
2025-02-15,"19","Iowa","0-64",46
2025-02-15,"19","Iowa","65-130",21
2025-02-15,"20","Kansas","0-130",114
2025-02-15,"20","Kansas","0-64",73
2025-02-15,"20","Kansas","65-130",38
2025-02-15,"21","Kentucky","0-130",126
2025-02-15,"21","Kentucky","0-64",65
2025-02-15,"21","Kentucky","65-130",61
2025-02-15,"22","Louisiana","0-130",72
2025-02-15,"22","Louisiana","0-64",40
2025-02-15,"22","Louisiana","65-130",25
2025-02-15,"23","Maine","0-130",25
2025-02-15,"23","Maine","0-64",12
2025-02-15,"23","Maine","65-130",13
2025-02-15,"24","Maryland","0-130",47
2025-02-15,"24","Maryland","0-64",21
2025-02-15,"24","Maryland","65-130",26
2025-02-15,"25","Massachusetts","0-130",117
2025-02-15,"25","Massachusetts","0-64",50
2025-02-15,"25","Massachusetts","65-130",67
2025-02-15,"26","Michigan","0-130",340
2025-02-15,"26","Michigan","0-64",203
2025-02-15,"26","Michigan","65-130",137
2025-02-15,"27","Minnesota","0-130",175
2025-02-15,"27","Minnesota","0-64",118
2025-02-15,"27","Minnesota","65-130",57
2025-02-15,"28","Mississippi","0-130",28
2025-02-15,"28","Mississippi","0-64",17
2025-02-15,"28","Mississippi","65-130",11
2025-02-15,"29","Missouri","0-130",141
2025-02-15,"29","Missouri","0-64",74
2025-02-15,"29","Missouri","65-130",67
2025-02-15,"30","Montana","0-130",45
2025-02-15,"30","Montana","0-64",35
2025-02-15,"30","Montana","65-130",10
2025-02-15,"31","Nebraska","0-130",101
2025-02-15,"31","Nebraska","0-64",74
2025-02-15,"31","Nebraska","65-130",27
2025-02-15,"32","Nevada","0-130",80
2025-02-15,"32","Nevada","0-64",56
2025-02-15,"32","Nevada","65-130",24
2025-02-15,"33","New Hampshire","0-130",41
2025-02-15,"33","New Hampshire","0-64",23
2025-02-15,"33","New Hampshire","65-130",18
2025-02-15,"34","New Jersey","0-130",180
2025-02-15,"34","New Jersey","0-64",76
2025-02-15,"34","New Jersey","65-130",104
2025-02-15,"35","New Mexico","0-130",119
2025-02-15,"35","New Mexico","0-64",104
2025-02-15,"35","New Mexico","65-130",15
2025-02-15,"36","New York","0-130",428
2025-02-15,"36","New York","0-64",213
2025-02-15,"36","New York","65-130",215
2025-02-15,"37","North Carolina","0-130",279
2025-02-15,"37","North Carolina","0-64",153
2025-02-15,"37","North Carolina","65-130",126
2025-02-15,"38","North Dakota","0-130",27
2025-02-15,"38","North Dakota","0-64",23
2025-02-15,"38","North Dakota","65-130",4
2025-02-15,"39","Ohio","0-130",268
2025-02-15,"39","Ohio","0-64",159
2025-02-15,"39","Ohio","65-130",109
2025-02-15,"40","Oklahoma","0-130",137
2025-02-15,"40","Oklahoma","0-64",87
2025-02-15,"40","Oklahoma","65-130",50
2025-02-15,"41","Oregon","0-130",209
2025-02-15,"41","Oregon","0-64",137
2025-02-15,"41","Oregon","65-130",72
2025-02-15,"42","Pennsylvania","0-130",669
2025-02-15,"42","Pennsylvania","0-64",289
2025-02-15,"42","Pennsylvania","65-130",376
2025-02-15,"44","Rhode Island","0-130",26
2025-02-15,"44","Rhode Island","0-64",10
2025-02-15,"44","Rhode Island","65-130",16
2025-02-15,"45","South Carolina","0-130",60
2025-02-15,"45","South Carolina","0-64",25
2025-02-15,"45","South Carolina","65-130",35
2025-02-15,"46","South Dakota","0-130",29
2025-02-15,"46","South Dakota","0-64",23
2025-02-15,"46","South Dakota","65-130",6
2025-02-15,"47","Tennessee","0-130",128
2025-02-15,"47","Tennessee","0-64",68
2025-02-15,"47","Tennessee","65-130",53
2025-02-15,"48","Texas","0-130",421
2025-02-15,"48","Texas","0-64",274
2025-02-15,"48","Texas","65-130",146
2025-02-15,"US","US","0-130",7826
2025-02-15,"US","US","0-64",4600
2025-02-15,"US","US","65-130",3198
2025-02-15,"49","Utah","0-130",220
2025-02-15,"49","Utah","0-64",205
2025-02-15,"49","Utah","65-130",15
2025-02-15,"50","Vermont","0-130",9
2025-02-15,"50","Vermont","0-64",5
2025-02-15,"50","Vermont","65-130",4
2025-02-15,"78","Virgin Islands","0-130",0
2025-02-15,"78","Virgin Islands","0-64",0
2025-02-15,"78","Virgin Islands","65-130",0
2025-02-15,"51","Virginia","0-130",109
2025-02-15,"51","Virginia","0-64",63
2025-02-15,"51","Virginia","65-130",46
2025-02-15,"53","Washington","0-130",111
2025-02-15,"53","Washington","0-64",58
2025-02-15,"53","Washington","65-130",53
2025-02-15,"54","West Virginia","0-130",86
2025-02-15,"54","West Virginia","0-64",59
2025-02-15,"54","West Virginia","65-130",27
2025-02-15,"55","Wisconsin","0-130",178
2025-02-15,"55","Wisconsin","0-64",101
2025-02-15,"55","Wisconsin","65-130",77
2025-02-22,"01","Alabama","0-130",56
2025-02-22,"01","Alabama","0-64",36
2025-02-22,"01","Alabama","65-130",20
2025-02-22,"02","Alaska","0-130",29
2025-02-22,"02","Alaska","0-64",26
2025-02-22,"02","Alaska","65-130",3
2025-02-22,"04","Arizona","0-130",444
2025-02-22,"04","Arizona","0-64",299
2025-02-22,"04","Arizona","65-130",143
2025-02-22,"05","Arkansas","0-130",53
2025-02-22,"05","Arkansas","0-64",32
2025-02-22,"05","Arkansas","65-130",21
2025-02-22,"06","California","0-130",611
2025-02-22,"06","California","0-64",373
2025-02-22,"06","California","65-130",235
2025-02-22,"08","Colorado","0-130",279
2025-02-22,"08","Colorado","0-64",224
2025-02-22,"08","Colorado","65-130",55
2025-02-22,"09","Connecticut","0-130",40
2025-02-22,"09","Connecticut","0-64",18
2025-02-22,"09","Connecticut","65-130",22
2025-02-22,"10","Delaware","0-130",NA
2025-02-22,"10","Delaware","0-64",NA
2025-02-22,"10","Delaware","65-130",NA
2025-02-22,"12","Florida","0-130",313
2025-02-22,"12","Florida","0-64",150
2025-02-22,"12","Florida","65-130",163
2025-02-22,"13","Georgia","0-130",89
2025-02-22,"13","Georgia","0-64",40
2025-02-22,"13","Georgia","65-130",49
2025-02-22,"15","Hawaii","0-130",10
2025-02-22,"15","Hawaii","0-64",6
2025-02-22,"15","Hawaii","65-130",4
2025-02-22,"16","Idaho","0-130",110
2025-02-22,"16","Idaho","0-64",81
2025-02-22,"16","Idaho","65-130",29
2025-02-22,"17","Illinois","0-130",314
2025-02-22,"17","Illinois","0-64",133
2025-02-22,"17","Illinois","65-130",181
2025-02-22,"18","Indiana","0-130",142
2025-02-22,"18","Indiana","0-64",85
2025-02-22,"18","Indiana","65-130",57
2025-02-22,"19","Iowa","0-130",96
2025-02-22,"19","Iowa","0-64",60
2025-02-22,"19","Iowa","65-130",36
2025-02-22,"20","Kansas","0-130",75
2025-02-22,"20","Kansas","0-64",43
2025-02-22,"20","Kansas","65-130",31
2025-02-22,"21","Kentucky","0-130",103
2025-02-22,"21","Kentucky","0-64",61
2025-02-22,"21","Kentucky","65-130",42
2025-02-22,"22","Louisiana","0-130",54
2025-02-22,"22","Louisiana","0-64",30
2025-02-22,"22","Louisiana","65-130",24
2025-02-22,"23","Maine","0-130",18
2025-02-22,"23","Maine","0-64",10
2025-02-22,"23","Maine","65-130",8
2025-02-22,"24","Maryland","0-130",58
2025-02-22,"24","Maryland","0-64",25
2025-02-22,"24","Maryland","65-130",33
2025-02-22,"25","Massachusetts","0-130",124
2025-02-22,"25","Massachusetts","0-64",67
2025-02-22,"25","Massachusetts","65-130",57
2025-02-22,"26","Michigan","0-130",356
2025-02-22,"26","Michigan","0-64",207
2025-02-22,"26","Michigan","65-130",139
2025-02-22,"27","Minnesota","0-130",158
2025-02-22,"27","Minnesota","0-64",105
2025-02-22,"27","Minnesota","65-130",53
2025-02-22,"28","Mississippi","0-130",23
2025-02-22,"28","Mississippi","0-64",17
2025-02-22,"28","Mississippi","65-130",6
2025-02-22,"29","Missouri","0-130",178
2025-02-22,"29","Missouri","0-64",97
2025-02-22,"29","Missouri","65-130",81
2025-02-22,"30","Montana","0-130",53
2025-02-22,"30","Montana","0-64",36
2025-02-22,"30","Montana","65-130",17
2025-02-22,"31","Nebraska","0-130",78
2025-02-22,"31","Nebraska","0-64",57
2025-02-22,"31","Nebraska","65-130",21
2025-02-22,"32","Nevada","0-130",77
2025-02-22,"32","Nevada","0-64",57
2025-02-22,"32","Nevada","65-130",20
2025-02-22,"33","New Hampshire","0-130",27
2025-02-22,"33","New Hampshire","0-64",15
2025-02-22,"33","New Hampshire","65-130",12
2025-02-22,"34","New Jersey","0-130",160
2025-02-22,"34","New Jersey","0-64",54
2025-02-22,"34","New Jersey","65-130",106
2025-02-22,"35","New Mexico","0-130",166
2025-02-22,"35","New Mexico","0-64",149
2025-02-22,"35","New Mexico","65-130",14
2025-02-22,"36","New York","0-130",389
2025-02-22,"36","New York","0-64",178
2025-02-22,"36","New York","65-130",211
2025-02-22,"37","North Carolina","0-130",203
2025-02-22,"37","North Carolina","0-64",111
2025-02-22,"37","North Carolina","65-130",92
2025-02-22,"38","North Dakota","0-130",46
2025-02-22,"38","North Dakota","0-64",37
2025-02-22,"38","North Dakota","65-130",9
2025-02-22,"39","Ohio","0-130",209
2025-02-22,"39","Ohio","0-64",125
2025-02-22,"39","Ohio","65-130",84
2025-02-22,"40","Oklahoma","0-130",128
2025-02-22,"40","Oklahoma","0-64",80
2025-02-22,"40","Oklahoma","65-130",48
2025-02-22,"41","Oregon","0-130",201
2025-02-22,"41","Oregon","0-64",135
2025-02-22,"41","Oregon","65-130",66
2025-02-22,"42","Pennsylvania","0-130",566
2025-02-22,"42","Pennsylvania","0-64",236
2025-02-22,"42","Pennsylvania","65-130",328
2025-02-22,"44","Rhode Island","0-130",11
2025-02-22,"44","Rhode Island","0-64",5
2025-02-22,"44","Rhode Island","65-130",6
2025-02-22,"45","South Carolina","0-130",75
2025-02-22,"45","South Carolina","0-64",33
2025-02-22,"45","South Carolina","65-130",42
2025-02-22,"46","South Dakota","0-130",34
2025-02-22,"46","South Dakota","0-64",29
2025-02-22,"46","South Dakota","65-130",5
2025-02-22,"47","Tennessee","0-130",94
2025-02-22,"47","Tennessee","0-64",53
2025-02-22,"47","Tennessee","65-130",41
2025-02-22,"48","Texas","0-130",344
2025-02-22,"48","Texas","0-64",220
2025-02-22,"48","Texas","65-130",124
2025-02-22,"US","US","0-130",7427
2025-02-22,"US","US","0-64",4421
2025-02-22,"US","US","65-130",2982
2025-02-22,"49","Utah","0-130",205
2025-02-22,"49","Utah","0-64",179
2025-02-22,"49","Utah","65-130",26
2025-02-22,"50","Vermont","0-130",7
2025-02-22,"50","Vermont","0-64",4
2025-02-22,"50","Vermont","65-130",3
2025-02-22,"78","Virgin Islands","0-130",0
2025-02-22,"78","Virgin Islands","0-64",0
2025-02-22,"78","Virgin Islands","65-130",0
2025-02-22,"51","Virginia","0-130",71
2025-02-22,"51","Virginia","0-64",33
2025-02-22,"51","Virginia","65-130",38
2025-02-22,"53","Washington","0-130",117
2025-02-22,"53","Washington","0-64",64
2025-02-22,"53","Washington","65-130",53
2025-02-22,"54","West Virginia","0-130",98
2025-02-22,"54","West Virginia","0-64",64
2025-02-22,"54","West Virginia","65-130",34
2025-02-22,"55","Wisconsin","0-130",190
2025-02-22,"55","Wisconsin","0-64",114
2025-02-22,"55","Wisconsin","65-130",73
2025-02-22,"56","Wyoming","0-130",NA
2025-02-22,"56","Wyoming","0-64",NA
2025-02-22,"56","Wyoming","65-130",NA
2025-03-01,"01","Alabama","0-130",46
2025-03-01,"01","Alabama","0-64",28
2025-03-01,"01","Alabama","65-130",18
2025-03-01,"02","Alaska","0-130",27
2025-03-01,"02","Alaska","0-64",20
2025-03-01,"02","Alaska","65-130",7
2025-03-01,"04","Arizona","0-130",356
2025-03-01,"04","Arizona","0-64",217
2025-03-01,"04","Arizona","65-130",138
2025-03-01,"05","Arkansas","0-130",53
2025-03-01,"05","Arkansas","0-64",38
2025-03-01,"05","Arkansas","65-130",15
2025-03-01,"06","California","0-130",532
2025-03-01,"06","California","0-64",340
2025-03-01,"06","California","65-130",187
2025-03-01,"08","Colorado","0-130",254
2025-03-01,"08","Colorado","0-64",205
2025-03-01,"08","Colorado","65-130",49
2025-03-01,"09","Connecticut","0-130",31
2025-03-01,"09","Connecticut","0-64",13
2025-03-01,"09","Connecticut","65-130",18
2025-03-01,"10","Delaware","0-130",11
2025-03-01,"10","Delaware","0-64",7
2025-03-01,"10","Delaware","65-130",4
2025-03-01,"11","District of Columbia","0-130",NA
2025-03-01,"11","District of Columbia","0-64",NA
2025-03-01,"11","District of Columbia","65-130",NA
2025-03-01,"12","Florida","0-130",272
2025-03-01,"12","Florida","0-64",123
2025-03-01,"12","Florida","65-130",149
2025-03-01,"13","Georgia","0-130",87
2025-03-01,"13","Georgia","0-64",50
2025-03-01,"13","Georgia","65-130",37
2025-03-01,"66","Guam","0-130",NA
2025-03-01,"66","Guam","0-64",NA
2025-03-01,"66","Guam","65-130",NA
2025-03-01,"15","Hawaii","0-130",18
2025-03-01,"15","Hawaii","0-64",12
2025-03-01,"15","Hawaii","65-130",6
2025-03-01,"16","Idaho","0-130",87
2025-03-01,"16","Idaho","0-64",50
2025-03-01,"16","Idaho","65-130",37
2025-03-01,"17","Illinois","0-130",306
2025-03-01,"17","Illinois","0-64",143
2025-03-01,"17","Illinois","65-130",158
2025-03-01,"18","Indiana","0-130",193
2025-03-01,"18","Indiana","0-64",105
2025-03-01,"18","Indiana","65-130",88
2025-03-01,"19","Iowa","0-130",104
2025-03-01,"19","Iowa","0-64",71
2025-03-01,"19","Iowa","65-130",33
2025-03-01,"20","Kansas","0-130",116
2025-03-01,"20","Kansas","0-64",59
2025-03-01,"20","Kansas","65-130",49
2025-03-01,"21","Kentucky","0-130",84
2025-03-01,"21","Kentucky","0-64",52
2025-03-01,"21","Kentucky","65-130",32
2025-03-01,"22","Louisiana","0-130",52
2025-03-01,"22","Louisiana","0-64",27
2025-03-01,"22","Louisiana","65-130",25
2025-03-01,"23","Maine","0-130",24
2025-03-01,"23","Maine","0-64",17
2025-03-01,"23","Maine","65-130",7
2025-03-01,"24","Maryland","0-130",34
2025-03-01,"24","Maryland","0-64",11
2025-03-01,"24","Maryland","65-130",23
2025-03-01,"25","Massachusetts","0-130",83
2025-03-01,"25","Massachusetts","0-64",25
2025-03-01,"25","Massachusetts","65-130",58
2025-03-01,"26","Michigan","0-130",348
2025-03-01,"26","Michigan","0-64",197
2025-03-01,"26","Michigan","65-130",140
2025-03-01,"27","Minnesota","0-130",194
2025-03-01,"27","Minnesota","0-64",134
2025-03-01,"27","Minnesota","65-130",60
2025-03-01,"28","Mississippi","0-130",25
2025-03-01,"28","Mississippi","0-64",13
2025-03-01,"28","Mississippi","65-130",12
2025-03-01,"29","Missouri","0-130",169
2025-03-01,"29","Missouri","0-64",95
2025-03-01,"29","Missouri","65-130",74
2025-03-01,"30","Montana","0-130",60
2025-03-01,"30","Montana","0-64",44
2025-03-01,"30","Montana","65-130",16
2025-03-01,"31","Nebraska","0-130",86
2025-03-01,"31","Nebraska","0-64",62
2025-03-01,"31","Nebraska","65-130",24
2025-03-01,"32","Nevada","0-130",72
2025-03-01,"32","Nevada","0-64",45
2025-03-01,"32","Nevada","65-130",27
2025-03-01,"33","New Hampshire","0-130",21
2025-03-01,"33","New Hampshire","0-64",11
2025-03-01,"33","New Hampshire","65-130",10
2025-03-01,"34","New Jersey","0-130",156
2025-03-01,"34","New Jersey","0-64",64
2025-03-01,"34","New Jersey","65-130",92
2025-03-01,"35","New Mexico","0-130",167
2025-03-01,"35","New Mexico","0-64",149
2025-03-01,"35","New Mexico","65-130",18
2025-03-01,"36","New York","0-130",290
2025-03-01,"36","New York","0-64",134
2025-03-01,"36","New York","65-130",156
2025-03-01,"37","North Carolina","0-130",219
2025-03-01,"37","North Carolina","0-64",110
2025-03-01,"37","North Carolina","65-130",109
2025-03-01,"38","North Dakota","0-130",52
2025-03-01,"38","North Dakota","0-64",40
2025-03-01,"38","North Dakota","65-130",12
2025-03-01,"69","Northern Mariana Islands","0-130",0
2025-03-01,"69","Northern Mariana Islands","0-64",0
2025-03-01,"69","Northern Mariana Islands","65-130",0
2025-03-01,"39","Ohio","0-130",185
2025-03-01,"39","Ohio","0-64",109
2025-03-01,"39","Ohio","65-130",76
2025-03-01,"40","Oklahoma","0-130",130
2025-03-01,"40","Oklahoma","0-64",77
2025-03-01,"40","Oklahoma","65-130",49
2025-03-01,"41","Oregon","0-130",138
2025-03-01,"41","Oregon","0-64",89
2025-03-01,"41","Oregon","65-130",49
2025-03-01,"42","Pennsylvania","0-130",492
2025-03-01,"42","Pennsylvania","0-64",208
2025-03-01,"42","Pennsylvania","65-130",282
2025-03-01,"72","Puerto Rico","0-130",NA
2025-03-01,"72","Puerto Rico","0-64",NA
2025-03-01,"72","Puerto Rico","65-130",NA
2025-03-01,"44","Rhode Island","0-130",20
2025-03-01,"44","Rhode Island","0-64",7
2025-03-01,"44","Rhode Island","65-130",13
2025-03-01,"45","South Carolina","0-130",51
2025-03-01,"45","South Carolina","0-64",28
2025-03-01,"45","South Carolina","65-130",23
2025-03-01,"46","South Dakota","0-130",44
2025-03-01,"46","South Dakota","0-64",37
2025-03-01,"46","South Dakota","65-130",7
2025-03-01,"47","Tennessee","0-130",77
2025-03-01,"47","Tennessee","0-64",37
2025-03-01,"47","Tennessee","65-130",40
2025-03-01,"48","Texas","0-130",335
2025-03-01,"48","Texas","0-64",217
2025-03-01,"48","Texas","65-130",118
2025-03-01,"US","US","0-130",6873
2025-03-01,"US","US","0-64",4023
2025-03-01,"US","US","65-130",2810
2025-03-01,"49","Utah","0-130",212
2025-03-01,"49","Utah","0-64",187
2025-03-01,"49","Utah","65-130",25
2025-03-01,"50","Vermont","0-130",5
2025-03-01,"50","Vermont","0-64",3
2025-03-01,"50","Vermont","65-130",2
2025-03-01,"78","Virgin Islands","0-130",0
2025-03-01,"78","Virgin Islands","0-64",0
2025-03-01,"78","Virgin Islands","65-130",0
2025-03-01,"51","Virginia","0-130",72
2025-03-01,"51","Virginia","0-64",32
2025-03-01,"51","Virginia","65-130",40
2025-03-01,"53","Washington","0-130",102
2025-03-01,"53","Washington","0-64",52
2025-03-01,"53","Washington","65-130",49
2025-03-01,"54","West Virginia","0-130",76
2025-03-01,"54","West Virginia","0-64",47
2025-03-01,"54","West Virginia","65-130",29
2025-03-01,"55","Wisconsin","0-130",223
2025-03-01,"55","Wisconsin","0-64",118
2025-03-01,"55","Wisconsin","65-130",102
2025-03-01,"56","Wyoming","0-130",37
2025-03-01,"56","Wyoming","0-64",24
2025-03-01,"56","Wyoming","65-130",13
2025-03-08,"01","Alabama","0-130",42
2025-03-08,"01","Alabama","0-64",21
2025-03-08,"01","Alabama","65-130",21
2025-03-08,"02","Alaska","0-130",19
2025-03-08,"02","Alaska","0-64",12
2025-03-08,"02","Alaska","65-130",7
2025-03-08,"60","American Samoa","0-130",NA
2025-03-08,"60","American Samoa","0-64",NA
2025-03-08,"60","American Samoa","65-130",NA
2025-03-08,"04","Arizona","0-130",303
2025-03-08,"04","Arizona","0-64",177
2025-03-08,"04","Arizona","65-130",124
2025-03-08,"05","Arkansas","0-130",45
2025-03-08,"05","Arkansas","0-64",23
2025-03-08,"05","Arkansas","65-130",22
2025-03-08,"06","California","0-130",439
2025-03-08,"06","California","0-64",257
2025-03-08,"06","California","65-130",176
2025-03-08,"08","Colorado","0-130",226
2025-03-08,"08","Colorado","0-64",174
2025-03-08,"08","Colorado","65-130",52
2025-03-08,"09","Connecticut","0-130",37
2025-03-08,"09","Connecticut","0-64",11
2025-03-08,"09","Connecticut","65-130",26
2025-03-08,"10","Delaware","0-130",13
2025-03-08,"10","Delaware","0-64",10
2025-03-08,"10","Delaware","65-130",3
2025-03-08,"11","District of Columbia","0-130",6
2025-03-08,"11","District of Columbia","0-64",2
2025-03-08,"11","District of Columbia","65-130",4
2025-03-08,"12","Florida","0-130",237
2025-03-08,"12","Florida","0-64",120
2025-03-08,"12","Florida","65-130",117
2025-03-08,"13","Georgia","0-130",79
2025-03-08,"13","Georgia","0-64",44
2025-03-08,"13","Georgia","65-130",35
2025-03-08,"66","Guam","0-130",0
2025-03-08,"66","Guam","0-64",0
2025-03-08,"66","Guam","65-130",0
2025-03-08,"15","Hawaii","0-130",11
2025-03-08,"15","Hawaii","0-64",8
2025-03-08,"15","Hawaii","65-130",3
2025-03-08,"16","Idaho","0-130",68
2025-03-08,"16","Idaho","0-64",44
2025-03-08,"16","Idaho","65-130",24
2025-03-08,"17","Illinois","0-130",253
2025-03-08,"17","Illinois","0-64",125
2025-03-08,"17","Illinois","65-130",127
2025-03-08,"18","Indiana","0-130",134
2025-03-08,"18","Indiana","0-64",79
2025-03-08,"18","Indiana","65-130",55
2025-03-08,"19","Iowa","0-130",76
2025-03-08,"19","Iowa","0-64",49
2025-03-08,"19","Iowa","65-130",27
2025-03-08,"20","Kansas","0-130",91
2025-03-08,"20","Kansas","0-64",48
2025-03-08,"20","Kansas","65-130",39
2025-03-08,"21","Kentucky","0-130",52
2025-03-08,"21","Kentucky","0-64",32
2025-03-08,"21","Kentucky","65-130",20
2025-03-08,"22","Louisiana","0-130",45
2025-03-08,"22","Louisiana","0-64",28
2025-03-08,"22","Louisiana","65-130",17
2025-03-08,"23","Maine","0-130",22
2025-03-08,"23","Maine","0-64",13
2025-03-08,"23","Maine","65-130",9
2025-03-08,"24","Maryland","0-130",33
2025-03-08,"24","Maryland","0-64",18
2025-03-08,"24","Maryland","65-130",15
2025-03-08,"25","Massachusetts","0-130",74
2025-03-08,"25","Massachusetts","0-64",17
2025-03-08,"25","Massachusetts","65-130",56
2025-03-08,"26","Michigan","0-130",215
2025-03-08,"26","Michigan","0-64",109
2025-03-08,"26","Michigan","65-130",100
2025-03-08,"27","Minnesota","0-130",195
2025-03-08,"27","Minnesota","0-64",125
2025-03-08,"27","Minnesota","65-130",70
2025-03-08,"28","Mississippi","0-130",29
2025-03-08,"28","Mississippi","0-64",18
2025-03-08,"28","Mississippi","65-130",11
2025-03-08,"29","Missouri","0-130",168
2025-03-08,"29","Missouri","0-64",83
2025-03-08,"29","Missouri","65-130",85
2025-03-08,"30","Montana","0-130",59
2025-03-08,"30","Montana","0-64",33
2025-03-08,"30","Montana","65-130",25
2025-03-08,"31","Nebraska","0-130",82
2025-03-08,"31","Nebraska","0-64",55
2025-03-08,"31","Nebraska","65-130",27
2025-03-08,"32","Nevada","0-130",58
2025-03-08,"32","Nevada","0-64",32
2025-03-08,"32","Nevada","65-130",26
2025-03-08,"33","New Hampshire","0-130",20
2025-03-08,"33","New Hampshire","0-64",11
2025-03-08,"33","New Hampshire","65-130",9
2025-03-08,"34","New Jersey","0-130",141
2025-03-08,"34","New Jersey","0-64",54
2025-03-08,"34","New Jersey","65-130",87
2025-03-08,"35","New Mexico","0-130",173
2025-03-08,"35","New Mexico","0-64",143
2025-03-08,"35","New Mexico","65-130",30
2025-03-08,"36","New York","0-130",329
2025-03-08,"36","New York","0-64",149
2025-03-08,"36","New York","65-130",180
2025-03-08,"37","North Carolina","0-130",194
2025-03-08,"37","North Carolina","0-64",88
2025-03-08,"37","North Carolina","65-130",106
2025-03-08,"38","North Dakota","0-130",43
2025-03-08,"38","North Dakota","0-64",35
2025-03-08,"38","North Dakota","65-130",8
2025-03-08,"69","Northern Mariana Islands","0-130",0
2025-03-08,"69","Northern Mariana Islands","0-64",0
2025-03-08,"69","Northern Mariana Islands","65-130",0
2025-03-08,"39","Ohio","0-130",184
2025-03-08,"39","Ohio","0-64",113
2025-03-08,"39","Ohio","65-130",71
2025-03-08,"40","Oklahoma","0-130",112
2025-03-08,"40","Oklahoma","0-64",53
2025-03-08,"40","Oklahoma","65-130",59
2025-03-08,"41","Oregon","0-130",135
2025-03-08,"41","Oregon","0-64",79
2025-03-08,"41","Oregon","65-130",56
2025-03-08,"42","Pennsylvania","0-130",496
2025-03-08,"42","Pennsylvania","0-64",241
2025-03-08,"42","Pennsylvania","65-130",254
2025-03-08,"72","Puerto Rico","0-130",32
2025-03-08,"72","Puerto Rico","0-64",24
2025-03-08,"72","Puerto Rico","65-130",3
2025-03-08,"44","Rhode Island","0-130",18
2025-03-08,"44","Rhode Island","0-64",9
2025-03-08,"44","Rhode Island","65-130",9
2025-03-08,"45","South Carolina","0-130",42
2025-03-08,"45","South Carolina","0-64",22
2025-03-08,"45","South Carolina","65-130",20
2025-03-08,"46","South Dakota","0-130",52
2025-03-08,"46","South Dakota","0-64",40
2025-03-08,"46","South Dakota","65-130",12
2025-03-08,"47","Tennessee","0-130",76
2025-03-08,"47","Tennessee","0-64",33
2025-03-08,"47","Tennessee","65-130",43
2025-03-08,"48","Texas","0-130",326
2025-03-08,"48","Texas","0-64",225
2025-03-08,"48","Texas","65-130",100
2025-03-08,"US","US","0-130",6154
2025-03-08,"US","US","0-64",3479
2025-03-08,"US","US","65-130",2645
2025-03-08,"49","Utah","0-130",169
2025-03-08,"49","Utah","0-64",133
2025-03-08,"49","Utah","65-130",36
2025-03-08,"50","Vermont","0-130",13
2025-03-08,"50","Vermont","0-64",5
2025-03-08,"50","Vermont","65-130",8
2025-03-08,"78","Virgin Islands","0-130",0
2025-03-08,"78","Virgin Islands","0-64",0
2025-03-08,"78","Virgin Islands","65-130",0
2025-03-08,"51","Virginia","0-130",64
2025-03-08,"51","Virginia","0-64",37
2025-03-08,"51","Virginia","65-130",27
2025-03-08,"53","Washington","0-130",102
2025-03-08,"53","Washington","0-64",42
2025-03-08,"53","Washington","65-130",58
2025-03-08,"54","West Virginia","0-130",78
2025-03-08,"54","West Virginia","0-64",57
2025-03-08,"54","West Virginia","65-130",21
2025-03-08,"55","Wisconsin","0-130",185
2025-03-08,"55","Wisconsin","0-64",87
2025-03-08,"55","Wisconsin","65-130",98
2025-03-08,"56","Wyoming","0-130",NA
2025-03-08,"56","Wyoming","0-64",NA
2025-03-08,"56","Wyoming","65-130",NA
2025-03-15,"01","Alabama","0-130",43
2025-03-15,"01","Alabama","0-64",24
2025-03-15,"01","Alabama","65-130",19
2025-03-15,"02","Alaska","0-130",12
2025-03-15,"02","Alaska","0-64",7
2025-03-15,"02","Alaska","65-130",5
2025-03-15,"60","American Samoa","0-130",8
2025-03-15,"60","American Samoa","0-64",7
2025-03-15,"60","American Samoa","65-130",1
2025-03-15,"04","Arizona","0-130",279
2025-03-15,"04","Arizona","0-64",164
2025-03-15,"04","Arizona","65-130",115
2025-03-15,"05","Arkansas","0-130",47
2025-03-15,"05","Arkansas","0-64",25
2025-03-15,"05","Arkansas","65-130",22
2025-03-15,"06","California","0-130",388
2025-03-15,"06","California","0-64",219
2025-03-15,"06","California","65-130",166
2025-03-15,"08","Colorado","0-130",181
2025-03-15,"08","Colorado","0-64",119
2025-03-15,"08","Colorado","65-130",62
2025-03-15,"09","Connecticut","0-130",26
2025-03-15,"09","Connecticut","0-64",13
2025-03-15,"09","Connecticut","65-130",13
2025-03-15,"10","Delaware","0-130",10
2025-03-15,"10","Delaware","0-64",7
2025-03-15,"10","Delaware","65-130",3
2025-03-15,"11","District of Columbia","0-130",4
2025-03-15,"11","District of Columbia","0-64",0
2025-03-15,"11","District of Columbia","65-130",4
2025-03-15,"12","Florida","0-130",230
2025-03-15,"12","Florida","0-64",107
2025-03-15,"12","Florida","65-130",123
2025-03-15,"13","Georgia","0-130",74
2025-03-15,"13","Georgia","0-64",40
2025-03-15,"13","Georgia","65-130",34
2025-03-15,"15","Hawaii","0-130",10
2025-03-15,"15","Hawaii","0-64",7
2025-03-15,"15","Hawaii","65-130",3
2025-03-15,"16","Idaho","0-130",68
2025-03-15,"16","Idaho","0-64",40
2025-03-15,"16","Idaho","65-130",28
2025-03-15,"17","Illinois","0-130",240
2025-03-15,"17","Illinois","0-64",90
2025-03-15,"17","Illinois","65-130",150
2025-03-15,"18","Indiana","0-130",146
2025-03-15,"18","Indiana","0-64",86
2025-03-15,"18","Indiana","65-130",60
2025-03-15,"19","Iowa","0-130",79
2025-03-15,"19","Iowa","0-64",46
2025-03-15,"19","Iowa","65-130",33
2025-03-15,"20","Kansas","0-130",94
2025-03-15,"20","Kansas","0-64",44
2025-03-15,"20","Kansas","65-130",48
2025-03-15,"21","Kentucky","0-130",75
2025-03-15,"21","Kentucky","0-64",38
2025-03-15,"21","Kentucky","65-130",37
2025-03-15,"22","Louisiana","0-130",37
2025-03-15,"22","Louisiana","0-64",17
2025-03-15,"22","Louisiana","65-130",20
2025-03-15,"23","Maine","0-130",22
2025-03-15,"23","Maine","0-64",13
2025-03-15,"23","Maine","65-130",9
2025-03-15,"24","Maryland","0-130",19
2025-03-15,"24","Maryland","0-64",10
2025-03-15,"24","Maryland","65-130",9
2025-03-15,"25","Massachusetts","0-130",70
2025-03-15,"25","Massachusetts","0-64",21
2025-03-15,"25","Massachusetts","65-130",49
2025-03-15,"26","Michigan","0-130",191
2025-03-15,"26","Michigan","0-64",91
2025-03-15,"26","Michigan","65-130",99
2025-03-15,"27","Minnesota","0-130",167
2025-03-15,"27","Minnesota","0-64",95
2025-03-15,"27","Minnesota","65-130",72
2025-03-15,"28","Mississippi","0-130",38
2025-03-15,"28","Mississippi","0-64",21
2025-03-15,"28","Mississippi","65-130",17
2025-03-15,"29","Missouri","0-130",145
2025-03-15,"29","Missouri","0-64",73
2025-03-15,"29","Missouri","65-130",72
2025-03-15,"30","Montana","0-130",63
2025-03-15,"30","Montana","0-64",45
2025-03-15,"30","Montana","65-130",18
2025-03-15,"31","Nebraska","0-130",72
2025-03-15,"31","Nebraska","0-64",51
2025-03-15,"31","Nebraska","65-130",21
2025-03-15,"32","Nevada","0-130",59
2025-03-15,"32","Nevada","0-64",28
2025-03-15,"32","Nevada","65-130",31
2025-03-15,"33","New Hampshire","0-130",23
2025-03-15,"33","New Hampshire","0-64",8
2025-03-15,"33","New Hampshire","65-130",15
2025-03-15,"34","New Jersey","0-130",114
2025-03-15,"34","New Jersey","0-64",52
2025-03-15,"34","New Jersey","65-130",62
2025-03-15,"35","New Mexico","0-130",96
2025-03-15,"35","New Mexico","0-64",82
2025-03-15,"35","New Mexico","65-130",14
2025-03-15,"36","New York","0-130",257
2025-03-15,"36","New York","0-64",121
2025-03-15,"36","New York","65-130",135
2025-03-15,"37","North Carolina","0-130",163
2025-03-15,"37","North Carolina","0-64",85
2025-03-15,"37","North Carolina","65-130",78
2025-03-15,"38","North Dakota","0-130",43
2025-03-15,"38","North Dakota","0-64",29
2025-03-15,"38","North Dakota","65-130",14
2025-03-15,"69","Northern Mariana Islands","0-130",0
2025-03-15,"69","Northern Mariana Islands","0-64",0
2025-03-15,"69","Northern Mariana Islands","65-130",0
2025-03-15,"39","Ohio","0-130",191
2025-03-15,"39","Ohio","0-64",136
2025-03-15,"39","Ohio","65-130",55
2025-03-15,"40","Oklahoma","0-130",78
2025-03-15,"40","Oklahoma","0-64",42
2025-03-15,"40","Oklahoma","65-130",36
2025-03-15,"41","Oregon","0-130",109
2025-03-15,"41","Oregon","0-64",58
2025-03-15,"41","Oregon","65-130",51
2025-03-15,"42","Pennsylvania","0-130",404
2025-03-15,"42","Pennsylvania","0-64",165
2025-03-15,"42","Pennsylvania","65-130",234
2025-03-15,"72","Puerto Rico","0-130",31
2025-03-15,"72","Puerto Rico","0-64",31
2025-03-15,"72","Puerto Rico","65-130",0
2025-03-15,"44","Rhode Island","0-130",17
2025-03-15,"44","Rhode Island","0-64",9
2025-03-15,"44","Rhode Island","65-130",8
2025-03-15,"45","South Carolina","0-130",41
2025-03-15,"45","South Carolina","0-64",21
2025-03-15,"45","South Carolina","65-130",20
2025-03-15,"46","South Dakota","0-130",46
2025-03-15,"46","South Dakota","0-64",38
2025-03-15,"46","South Dakota","65-130",8
2025-03-15,"47","Tennessee","0-130",66
2025-03-15,"47","Tennessee","0-64",30
2025-03-15,"47","Tennessee","65-130",36
2025-03-15,"48","Texas","0-130",298
2025-03-15,"48","Texas","0-64",192
2025-03-15,"48","Texas","65-130",106
2025-03-15,"US","US","0-130",5463
2025-03-15,"US","US","0-64",2989
2025-03-15,"US","US","65-130",2461
2025-03-15,"49","Utah","0-130",133
2025-03-15,"49","Utah","0-64",109
2025-03-15,"49","Utah","65-130",24
2025-03-15,"50","Vermont","0-130",8
2025-03-15,"50","Vermont","0-64",2
2025-03-15,"50","Vermont","65-130",6
2025-03-15,"78","Virgin Islands","0-130",0
2025-03-15,"78","Virgin Islands","0-64",0
2025-03-15,"78","Virgin Islands","65-130",0
2025-03-15,"51","Virginia","0-130",50
2025-03-15,"51","Virginia","0-64",16
2025-03-15,"51","Virginia","65-130",34
2025-03-15,"53","Washington","0-130",90
2025-03-15,"53","Washington","0-64",46
2025-03-15,"53","Washington","65-130",43
2025-03-15,"54","West Virginia","0-130",91
2025-03-15,"54","West Virginia","0-64",51
2025-03-15,"54","West Virginia","65-130",40
2025-03-15,"55","Wisconsin","0-130",159
2025-03-15,"55","Wisconsin","0-64",78
2025-03-15,"55","Wisconsin","65-130",81
2025-03-15,"56","Wyoming","0-130",58
2025-03-15,"56","Wyoming","0-64",40
2025-03-15,"56","Wyoming","65-130",18
2025-03-22,"01","Alabama","0-130",38
2025-03-22,"01","Alabama","0-64",28
2025-03-22,"01","Alabama","65-130",10
2025-03-22,"02","Alaska","0-130",19
2025-03-22,"02","Alaska","0-64",7
2025-03-22,"02","Alaska","65-130",12
2025-03-22,"60","American Samoa","0-130",8
2025-03-22,"60","American Samoa","0-64",8
2025-03-22,"60","American Samoa","65-130",0
2025-03-22,"04","Arizona","0-130",153
2025-03-22,"04","Arizona","0-64",65
2025-03-22,"04","Arizona","65-130",86
2025-03-22,"05","Arkansas","0-130",46
2025-03-22,"05","Arkansas","0-64",22
2025-03-22,"05","Arkansas","65-130",24
2025-03-22,"06","California","0-130",349
2025-03-22,"06","California","0-64",205
2025-03-22,"06","California","65-130",141
2025-03-22,"08","Colorado","0-130",149
2025-03-22,"08","Colorado","0-64",111
2025-03-22,"08","Colorado","65-130",38
2025-03-22,"09","Connecticut","0-130",25
2025-03-22,"09","Connecticut","0-64",11
2025-03-22,"09","Connecticut","65-130",14
2025-03-22,"10","Delaware","0-130",13
2025-03-22,"10","Delaware","0-64",12
2025-03-22,"10","Delaware","65-130",1
2025-03-22,"12","Florida","0-130",230
2025-03-22,"12","Florida","0-64",122
2025-03-22,"12","Florida","65-130",108
2025-03-22,"13","Georgia","0-130",45
2025-03-22,"13","Georgia","0-64",24
2025-03-22,"13","Georgia","65-130",21
2025-03-22,"15","Hawaii","0-130",8
2025-03-22,"15","Hawaii","0-64",3
2025-03-22,"15","Hawaii","65-130",5
2025-03-22,"16","Idaho","0-130",49
2025-03-22,"16","Idaho","0-64",27
2025-03-22,"16","Idaho","65-130",22
2025-03-22,"17","Illinois","0-130",209
2025-03-22,"17","Illinois","0-64",84
2025-03-22,"17","Illinois","65-130",125
2025-03-22,"18","Indiana","0-130",95
2025-03-22,"18","Indiana","0-64",47
2025-03-22,"18","Indiana","65-130",48
2025-03-22,"19","Iowa","0-130",62
2025-03-22,"19","Iowa","0-64",44
2025-03-22,"19","Iowa","65-130",18
2025-03-22,"20","Kansas","0-130",61
2025-03-22,"20","Kansas","0-64",28
2025-03-22,"20","Kansas","65-130",31
2025-03-22,"21","Kentucky","0-130",62
2025-03-22,"21","Kentucky","0-64",25
2025-03-22,"21","Kentucky","65-130",37
2025-03-22,"22","Louisiana","0-130",45
2025-03-22,"22","Louisiana","0-64",18
2025-03-22,"22","Louisiana","65-130",27
2025-03-22,"23","Maine","0-130",23
2025-03-22,"23","Maine","0-64",15
2025-03-22,"23","Maine","65-130",8
2025-03-22,"24","Maryland","0-130",24
2025-03-22,"24","Maryland","0-64",10
2025-03-22,"24","Maryland","65-130",14
2025-03-22,"25","Massachusetts","0-130",46
2025-03-22,"25","Massachusetts","0-64",13
2025-03-22,"25","Massachusetts","65-130",33
2025-03-22,"26","Michigan","0-130",177
2025-03-22,"26","Michigan","0-64",87
2025-03-22,"26","Michigan","65-130",90
2025-03-22,"27","Minnesota","0-130",140
2025-03-22,"27","Minnesota","0-64",75
2025-03-22,"27","Minnesota","65-130",65
2025-03-22,"28","Mississippi","0-130",23
2025-03-22,"28","Mississippi","0-64",20
2025-03-22,"28","Mississippi","65-130",3
2025-03-22,"29","Missouri","0-130",138
2025-03-22,"29","Missouri","0-64",68
2025-03-22,"29","Missouri","65-130",70
2025-03-22,"30","Montana","0-130",54
2025-03-22,"30","Montana","0-64",36
2025-03-22,"30","Montana","65-130",18
2025-03-22,"31","Nebraska","0-130",67
2025-03-22,"31","Nebraska","0-64",40
2025-03-22,"31","Nebraska","65-130",27
2025-03-22,"32","Nevada","0-130",36
2025-03-22,"32","Nevada","0-64",24
2025-03-22,"32","Nevada","65-130",12
2025-03-22,"33","New Hampshire","0-130",26
2025-03-22,"33","New Hampshire","0-64",10
2025-03-22,"33","New Hampshire","65-130",16
2025-03-22,"34","New Jersey","0-130",101
2025-03-22,"34","New Jersey","0-64",42
2025-03-22,"34","New Jersey","65-130",59
2025-03-22,"35","New Mexico","0-130",67
2025-03-22,"35","New Mexico","0-64",53
2025-03-22,"35","New Mexico","65-130",14
2025-03-22,"36","New York","0-130",240
2025-03-22,"36","New York","0-64",109
2025-03-22,"36","New York","65-130",131
2025-03-22,"37","North Carolina","0-130",139
2025-03-22,"37","North Carolina","0-64",67
2025-03-22,"37","North Carolina","65-130",72
2025-03-22,"38","North Dakota","0-130",39
2025-03-22,"38","North Dakota","0-64",25
2025-03-22,"38","North Dakota","65-130",14
2025-03-22,"69","Northern Mariana Islands","0-130",0
2025-03-22,"69","Northern Mariana Islands","0-64",0
2025-03-22,"69","Northern Mariana Islands","65-130",0
2025-03-22,"39","Ohio","0-130",178
2025-03-22,"39","Ohio","0-64",120
2025-03-22,"39","Ohio","65-130",58
2025-03-22,"40","Oklahoma","0-130",60
2025-03-22,"40","Oklahoma","0-64",35
2025-03-22,"40","Oklahoma","65-130",25
2025-03-22,"41","Oregon","0-130",93
2025-03-22,"41","Oregon","0-64",50
2025-03-22,"41","Oregon","65-130",43
2025-03-22,"42","Pennsylvania","0-130",376
2025-03-22,"42","Pennsylvania","0-64",170
2025-03-22,"42","Pennsylvania","65-130",206
2025-03-22,"44","Rhode Island","0-130",18
2025-03-22,"44","Rhode Island","0-64",7
2025-03-22,"44","Rhode Island","65-130",11
2025-03-22,"45","South Carolina","0-130",37
2025-03-22,"45","South Carolina","0-64",19
2025-03-22,"45","South Carolina","65-130",18
2025-03-22,"46","South Dakota","0-130",43
2025-03-22,"46","South Dakota","0-64",36
2025-03-22,"46","South Dakota","65-130",7
2025-03-22,"47","Tennessee","0-130",63
2025-03-22,"47","Tennessee","0-64",38
2025-03-22,"47","Tennessee","65-130",25
2025-03-22,"48","Texas","0-130",219
2025-03-22,"48","Texas","0-64",145
2025-03-22,"48","Texas","65-130",74
2025-03-22,"US","US","0-130",4597
2025-03-22,"US","US","0-64",2510
2025-03-22,"US","US","65-130",2079
2025-03-22,"49","Utah","0-130",127
2025-03-22,"49","Utah","0-64",101
2025-03-22,"49","Utah","65-130",26
2025-03-22,"50","Vermont","0-130",4
2025-03-22,"50","Vermont","0-64",2
2025-03-22,"50","Vermont","65-130",2
2025-03-22,"78","Virgin Islands","0-130",1
2025-03-22,"78","Virgin Islands","0-64",1
2025-03-22,"78","Virgin Islands","65-130",0
2025-03-22,"51","Virginia","0-130",39
2025-03-22,"51","Virginia","0-64",14
2025-03-22,"51","Virginia","65-130",25
2025-03-22,"53","Washington","0-130",81
2025-03-22,"53","Washington","0-64",38
2025-03-22,"53","Washington","65-130",42
2025-03-22,"54","West Virginia","0-130",67
2025-03-22,"54","West Virginia","0-64",40
2025-03-22,"54","West Virginia","65-130",27
2025-03-22,"55","Wisconsin","0-130",118
2025-03-22,"55","Wisconsin","0-64",61
2025-03-22,"55","Wisconsin","65-130",57
2025-03-22,"56","Wyoming","0-130",47
2025-03-22,"56","Wyoming","0-64",29
2025-03-22,"56","Wyoming","65-130",18
2025-03-29,"01","Alabama","0-130",34
2025-03-29,"01","Alabama","0-64",21
2025-03-29,"01","Alabama","65-130",13
2025-03-29,"02","Alaska","0-130",2
2025-03-29,"02","Alaska","0-64",0
2025-03-29,"02","Alaska","65-130",2
2025-03-29,"60","American Samoa","0-130",3
2025-03-29,"60","American Samoa","0-64",3
2025-03-29,"60","American Samoa","65-130",0
2025-03-29,"04","Arizona","0-130",150
2025-03-29,"04","Arizona","0-64",66
2025-03-29,"04","Arizona","65-130",84
2025-03-29,"05","Arkansas","0-130",42
2025-03-29,"05","Arkansas","0-64",22
2025-03-29,"05","Arkansas","65-130",20
2025-03-29,"06","California","0-130",251
2025-03-29,"06","California","0-64",159
2025-03-29,"06","California","65-130",91
2025-03-29,"08","Colorado","0-130",151
2025-03-29,"08","Colorado","0-64",91
2025-03-29,"08","Colorado","65-130",60
2025-03-29,"09","Connecticut","0-130",24
2025-03-29,"09","Connecticut","0-64",10
2025-03-29,"09","Connecticut","65-130",14
2025-03-29,"12","Florida","0-130",166
2025-03-29,"12","Florida","0-64",81
2025-03-29,"12","Florida","65-130",85
2025-03-29,"13","Georgia","0-130",35
2025-03-29,"13","Georgia","0-64",19
2025-03-29,"13","Georgia","65-130",16
2025-03-29,"66","Guam","0-130",NA
2025-03-29,"66","Guam","0-64",NA
2025-03-29,"66","Guam","65-130",NA
2025-03-29,"15","Hawaii","0-130",11
2025-03-29,"15","Hawaii","0-64",8
2025-03-29,"15","Hawaii","65-130",3
2025-03-29,"16","Idaho","0-130",48
2025-03-29,"16","Idaho","0-64",33
2025-03-29,"16","Idaho","65-130",15
2025-03-29,"17","Illinois","0-130",155
2025-03-29,"17","Illinois","0-64",68
2025-03-29,"17","Illinois","65-130",87
2025-03-29,"18","Indiana","0-130",60
2025-03-29,"18","Indiana","0-64",31
2025-03-29,"18","Indiana","65-130",29
2025-03-29,"19","Iowa","0-130",47
2025-03-29,"19","Iowa","0-64",30
2025-03-29,"19","Iowa","65-130",17
2025-03-29,"20","Kansas","0-130",52
2025-03-29,"20","Kansas","0-64",23
2025-03-29,"20","Kansas","65-130",28
2025-03-29,"21","Kentucky","0-130",67
2025-03-29,"21","Kentucky","0-64",36
2025-03-29,"21","Kentucky","65-130",31
2025-03-29,"22","Louisiana","0-130",22
2025-03-29,"22","Louisiana","0-64",16
2025-03-29,"22","Louisiana","65-130",6
2025-03-29,"23","Maine","0-130",16
2025-03-29,"23","Maine","0-64",7
2025-03-29,"23","Maine","65-130",9
2025-03-29,"24","Maryland","0-130",29
2025-03-29,"24","Maryland","0-64",14
2025-03-29,"24","Maryland","65-130",15
2025-03-29,"25","Massachusetts","0-130",45
2025-03-29,"25","Massachusetts","0-64",13
2025-03-29,"25","Massachusetts","65-130",32
2025-03-29,"26","Michigan","0-130",161
2025-03-29,"26","Michigan","0-64",72
2025-03-29,"26","Michigan","65-130",89
2025-03-29,"27","Minnesota","0-130",119
2025-03-29,"27","Minnesota","0-64",59
2025-03-29,"27","Minnesota","65-130",60
2025-03-29,"28","Mississippi","0-130",6
2025-03-29,"28","Mississippi","0-64",4
2025-03-29,"28","Mississippi","65-130",2
2025-03-29,"29","Missouri","0-130",100
2025-03-29,"29","Missouri","0-64",46
2025-03-29,"29","Missouri","65-130",54
2025-03-29,"30","Montana","0-130",54
2025-03-29,"30","Montana","0-64",37
2025-03-29,"30","Montana","65-130",14
2025-03-29,"31","Nebraska","0-130",67
2025-03-29,"31","Nebraska","0-64",41
2025-03-29,"31","Nebraska","65-130",26
2025-03-29,"32","Nevada","0-130",26
2025-03-29,"32","Nevada","0-64",17
2025-03-29,"32","Nevada","65-130",9
2025-03-29,"33","New Hampshire","0-130",7
2025-03-29,"33","New Hampshire","0-64",3
2025-03-29,"33","New Hampshire","65-130",4
2025-03-29,"34","New Jersey","0-130",81
2025-03-29,"34","New Jersey","0-64",25
2025-03-29,"34","New Jersey","65-130",56
2025-03-29,"35","New Mexico","0-130",46
2025-03-29,"35","New Mexico","0-64",36
2025-03-29,"35","New Mexico","65-130",10
2025-03-29,"36","New York","0-130",195
2025-03-29,"36","New York","0-64",94
2025-03-29,"36","New York","65-130",101
2025-03-29,"37","North Carolina","0-130",113
2025-03-29,"37","North Carolina","0-64",59
2025-03-29,"37","North Carolina","65-130",54
2025-03-29,"38","North Dakota","0-130",27
2025-03-29,"38","North Dakota","0-64",15
2025-03-29,"38","North Dakota","65-130",12
2025-03-29,"69","Northern Mariana Islands","0-130",0
2025-03-29,"69","Northern Mariana Islands","0-64",0
2025-03-29,"69","Northern Mariana Islands","65-130",0
2025-03-29,"39","Ohio","0-130",115
2025-03-29,"39","Ohio","0-64",58
2025-03-29,"39","Ohio","65-130",57
2025-03-29,"40","Oklahoma","0-130",43
2025-03-29,"40","Oklahoma","0-64",15
2025-03-29,"40","Oklahoma","65-130",28
2025-03-29,"41","Oregon","0-130",77
2025-03-29,"41","Oregon","0-64",38
2025-03-29,"41","Oregon","65-130",39
2025-03-29,"42","Pennsylvania","0-130",331
2025-03-29,"42","Pennsylvania","0-64",131
2025-03-29,"42","Pennsylvania","65-130",197
2025-03-29,"44","Rhode Island","0-130",14
2025-03-29,"44","Rhode Island","0-64",5
2025-03-29,"44","Rhode Island","65-130",9
2025-03-29,"45","South Carolina","0-130",28
2025-03-29,"45","South Carolina","0-64",16
2025-03-29,"45","South Carolina","65-130",12
2025-03-29,"46","South Dakota","0-130",37
2025-03-29,"46","South Dakota","0-64",30
2025-03-29,"46","South Dakota","65-130",7
2025-03-29,"47","Tennessee","0-130",46
2025-03-29,"47","Tennessee","0-64",29
2025-03-29,"47","Tennessee","65-130",17
2025-03-29,"48","Texas","0-130",156
2025-03-29,"48","Texas","0-64",90
2025-03-29,"48","Texas","65-130",66
2025-03-29,"US","US","0-130",3666
2025-03-29,"US","US","0-64",1909
2025-03-29,"US","US","65-130",1743
2025-03-29,"49","Utah","0-130",76
2025-03-29,"49","Utah","0-64",63
2025-03-29,"49","Utah","65-130",13
2025-03-29,"50","Vermont","0-130",9
2025-03-29,"50","Vermont","0-64",3
2025-03-29,"50","Vermont","65-130",6
2025-03-29,"78","Virgin Islands","0-130",0
2025-03-29,"78","Virgin Islands","0-64",0
2025-03-29,"78","Virgin Islands","65-130",0
2025-03-29,"51","Virginia","0-130",41
2025-03-29,"51","Virginia","0-64",13
2025-03-29,"51","Virginia","65-130",28
2025-03-29,"53","Washington","0-130",55
2025-03-29,"53","Washington","0-64",24
2025-03-29,"53","Washington","65-130",30
2025-03-29,"54","West Virginia","0-130",56
2025-03-29,"54","West Virginia","0-64",34
2025-03-29,"54","West Virginia","65-130",21
2025-03-29,"55","Wisconsin","0-130",105
2025-03-29,"55","Wisconsin","0-64",47
2025-03-29,"55","Wisconsin","65-130",54
2025-04-05,"01","Alabama","0-130",28
2025-04-05,"01","Alabama","0-64",20
2025-04-05,"01","Alabama","65-130",8
2025-04-05,"02","Alaska","0-130",14
2025-04-05,"02","Alaska","0-64",7
2025-04-05,"02","Alaska","65-130",7
2025-04-05,"04","Arizona","0-130",56
2025-04-05,"04","Arizona","0-64",26
2025-04-05,"04","Arizona","65-130",30
2025-04-05,"05","Arkansas","0-130",28
2025-04-05,"05","Arkansas","0-64",16
2025-04-05,"05","Arkansas","65-130",12
2025-04-05,"06","California","0-130",203
2025-04-05,"06","California","0-64",108
2025-04-05,"06","California","65-130",91
2025-04-05,"08","Colorado","0-130",104
2025-04-05,"08","Colorado","0-64",68
2025-04-05,"08","Colorado","65-130",36
2025-04-05,"09","Connecticut","0-130",24
2025-04-05,"09","Connecticut","0-64",8
2025-04-05,"09","Connecticut","65-130",16
2025-04-05,"12","Florida","0-130",153
2025-04-05,"12","Florida","0-64",72
2025-04-05,"12","Florida","65-130",81
2025-04-05,"13","Georgia","0-130",40
2025-04-05,"13","Georgia","0-64",26
2025-04-05,"13","Georgia","65-130",14
2025-04-05,"66","Guam","0-130",0
2025-04-05,"66","Guam","0-64",0
2025-04-05,"66","Guam","65-130",0
2025-04-05,"15","Hawaii","0-130",5
2025-04-05,"15","Hawaii","0-64",3
2025-04-05,"15","Hawaii","65-130",2
2025-04-05,"16","Idaho","0-130",36
2025-04-05,"16","Idaho","0-64",24
2025-04-05,"16","Idaho","65-130",12
2025-04-05,"17","Illinois","0-130",182
2025-04-05,"17","Illinois","0-64",98
2025-04-05,"17","Illinois","65-130",75
2025-04-05,"18","Indiana","0-130",65
2025-04-05,"18","Indiana","0-64",35
2025-04-05,"18","Indiana","65-130",30
2025-04-05,"19","Iowa","0-130",23
2025-04-05,"19","Iowa","0-64",12
2025-04-05,"19","Iowa","65-130",11
2025-04-05,"20","Kansas","0-130",32
2025-04-05,"20","Kansas","0-64",13
2025-04-05,"20","Kansas","65-130",17
2025-04-05,"21","Kentucky","0-130",55
2025-04-05,"21","Kentucky","0-64",30
2025-04-05,"21","Kentucky","65-130",25
2025-04-05,"22","Louisiana","0-130",22
2025-04-05,"22","Louisiana","0-64",11
2025-04-05,"22","Louisiana","65-130",11
2025-04-05,"23","Maine","0-130",10
2025-04-05,"23","Maine","0-64",7
2025-04-05,"23","Maine","65-130",3
2025-04-05,"24","Maryland","0-130",15
2025-04-05,"24","Maryland","0-64",8
2025-04-05,"24","Maryland","65-130",7
2025-04-05,"25","Massachusetts","0-130",44
2025-04-05,"25","Massachusetts","0-64",22
2025-04-05,"25","Massachusetts","65-130",22
2025-04-05,"26","Michigan","0-130",127
2025-04-05,"26","Michigan","0-64",50
2025-04-05,"26","Michigan","65-130",76
2025-04-05,"27","Minnesota","0-130",97
2025-04-05,"27","Minnesota","0-64",51
2025-04-05,"27","Minnesota","65-130",46
2025-04-05,"28","Mississippi","0-130",8
2025-04-05,"28","Mississippi","0-64",5
2025-04-05,"28","Mississippi","65-130",3
2025-04-05,"29","Missouri","0-130",78
2025-04-05,"29","Missouri","0-64",32
2025-04-05,"29","Missouri","65-130",46
2025-04-05,"30","Montana","0-130",44
2025-04-05,"30","Montana","0-64",26
2025-04-05,"30","Montana","65-130",18
2025-04-05,"31","Nebraska","0-130",33
2025-04-05,"31","Nebraska","0-64",19
2025-04-05,"31","Nebraska","65-130",14
2025-04-05,"32","Nevada","0-130",25
2025-04-05,"32","Nevada","0-64",18
2025-04-05,"32","Nevada","65-130",7
2025-04-05,"33","New Hampshire","0-130",8
2025-04-05,"33","New Hampshire","0-64",2
2025-04-05,"33","New Hampshire","65-130",6
2025-04-05,"34","New Jersey","0-130",72
2025-04-05,"34","New Jersey","0-64",28
2025-04-05,"34","New Jersey","65-130",44
2025-04-05,"35","New Mexico","0-130",44
2025-04-05,"35","New Mexico","0-64",30
2025-04-05,"35","New Mexico","65-130",14
2025-04-05,"36","New York","0-130",171
2025-04-05,"36","New York","0-64",88
2025-04-05,"36","New York","65-130",83
2025-04-05,"37","North Carolina","0-130",106
2025-04-05,"37","North Carolina","0-64",54
2025-04-05,"37","North Carolina","65-130",52
2025-04-05,"38","North Dakota","0-130",27
2025-04-05,"38","North Dakota","0-64",16
2025-04-05,"38","North Dakota","65-130",11
2025-04-05,"69","Northern Mariana Islands","0-130",0
2025-04-05,"69","Northern Mariana Islands","0-64",0
2025-04-05,"69","Northern Mariana Islands","65-130",0
2025-04-05,"39","Ohio","0-130",110
2025-04-05,"39","Ohio","0-64",73
2025-04-05,"39","Ohio","65-130",37
2025-04-05,"40","Oklahoma","0-130",31
2025-04-05,"40","Oklahoma","0-64",13
2025-04-05,"40","Oklahoma","65-130",18
2025-04-05,"41","Oregon","0-130",51
2025-04-05,"41","Oregon","0-64",29
2025-04-05,"41","Oregon","65-130",22
2025-04-05,"42","Pennsylvania","0-130",243
2025-04-05,"42","Pennsylvania","0-64",91
2025-04-05,"42","Pennsylvania","65-130",139
2025-04-05,"72","Puerto Rico","0-130",NA
2025-04-05,"72","Puerto Rico","0-64",NA
2025-04-05,"72","Puerto Rico","65-130",NA
2025-04-05,"44","Rhode Island","0-130",9
2025-04-05,"44","Rhode Island","0-64",6
2025-04-05,"44","Rhode Island","65-130",3
2025-04-05,"45","South Carolina","0-130",37
2025-04-05,"45","South Carolina","0-64",16
2025-04-05,"45","South Carolina","65-130",21
2025-04-05,"46","South Dakota","0-130",37
2025-04-05,"46","South Dakota","0-64",27
2025-04-05,"46","South Dakota","65-130",10
2025-04-05,"47","Tennessee","0-130",39
2025-04-05,"47","Tennessee","0-64",24
2025-04-05,"47","Tennessee","65-130",15
2025-04-05,"48","Texas","0-130",123
2025-04-05,"48","Texas","0-64",76
2025-04-05,"48","Texas","65-130",46
2025-04-05,"US","US","0-130",3034
2025-04-05,"US","US","0-64",1589
2025-04-05,"US","US","65-130",1412
2025-04-05,"49","Utah","0-130",70
2025-04-05,"49","Utah","0-64",48
2025-04-05,"49","Utah","65-130",22
2025-04-05,"50","Vermont","0-130",12
2025-04-05,"50","Vermont","0-64",3
2025-04-05,"50","Vermont","65-130",9
2025-04-05,"78","Virgin Islands","0-130",0
2025-04-05,"78","Virgin Islands","0-64",0
2025-04-05,"78","Virgin Islands","65-130",0
2025-04-05,"51","Virginia","0-130",33
2025-04-05,"51","Virginia","0-64",14
2025-04-05,"51","Virginia","65-130",19
2025-04-05,"53","Washington","0-130",39
2025-04-05,"53","Washington","0-64",17
2025-04-05,"53","Washington","65-130",22
2025-04-05,"54","West Virginia","0-130",59
2025-04-05,"54","West Virginia","0-64",30
2025-04-05,"54","West Virginia","65-130",28
2025-04-05,"55","Wisconsin","0-130",99
2025-04-05,"55","Wisconsin","0-64",38
2025-04-05,"55","Wisconsin","65-130",59
2025-04-12,"01","Alabama","0-130",26
2025-04-12,"01","Alabama","0-64",19
2025-04-12,"01","Alabama","65-130",7
2025-04-12,"02","Alaska","0-130",7
2025-04-12,"02","Alaska","0-64",6
2025-04-12,"02","Alaska","65-130",1
2025-04-12,"04","Arizona","0-130",63
2025-04-12,"04","Arizona","0-64",31
2025-04-12,"04","Arizona","65-130",30
2025-04-12,"05","Arkansas","0-130",28
2025-04-12,"05","Arkansas","0-64",17
2025-04-12,"05","Arkansas","65-130",11
2025-04-12,"06","California","0-130",152
2025-04-12,"06","California","0-64",93
2025-04-12,"06","California","65-130",59
2025-04-12,"08","Colorado","0-130",74
2025-04-12,"08","Colorado","0-64",49
2025-04-12,"08","Colorado","65-130",25
2025-04-12,"09","Connecticut","0-130",18
2025-04-12,"09","Connecticut","0-64",8
2025-04-12,"09","Connecticut","65-130",10
2025-04-12,"12","Florida","0-130",137
2025-04-12,"12","Florida","0-64",68
2025-04-12,"12","Florida","65-130",69
2025-04-12,"13","Georgia","0-130",33
2025-04-12,"13","Georgia","0-64",25
2025-04-12,"13","Georgia","65-130",8
2025-04-12,"66","Guam","0-130",0
2025-04-12,"66","Guam","0-64",0
2025-04-12,"66","Guam","65-130",0
2025-04-12,"15","Hawaii","0-130",7
2025-04-12,"15","Hawaii","0-64",5
2025-04-12,"15","Hawaii","65-130",2
2025-04-12,"16","Idaho","0-130",21
2025-04-12,"16","Idaho","0-64",11
2025-04-12,"16","Idaho","65-130",10
2025-04-12,"17","Illinois","0-130",100
2025-04-12,"17","Illinois","0-64",43
2025-04-12,"17","Illinois","65-130",57
2025-04-12,"18","Indiana","0-130",53
2025-04-12,"18","Indiana","0-64",35
2025-04-12,"18","Indiana","65-130",18
2025-04-12,"19","Iowa","0-130",39
2025-04-12,"19","Iowa","0-64",21
2025-04-12,"19","Iowa","65-130",18
2025-04-12,"20","Kansas","0-130",16
2025-04-12,"20","Kansas","0-64",9
2025-04-12,"20","Kansas","65-130",7
2025-04-12,"21","Kentucky","0-130",57
2025-04-12,"21","Kentucky","0-64",27
2025-04-12,"21","Kentucky","65-130",30
2025-04-12,"22","Louisiana","0-130",17
2025-04-12,"22","Louisiana","0-64",11
2025-04-12,"22","Louisiana","65-130",6
2025-04-12,"23","Maine","0-130",6
2025-04-12,"23","Maine","0-64",1
2025-04-12,"23","Maine","65-130",5
2025-04-12,"24","Maryland","0-130",13
2025-04-12,"24","Maryland","0-64",6
2025-04-12,"24","Maryland","65-130",7
2025-04-12,"25","Massachusetts","0-130",35
2025-04-12,"25","Massachusetts","0-64",14
2025-04-12,"25","Massachusetts","65-130",20
2025-04-12,"26","Michigan","0-130",84
2025-04-12,"26","Michigan","0-64",35
2025-04-12,"26","Michigan","65-130",49
2025-04-12,"27","Minnesota","0-130",70
2025-04-12,"27","Minnesota","0-64",39
2025-04-12,"27","Minnesota","65-130",31
2025-04-12,"28","Mississippi","0-130",7
2025-04-12,"28","Mississippi","0-64",2
2025-04-12,"28","Mississippi","65-130",5
2025-04-12,"29","Missouri","0-130",62
2025-04-12,"29","Missouri","0-64",33
2025-04-12,"29","Missouri","65-130",29
2025-04-12,"30","Montana","0-130",32
2025-04-12,"30","Montana","0-64",14
2025-04-12,"30","Montana","65-130",17
2025-04-12,"31","Nebraska","0-130",23
2025-04-12,"31","Nebraska","0-64",8
2025-04-12,"31","Nebraska","65-130",15
2025-04-12,"32","Nevada","0-130",18
2025-04-12,"32","Nevada","0-64",10
2025-04-12,"32","Nevada","65-130",8
2025-04-12,"33","New Hampshire","0-130",8
2025-04-12,"33","New Hampshire","0-64",5
2025-04-12,"33","New Hampshire","65-130",3
2025-04-12,"34","New Jersey","0-130",62
2025-04-12,"34","New Jersey","0-64",21
2025-04-12,"34","New Jersey","65-130",41
2025-04-12,"35","New Mexico","0-130",15
2025-04-12,"35","New Mexico","0-64",6
2025-04-12,"35","New Mexico","65-130",9
2025-04-12,"36","New York","0-130",120
2025-04-12,"36","New York","0-64",59
2025-04-12,"36","New York","65-130",61
2025-04-12,"37","North Carolina","0-130",69
2025-04-12,"37","North Carolina","0-64",36
2025-04-12,"37","North Carolina","65-130",33
2025-04-12,"38","North Dakota","0-130",23
2025-04-12,"38","North Dakota","0-64",16
2025-04-12,"38","North Dakota","65-130",7
2025-04-12,"69","Northern Mariana Islands","0-130",0
2025-04-12,"69","Northern Mariana Islands","0-64",0
2025-04-12,"69","Northern Mariana Islands","65-130",0
2025-04-12,"39","Ohio","0-130",93
2025-04-12,"39","Ohio","0-64",53
2025-04-12,"39","Ohio","65-130",40
2025-04-12,"40","Oklahoma","0-130",15
2025-04-12,"40","Oklahoma","0-64",9
2025-04-12,"40","Oklahoma","65-130",6
2025-04-12,"41","Oregon","0-130",38
2025-04-12,"41","Oregon","0-64",14
2025-04-12,"41","Oregon","65-130",24
2025-04-12,"42","Pennsylvania","0-130",185
2025-04-12,"42","Pennsylvania","0-64",78
2025-04-12,"42","Pennsylvania","65-130",105
2025-04-12,"72","Puerto Rico","0-130",58
2025-04-12,"72","Puerto Rico","0-64",58
2025-04-12,"72","Puerto Rico","65-130",0
2025-04-12,"44","Rhode Island","0-130",6
2025-04-12,"44","Rhode Island","0-64",2
2025-04-12,"44","Rhode Island","65-130",4
2025-04-12,"45","South Carolina","0-130",19
2025-04-12,"45","South Carolina","0-64",9
2025-04-12,"45","South Carolina","65-130",10
2025-04-12,"46","South Dakota","0-130",21
2025-04-12,"46","South Dakota","0-64",13
2025-04-12,"46","South Dakota","65-130",8
2025-04-12,"47","Tennessee","0-130",24
2025-04-12,"47","Tennessee","0-64",14
2025-04-12,"47","Tennessee","65-130",10
2025-04-12,"48","Texas","0-130",116
2025-04-12,"48","Texas","0-64",78
2025-04-12,"48","Texas","65-130",38
2025-04-12,"US","US","0-130",2302
2025-04-12,"US","US","0-64",1245
2025-04-12,"US","US","65-130",1047
2025-04-12,"49","Utah","0-130",28
2025-04-12,"49","Utah","0-64",19
2025-04-12,"49","Utah","65-130",9
2025-04-12,"50","Vermont","0-130",4
2025-04-12,"50","Vermont","0-64",1
2025-04-12,"50","Vermont","65-130",3
2025-04-12,"78","Virgin Islands","0-130",0
2025-04-12,"78","Virgin Islands","0-64",0
2025-04-12,"78","Virgin Islands","65-130",0
2025-04-12,"51","Virginia","0-130",26
2025-04-12,"51","Virginia","0-64",10
2025-04-12,"51","Virginia","65-130",16
2025-04-12,"53","Washington","0-130",38
2025-04-12,"53","Washington","0-64",19
2025-04-12,"53","Washington","65-130",19
2025-04-12,"54","West Virginia","0-130",48
2025-04-12,"54","West Virginia","0-64",38
2025-04-12,"54","West Virginia","65-130",9
2025-04-12,"55","Wisconsin","0-130",66
2025-04-12,"55","Wisconsin","0-64",30
2025-04-12,"55","Wisconsin","65-130",34
2025-04-19,"01","Alabama","0-130",30
2025-04-19,"01","Alabama","0-64",22
2025-04-19,"01","Alabama","65-130",8
2025-04-19,"02","Alaska","0-130",6
2025-04-19,"02","Alaska","0-64",3
2025-04-19,"02","Alaska","65-130",3
2025-04-19,"60","American Samoa","0-130",NA
2025-04-19,"60","American Samoa","0-64",NA
2025-04-19,"60","American Samoa","65-130",NA
2025-04-19,"04","Arizona","0-130",26
2025-04-19,"04","Arizona","0-64",13
2025-04-19,"04","Arizona","65-130",13
2025-04-19,"05","Arkansas","0-130",10
2025-04-19,"05","Arkansas","0-64",6
2025-04-19,"05","Arkansas","65-130",4
2025-04-19,"06","California","0-130",99
2025-04-19,"06","California","0-64",54
2025-04-19,"06","California","65-130",42
2025-04-19,"08","Colorado","0-130",55
2025-04-19,"08","Colorado","0-64",36
2025-04-19,"08","Colorado","65-130",19
2025-04-19,"09","Connecticut","0-130",10
2025-04-19,"09","Connecticut","0-64",4
2025-04-19,"09","Connecticut","65-130",6
2025-04-19,"12","Florida","0-130",125
2025-04-19,"12","Florida","0-64",68
2025-04-19,"12","Florida","65-130",57
2025-04-19,"13","Georgia","0-130",18
2025-04-19,"13","Georgia","0-64",9
2025-04-19,"13","Georgia","65-130",9
2025-04-19,"66","Guam","0-130",0
2025-04-19,"66","Guam","0-64",0
2025-04-19,"66","Guam","65-130",0
2025-04-19,"15","Hawaii","0-130",6
2025-04-19,"15","Hawaii","0-64",6
2025-04-19,"15","Hawaii","65-130",0
2025-04-19,"16","Idaho","0-130",12
2025-04-19,"16","Idaho","0-64",5
2025-04-19,"16","Idaho","65-130",7
2025-04-19,"17","Illinois","0-130",87
2025-04-19,"17","Illinois","0-64",46
2025-04-19,"17","Illinois","65-130",41
2025-04-19,"18","Indiana","0-130",25
2025-04-19,"18","Indiana","0-64",10
2025-04-19,"18","Indiana","65-130",15
2025-04-19,"19","Iowa","0-130",21
2025-04-19,"19","Iowa","0-64",7
2025-04-19,"19","Iowa","65-130",14
2025-04-19,"20","Kansas","0-130",16
2025-04-19,"20","Kansas","0-64",9
2025-04-19,"20","Kansas","65-130",6
2025-04-19,"21","Kentucky","0-130",43
2025-04-19,"21","Kentucky","0-64",23
2025-04-19,"21","Kentucky","65-130",20
2025-04-19,"22","Louisiana","0-130",13
2025-04-19,"22","Louisiana","0-64",10
2025-04-19,"22","Louisiana","65-130",3
2025-04-19,"23","Maine","0-130",12
2025-04-19,"23","Maine","0-64",6
2025-04-19,"23","Maine","65-130",5
2025-04-19,"24","Maryland","0-130",9
2025-04-19,"24","Maryland","0-64",6
2025-04-19,"24","Maryland","65-130",3
2025-04-19,"25","Massachusetts","0-130",38
2025-04-19,"25","Massachusetts","0-64",18
2025-04-19,"25","Massachusetts","65-130",20
2025-04-19,"26","Michigan","0-130",89
2025-04-19,"26","Michigan","0-64",39
2025-04-19,"26","Michigan","65-130",49
2025-04-19,"27","Minnesota","0-130",42
2025-04-19,"27","Minnesota","0-64",22
2025-04-19,"27","Minnesota","65-130",20
2025-04-19,"28","Mississippi","0-130",10
2025-04-19,"28","Mississippi","0-64",5
2025-04-19,"28","Mississippi","65-130",5
2025-04-19,"29","Missouri","0-130",46
2025-04-19,"29","Missouri","0-64",26
2025-04-19,"29","Missouri","65-130",20
2025-04-19,"30","Montana","0-130",10
2025-04-19,"30","Montana","0-64",2
2025-04-19,"30","Montana","65-130",8
2025-04-19,"31","Nebraska","0-130",33
2025-04-19,"31","Nebraska","0-64",12
2025-04-19,"31","Nebraska","65-130",21
2025-04-19,"32","Nevada","0-130",13
2025-04-19,"32","Nevada","0-64",10
2025-04-19,"32","Nevada","65-130",3
2025-04-19,"33","New Hampshire","0-130",9
2025-04-19,"33","New Hampshire","0-64",6
2025-04-19,"33","New Hampshire","65-130",3
2025-04-19,"34","New Jersey","0-130",47
2025-04-19,"34","New Jersey","0-64",21
2025-04-19,"34","New Jersey","65-130",26
2025-04-19,"35","New Mexico","0-130",13
2025-04-19,"35","New Mexico","0-64",9
2025-04-19,"35","New Mexico","65-130",4
2025-04-19,"36","New York","0-130",107
2025-04-19,"36","New York","0-64",53
2025-04-19,"36","New York","65-130",54
2025-04-19,"37","North Carolina","0-130",48
2025-04-19,"37","North Carolina","0-64",21
2025-04-19,"37","North Carolina","65-130",27
2025-04-19,"38","North Dakota","0-130",17
2025-04-19,"38","North Dakota","0-64",10
2025-04-19,"38","North Dakota","65-130",7
2025-04-19,"69","Northern Mariana Islands","0-130",0
2025-04-19,"69","Northern Mariana Islands","0-64",0
2025-04-19,"69","Northern Mariana Islands","65-130",0
2025-04-19,"39","Ohio","0-130",84
2025-04-19,"39","Ohio","0-64",39
2025-04-19,"39","Ohio","65-130",45
2025-04-19,"40","Oklahoma","0-130",16
2025-04-19,"40","Oklahoma","0-64",7
2025-04-19,"40","Oklahoma","65-130",9
2025-04-19,"41","Oregon","0-130",27
2025-04-19,"41","Oregon","0-64",10
2025-04-19,"41","Oregon","65-130",17
2025-04-19,"42","Pennsylvania","0-130",167
2025-04-19,"42","Pennsylvania","0-64",57
2025-04-19,"42","Pennsylvania","65-130",107
2025-04-19,"44","Rhode Island","0-130",7
2025-04-19,"44","Rhode Island","0-64",2
2025-04-19,"44","Rhode Island","65-130",5
2025-04-19,"45","South Carolina","0-130",22
2025-04-19,"45","South Carolina","0-64",10
2025-04-19,"45","South Carolina","65-130",12
2025-04-19,"46","South Dakota","0-130",16
2025-04-19,"46","South Dakota","0-64",10
2025-04-19,"46","South Dakota","65-130",6
2025-04-19,"47","Tennessee","0-130",28
2025-04-19,"47","Tennessee","0-64",19
2025-04-19,"47","Tennessee","65-130",9
2025-04-19,"48","Texas","0-130",107
2025-04-19,"48","Texas","0-64",61
2025-04-19,"48","Texas","65-130",43
2025-04-19,"US","US","0-130",1817
2025-04-19,"US","US","0-64",919
2025-04-19,"US","US","65-130",885
2025-04-19,"49","Utah","0-130",17
2025-04-19,"49","Utah","0-64",12
2025-04-19,"49","Utah","65-130",5
2025-04-19,"50","Vermont","0-130",4
2025-04-19,"50","Vermont","0-64",3
2025-04-19,"50","Vermont","65-130",1
2025-04-19,"78","Virgin Islands","0-130",0
2025-04-19,"78","Virgin Islands","0-64",0
2025-04-19,"78","Virgin Islands","65-130",0
2025-04-19,"51","Virginia","0-130",21
2025-04-19,"51","Virginia","0-64",11
2025-04-19,"51","Virginia","65-130",10
2025-04-19,"53","Washington","0-130",22
2025-04-19,"53","Washington","0-64",8
2025-04-19,"53","Washington","65-130",13
2025-04-19,"54","West Virginia","0-130",46
2025-04-19,"54","West Virginia","0-64",23
2025-04-19,"54","West Virginia","65-130",23
2025-04-19,"55","Wisconsin","0-130",51
2025-04-19,"55","Wisconsin","0-64",20
2025-04-19,"55","Wisconsin","65-130",31
2025-04-26,"01","Alabama","0-130",23
2025-04-26,"01","Alabama","0-64",21
2025-04-26,"01","Alabama","65-130",2
2025-04-26,"02","Alaska","0-130",1
2025-04-26,"02","Alaska","0-64",1
2025-04-26,"02","Alaska","65-130",0
2025-04-26,"60","American Samoa","0-130",2
2025-04-26,"60","American Samoa","0-64",2
2025-04-26,"60","American Samoa","65-130",0
2025-04-26,"04","Arizona","0-130",17
2025-04-26,"04","Arizona","0-64",6
2025-04-26,"04","Arizona","65-130",11
2025-04-26,"05","Arkansas","0-130",13
2025-04-26,"05","Arkansas","0-64",7
2025-04-26,"05","Arkansas","65-130",6
2025-04-26,"06","California","0-130",95
2025-04-26,"06","California","0-64",51
2025-04-26,"06","California","65-130",43
2025-04-26,"08","Colorado","0-130",39
2025-04-26,"08","Colorado","0-64",27
2025-04-26,"08","Colorado","65-130",12
2025-04-26,"09","Connecticut","0-130",14
2025-04-26,"09","Connecticut","0-64",4
2025-04-26,"09","Connecticut","65-130",10
2025-04-26,"12","Florida","0-130",89
2025-04-26,"12","Florida","0-64",51
2025-04-26,"12","Florida","65-130",38
2025-04-26,"13","Georgia","0-130",17
2025-04-26,"13","Georgia","0-64",14
2025-04-26,"13","Georgia","65-130",3
2025-04-26,"66","Guam","0-130",0
2025-04-26,"66","Guam","0-64",0
2025-04-26,"66","Guam","65-130",0
2025-04-26,"15","Hawaii","0-130",5
2025-04-26,"15","Hawaii","0-64",3
2025-04-26,"15","Hawaii","65-130",2
2025-04-26,"16","Idaho","0-130",16
2025-04-26,"16","Idaho","0-64",4
2025-04-26,"16","Idaho","65-130",12
2025-04-26,"17","Illinois","0-130",49
2025-04-26,"17","Illinois","0-64",23
2025-04-26,"17","Illinois","65-130",26
2025-04-26,"18","Indiana","0-130",20
2025-04-26,"18","Indiana","0-64",10
2025-04-26,"18","Indiana","65-130",10
2025-04-26,"19","Iowa","0-130",20
2025-04-26,"19","Iowa","0-64",12
2025-04-26,"19","Iowa","65-130",7
2025-04-26,"20","Kansas","0-130",16
2025-04-26,"20","Kansas","0-64",3
2025-04-26,"20","Kansas","65-130",13
2025-04-26,"21","Kentucky","0-130",33
2025-04-26,"21","Kentucky","0-64",10
2025-04-26,"21","Kentucky","65-130",23
2025-04-26,"22","Louisiana","0-130",16
2025-04-26,"22","Louisiana","0-64",9
2025-04-26,"22","Louisiana","65-130",7
2025-04-26,"23","Maine","0-130",6
2025-04-26,"23","Maine","0-64",1
2025-04-26,"23","Maine","65-130",5
2025-04-26,"24","Maryland","0-130",7
2025-04-26,"24","Maryland","0-64",2
2025-04-26,"24","Maryland","65-130",5
2025-04-26,"25","Massachusetts","0-130",40
2025-04-26,"25","Massachusetts","0-64",9
2025-04-26,"25","Massachusetts","65-130",31
2025-04-26,"26","Michigan","0-130",68
2025-04-26,"26","Michigan","0-64",33
2025-04-26,"26","Michigan","65-130",35
2025-04-26,"27","Minnesota","0-130",34
2025-04-26,"27","Minnesota","0-64",19
2025-04-26,"27","Minnesota","65-130",15
2025-04-26,"28","Mississippi","0-130",8
2025-04-26,"28","Mississippi","0-64",6
2025-04-26,"28","Mississippi","65-130",2
2025-04-26,"29","Missouri","0-130",38
2025-04-26,"29","Missouri","0-64",25
2025-04-26,"29","Missouri","65-130",13
2025-04-26,"30","Montana","0-130",18
2025-04-26,"30","Montana","0-64",9
2025-04-26,"30","Montana","65-130",9
2025-04-26,"31","Nebraska","0-130",16
2025-04-26,"31","Nebraska","0-64",7
2025-04-26,"31","Nebraska","65-130",9
2025-04-26,"32","Nevada","0-130",4
2025-04-26,"32","Nevada","0-64",2
2025-04-26,"32","Nevada","65-130",2
2025-04-26,"33","New Hampshire","0-130",9
2025-04-26,"33","New Hampshire","0-64",6
2025-04-26,"33","New Hampshire","65-130",3
2025-04-26,"34","New Jersey","0-130",35
2025-04-26,"34","New Jersey","0-64",13
2025-04-26,"34","New Jersey","65-130",22
2025-04-26,"35","New Mexico","0-130",10
2025-04-26,"35","New Mexico","0-64",6
2025-04-26,"35","New Mexico","65-130",4
2025-04-26,"36","New York","0-130",94
2025-04-26,"36","New York","0-64",38
2025-04-26,"36","New York","65-130",56
2025-04-26,"37","North Carolina","0-130",39
2025-04-26,"37","North Carolina","0-64",21
2025-04-26,"37","North Carolina","65-130",18
2025-04-26,"38","North Dakota","0-130",4
2025-04-26,"38","North Dakota","0-64",3
2025-04-26,"38","North Dakota","65-130",1
2025-04-26,"69","Northern Mariana Islands","0-130",0
2025-04-26,"69","Northern Mariana Islands","0-64",0
2025-04-26,"69","Northern Mariana Islands","65-130",0
2025-04-26,"39","Ohio","0-130",67
2025-04-26,"39","Ohio","0-64",35
2025-04-26,"39","Ohio","65-130",32
2025-04-26,"40","Oklahoma","0-130",10
2025-04-26,"40","Oklahoma","0-64",4
2025-04-26,"40","Oklahoma","65-130",6
2025-04-26,"41","Oregon","0-130",20
2025-04-26,"41","Oregon","0-64",7
2025-04-26,"41","Oregon","65-130",13
2025-04-26,"42","Pennsylvania","0-130",142
2025-04-26,"42","Pennsylvania","0-64",70
2025-04-26,"42","Pennsylvania","65-130",71
2025-04-26,"72","Puerto Rico","0-130",NA
2025-04-26,"72","Puerto Rico","0-64",NA
2025-04-26,"72","Puerto Rico","65-130",NA
2025-04-26,"44","Rhode Island","0-130",3
2025-04-26,"44","Rhode Island","0-64",0
2025-04-26,"44","Rhode Island","65-130",3
2025-04-26,"45","South Carolina","0-130",20
2025-04-26,"45","South Carolina","0-64",10
2025-04-26,"45","South Carolina","65-130",10
2025-04-26,"46","South Dakota","0-130",12
2025-04-26,"46","South Dakota","0-64",9
2025-04-26,"46","South Dakota","65-130",3
2025-04-26,"47","Tennessee","0-130",28
2025-04-26,"47","Tennessee","0-64",16
2025-04-26,"47","Tennessee","65-130",12
2025-04-26,"48","Texas","0-130",76
2025-04-26,"48","Texas","0-64",46
2025-04-26,"48","Texas","65-130",30
2025-04-26,"US","US","0-130",1447
2025-04-26,"US","US","0-64",728
2025-04-26,"US","US","65-130",715
2025-04-26,"49","Utah","0-130",11
2025-04-26,"49","Utah","0-64",8
2025-04-26,"49","Utah","65-130",3
2025-04-26,"50","Vermont","0-130",3
2025-04-26,"50","Vermont","0-64",1
2025-04-26,"50","Vermont","65-130",1
2025-04-26,"78","Virgin Islands","0-130",0
2025-04-26,"78","Virgin Islands","0-64",0
2025-04-26,"78","Virgin Islands","65-130",0
2025-04-26,"51","Virginia","0-130",12
2025-04-26,"51","Virginia","0-64",7
2025-04-26,"51","Virginia","65-130",5
2025-04-26,"53","Washington","0-130",19
2025-04-26,"53","Washington","0-64",10
2025-04-26,"53","Washington","65-130",9
2025-04-26,"54","West Virginia","0-130",27
2025-04-26,"54","West Virginia","0-64",13
2025-04-26,"54","West Virginia","65-130",14
2025-04-26,"55","Wisconsin","0-130",52
2025-04-26,"55","Wisconsin","0-64",13
2025-04-26,"55","Wisconsin","65-130",39
2025-05-03,"01","Alabama","0-130",12
2025-05-03,"01","Alabama","0-64",8
2025-05-03,"01","Alabama","65-130",4
2025-05-03,"02","Alaska","0-130",2
2025-05-03,"02","Alaska","0-64",1
2025-05-03,"02","Alaska","65-130",1
2025-05-03,"60","American Samoa","0-130",2
2025-05-03,"60","American Samoa","0-64",2
2025-05-03,"60","American Samoa","65-130",0
2025-05-03,"04","Arizona","0-130",18
2025-05-03,"04","Arizona","0-64",15
2025-05-03,"04","Arizona","65-130",3
2025-05-03,"05","Arkansas","0-130",8
2025-05-03,"05","Arkansas","0-64",5
2025-05-03,"05","Arkansas","65-130",3
2025-05-03,"06","California","0-130",67
2025-05-03,"06","California","0-64",28
2025-05-03,"06","California","65-130",38
2025-05-03,"08","Colorado","0-130",32
2025-05-03,"08","Colorado","0-64",21
2025-05-03,"08","Colorado","65-130",11
2025-05-03,"09","Connecticut","0-130",9
2025-05-03,"09","Connecticut","0-64",4
2025-05-03,"09","Connecticut","65-130",5
2025-05-03,"12","Florida","0-130",85
2025-05-03,"12","Florida","0-64",50
2025-05-03,"12","Florida","65-130",35
2025-05-03,"13","Georgia","0-130",19
2025-05-03,"13","Georgia","0-64",15
2025-05-03,"13","Georgia","65-130",4
2025-05-03,"66","Guam","0-130",0
2025-05-03,"66","Guam","0-64",0
2025-05-03,"66","Guam","65-130",0
2025-05-03,"15","Hawaii","0-130",5
2025-05-03,"15","Hawaii","0-64",2
2025-05-03,"15","Hawaii","65-130",3
2025-05-03,"16","Idaho","0-130",7
2025-05-03,"16","Idaho","0-64",4
2025-05-03,"16","Idaho","65-130",3
2025-05-03,"17","Illinois","0-130",35
2025-05-03,"17","Illinois","0-64",13
2025-05-03,"17","Illinois","65-130",22
2025-05-03,"18","Indiana","0-130",21
2025-05-03,"18","Indiana","0-64",13
2025-05-03,"18","Indiana","65-130",8
2025-05-03,"19","Iowa","0-130",14
2025-05-03,"19","Iowa","0-64",5
2025-05-03,"19","Iowa","65-130",9
2025-05-03,"20","Kansas","0-130",9
2025-05-03,"20","Kansas","0-64",2
2025-05-03,"20","Kansas","65-130",7
2025-05-03,"21","Kentucky","0-130",24
2025-05-03,"21","Kentucky","0-64",12
2025-05-03,"21","Kentucky","65-130",12
2025-05-03,"22","Louisiana","0-130",7
2025-05-03,"22","Louisiana","0-64",4
2025-05-03,"22","Louisiana","65-130",3
2025-05-03,"23","Maine","0-130",2
2025-05-03,"23","Maine","0-64",0
2025-05-03,"23","Maine","65-130",2
2025-05-03,"24","Maryland","0-130",5
2025-05-03,"24","Maryland","0-64",1
2025-05-03,"24","Maryland","65-130",4
2025-05-03,"25","Massachusetts","0-130",31
2025-05-03,"25","Massachusetts","0-64",4
2025-05-03,"25","Massachusetts","65-130",27
2025-05-03,"26","Michigan","0-130",72
2025-05-03,"26","Michigan","0-64",30
2025-05-03,"26","Michigan","65-130",40
2025-05-03,"27","Minnesota","0-130",33
2025-05-03,"27","Minnesota","0-64",14
2025-05-03,"27","Minnesota","65-130",19
2025-05-03,"28","Mississippi","0-130",10
2025-05-03,"28","Mississippi","0-64",5
2025-05-03,"28","Mississippi","65-130",5
2025-05-03,"29","Missouri","0-130",28
2025-05-03,"29","Missouri","0-64",14
2025-05-03,"29","Missouri","65-130",14
2025-05-03,"30","Montana","0-130",20
2025-05-03,"30","Montana","0-64",11
2025-05-03,"30","Montana","65-130",9
2025-05-03,"31","Nebraska","0-130",18
2025-05-03,"31","Nebraska","0-64",6
2025-05-03,"31","Nebraska","65-130",12
2025-05-03,"32","Nevada","0-130",7
2025-05-03,"32","Nevada","0-64",4
2025-05-03,"32","Nevada","65-130",3
2025-05-03,"33","New Hampshire","0-130",8
2025-05-03,"33","New Hampshire","0-64",6
2025-05-03,"33","New Hampshire","65-130",2
2025-05-03,"34","New Jersey","0-130",34
2025-05-03,"34","New Jersey","0-64",11
2025-05-03,"34","New Jersey","65-130",23
2025-05-03,"35","New Mexico","0-130",13
2025-05-03,"35","New Mexico","0-64",11
2025-05-03,"35","New Mexico","65-130",2
2025-05-03,"36","New York","0-130",60
2025-05-03,"36","New York","0-64",31
2025-05-03,"36","New York","65-130",29
2025-05-03,"37","North Carolina","0-130",37
2025-05-03,"37","North Carolina","0-64",18
2025-05-03,"37","North Carolina","65-130",19
2025-05-03,"38","North Dakota","0-130",7
2025-05-03,"38","North Dakota","0-64",3
2025-05-03,"38","North Dakota","65-130",4
2025-05-03,"69","Northern Mariana Islands","0-130",0
2025-05-03,"69","Northern Mariana Islands","0-64",0
2025-05-03,"69","Northern Mariana Islands","65-130",0
2025-05-03,"39","Ohio","0-130",36
2025-05-03,"39","Ohio","0-64",19
2025-05-03,"39","Ohio","65-130",17
2025-05-03,"40","Oklahoma","0-130",5
2025-05-03,"40","Oklahoma","0-64",0
2025-05-03,"40","Oklahoma","65-130",5
2025-05-03,"41","Oregon","0-130",13
2025-05-03,"41","Oregon","0-64",5
2025-05-03,"41","Oregon","65-130",8
2025-05-03,"42","Pennsylvania","0-130",105
2025-05-03,"42","Pennsylvania","0-64",47
2025-05-03,"42","Pennsylvania","65-130",56
2025-05-03,"72","Puerto Rico","0-130",23
2025-05-03,"72","Puerto Rico","0-64",23
2025-05-03,"72","Puerto Rico","65-130",0
2025-05-03,"44","Rhode Island","0-130",5
2025-05-03,"44","Rhode Island","0-64",2
2025-05-03,"44","Rhode Island","65-130",3
2025-05-03,"45","South Carolina","0-130",19
2025-05-03,"45","South Carolina","0-64",10
2025-05-03,"45","South Carolina","65-130",9
2025-05-03,"46","South Dakota","0-130",4
2025-05-03,"46","South Dakota","0-64",2
2025-05-03,"46","South Dakota","65-130",2
2025-05-03,"47","Tennessee","0-130",27
2025-05-03,"47","Tennessee","0-64",17
2025-05-03,"47","Tennessee","65-130",10
2025-05-03,"48","Texas","0-130",55
2025-05-03,"48","Texas","0-64",37
2025-05-03,"48","Texas","65-130",18
2025-05-03,"US","US","0-130",1140
2025-05-03,"US","US","0-64",569
2025-05-03,"US","US","65-130",566
2025-05-03,"49","Utah","0-130",10
2025-05-03,"49","Utah","0-64",5
2025-05-03,"49","Utah","65-130",5
2025-05-03,"50","Vermont","0-130",2
2025-05-03,"50","Vermont","0-64",1
2025-05-03,"50","Vermont","65-130",1
2025-05-03,"78","Virgin Islands","0-130",0
2025-05-03,"78","Virgin Islands","0-64",0
2025-05-03,"78","Virgin Islands","65-130",0
2025-05-03,"51","Virginia","0-130",10
2025-05-03,"51","Virginia","0-64",4
2025-05-03,"51","Virginia","65-130",6
2025-05-03,"53","Washington","0-130",10
2025-05-03,"53","Washington","0-64",2
2025-05-03,"53","Washington","65-130",8
2025-05-03,"54","West Virginia","0-130",23
2025-05-03,"54","West Virginia","0-64",12
2025-05-03,"54","West Virginia","65-130",11
2025-05-03,"55","Wisconsin","0-130",28
2025-05-03,"55","Wisconsin","0-64",9
2025-05-03,"55","Wisconsin","65-130",19
2025-05-10,"01","Alabama","0-130",14
2025-05-10,"01","Alabama","0-64",7
2025-05-10,"01","Alabama","65-130",7
2025-05-10,"02","Alaska","0-130",3
2025-05-10,"02","Alaska","0-64",1
2025-05-10,"02","Alaska","65-130",2
2025-05-10,"60","American Samoa","0-130",0
2025-05-10,"60","American Samoa","0-64",0
2025-05-10,"60","American Samoa","65-130",0
2025-05-10,"04","Arizona","0-130",6
2025-05-10,"04","Arizona","0-64",2
2025-05-10,"04","Arizona","65-130",4
2025-05-10,"05","Arkansas","0-130",8
2025-05-10,"05","Arkansas","0-64",5
2025-05-10,"05","Arkansas","65-130",3
2025-05-10,"06","California","0-130",46
2025-05-10,"06","California","0-64",20
2025-05-10,"06","California","65-130",23
2025-05-10,"08","Colorado","0-130",26
2025-05-10,"08","Colorado","0-64",16
2025-05-10,"08","Colorado","65-130",10
2025-05-10,"09","Connecticut","0-130",8
2025-05-10,"09","Connecticut","0-64",3
2025-05-10,"09","Connecticut","65-130",5
2025-05-10,"12","Florida","0-130",73
2025-05-10,"12","Florida","0-64",42
2025-05-10,"12","Florida","65-130",31
2025-05-10,"13","Georgia","0-130",17
2025-05-10,"13","Georgia","0-64",11
2025-05-10,"13","Georgia","65-130",6
2025-05-10,"66","Guam","0-130",NA
2025-05-10,"66","Guam","0-64",NA
2025-05-10,"66","Guam","65-130",NA
2025-05-10,"15","Hawaii","0-130",7
2025-05-10,"15","Hawaii","0-64",3
2025-05-10,"15","Hawaii","65-130",4
2025-05-10,"16","Idaho","0-130",6
2025-05-10,"16","Idaho","0-64",4
2025-05-10,"16","Idaho","65-130",2
2025-05-10,"17","Illinois","0-130",25
2025-05-10,"17","Illinois","0-64",13
2025-05-10,"17","Illinois","65-130",12
2025-05-10,"18","Indiana","0-130",18
2025-05-10,"18","Indiana","0-64",12
2025-05-10,"18","Indiana","65-130",6
2025-05-10,"19","Iowa","0-130",10
2025-05-10,"19","Iowa","0-64",5
2025-05-10,"19","Iowa","65-130",5
2025-05-10,"20","Kansas","0-130",7
2025-05-10,"20","Kansas","0-64",4
2025-05-10,"20","Kansas","65-130",3
2025-05-10,"21","Kentucky","0-130",25
2025-05-10,"21","Kentucky","0-64",14
2025-05-10,"21","Kentucky","65-130",11
2025-05-10,"22","Louisiana","0-130",10
2025-05-10,"22","Louisiana","0-64",9
2025-05-10,"22","Louisiana","65-130",1
2025-05-10,"23","Maine","0-130",3
2025-05-10,"23","Maine","0-64",1
2025-05-10,"23","Maine","65-130",2
2025-05-10,"24","Maryland","0-130",9
2025-05-10,"24","Maryland","0-64",5
2025-05-10,"24","Maryland","65-130",4
2025-05-10,"25","Massachusetts","0-130",20
2025-05-10,"25","Massachusetts","0-64",3
2025-05-10,"25","Massachusetts","65-130",17
2025-05-10,"26","Michigan","0-130",32
2025-05-10,"26","Michigan","0-64",13
2025-05-10,"26","Michigan","65-130",19
2025-05-10,"27","Minnesota","0-130",24
2025-05-10,"27","Minnesota","0-64",7
2025-05-10,"27","Minnesota","65-130",17
2025-05-10,"28","Mississippi","0-130",2
2025-05-10,"28","Mississippi","0-64",0
2025-05-10,"28","Mississippi","65-130",2
2025-05-10,"29","Missouri","0-130",26
2025-05-10,"29","Missouri","0-64",13
2025-05-10,"29","Missouri","65-130",13
2025-05-10,"30","Montana","0-130",16
2025-05-10,"30","Montana","0-64",7
2025-05-10,"30","Montana","65-130",9
2025-05-10,"31","Nebraska","0-130",10
2025-05-10,"31","Nebraska","0-64",4
2025-05-10,"31","Nebraska","65-130",6
2025-05-10,"32","Nevada","0-130",7
2025-05-10,"32","Nevada","0-64",4
2025-05-10,"32","Nevada","65-130",3
2025-05-10,"33","New Hampshire","0-130",6
2025-05-10,"33","New Hampshire","0-64",4
2025-05-10,"33","New Hampshire","65-130",2
2025-05-10,"34","New Jersey","0-130",17
2025-05-10,"34","New Jersey","0-64",11
2025-05-10,"34","New Jersey","65-130",6
2025-05-10,"35","New Mexico","0-130",5
2025-05-10,"35","New Mexico","0-64",3
2025-05-10,"35","New Mexico","65-130",2
2025-05-10,"36","New York","0-130",58
2025-05-10,"36","New York","0-64",32
2025-05-10,"36","New York","65-130",26
2025-05-10,"37","North Carolina","0-130",26
2025-05-10,"37","North Carolina","0-64",13
2025-05-10,"37","North Carolina","65-130",13
2025-05-10,"38","North Dakota","0-130",3
2025-05-10,"38","North Dakota","0-64",0
2025-05-10,"38","North Dakota","65-130",3
2025-05-10,"69","Northern Mariana Islands","0-130",0
2025-05-10,"69","Northern Mariana Islands","0-64",0
2025-05-10,"69","Northern Mariana Islands","65-130",0
2025-05-10,"39","Ohio","0-130",35
2025-05-10,"39","Ohio","0-64",26
2025-05-10,"39","Ohio","65-130",9
2025-05-10,"40","Oklahoma","0-130",7
2025-05-10,"40","Oklahoma","0-64",1
2025-05-10,"40","Oklahoma","65-130",6
2025-05-10,"41","Oregon","0-130",9
2025-05-10,"41","Oregon","0-64",4
2025-05-10,"41","Oregon","65-130",5
2025-05-10,"42","Pennsylvania","0-130",85
2025-05-10,"42","Pennsylvania","0-64",46
2025-05-10,"42","Pennsylvania","65-130",39
2025-05-10,"44","Rhode Island","0-130",2
2025-05-10,"44","Rhode Island","0-64",0
2025-05-10,"44","Rhode Island","65-130",2
2025-05-10,"45","South Carolina","0-130",14
2025-05-10,"45","South Carolina","0-64",6
2025-05-10,"45","South Carolina","65-130",8
2025-05-10,"46","South Dakota","0-130",6
2025-05-10,"46","South Dakota","0-64",4
2025-05-10,"46","South Dakota","65-130",2
2025-05-10,"47","Tennessee","0-130",10
2025-05-10,"47","Tennessee","0-64",6
2025-05-10,"47","Tennessee","65-130",4
2025-05-10,"48","Texas","0-130",35
2025-05-10,"48","Texas","0-64",21
2025-05-10,"48","Texas","65-130",14
2025-05-10,"US","US","0-130",882
2025-05-10,"US","US","0-64",478
2025-05-10,"US","US","65-130",401
2025-05-10,"49","Utah","0-130",10
2025-05-10,"49","Utah","0-64",9
2025-05-10,"49","Utah","65-130",1
2025-05-10,"50","Vermont","0-130",1
2025-05-10,"50","Vermont","0-64",0
2025-05-10,"50","Vermont","65-130",1
2025-05-10,"78","Virgin Islands","0-130",0
2025-05-10,"78","Virgin Islands","0-64",0
2025-05-10,"78","Virgin Islands","65-130",0
2025-05-10,"51","Virginia","0-130",14
2025-05-10,"51","Virginia","0-64",10
2025-05-10,"51","Virginia","65-130",4
2025-05-10,"53","Washington","0-130",5
2025-05-10,"53","Washington","0-64",2
2025-05-10,"53","Washington","65-130",3
2025-05-10,"54","West Virginia","0-130",16
2025-05-10,"54","West Virginia","0-64",10
2025-05-10,"54","West Virginia","65-130",6
2025-05-10,"55","Wisconsin","0-130",29
2025-05-10,"55","Wisconsin","0-64",13
2025-05-10,"55","Wisconsin","65-130",16
2025-05-17,"01","Alabama","0-130",12
2025-05-17,"01","Alabama","0-64",6
2025-05-17,"01","Alabama","65-130",6
2025-05-17,"02","Alaska","0-130",0
2025-05-17,"02","Alaska","0-64",0
2025-05-17,"02","Alaska","65-130",0
2025-05-17,"04","Arizona","0-130",3
2025-05-17,"04","Arizona","0-64",1
2025-05-17,"04","Arizona","65-130",2
2025-05-17,"05","Arkansas","0-130",8
2025-05-17,"05","Arkansas","0-64",5
2025-05-17,"05","Arkansas","65-130",3
2025-05-17,"06","California","0-130",36
2025-05-17,"06","California","0-64",18
2025-05-17,"06","California","65-130",16
2025-05-17,"08","Colorado","0-130",15
2025-05-17,"08","Colorado","0-64",10
2025-05-17,"08","Colorado","65-130",5
2025-05-17,"09","Connecticut","0-130",9
2025-05-17,"09","Connecticut","0-64",2
2025-05-17,"09","Connecticut","65-130",7
2025-05-17,"12","Florida","0-130",70
2025-05-17,"12","Florida","0-64",45
2025-05-17,"12","Florida","65-130",25
2025-05-17,"13","Georgia","0-130",13
2025-05-17,"13","Georgia","0-64",9
2025-05-17,"13","Georgia","65-130",4
2025-05-17,"66","Guam","0-130",0
2025-05-17,"66","Guam","0-64",0
2025-05-17,"66","Guam","65-130",0
2025-05-17,"15","Hawaii","0-130",7
2025-05-17,"15","Hawaii","0-64",7
2025-05-17,"15","Hawaii","65-130",0
2025-05-17,"16","Idaho","0-130",3
2025-05-17,"16","Idaho","0-64",1
2025-05-17,"16","Idaho","65-130",2
2025-05-17,"17","Illinois","0-130",20
2025-05-17,"17","Illinois","0-64",9
2025-05-17,"17","Illinois","65-130",11
2025-05-17,"18","Indiana","0-130",13
2025-05-17,"18","Indiana","0-64",6
2025-05-17,"18","Indiana","65-130",6
2025-05-17,"19","Iowa","0-130",4
2025-05-17,"19","Iowa","0-64",2
2025-05-17,"19","Iowa","65-130",2
2025-05-17,"20","Kansas","0-130",6
2025-05-17,"20","Kansas","0-64",5
2025-05-17,"20","Kansas","65-130",1
2025-05-17,"21","Kentucky","0-130",23
2025-05-17,"21","Kentucky","0-64",20
2025-05-17,"21","Kentucky","65-130",3
2025-05-17,"22","Louisiana","0-130",4
2025-05-17,"22","Louisiana","0-64",2
2025-05-17,"22","Louisiana","65-130",0
2025-05-17,"23","Maine","0-130",6
2025-05-17,"23","Maine","0-64",1
2025-05-17,"23","Maine","65-130",5
2025-05-17,"24","Maryland","0-130",7
2025-05-17,"24","Maryland","0-64",2
2025-05-17,"24","Maryland","65-130",5
2025-05-17,"25","Massachusetts","0-130",15
2025-05-17,"25","Massachusetts","0-64",7
2025-05-17,"25","Massachusetts","65-130",8
2025-05-17,"26","Michigan","0-130",32
2025-05-17,"26","Michigan","0-64",10
2025-05-17,"26","Michigan","65-130",22
2025-05-17,"27","Minnesota","0-130",5
2025-05-17,"27","Minnesota","0-64",2
2025-05-17,"27","Minnesota","65-130",3
2025-05-17,"28","Mississippi","0-130",5
2025-05-17,"28","Mississippi","0-64",4
2025-05-17,"28","Mississippi","65-130",1
2025-05-17,"29","Missouri","0-130",24
2025-05-17,"29","Missouri","0-64",14
2025-05-17,"29","Missouri","65-130",10
2025-05-17,"30","Montana","0-130",5
2025-05-17,"30","Montana","0-64",5
2025-05-17,"30","Montana","65-130",0
2025-05-17,"31","Nebraska","0-130",4
2025-05-17,"31","Nebraska","0-64",0
2025-05-17,"31","Nebraska","65-130",4
2025-05-17,"32","Nevada","0-130",2
2025-05-17,"32","Nevada","0-64",1
2025-05-17,"32","Nevada","65-130",1
2025-05-17,"33","New Hampshire","0-130",1
2025-05-17,"33","New Hampshire","0-64",0
2025-05-17,"33","New Hampshire","65-130",1
2025-05-17,"34","New Jersey","0-130",10
2025-05-17,"34","New Jersey","0-64",4
2025-05-17,"34","New Jersey","65-130",6
2025-05-17,"35","New Mexico","0-130",2
2025-05-17,"35","New Mexico","0-64",1
2025-05-17,"35","New Mexico","65-130",1
2025-05-17,"36","New York","0-130",44
2025-05-17,"36","New York","0-64",18
2025-05-17,"36","New York","65-130",26
2025-05-17,"37","North Carolina","0-130",29
2025-05-17,"37","North Carolina","0-64",16
2025-05-17,"37","North Carolina","65-130",13
2025-05-17,"38","North Dakota","0-130",2
2025-05-17,"38","North Dakota","0-64",0
2025-05-17,"38","North Dakota","65-130",2
2025-05-17,"69","Northern Mariana Islands","0-130",0
2025-05-17,"69","Northern Mariana Islands","0-64",0
2025-05-17,"69","Northern Mariana Islands","65-130",0
2025-05-17,"39","Ohio","0-130",19
2025-05-17,"39","Ohio","0-64",9
2025-05-17,"39","Ohio","65-130",10
2025-05-17,"40","Oklahoma","0-130",9
2025-05-17,"40","Oklahoma","0-64",4
2025-05-17,"40","Oklahoma","65-130",5
2025-05-17,"41","Oregon","0-130",8
2025-05-17,"41","Oregon","0-64",3
2025-05-17,"41","Oregon","65-130",5
2025-05-17,"42","Pennsylvania","0-130",76
2025-05-17,"42","Pennsylvania","0-64",34
2025-05-17,"42","Pennsylvania","65-130",41
2025-05-17,"44","Rhode Island","0-130",5
2025-05-17,"44","Rhode Island","0-64",2
2025-05-17,"44","Rhode Island","65-130",3
2025-05-17,"45","South Carolina","0-130",10
2025-05-17,"45","South Carolina","0-64",3
2025-05-17,"45","South Carolina","65-130",7
2025-05-17,"46","South Dakota","0-130",2
2025-05-17,"46","South Dakota","0-64",1
2025-05-17,"46","South Dakota","65-130",1
2025-05-17,"47","Tennessee","0-130",15
2025-05-17,"47","Tennessee","0-64",10
2025-05-17,"47","Tennessee","65-130",5
2025-05-17,"48","Texas","0-130",44
2025-05-17,"48","Texas","0-64",30
2025-05-17,"48","Texas","65-130",14
2025-05-17,"US","US","0-130",691
2025-05-17,"US","US","0-64",365
2025-05-17,"US","US","65-130",320
2025-05-17,"49","Utah","0-130",6
2025-05-17,"49","Utah","0-64",5
2025-05-17,"49","Utah","65-130",1
2025-05-17,"50","Vermont","0-130",0
2025-05-17,"50","Vermont","0-64",0
2025-05-17,"50","Vermont","65-130",0
2025-05-17,"78","Virgin Islands","0-130",0
2025-05-17,"78","Virgin Islands","0-64",0
2025-05-17,"78","Virgin Islands","65-130",0
2025-05-17,"51","Virginia","0-130",8
2025-05-17,"51","Virginia","0-64",4
2025-05-17,"51","Virginia","65-130",4
2025-05-17,"53","Washington","0-130",7
2025-05-17,"53","Washington","0-64",1
2025-05-17,"53","Washington","65-130",6
2025-05-17,"54","West Virginia","0-130",7
2025-05-17,"54","West Virginia","0-64",5
2025-05-17,"54","West Virginia","65-130",2
2025-05-17,"55","Wisconsin","0-130",21
2025-05-17,"55","Wisconsin","0-64",8
2025-05-17,"55","Wisconsin","65-130",13
2025-05-24,"01","Alabama","0-130",3
2025-05-24,"01","Alabama","0-64",2
2025-05-24,"01","Alabama","65-130",1
2025-05-24,"02","Alaska","0-130",1
2025-05-24,"02","Alaska","0-64",1
2025-05-24,"02","Alaska","65-130",0
2025-05-24,"04","Arizona","0-130",8
2025-05-24,"04","Arizona","0-64",3
2025-05-24,"04","Arizona","65-130",5
2025-05-24,"05","Arkansas","0-130",5
2025-05-24,"05","Arkansas","0-64",2
2025-05-24,"05","Arkansas","65-130",3
2025-05-24,"06","California","0-130",29
2025-05-24,"06","California","0-64",15
2025-05-24,"06","California","65-130",12
2025-05-24,"08","Colorado","0-130",12
2025-05-24,"08","Colorado","0-64",8
2025-05-24,"08","Colorado","65-130",4
2025-05-24,"09","Connecticut","0-130",2
2025-05-24,"09","Connecticut","0-64",1
2025-05-24,"09","Connecticut","65-130",1
2025-05-24,"12","Florida","0-130",71
2025-05-24,"12","Florida","0-64",45
2025-05-24,"12","Florida","65-130",26
2025-05-24,"13","Georgia","0-130",15
2025-05-24,"13","Georgia","0-64",5
2025-05-24,"13","Georgia","65-130",10
2025-05-24,"66","Guam","0-130",0
2025-05-24,"66","Guam","0-64",0
2025-05-24,"66","Guam","65-130",0
2025-05-24,"15","Hawaii","0-130",4
2025-05-24,"15","Hawaii","0-64",3
2025-05-24,"15","Hawaii","65-130",1
2025-05-24,"16","Idaho","0-130",4
2025-05-24,"16","Idaho","0-64",2
2025-05-24,"16","Idaho","65-130",2
2025-05-24,"17","Illinois","0-130",17
2025-05-24,"17","Illinois","0-64",14
2025-05-24,"17","Illinois","65-130",3
2025-05-24,"18","Indiana","0-130",9
2025-05-24,"18","Indiana","0-64",2
2025-05-24,"18","Indiana","65-130",7
2025-05-24,"19","Iowa","0-130",4
2025-05-24,"19","Iowa","0-64",1
2025-05-24,"19","Iowa","65-130",3
2025-05-24,"20","Kansas","0-130",7
2025-05-24,"20","Kansas","0-64",3
2025-05-24,"20","Kansas","65-130",4
2025-05-24,"21","Kentucky","0-130",15
2025-05-24,"21","Kentucky","0-64",6
2025-05-24,"21","Kentucky","65-130",9
2025-05-24,"22","Louisiana","0-130",9
2025-05-24,"22","Louisiana","0-64",8
2025-05-24,"22","Louisiana","65-130",1
2025-05-24,"23","Maine","0-130",3
2025-05-24,"23","Maine","0-64",1
2025-05-24,"23","Maine","65-130",2
2025-05-24,"24","Maryland","0-130",13
2025-05-24,"24","Maryland","0-64",6
2025-05-24,"24","Maryland","65-130",5
2025-05-24,"25","Massachusetts","0-130",12
2025-05-24,"25","Massachusetts","0-64",9
2025-05-24,"25","Massachusetts","65-130",3
2025-05-24,"26","Michigan","0-130",12
2025-05-24,"26","Michigan","0-64",6
2025-05-24,"26","Michigan","65-130",6
2025-05-24,"27","Minnesota","0-130",6
2025-05-24,"27","Minnesota","0-64",3
2025-05-24,"27","Minnesota","65-130",3
2025-05-24,"28","Mississippi","0-130",4
2025-05-24,"28","Mississippi","0-64",3
2025-05-24,"28","Mississippi","65-130",1
2025-05-24,"29","Missouri","0-130",21
2025-05-24,"29","Missouri","0-64",13
2025-05-24,"29","Missouri","65-130",8
2025-05-24,"30","Montana","0-130",3
2025-05-24,"30","Montana","0-64",1
2025-05-24,"30","Montana","65-130",2
2025-05-24,"31","Nebraska","0-130",3
2025-05-24,"31","Nebraska","0-64",3
2025-05-24,"31","Nebraska","65-130",0
2025-05-24,"32","Nevada","0-130",2
2025-05-24,"32","Nevada","0-64",1
2025-05-24,"32","Nevada","65-130",1
2025-05-24,"33","New Hampshire","0-130",1
2025-05-24,"33","New Hampshire","0-64",0
2025-05-24,"33","New Hampshire","65-130",1
2025-05-24,"34","New Jersey","0-130",15
2025-05-24,"34","New Jersey","0-64",5
2025-05-24,"34","New Jersey","65-130",10
2025-05-24,"35","New Mexico","0-130",1
2025-05-24,"35","New Mexico","0-64",1
2025-05-24,"35","New Mexico","65-130",0
2025-05-24,"36","New York","0-130",38
2025-05-24,"36","New York","0-64",22
2025-05-24,"36","New York","65-130",16
2025-05-24,"37","North Carolina","0-130",16
2025-05-24,"37","North Carolina","0-64",10
2025-05-24,"37","North Carolina","65-130",6
2025-05-24,"38","North Dakota","0-130",1
2025-05-24,"38","North Dakota","0-64",1
2025-05-24,"38","North Dakota","65-130",0
2025-05-24,"69","Northern Mariana Islands","0-130",0
2025-05-24,"69","Northern Mariana Islands","0-64",0
2025-05-24,"69","Northern Mariana Islands","65-130",0
2025-05-24,"39","Ohio","0-130",10
2025-05-24,"39","Ohio","0-64",3
2025-05-24,"39","Ohio","65-130",7
2025-05-24,"40","Oklahoma","0-130",4
2025-05-24,"40","Oklahoma","0-64",1
2025-05-24,"40","Oklahoma","65-130",3
2025-05-24,"41","Oregon","0-130",11
2025-05-24,"41","Oregon","0-64",7
2025-05-24,"41","Oregon","65-130",4
2025-05-24,"42","Pennsylvania","0-130",76
2025-05-24,"42","Pennsylvania","0-64",35
2025-05-24,"42","Pennsylvania","65-130",41
2025-05-24,"44","Rhode Island","0-130",1
2025-05-24,"44","Rhode Island","0-64",0
2025-05-24,"44","Rhode Island","65-130",1
2025-05-24,"45","South Carolina","0-130",7
2025-05-24,"45","South Carolina","0-64",4
2025-05-24,"45","South Carolina","65-130",3
2025-05-24,"46","South Dakota","0-130",2
2025-05-24,"46","South Dakota","0-64",1
2025-05-24,"46","South Dakota","65-130",1
2025-05-24,"47","Tennessee","0-130",17
2025-05-24,"47","Tennessee","0-64",14
2025-05-24,"47","Tennessee","65-130",3
2025-05-24,"48","Texas","0-130",54
2025-05-24,"48","Texas","0-64",27
2025-05-24,"48","Texas","65-130",27
2025-05-24,"US","US","0-130",598
2025-05-24,"US","US","0-64",331
2025-05-24,"US","US","65-130",263
2025-05-24,"49","Utah","0-130",6
2025-05-24,"49","Utah","0-64",5
2025-05-24,"49","Utah","65-130",1
2025-05-24,"50","Vermont","0-130",1
2025-05-24,"50","Vermont","0-64",0
2025-05-24,"50","Vermont","65-130",1
2025-05-24,"78","Virgin Islands","0-130",0
2025-05-24,"78","Virgin Islands","0-64",0
2025-05-24,"78","Virgin Islands","65-130",0
2025-05-24,"51","Virginia","0-130",5
2025-05-24,"51","Virginia","0-64",2
2025-05-24,"51","Virginia","65-130",3
2025-05-24,"53","Washington","0-130",7
2025-05-24,"53","Washington","0-64",3
2025-05-24,"53","Washington","65-130",4
2025-05-24,"54","West Virginia","0-130",6
2025-05-24,"54","West Virginia","0-64",5
2025-05-24,"54","West Virginia","65-130",1
2025-05-24,"55","Wisconsin","0-130",10
2025-05-24,"55","Wisconsin","0-64",6
2025-05-24,"55","Wisconsin","65-130",4
2025-05-31,"01","Alabama","0-130",9
2025-05-31,"01","Alabama","0-64",7
2025-05-31,"01","Alabama","65-130",2
2025-05-31,"02","Alaska","0-130",2
2025-05-31,"02","Alaska","0-64",1
2025-05-31,"02","Alaska","65-130",1
2025-05-31,"04","Arizona","0-130",6
2025-05-31,"04","Arizona","0-64",1
2025-05-31,"04","Arizona","65-130",5
2025-05-31,"05","Arkansas","0-130",10
2025-05-31,"05","Arkansas","0-64",8
2025-05-31,"05","Arkansas","65-130",2
2025-05-31,"06","California","0-130",24
2025-05-31,"06","California","0-64",14
2025-05-31,"06","California","65-130",9
2025-05-31,"08","Colorado","0-130",9
2025-05-31,"08","Colorado","0-64",6
2025-05-31,"08","Colorado","65-130",3
2025-05-31,"09","Connecticut","0-130",2
2025-05-31,"09","Connecticut","0-64",0
2025-05-31,"09","Connecticut","65-130",2
2025-05-31,"12","Florida","0-130",79
2025-05-31,"12","Florida","0-64",49
2025-05-31,"12","Florida","65-130",30
2025-05-31,"13","Georgia","0-130",15
2025-05-31,"13","Georgia","0-64",9
2025-05-31,"13","Georgia","65-130",6
2025-05-31,"66","Guam","0-130",0
2025-05-31,"66","Guam","0-64",0
2025-05-31,"66","Guam","65-130",0
2025-05-31,"15","Hawaii","0-130",2
2025-05-31,"15","Hawaii","0-64",2
2025-05-31,"15","Hawaii","65-130",0
2025-05-31,"16","Idaho","0-130",4
2025-05-31,"16","Idaho","0-64",2
2025-05-31,"16","Idaho","65-130",2
2025-05-31,"17","Illinois","0-130",11
2025-05-31,"17","Illinois","0-64",4
2025-05-31,"17","Illinois","65-130",7
2025-05-31,"18","Indiana","0-130",9
2025-05-31,"18","Indiana","0-64",5
2025-05-31,"18","Indiana","65-130",4
2025-05-31,"19","Iowa","0-130",5
2025-05-31,"19","Iowa","0-64",0
2025-05-31,"19","Iowa","65-130",5
2025-05-31,"20","Kansas","0-130",3
2025-05-31,"20","Kansas","0-64",0
2025-05-31,"20","Kansas","65-130",3
2025-05-31,"21","Kentucky","0-130",14
2025-05-31,"21","Kentucky","0-64",9
2025-05-31,"21","Kentucky","65-130",5
2025-05-31,"22","Louisiana","0-130",4
2025-05-31,"22","Louisiana","0-64",2
2025-05-31,"22","Louisiana","65-130",2
2025-05-31,"23","Maine","0-130",0
2025-05-31,"23","Maine","0-64",0
2025-05-31,"23","Maine","65-130",0
2025-05-31,"24","Maryland","0-130",20
2025-05-31,"24","Maryland","0-64",9
2025-05-31,"24","Maryland","65-130",8
2025-05-31,"25","Massachusetts","0-130",10
2025-05-31,"25","Massachusetts","0-64",5
2025-05-31,"25","Massachusetts","65-130",5
2025-05-31,"26","Michigan","0-130",12
2025-05-31,"26","Michigan","0-64",5
2025-05-31,"26","Michigan","65-130",7
2025-05-31,"27","Minnesota","0-130",4
2025-05-31,"27","Minnesota","0-64",1
2025-05-31,"27","Minnesota","65-130",3
2025-05-31,"28","Mississippi","0-130",1
2025-05-31,"28","Mississippi","0-64",1
2025-05-31,"28","Mississippi","65-130",0
2025-05-31,"29","Missouri","0-130",26
2025-05-31,"29","Missouri","0-64",15
2025-05-31,"29","Missouri","65-130",11
2025-05-31,"30","Montana","0-130",0
2025-05-31,"30","Montana","0-64",0
2025-05-31,"30","Montana","65-130",0
2025-05-31,"31","Nebraska","0-130",3
2025-05-31,"31","Nebraska","0-64",2
2025-05-31,"31","Nebraska","65-130",1
2025-05-31,"32","Nevada","0-130",1
2025-05-31,"32","Nevada","0-64",1
2025-05-31,"32","Nevada","65-130",0
2025-05-31,"33","New Hampshire","0-130",0
2025-05-31,"33","New Hampshire","0-64",0
2025-05-31,"33","New Hampshire","65-130",0
2025-05-31,"34","New Jersey","0-130",22
2025-05-31,"34","New Jersey","0-64",8
2025-05-31,"34","New Jersey","65-130",14
2025-05-31,"35","New Mexico","0-130",1
2025-05-31,"35","New Mexico","0-64",1
2025-05-31,"35","New Mexico","65-130",0
2025-05-31,"36","New York","0-130",19
2025-05-31,"36","New York","0-64",11
2025-05-31,"36","New York","65-130",8
2025-05-31,"37","North Carolina","0-130",9
2025-05-31,"37","North Carolina","0-64",3
2025-05-31,"37","North Carolina","65-130",6
2025-05-31,"38","North Dakota","0-130",3
2025-05-31,"38","North Dakota","0-64",0
2025-05-31,"38","North Dakota","65-130",2
2025-05-31,"69","Northern Mariana Islands","0-130",0
2025-05-31,"69","Northern Mariana Islands","0-64",0
2025-05-31,"69","Northern Mariana Islands","65-130",0
2025-05-31,"39","Ohio","0-130",18
2025-05-31,"39","Ohio","0-64",12
2025-05-31,"39","Ohio","65-130",6
2025-05-31,"40","Oklahoma","0-130",3
2025-05-31,"40","Oklahoma","0-64",0
2025-05-31,"40","Oklahoma","65-130",3
2025-05-31,"41","Oregon","0-130",5
2025-05-31,"41","Oregon","0-64",3
2025-05-31,"41","Oregon","65-130",2
2025-05-31,"42","Pennsylvania","0-130",134
2025-05-31,"42","Pennsylvania","0-64",108
2025-05-31,"42","Pennsylvania","65-130",25
2025-05-31,"44","Rhode Island","0-130",2
2025-05-31,"44","Rhode Island","0-64",2
2025-05-31,"44","Rhode Island","65-130",0
2025-05-31,"45","South Carolina","0-130",7
2025-05-31,"45","South Carolina","0-64",4
2025-05-31,"45","South Carolina","65-130",3
2025-05-31,"46","South Dakota","0-130",4
2025-05-31,"46","South Dakota","0-64",3
2025-05-31,"46","South Dakota","65-130",1
2025-05-31,"47","Tennessee","0-130",5
2025-05-31,"47","Tennessee","0-64",3
2025-05-31,"47","Tennessee","65-130",2
2025-05-31,"48","Texas","0-130",26
2025-05-31,"48","Texas","0-64",19
2025-05-31,"48","Texas","65-130",7
2025-05-31,"US","US","0-130",582
2025-05-31,"US","US","0-64",357
2025-05-31,"US","US","65-130",219
2025-05-31,"49","Utah","0-130",2
2025-05-31,"49","Utah","0-64",2
2025-05-31,"49","Utah","65-130",0
2025-05-31,"50","Vermont","0-130",1
2025-05-31,"50","Vermont","0-64",0
2025-05-31,"50","Vermont","65-130",1
2025-05-31,"78","Virgin Islands","0-130",0
2025-05-31,"78","Virgin Islands","0-64",0
2025-05-31,"78","Virgin Islands","65-130",0
2025-05-31,"51","Virginia","0-130",4
2025-05-31,"51","Virginia","0-64",1
2025-05-31,"51","Virginia","65-130",3
2025-05-31,"53","Washington","0-130",4
2025-05-31,"53","Washington","0-64",1
2025-05-31,"53","Washington","65-130",3
2025-05-31,"54","West Virginia","0-130",10
2025-05-31,"54","West Virginia","0-64",5
2025-05-31,"54","West Virginia","65-130",5
2025-05-31,"55","Wisconsin","0-130",9
2025-05-31,"55","Wisconsin","0-64",4
2025-05-31,"55","Wisconsin","65-130",5
2025-06-07,"01","Alabama","0-130",12
2025-06-07,"01","Alabama","0-64",8
2025-06-07,"01","Alabama","65-130",4
2025-06-07,"02","Alaska","0-130",2
2025-06-07,"02","Alaska","0-64",1
2025-06-07,"02","Alaska","65-130",1
2025-06-07,"60","American Samoa","0-130",NA
2025-06-07,"60","American Samoa","0-64",NA
2025-06-07,"60","American Samoa","65-130",NA
2025-06-07,"04","Arizona","0-130",3
2025-06-07,"04","Arizona","0-64",1
2025-06-07,"04","Arizona","65-130",2
2025-06-07,"05","Arkansas","0-130",7
2025-06-07,"05","Arkansas","0-64",4
2025-06-07,"05","Arkansas","65-130",3
2025-06-07,"06","California","0-130",19
2025-06-07,"06","California","0-64",5
2025-06-07,"06","California","65-130",14
2025-06-07,"08","Colorado","0-130",6
2025-06-07,"08","Colorado","0-64",3
2025-06-07,"08","Colorado","65-130",3
2025-06-07,"09","Connecticut","0-130",2
2025-06-07,"09","Connecticut","0-64",1
2025-06-07,"09","Connecticut","65-130",1
2025-06-07,"12","Florida","0-130",81
2025-06-07,"12","Florida","0-64",51
2025-06-07,"12","Florida","65-130",30
2025-06-07,"13","Georgia","0-130",9
2025-06-07,"13","Georgia","0-64",6
2025-06-07,"13","Georgia","65-130",3
2025-06-07,"66","Guam","0-130",0
2025-06-07,"66","Guam","0-64",0
2025-06-07,"66","Guam","65-130",0
2025-06-07,"15","Hawaii","0-130",6
2025-06-07,"15","Hawaii","0-64",4
2025-06-07,"15","Hawaii","65-130",2
2025-06-07,"16","Idaho","0-130",6
2025-06-07,"16","Idaho","0-64",1
2025-06-07,"16","Idaho","65-130",5
2025-06-07,"17","Illinois","0-130",7
2025-06-07,"17","Illinois","0-64",3
2025-06-07,"17","Illinois","65-130",4
2025-06-07,"18","Indiana","0-130",2
2025-06-07,"18","Indiana","0-64",2
2025-06-07,"18","Indiana","65-130",0
2025-06-07,"19","Iowa","0-130",2
2025-06-07,"19","Iowa","0-64",0
2025-06-07,"19","Iowa","65-130",2
2025-06-07,"20","Kansas","0-130",5
2025-06-07,"20","Kansas","0-64",3
2025-06-07,"20","Kansas","65-130",2
2025-06-07,"21","Kentucky","0-130",7
2025-06-07,"21","Kentucky","0-64",5
2025-06-07,"21","Kentucky","65-130",2
2025-06-07,"22","Louisiana","0-130",4
2025-06-07,"22","Louisiana","0-64",3
2025-06-07,"22","Louisiana","65-130",1
2025-06-07,"23","Maine","0-130",1
2025-06-07,"23","Maine","0-64",0
2025-06-07,"23","Maine","65-130",1
2025-06-07,"24","Maryland","0-130",20
2025-06-07,"24","Maryland","0-64",10
2025-06-07,"24","Maryland","65-130",7
2025-06-07,"25","Massachusetts","0-130",11
2025-06-07,"25","Massachusetts","0-64",3
2025-06-07,"25","Massachusetts","65-130",8
2025-06-07,"26","Michigan","0-130",9
2025-06-07,"26","Michigan","0-64",6
2025-06-07,"26","Michigan","65-130",3
2025-06-07,"27","Minnesota","0-130",2
2025-06-07,"27","Minnesota","0-64",1
2025-06-07,"27","Minnesota","65-130",1
2025-06-07,"28","Mississippi","0-130",3
2025-06-07,"28","Mississippi","0-64",3
2025-06-07,"28","Mississippi","65-130",0
2025-06-07,"29","Missouri","0-130",21
2025-06-07,"29","Missouri","0-64",13
2025-06-07,"29","Missouri","65-130",8
2025-06-07,"30","Montana","0-130",1
2025-06-07,"30","Montana","0-64",0
2025-06-07,"30","Montana","65-130",1
2025-06-07,"31","Nebraska","0-130",3
2025-06-07,"31","Nebraska","0-64",1
2025-06-07,"31","Nebraska","65-130",2
2025-06-07,"32","Nevada","0-130",0
2025-06-07,"32","Nevada","0-64",0
2025-06-07,"32","Nevada","65-130",0
2025-06-07,"33","New Hampshire","0-130",0
2025-06-07,"33","New Hampshire","0-64",0
2025-06-07,"33","New Hampshire","65-130",0
2025-06-07,"34","New Jersey","0-130",12
2025-06-07,"34","New Jersey","0-64",7
2025-06-07,"34","New Jersey","65-130",5
2025-06-07,"35","New Mexico","0-130",2
2025-06-07,"35","New Mexico","0-64",2
2025-06-07,"35","New Mexico","65-130",0
2025-06-07,"36","New York","0-130",26
2025-06-07,"36","New York","0-64",13
2025-06-07,"36","New York","65-130",13
2025-06-07,"37","North Carolina","0-130",9
2025-06-07,"37","North Carolina","0-64",5
2025-06-07,"37","North Carolina","65-130",4
2025-06-07,"38","North Dakota","0-130",0
2025-06-07,"38","North Dakota","0-64",0
2025-06-07,"38","North Dakota","65-130",0
2025-06-07,"69","Northern Mariana Islands","0-130",0
2025-06-07,"69","Northern Mariana Islands","0-64",0
2025-06-07,"69","Northern Mariana Islands","65-130",0
2025-06-07,"39","Ohio","0-130",8
2025-06-07,"39","Ohio","0-64",6
2025-06-07,"39","Ohio","65-130",2
2025-06-07,"40","Oklahoma","0-130",5
2025-06-07,"40","Oklahoma","0-64",2
2025-06-07,"40","Oklahoma","65-130",3
2025-06-07,"41","Oregon","0-130",4
2025-06-07,"41","Oregon","0-64",1
2025-06-07,"41","Oregon","65-130",3
2025-06-07,"42","Pennsylvania","0-130",63
2025-06-07,"42","Pennsylvania","0-64",20
2025-06-07,"42","Pennsylvania","65-130",39
2025-06-07,"44","Rhode Island","0-130",2
2025-06-07,"44","Rhode Island","0-64",1
2025-06-07,"44","Rhode Island","65-130",1
2025-06-07,"45","South Carolina","0-130",13
2025-06-07,"45","South Carolina","0-64",7
2025-06-07,"45","South Carolina","65-130",6
2025-06-07,"46","South Dakota","0-130",2
2025-06-07,"46","South Dakota","0-64",2
2025-06-07,"46","South Dakota","65-130",0
2025-06-07,"47","Tennessee","0-130",11
2025-06-07,"47","Tennessee","0-64",7
2025-06-07,"47","Tennessee","65-130",4
2025-06-07,"48","Texas","0-130",31
2025-06-07,"48","Texas","0-64",19
2025-06-07,"48","Texas","65-130",12
2025-06-07,"US","US","0-130",474
2025-06-07,"US","US","0-64",250
2025-06-07,"US","US","65-130",217
2025-06-07,"49","Utah","0-130",4
2025-06-07,"49","Utah","0-64",3
2025-06-07,"49","Utah","65-130",1
2025-06-07,"50","Vermont","0-130",0
2025-06-07,"50","Vermont","0-64",0
2025-06-07,"50","Vermont","65-130",0
2025-06-07,"78","Virgin Islands","0-130",0
2025-06-07,"78","Virgin Islands","0-64",0
2025-06-07,"78","Virgin Islands","65-130",0
2025-06-07,"51","Virginia","0-130",4
2025-06-07,"51","Virginia","0-64",3
2025-06-07,"51","Virginia","65-130",1
2025-06-07,"53","Washington","0-130",2
2025-06-07,"53","Washington","0-64",0
2025-06-07,"53","Washington","65-130",2
2025-06-07,"54","West Virginia","0-130",10
2025-06-07,"54","West Virginia","0-64",6
2025-06-07,"54","West Virginia","65-130",4
2025-06-07,"55","Wisconsin","0-130",6
2025-06-07,"55","Wisconsin","0-64",2
2025-06-07,"55","Wisconsin","65-130",4
2025-06-14,"01","Alabama","0-130",9
2025-06-14,"01","Alabama","0-64",6
2025-06-14,"01","Alabama","65-130",3
2025-06-14,"02","Alaska","0-130",3
2025-06-14,"02","Alaska","0-64",1
2025-06-14,"02","Alaska","65-130",2
2025-06-14,"60","American Samoa","0-130",0
2025-06-14,"60","American Samoa","0-64",0
2025-06-14,"60","American Samoa","65-130",0
2025-06-14,"04","Arizona","0-130",5
2025-06-14,"04","Arizona","0-64",2
2025-06-14,"04","Arizona","65-130",3
2025-06-14,"05","Arkansas","0-130",6
2025-06-14,"05","Arkansas","0-64",3
2025-06-14,"05","Arkansas","65-130",3
2025-06-14,"06","California","0-130",16
2025-06-14,"06","California","0-64",9
2025-06-14,"06","California","65-130",7
2025-06-14,"08","Colorado","0-130",0
2025-06-14,"08","Colorado","0-64",0
2025-06-14,"08","Colorado","65-130",0
2025-06-14,"09","Connecticut","0-130",4
2025-06-14,"09","Connecticut","0-64",3
2025-06-14,"09","Connecticut","65-130",1
2025-06-14,"12","Florida","0-130",79
2025-06-14,"12","Florida","0-64",49
2025-06-14,"12","Florida","65-130",29
2025-06-14,"13","Georgia","0-130",10
2025-06-14,"13","Georgia","0-64",8
2025-06-14,"13","Georgia","65-130",2
2025-06-14,"66","Guam","0-130",0
2025-06-14,"66","Guam","0-64",0
2025-06-14,"66","Guam","65-130",0
2025-06-14,"15","Hawaii","0-130",5
2025-06-14,"15","Hawaii","0-64",3
2025-06-14,"15","Hawaii","65-130",2
2025-06-14,"16","Idaho","0-130",0
2025-06-14,"16","Idaho","0-64",0
2025-06-14,"16","Idaho","65-130",0
2025-06-14,"17","Illinois","0-130",1
2025-06-14,"17","Illinois","0-64",0
2025-06-14,"17","Illinois","65-130",1
2025-06-14,"18","Indiana","0-130",7
2025-06-14,"18","Indiana","0-64",6
2025-06-14,"18","Indiana","65-130",1
2025-06-14,"19","Iowa","0-130",3
2025-06-14,"19","Iowa","0-64",0
2025-06-14,"19","Iowa","65-130",3
2025-06-14,"20","Kansas","0-130",3
2025-06-14,"20","Kansas","0-64",2
2025-06-14,"20","Kansas","65-130",1
2025-06-14,"21","Kentucky","0-130",8
2025-06-14,"21","Kentucky","0-64",7
2025-06-14,"21","Kentucky","65-130",1
2025-06-14,"22","Louisiana","0-130",4
2025-06-14,"22","Louisiana","0-64",1
2025-06-14,"22","Louisiana","65-130",1
2025-06-14,"23","Maine","0-130",0
2025-06-14,"23","Maine","0-64",0
2025-06-14,"23","Maine","65-130",0
2025-06-14,"24","Maryland","0-130",9
2025-06-14,"24","Maryland","0-64",4
2025-06-14,"24","Maryland","65-130",4
2025-06-14,"25","Massachusetts","0-130",15
2025-06-14,"25","Massachusetts","0-64",7
2025-06-14,"25","Massachusetts","65-130",8
2025-06-14,"26","Michigan","0-130",18
2025-06-14,"26","Michigan","0-64",14
2025-06-14,"26","Michigan","65-130",4
2025-06-14,"27","Minnesota","0-130",2
2025-06-14,"27","Minnesota","0-64",1
2025-06-14,"27","Minnesota","65-130",1
2025-06-14,"28","Mississippi","0-130",6
2025-06-14,"28","Mississippi","0-64",4
2025-06-14,"28","Mississippi","65-130",2
2025-06-14,"29","Missouri","0-130",18
2025-06-14,"29","Missouri","0-64",11
2025-06-14,"29","Missouri","65-130",7
2025-06-14,"30","Montana","0-130",1
2025-06-14,"30","Montana","0-64",0
2025-06-14,"30","Montana","65-130",1
2025-06-14,"31","Nebraska","0-130",3
2025-06-14,"31","Nebraska","0-64",2
2025-06-14,"31","Nebraska","65-130",1
2025-06-14,"32","Nevada","0-130",1
2025-06-14,"32","Nevada","0-64",0
2025-06-14,"32","Nevada","65-130",1
2025-06-14,"33","New Hampshire","0-130",0
2025-06-14,"33","New Hampshire","0-64",0
2025-06-14,"33","New Hampshire","65-130",0
2025-06-14,"34","New Jersey","0-130",13
2025-06-14,"34","New Jersey","0-64",6
2025-06-14,"34","New Jersey","65-130",7
2025-06-14,"35","New Mexico","0-130",1
2025-06-14,"35","New Mexico","0-64",1
2025-06-14,"35","New Mexico","65-130",0
2025-06-14,"36","New York","0-130",23
2025-06-14,"36","New York","0-64",13
2025-06-14,"36","New York","65-130",10
2025-06-14,"37","North Carolina","0-130",11
2025-06-14,"37","North Carolina","0-64",8
2025-06-14,"37","North Carolina","65-130",3
2025-06-14,"38","North Dakota","0-130",2
2025-06-14,"38","North Dakota","0-64",2
2025-06-14,"38","North Dakota","65-130",0
2025-06-14,"69","Northern Mariana Islands","0-130",0
2025-06-14,"69","Northern Mariana Islands","0-64",0
2025-06-14,"69","Northern Mariana Islands","65-130",0
2025-06-14,"39","Ohio","0-130",5
2025-06-14,"39","Ohio","0-64",3
2025-06-14,"39","Ohio","65-130",2
2025-06-14,"40","Oklahoma","0-130",3
2025-06-14,"40","Oklahoma","0-64",0
2025-06-14,"40","Oklahoma","65-130",3
2025-06-14,"41","Oregon","0-130",0
2025-06-14,"41","Oregon","0-64",0
2025-06-14,"41","Oregon","65-130",0
2025-06-14,"42","Pennsylvania","0-130",42
2025-06-14,"42","Pennsylvania","0-64",19
2025-06-14,"42","Pennsylvania","65-130",22
2025-06-14,"44","Rhode Island","0-130",0
2025-06-14,"44","Rhode Island","0-64",0
2025-06-14,"44","Rhode Island","65-130",0
2025-06-14,"45","South Carolina","0-130",7
2025-06-14,"45","South Carolina","0-64",4
2025-06-14,"45","South Carolina","65-130",3
2025-06-14,"46","South Dakota","0-130",0
2025-06-14,"46","South Dakota","0-64",0
2025-06-14,"46","South Dakota","65-130",0
2025-06-14,"47","Tennessee","0-130",3
2025-06-14,"47","Tennessee","0-64",0
2025-06-14,"47","Tennessee","65-130",3
2025-06-14,"48","Texas","0-130",21
2025-06-14,"48","Texas","0-64",19
2025-06-14,"48","Texas","65-130",2
2025-06-14,"US","US","0-130",405
2025-06-14,"US","US","0-64",247
2025-06-14,"US","US","65-130",153
2025-06-14,"49","Utah","0-130",4
2025-06-14,"49","Utah","0-64",4
2025-06-14,"49","Utah","65-130",0
2025-06-14,"50","Vermont","0-130",1
2025-06-14,"50","Vermont","0-64",1
2025-06-14,"50","Vermont","65-130",0
2025-06-14,"78","Virgin Islands","0-130",0
2025-06-14,"78","Virgin Islands","0-64",0
2025-06-14,"78","Virgin Islands","65-130",0
2025-06-14,"51","Virginia","0-130",2
2025-06-14,"51","Virginia","0-64",1
2025-06-14,"51","Virginia","65-130",1
2025-06-14,"53","Washington","0-130",2
2025-06-14,"53","Washington","0-64",1
2025-06-14,"53","Washington","65-130",1
2025-06-14,"54","West Virginia","0-130",9
2025-06-14,"54","West Virginia","0-64",6
2025-06-14,"54","West Virginia","65-130",3
2025-06-14,"55","Wisconsin","0-130",2
2025-06-14,"55","Wisconsin","0-64",0
2025-06-14,"55","Wisconsin","65-130",2
2025-06-21,"01","Alabama","0-130",7
2025-06-21,"01","Alabama","0-64",4
2025-06-21,"01","Alabama","65-130",2
2025-06-21,"02","Alaska","0-130",4
2025-06-21,"02","Alaska","0-64",1
2025-06-21,"02","Alaska","65-130",3
2025-06-21,"60","American Samoa","0-130",2
2025-06-21,"60","American Samoa","0-64",2
2025-06-21,"60","American Samoa","65-130",0
2025-06-21,"04","Arizona","0-130",2
2025-06-21,"04","Arizona","0-64",1
2025-06-21,"04","Arizona","65-130",1
2025-06-21,"05","Arkansas","0-130",4
2025-06-21,"05","Arkansas","0-64",2
2025-06-21,"05","Arkansas","65-130",2
2025-06-21,"06","California","0-130",9
2025-06-21,"06","California","0-64",5
2025-06-21,"06","California","65-130",4
2025-06-21,"08","Colorado","0-130",0
2025-06-21,"08","Colorado","0-64",0
2025-06-21,"08","Colorado","65-130",0
2025-06-21,"09","Connecticut","0-130",1
2025-06-21,"09","Connecticut","0-64",0
2025-06-21,"09","Connecticut","65-130",1
2025-06-21,"12","Florida","0-130",62
2025-06-21,"12","Florida","0-64",33
2025-06-21,"12","Florida","65-130",29
2025-06-21,"13","Georgia","0-130",6
2025-06-21,"13","Georgia","0-64",6
2025-06-21,"13","Georgia","65-130",0
2025-06-21,"66","Guam","0-130",NA
2025-06-21,"66","Guam","0-64",NA
2025-06-21,"66","Guam","65-130",NA
2025-06-21,"15","Hawaii","0-130",1
2025-06-21,"15","Hawaii","0-64",1
2025-06-21,"15","Hawaii","65-130",0
2025-06-21,"16","Idaho","0-130",0
2025-06-21,"16","Idaho","0-64",0
2025-06-21,"16","Idaho","65-130",0
2025-06-21,"17","Illinois","0-130",6
2025-06-21,"17","Illinois","0-64",2
2025-06-21,"17","Illinois","65-130",4
2025-06-21,"18","Indiana","0-130",3
2025-06-21,"18","Indiana","0-64",2
2025-06-21,"18","Indiana","65-130",1
2025-06-21,"19","Iowa","0-130",1
2025-06-21,"19","Iowa","0-64",0
2025-06-21,"19","Iowa","65-130",1
2025-06-21,"20","Kansas","0-130",3
2025-06-21,"20","Kansas","0-64",1
2025-06-21,"20","Kansas","65-130",2
2025-06-21,"21","Kentucky","0-130",8
2025-06-21,"21","Kentucky","0-64",5
2025-06-21,"21","Kentucky","65-130",3
2025-06-21,"22","Louisiana","0-130",2
2025-06-21,"22","Louisiana","0-64",0
2025-06-21,"22","Louisiana","65-130",2
2025-06-21,"23","Maine","0-130",0
2025-06-21,"23","Maine","0-64",0
2025-06-21,"23","Maine","65-130",0
2025-06-21,"24","Maryland","0-130",8
2025-06-21,"24","Maryland","0-64",6
2025-06-21,"24","Maryland","65-130",2
2025-06-21,"25","Massachusetts","0-130",6
2025-06-21,"25","Massachusetts","0-64",1
2025-06-21,"25","Massachusetts","65-130",5
2025-06-21,"26","Michigan","0-130",4
2025-06-21,"26","Michigan","0-64",3
2025-06-21,"26","Michigan","65-130",1
2025-06-21,"27","Minnesota","0-130",3
2025-06-21,"27","Minnesota","0-64",3
2025-06-21,"27","Minnesota","65-130",0
2025-06-21,"28","Mississippi","0-130",1
2025-06-21,"28","Mississippi","0-64",1
2025-06-21,"28","Mississippi","65-130",0
2025-06-21,"29","Missouri","0-130",16
2025-06-21,"29","Missouri","0-64",10
2025-06-21,"29","Missouri","65-130",6
2025-06-21,"30","Montana","0-130",1
2025-06-21,"30","Montana","0-64",0
2025-06-21,"30","Montana","65-130",1
2025-06-21,"31","Nebraska","0-130",2
2025-06-21,"31","Nebraska","0-64",2
2025-06-21,"31","Nebraska","65-130",0
2025-06-21,"32","Nevada","0-130",1
2025-06-21,"32","Nevada","0-64",1
2025-06-21,"32","Nevada","65-130",0
2025-06-21,"33","New Hampshire","0-130",0
2025-06-21,"33","New Hampshire","0-64",0
2025-06-21,"33","New Hampshire","65-130",0
2025-06-21,"34","New Jersey","0-130",10
2025-06-21,"34","New Jersey","0-64",5
2025-06-21,"34","New Jersey","65-130",5
2025-06-21,"35","New Mexico","0-130",0
2025-06-21,"35","New Mexico","0-64",0
2025-06-21,"35","New Mexico","65-130",0
2025-06-21,"36","New York","0-130",12
2025-06-21,"36","New York","0-64",9
2025-06-21,"36","New York","65-130",3
2025-06-21,"37","North Carolina","0-130",9
2025-06-21,"37","North Carolina","0-64",7
2025-06-21,"37","North Carolina","65-130",2
2025-06-21,"38","North Dakota","0-130",2
2025-06-21,"38","North Dakota","0-64",2
2025-06-21,"38","North Dakota","65-130",0
2025-06-21,"69","Northern Mariana Islands","0-130",0
2025-06-21,"69","Northern Mariana Islands","0-64",0
2025-06-21,"69","Northern Mariana Islands","65-130",0
2025-06-21,"39","Ohio","0-130",8
2025-06-21,"39","Ohio","0-64",7
2025-06-21,"39","Ohio","65-130",1
2025-06-21,"40","Oklahoma","0-130",6
2025-06-21,"40","Oklahoma","0-64",3
2025-06-21,"40","Oklahoma","65-130",3
2025-06-21,"41","Oregon","0-130",0
2025-06-21,"41","Oregon","0-64",0
2025-06-21,"41","Oregon","65-130",0
2025-06-21,"42","Pennsylvania","0-130",35
2025-06-21,"42","Pennsylvania","0-64",11
2025-06-21,"42","Pennsylvania","65-130",24
2025-06-21,"44","Rhode Island","0-130",0
2025-06-21,"44","Rhode Island","0-64",0
2025-06-21,"44","Rhode Island","65-130",0
2025-06-21,"45","South Carolina","0-130",6
2025-06-21,"45","South Carolina","0-64",5
2025-06-21,"45","South Carolina","65-130",1
2025-06-21,"46","South Dakota","0-130",0
2025-06-21,"46","South Dakota","0-64",0
2025-06-21,"46","South Dakota","65-130",0
2025-06-21,"47","Tennessee","0-130",2
2025-06-21,"47","Tennessee","0-64",1
2025-06-21,"47","Tennessee","65-130",1
2025-06-21,"48","Texas","0-130",24
2025-06-21,"48","Texas","0-64",15
2025-06-21,"48","Texas","65-130",8
2025-06-21,"US","US","0-130",305
2025-06-21,"US","US","0-64",175
2025-06-21,"US","US","65-130",128
2025-06-21,"49","Utah","0-130",2
2025-06-21,"49","Utah","0-64",1
2025-06-21,"49","Utah","65-130",1
2025-06-21,"50","Vermont","0-130",1
2025-06-21,"50","Vermont","0-64",0
2025-06-21,"50","Vermont","65-130",1
2025-06-21,"78","Virgin Islands","0-130",0
2025-06-21,"78","Virgin Islands","0-64",0
2025-06-21,"78","Virgin Islands","65-130",0
2025-06-21,"51","Virginia","0-130",5
2025-06-21,"51","Virginia","0-64",4
2025-06-21,"51","Virginia","65-130",1
2025-06-21,"53","Washington","0-130",0
2025-06-21,"53","Washington","0-64",0
2025-06-21,"53","Washington","65-130",0
2025-06-21,"54","West Virginia","0-130",13
2025-06-21,"54","West Virginia","0-64",8
2025-06-21,"54","West Virginia","65-130",5
2025-06-21,"55","Wisconsin","0-130",3
2025-06-21,"55","Wisconsin","0-64",2
2025-06-21,"55","Wisconsin","65-130",1
2025-06-28,"01","Alabama","0-130",6
2025-06-28,"01","Alabama","0-64",5
2025-06-28,"01","Alabama","65-130",1
2025-06-28,"02","Alaska","0-130",2
2025-06-28,"02","Alaska","0-64",2
2025-06-28,"02","Alaska","65-130",0
2025-06-28,"60","American Samoa","0-130",0
2025-06-28,"60","American Samoa","0-64",0
2025-06-28,"60","American Samoa","65-130",0
2025-06-28,"04","Arizona","0-130",0
2025-06-28,"04","Arizona","0-64",0
2025-06-28,"04","Arizona","65-130",0
2025-06-28,"05","Arkansas","0-130",4
2025-06-28,"05","Arkansas","0-64",2
2025-06-28,"05","Arkansas","65-130",2
2025-06-28,"06","California","0-130",6
2025-06-28,"06","California","0-64",4
2025-06-28,"06","California","65-130",2
2025-06-28,"08","Colorado","0-130",0
2025-06-28,"08","Colorado","0-64",0
2025-06-28,"08","Colorado","65-130",0
2025-06-28,"09","Connecticut","0-130",2
2025-06-28,"09","Connecticut","0-64",0
2025-06-28,"09","Connecticut","65-130",2
2025-06-28,"10","Delaware","0-130",NA
2025-06-28,"10","Delaware","0-64",NA
2025-06-28,"10","Delaware","65-130",NA
2025-06-28,"12","Florida","0-130",50
2025-06-28,"12","Florida","0-64",34
2025-06-28,"12","Florida","65-130",16
2025-06-28,"13","Georgia","0-130",6
2025-06-28,"13","Georgia","0-64",6
2025-06-28,"13","Georgia","65-130",0
2025-06-28,"66","Guam","0-130",1
2025-06-28,"66","Guam","0-64",1
2025-06-28,"66","Guam","65-130",0
2025-06-28,"15","Hawaii","0-130",4
2025-06-28,"15","Hawaii","0-64",4
2025-06-28,"15","Hawaii","65-130",0
2025-06-28,"16","Idaho","0-130",0
2025-06-28,"16","Idaho","0-64",0
2025-06-28,"16","Idaho","65-130",0
2025-06-28,"17","Illinois","0-130",5
2025-06-28,"17","Illinois","0-64",3
2025-06-28,"17","Illinois","65-130",2
2025-06-28,"18","Indiana","0-130",2
2025-06-28,"18","Indiana","0-64",0
2025-06-28,"18","Indiana","65-130",2
2025-06-28,"19","Iowa","0-130",3
2025-06-28,"19","Iowa","0-64",2
2025-06-28,"19","Iowa","65-130",1
2025-06-28,"20","Kansas","0-130",2
2025-06-28,"20","Kansas","0-64",1
2025-06-28,"20","Kansas","65-130",1
2025-06-28,"21","Kentucky","0-130",10
2025-06-28,"21","Kentucky","0-64",7
2025-06-28,"21","Kentucky","65-130",3
2025-06-28,"22","Louisiana","0-130",4
2025-06-28,"22","Louisiana","0-64",4
2025-06-28,"22","Louisiana","65-130",0
2025-06-28,"23","Maine","0-130",0
2025-06-28,"23","Maine","0-64",0
2025-06-28,"23","Maine","65-130",0
2025-06-28,"24","Maryland","0-130",3
2025-06-28,"24","Maryland","0-64",3
2025-06-28,"24","Maryland","65-130",0
2025-06-28,"25","Massachusetts","0-130",6
2025-06-28,"25","Massachusetts","0-64",5
2025-06-28,"25","Massachusetts","65-130",1
2025-06-28,"26","Michigan","0-130",3
2025-06-28,"26","Michigan","0-64",3
2025-06-28,"26","Michigan","65-130",0
2025-06-28,"27","Minnesota","0-130",3
2025-06-28,"27","Minnesota","0-64",3
2025-06-28,"27","Minnesota","65-130",0
2025-06-28,"28","Mississippi","0-130",1
2025-06-28,"28","Mississippi","0-64",0
2025-06-28,"28","Mississippi","65-130",1
2025-06-28,"29","Missouri","0-130",18
2025-06-28,"29","Missouri","0-64",11
2025-06-28,"29","Missouri","65-130",7
2025-06-28,"30","Montana","0-130",0
2025-06-28,"30","Montana","0-64",0
2025-06-28,"30","Montana","65-130",0
2025-06-28,"31","Nebraska","0-130",1
2025-06-28,"31","Nebraska","0-64",1
2025-06-28,"31","Nebraska","65-130",0
2025-06-28,"32","Nevada","0-130",0
2025-06-28,"32","Nevada","0-64",0
2025-06-28,"32","Nevada","65-130",0
2025-06-28,"33","New Hampshire","0-130",1
2025-06-28,"33","New Hampshire","0-64",0
2025-06-28,"33","New Hampshire","65-130",1
2025-06-28,"34","New Jersey","0-130",7
2025-06-28,"34","New Jersey","0-64",2
2025-06-28,"34","New Jersey","65-130",5
2025-06-28,"35","New Mexico","0-130",0
2025-06-28,"35","New Mexico","0-64",0
2025-06-28,"35","New Mexico","65-130",0
2025-06-28,"36","New York","0-130",13
2025-06-28,"36","New York","0-64",10
2025-06-28,"36","New York","65-130",3
2025-06-28,"37","North Carolina","0-130",10
2025-06-28,"37","North Carolina","0-64",5
2025-06-28,"37","North Carolina","65-130",5
2025-06-28,"38","North Dakota","0-130",NA
2025-06-28,"38","North Dakota","0-64",NA
2025-06-28,"38","North Dakota","65-130",NA
2025-06-28,"69","Northern Mariana Islands","0-130",0
2025-06-28,"69","Northern Mariana Islands","0-64",0
2025-06-28,"69","Northern Mariana Islands","65-130",0
2025-06-28,"39","Ohio","0-130",4
2025-06-28,"39","Ohio","0-64",2
2025-06-28,"39","Ohio","65-130",2
2025-06-28,"40","Oklahoma","0-130",4
2025-06-28,"40","Oklahoma","0-64",0
2025-06-28,"40","Oklahoma","65-130",4
2025-06-28,"41","Oregon","0-130",1
2025-06-28,"41","Oregon","0-64",1
2025-06-28,"41","Oregon","65-130",0
2025-06-28,"42","Pennsylvania","0-130",41
2025-06-28,"42","Pennsylvania","0-64",12
2025-06-28,"42","Pennsylvania","65-130",29
2025-06-28,"44","Rhode Island","0-130",0
2025-06-28,"44","Rhode Island","0-64",0
2025-06-28,"44","Rhode Island","65-130",0
2025-06-28,"45","South Carolina","0-130",3
2025-06-28,"45","South Carolina","0-64",1
2025-06-28,"45","South Carolina","65-130",2
2025-06-28,"46","South Dakota","0-130",0
2025-06-28,"46","South Dakota","0-64",0
2025-06-28,"46","South Dakota","65-130",0
2025-06-28,"47","Tennessee","0-130",5
2025-06-28,"47","Tennessee","0-64",3
2025-06-28,"47","Tennessee","65-130",2
2025-06-28,"48","Texas","0-130",15
2025-06-28,"48","Texas","0-64",14
2025-06-28,"48","Texas","65-130",1
2025-06-28,"US","US","0-130",260
2025-06-28,"US","US","0-64",157
2025-06-28,"US","US","65-130",103
2025-06-28,"49","Utah","0-130",0
2025-06-28,"49","Utah","0-64",0
2025-06-28,"49","Utah","65-130",0
2025-06-28,"50","Vermont","0-130",0
2025-06-28,"50","Vermont","0-64",0
2025-06-28,"50","Vermont","65-130",0
2025-06-28,"78","Virgin Islands","0-130",0
2025-06-28,"78","Virgin Islands","0-64",0
2025-06-28,"78","Virgin Islands","65-130",0
2025-06-28,"51","Virginia","0-130",5
2025-06-28,"51","Virginia","0-64",1
2025-06-28,"51","Virginia","65-130",4
2025-06-28,"53","Washington","0-130",0
2025-06-28,"53","Washington","0-64",0
2025-06-28,"53","Washington","65-130",0
2025-06-28,"54","West Virginia","0-130",6
2025-06-28,"54","West Virginia","0-64",3
2025-06-28,"54","West Virginia","65-130",3
2025-06-28,"55","Wisconsin","0-130",2
2025-06-28,"55","Wisconsin","0-64",1
2025-06-28,"55","Wisconsin","65-130",1
2025-07-05,"01","Alabama","0-130",3
2025-07-05,"01","Alabama","0-64",2
2025-07-05,"01","Alabama","65-130",1
2025-07-05,"02","Alaska","0-130",0
2025-07-05,"02","Alaska","0-64",0
2025-07-05,"02","Alaska","65-130",0
2025-07-05,"60","American Samoa","0-130",3
2025-07-05,"60","American Samoa","0-64",3
2025-07-05,"60","American Samoa","65-130",0
2025-07-05,"04","Arizona","0-130",0
2025-07-05,"04","Arizona","0-64",0
2025-07-05,"04","Arizona","65-130",0
2025-07-05,"05","Arkansas","0-130",2
2025-07-05,"05","Arkansas","0-64",1
2025-07-05,"05","Arkansas","65-130",1
2025-07-05,"06","California","0-130",11
2025-07-05,"06","California","0-64",8
2025-07-05,"06","California","65-130",3
2025-07-05,"08","Colorado","0-130",2
2025-07-05,"08","Colorado","0-64",1
2025-07-05,"08","Colorado","65-130",1
2025-07-05,"09","Connecticut","0-130",2
2025-07-05,"09","Connecticut","0-64",0
2025-07-05,"09","Connecticut","65-130",2
2025-07-05,"10","Delaware","0-130",0
2025-07-05,"10","Delaware","0-64",0
2025-07-05,"10","Delaware","65-130",0
2025-07-05,"12","Florida","0-130",65
2025-07-05,"12","Florida","0-64",45
2025-07-05,"12","Florida","65-130",20
2025-07-05,"13","Georgia","0-130",6
2025-07-05,"13","Georgia","0-64",4
2025-07-05,"13","Georgia","65-130",2
2025-07-05,"66","Guam","0-130",0
2025-07-05,"66","Guam","0-64",0
2025-07-05,"66","Guam","65-130",0
2025-07-05,"15","Hawaii","0-130",1
2025-07-05,"15","Hawaii","0-64",1
2025-07-05,"15","Hawaii","65-130",0
2025-07-05,"16","Idaho","0-130",0
2025-07-05,"16","Idaho","0-64",0
2025-07-05,"16","Idaho","65-130",0
2025-07-05,"17","Illinois","0-130",3
2025-07-05,"17","Illinois","0-64",1
2025-07-05,"17","Illinois","65-130",2
2025-07-05,"18","Indiana","0-130",1
2025-07-05,"18","Indiana","0-64",0
2025-07-05,"18","Indiana","65-130",1
2025-07-05,"19","Iowa","0-130",1
2025-07-05,"19","Iowa","0-64",0
2025-07-05,"19","Iowa","65-130",1
2025-07-05,"20","Kansas","0-130",0
2025-07-05,"20","Kansas","0-64",0
2025-07-05,"20","Kansas","65-130",0
2025-07-05,"21","Kentucky","0-130",3
2025-07-05,"21","Kentucky","0-64",1
2025-07-05,"21","Kentucky","65-130",2
2025-07-05,"22","Louisiana","0-130",2
2025-07-05,"22","Louisiana","0-64",1
2025-07-05,"22","Louisiana","65-130",1
2025-07-05,"23","Maine","0-130",0
2025-07-05,"23","Maine","0-64",0
2025-07-05,"23","Maine","65-130",0
2025-07-05,"24","Maryland","0-130",5
2025-07-05,"24","Maryland","0-64",4
2025-07-05,"24","Maryland","65-130",1
2025-07-05,"25","Massachusetts","0-130",13
2025-07-05,"25","Massachusetts","0-64",7
2025-07-05,"25","Massachusetts","65-130",6
2025-07-05,"26","Michigan","0-130",5
2025-07-05,"26","Michigan","0-64",4
2025-07-05,"26","Michigan","65-130",1
2025-07-05,"27","Minnesota","0-130",3
2025-07-05,"27","Minnesota","0-64",3
2025-07-05,"27","Minnesota","65-130",0
2025-07-05,"28","Mississippi","0-130",0
2025-07-05,"28","Mississippi","0-64",0
2025-07-05,"28","Mississippi","65-130",0
2025-07-05,"29","Missouri","0-130",2
2025-07-05,"29","Missouri","0-64",1
2025-07-05,"29","Missouri","65-130",1
2025-07-05,"30","Montana","0-130",1
2025-07-05,"30","Montana","0-64",0
2025-07-05,"30","Montana","65-130",1
2025-07-05,"31","Nebraska","0-130",1
2025-07-05,"31","Nebraska","0-64",0
2025-07-05,"31","Nebraska","65-130",1
2025-07-05,"32","Nevada","0-130",0
2025-07-05,"32","Nevada","0-64",0
2025-07-05,"32","Nevada","65-130",0
2025-07-05,"33","New Hampshire","0-130",0
2025-07-05,"33","New Hampshire","0-64",0
2025-07-05,"33","New Hampshire","65-130",0
2025-07-05,"34","New Jersey","0-130",3
2025-07-05,"34","New Jersey","0-64",0
2025-07-05,"34","New Jersey","65-130",3
2025-07-05,"35","New Mexico","0-130",0
2025-07-05,"35","New Mexico","0-64",0
2025-07-05,"35","New Mexico","65-130",0
2025-07-05,"36","New York","0-130",16
2025-07-05,"36","New York","0-64",11
2025-07-05,"36","New York","65-130",5
2025-07-05,"37","North Carolina","0-130",11
2025-07-05,"37","North Carolina","0-64",6
2025-07-05,"37","North Carolina","65-130",5
2025-07-05,"38","North Dakota","0-130",0
2025-07-05,"38","North Dakota","0-64",0
2025-07-05,"38","North Dakota","65-130",0
2025-07-05,"69","Northern Mariana Islands","0-130",0
2025-07-05,"69","Northern Mariana Islands","0-64",0
2025-07-05,"69","Northern Mariana Islands","65-130",0
2025-07-05,"39","Ohio","0-130",4
2025-07-05,"39","Ohio","0-64",2
2025-07-05,"39","Ohio","65-130",2
2025-07-05,"40","Oklahoma","0-130",1
2025-07-05,"40","Oklahoma","0-64",0
2025-07-05,"40","Oklahoma","65-130",1
2025-07-05,"41","Oregon","0-130",0
2025-07-05,"41","Oregon","0-64",0
2025-07-05,"41","Oregon","65-130",0
2025-07-05,"42","Pennsylvania","0-130",22
2025-07-05,"42","Pennsylvania","0-64",10
2025-07-05,"42","Pennsylvania","65-130",12
2025-07-05,"44","Rhode Island","0-130",0
2025-07-05,"44","Rhode Island","0-64",0
2025-07-05,"44","Rhode Island","65-130",0
2025-07-05,"45","South Carolina","0-130",3
2025-07-05,"45","South Carolina","0-64",3
2025-07-05,"45","South Carolina","65-130",0
2025-07-05,"46","South Dakota","0-130",0
2025-07-05,"46","South Dakota","0-64",0
2025-07-05,"46","South Dakota","65-130",0
2025-07-05,"47","Tennessee","0-130",5
2025-07-05,"47","Tennessee","0-64",2
2025-07-05,"47","Tennessee","65-130",3
2025-07-05,"48","Texas","0-130",19
2025-07-05,"48","Texas","0-64",13
2025-07-05,"48","Texas","65-130",6
2025-07-05,"US","US","0-130",234
2025-07-05,"US","US","0-64",142
2025-07-05,"US","US","65-130",92
2025-07-05,"49","Utah","0-130",1
2025-07-05,"49","Utah","0-64",1
2025-07-05,"49","Utah","65-130",0
2025-07-05,"50","Vermont","0-130",0
2025-07-05,"50","Vermont","0-64",0
2025-07-05,"50","Vermont","65-130",0
2025-07-05,"78","Virgin Islands","0-130",0
2025-07-05,"78","Virgin Islands","0-64",0
2025-07-05,"78","Virgin Islands","65-130",0
2025-07-05,"51","Virginia","0-130",1
2025-07-05,"51","Virginia","0-64",0
2025-07-05,"51","Virginia","65-130",1
2025-07-05,"53","Washington","0-130",1
2025-07-05,"53","Washington","0-64",0
2025-07-05,"53","Washington","65-130",1
2025-07-05,"54","West Virginia","0-130",1
2025-07-05,"54","West Virginia","0-64",0
2025-07-05,"54","West Virginia","65-130",1
2025-07-05,"55","Wisconsin","0-130",5
2025-07-05,"55","Wisconsin","0-64",1
2025-07-05,"55","Wisconsin","65-130",4
2025-07-12,"01","Alabama","0-130",7
2025-07-12,"01","Alabama","0-64",5
2025-07-12,"01","Alabama","65-130",2
2025-07-12,"02","Alaska","0-130",0
2025-07-12,"02","Alaska","0-64",0
2025-07-12,"02","Alaska","65-130",0
2025-07-12,"60","American Samoa","0-130",0
2025-07-12,"60","American Samoa","0-64",0
2025-07-12,"60","American Samoa","65-130",0
2025-07-12,"04","Arizona","0-130",1
2025-07-12,"04","Arizona","0-64",0
2025-07-12,"04","Arizona","65-130",1
2025-07-12,"05","Arkansas","0-130",0
2025-07-12,"05","Arkansas","0-64",0
2025-07-12,"05","Arkansas","65-130",0
2025-07-12,"06","California","0-130",10
2025-07-12,"06","California","0-64",4
2025-07-12,"06","California","65-130",6
2025-07-12,"08","Colorado","0-130",1
2025-07-12,"08","Colorado","0-64",1
2025-07-12,"08","Colorado","65-130",0
2025-07-12,"09","Connecticut","0-130",1
2025-07-12,"09","Connecticut","0-64",0
2025-07-12,"09","Connecticut","65-130",1
2025-07-12,"10","Delaware","0-130",0
2025-07-12,"10","Delaware","0-64",0
2025-07-12,"10","Delaware","65-130",0
2025-07-12,"12","Florida","0-130",73
2025-07-12,"12","Florida","0-64",50
2025-07-12,"12","Florida","65-130",23
2025-07-12,"13","Georgia","0-130",5
2025-07-12,"13","Georgia","0-64",4
2025-07-12,"13","Georgia","65-130",1
2025-07-12,"66","Guam","0-130",0
2025-07-12,"66","Guam","0-64",0
2025-07-12,"66","Guam","65-130",0
2025-07-12,"15","Hawaii","0-130",5
2025-07-12,"15","Hawaii","0-64",5
2025-07-12,"15","Hawaii","65-130",0
2025-07-12,"16","Idaho","0-130",0
2025-07-12,"16","Idaho","0-64",0
2025-07-12,"16","Idaho","65-130",0
2025-07-12,"17","Illinois","0-130",2
2025-07-12,"17","Illinois","0-64",1
2025-07-12,"17","Illinois","65-130",1
2025-07-12,"18","Indiana","0-130",1
2025-07-12,"18","Indiana","0-64",1
2025-07-12,"18","Indiana","65-130",0
2025-07-12,"19","Iowa","0-130",1
2025-07-12,"19","Iowa","0-64",0
2025-07-12,"19","Iowa","65-130",1
2025-07-12,"20","Kansas","0-130",1
2025-07-12,"20","Kansas","0-64",0
2025-07-12,"20","Kansas","65-130",1
2025-07-12,"21","Kentucky","0-130",2
2025-07-12,"21","Kentucky","0-64",2
2025-07-12,"21","Kentucky","65-130",0
2025-07-12,"22","Louisiana","0-130",4
2025-07-12,"22","Louisiana","0-64",3
2025-07-12,"22","Louisiana","65-130",1
2025-07-12,"23","Maine","0-130",0
2025-07-12,"23","Maine","0-64",0
2025-07-12,"23","Maine","65-130",0
2025-07-12,"24","Maryland","0-130",0
2025-07-12,"24","Maryland","0-64",0
2025-07-12,"24","Maryland","65-130",0
2025-07-12,"25","Massachusetts","0-130",9
2025-07-12,"25","Massachusetts","0-64",7
2025-07-12,"25","Massachusetts","65-130",2
2025-07-12,"26","Michigan","0-130",2
2025-07-12,"26","Michigan","0-64",0
2025-07-12,"26","Michigan","65-130",2
2025-07-12,"27","Minnesota","0-130",0
2025-07-12,"27","Minnesota","0-64",0
2025-07-12,"27","Minnesota","65-130",0
2025-07-12,"28","Mississippi","0-130",2
2025-07-12,"28","Mississippi","0-64",1
2025-07-12,"28","Mississippi","65-130",1
2025-07-12,"29","Missouri","0-130",1
2025-07-12,"29","Missouri","0-64",0
2025-07-12,"29","Missouri","65-130",1
2025-07-12,"30","Montana","0-130",0
2025-07-12,"30","Montana","0-64",0
2025-07-12,"30","Montana","65-130",0
2025-07-12,"31","Nebraska","0-130",0
2025-07-12,"31","Nebraska","0-64",0
2025-07-12,"31","Nebraska","65-130",0
2025-07-12,"32","Nevada","0-130",0
2025-07-12,"32","Nevada","0-64",0
2025-07-12,"32","Nevada","65-130",0
2025-07-12,"33","New Hampshire","0-130",0
2025-07-12,"33","New Hampshire","0-64",0
2025-07-12,"33","New Hampshire","65-130",0
2025-07-12,"34","New Jersey","0-130",62
2025-07-12,"34","New Jersey","0-64",31
2025-07-12,"34","New Jersey","65-130",31
2025-07-12,"35","New Mexico","0-130",1
2025-07-12,"35","New Mexico","0-64",1
2025-07-12,"35","New Mexico","65-130",0
2025-07-12,"36","New York","0-130",14
2025-07-12,"36","New York","0-64",10
2025-07-12,"36","New York","65-130",4
2025-07-12,"37","North Carolina","0-130",7
2025-07-12,"37","North Carolina","0-64",5
2025-07-12,"37","North Carolina","65-130",2
2025-07-12,"38","North Dakota","0-130",1
2025-07-12,"38","North Dakota","0-64",1
2025-07-12,"38","North Dakota","65-130",0
2025-07-12,"69","Northern Mariana Islands","0-130",0
2025-07-12,"69","Northern Mariana Islands","0-64",0
2025-07-12,"69","Northern Mariana Islands","65-130",0
2025-07-12,"39","Ohio","0-130",7
2025-07-12,"39","Ohio","0-64",5
2025-07-12,"39","Ohio","65-130",2
2025-07-12,"40","Oklahoma","0-130",0
2025-07-12,"40","Oklahoma","0-64",0
2025-07-12,"40","Oklahoma","65-130",0
2025-07-12,"41","Oregon","0-130",0
2025-07-12,"41","Oregon","0-64",0
2025-07-12,"41","Oregon","65-130",0
2025-07-12,"42","Pennsylvania","0-130",38
2025-07-12,"42","Pennsylvania","0-64",8
2025-07-12,"42","Pennsylvania","65-130",30
2025-07-12,"44","Rhode Island","0-130",0
2025-07-12,"44","Rhode Island","0-64",0
2025-07-12,"44","Rhode Island","65-130",0
2025-07-12,"45","South Carolina","0-130",2
2025-07-12,"45","South Carolina","0-64",2
2025-07-12,"45","South Carolina","65-130",0
2025-07-12,"46","South Dakota","0-130",0
2025-07-12,"46","South Dakota","0-64",0
2025-07-12,"46","South Dakota","65-130",0
2025-07-12,"47","Tennessee","0-130",1
2025-07-12,"47","Tennessee","0-64",0
2025-07-12,"47","Tennessee","65-130",1
2025-07-12,"48","Texas","0-130",16
2025-07-12,"48","Texas","0-64",10
2025-07-12,"48","Texas","65-130",6
2025-07-12,"US","US","0-130",289
2025-07-12,"US","US","0-64",167
2025-07-12,"US","US","65-130",122
2025-07-12,"49","Utah","0-130",2
2025-07-12,"49","Utah","0-64",2
2025-07-12,"49","Utah","65-130",0
2025-07-12,"50","Vermont","0-130",0
2025-07-12,"50","Vermont","0-64",0
2025-07-12,"50","Vermont","65-130",0
2025-07-12,"78","Virgin Islands","0-130",0
2025-07-12,"78","Virgin Islands","0-64",0
2025-07-12,"78","Virgin Islands","65-130",0
2025-07-12,"51","Virginia","0-130",3
2025-07-12,"51","Virginia","0-64",1
2025-07-12,"51","Virginia","65-130",2
2025-07-12,"53","Washington","0-130",1
2025-07-12,"53","Washington","0-64",1
2025-07-12,"53","Washington","65-130",0
2025-07-12,"54","West Virginia","0-130",4
2025-07-12,"54","West Virginia","0-64",4
2025-07-12,"54","West Virginia","65-130",0
2025-07-12,"55","Wisconsin","0-130",1
2025-07-12,"55","Wisconsin","0-64",1
2025-07-12,"55","Wisconsin","65-130",0
2025-07-12,"56","Wyoming","0-130",NA
2025-07-12,"56","Wyoming","0-64",NA
2025-07-12,"56","Wyoming","65-130",NA
2025-07-19,"01","Alabama","0-130",8
2025-07-19,"01","Alabama","0-64",7
2025-07-19,"01","Alabama","65-130",1
2025-07-19,"02","Alaska","0-130",0
2025-07-19,"02","Alaska","0-64",0
2025-07-19,"02","Alaska","65-130",0
2025-07-19,"60","American Samoa","0-130",0
2025-07-19,"60","American Samoa","0-64",0
2025-07-19,"60","American Samoa","65-130",0
2025-07-19,"04","Arizona","0-130",0
2025-07-19,"04","Arizona","0-64",0
2025-07-19,"04","Arizona","65-130",0
2025-07-19,"05","Arkansas","0-130",0
2025-07-19,"05","Arkansas","0-64",0
2025-07-19,"05","Arkansas","65-130",0
2025-07-19,"06","California","0-130",4
2025-07-19,"06","California","0-64",4
2025-07-19,"06","California","65-130",0
2025-07-19,"08","Colorado","0-130",2
2025-07-19,"08","Colorado","0-64",0
2025-07-19,"08","Colorado","65-130",2
2025-07-19,"09","Connecticut","0-130",1
2025-07-19,"09","Connecticut","0-64",0
2025-07-19,"09","Connecticut","65-130",1
2025-07-19,"10","Delaware","0-130",0
2025-07-19,"10","Delaware","0-64",0
2025-07-19,"10","Delaware","65-130",0
2025-07-19,"12","Florida","0-130",74
2025-07-19,"12","Florida","0-64",48
2025-07-19,"12","Florida","65-130",26
2025-07-19,"13","Georgia","0-130",12
2025-07-19,"13","Georgia","0-64",11
2025-07-19,"13","Georgia","65-130",1
2025-07-19,"66","Guam","0-130",1
2025-07-19,"66","Guam","0-64",1
2025-07-19,"66","Guam","65-130",0
2025-07-19,"15","Hawaii","0-130",2
2025-07-19,"15","Hawaii","0-64",1
2025-07-19,"15","Hawaii","65-130",1
2025-07-19,"16","Idaho","0-130",0
2025-07-19,"16","Idaho","0-64",0
2025-07-19,"16","Idaho","65-130",0
2025-07-19,"17","Illinois","0-130",2
2025-07-19,"17","Illinois","0-64",0
2025-07-19,"17","Illinois","65-130",2
2025-07-19,"18","Indiana","0-130",0
2025-07-19,"18","Indiana","0-64",0
2025-07-19,"18","Indiana","65-130",0
2025-07-19,"19","Iowa","0-130",1
2025-07-19,"19","Iowa","0-64",0
2025-07-19,"19","Iowa","65-130",1
2025-07-19,"20","Kansas","0-130",0
2025-07-19,"20","Kansas","0-64",0
2025-07-19,"20","Kansas","65-130",0
2025-07-19,"21","Kentucky","0-130",4
2025-07-19,"21","Kentucky","0-64",4
2025-07-19,"21","Kentucky","65-130",0
2025-07-19,"22","Louisiana","0-130",2
2025-07-19,"22","Louisiana","0-64",1
2025-07-19,"22","Louisiana","65-130",1
2025-07-19,"23","Maine","0-130",0
2025-07-19,"23","Maine","0-64",0
2025-07-19,"23","Maine","65-130",0
2025-07-19,"24","Maryland","0-130",7
2025-07-19,"24","Maryland","0-64",7
2025-07-19,"24","Maryland","65-130",0
2025-07-19,"25","Massachusetts","0-130",5
2025-07-19,"25","Massachusetts","0-64",4
2025-07-19,"25","Massachusetts","65-130",1
2025-07-19,"26","Michigan","0-130",1
2025-07-19,"26","Michigan","0-64",1
2025-07-19,"26","Michigan","65-130",0
2025-07-19,"27","Minnesota","0-130",3
2025-07-19,"27","Minnesota","0-64",1
2025-07-19,"27","Minnesota","65-130",2
2025-07-19,"28","Mississippi","0-130",1
2025-07-19,"28","Mississippi","0-64",1
2025-07-19,"28","Mississippi","65-130",0
2025-07-19,"29","Missouri","0-130",3
2025-07-19,"29","Missouri","0-64",2
2025-07-19,"29","Missouri","65-130",1
2025-07-19,"30","Montana","0-130",0
2025-07-19,"30","Montana","0-64",0
2025-07-19,"30","Montana","65-130",0
2025-07-19,"31","Nebraska","0-130",2
2025-07-19,"31","Nebraska","0-64",1
2025-07-19,"31","Nebraska","65-130",1
2025-07-19,"32","Nevada","0-130",0
2025-07-19,"32","Nevada","0-64",0
2025-07-19,"32","Nevada","65-130",0
2025-07-19,"33","New Hampshire","0-130",0
2025-07-19,"33","New Hampshire","0-64",0
2025-07-19,"33","New Hampshire","65-130",0
2025-07-19,"34","New Jersey","0-130",6
2025-07-19,"34","New Jersey","0-64",3
2025-07-19,"34","New Jersey","65-130",3
2025-07-19,"35","New Mexico","0-130",1
2025-07-19,"35","New Mexico","0-64",1
2025-07-19,"35","New Mexico","65-130",0
2025-07-19,"36","New York","0-130",14
2025-07-19,"36","New York","0-64",7
2025-07-19,"36","New York","65-130",7
2025-07-19,"37","North Carolina","0-130",7
2025-07-19,"37","North Carolina","0-64",3
2025-07-19,"37","North Carolina","65-130",4
2025-07-19,"38","North Dakota","0-130",0
2025-07-19,"38","North Dakota","0-64",0
2025-07-19,"38","North Dakota","65-130",0
2025-07-19,"69","Northern Mariana Islands","0-130",0
2025-07-19,"69","Northern Mariana Islands","0-64",0
2025-07-19,"69","Northern Mariana Islands","65-130",0
2025-07-19,"39","Ohio","0-130",10
2025-07-19,"39","Ohio","0-64",10
2025-07-19,"39","Ohio","65-130",0
2025-07-19,"40","Oklahoma","0-130",2
2025-07-19,"40","Oklahoma","0-64",2
2025-07-19,"40","Oklahoma","65-130",0
2025-07-19,"41","Oregon","0-130",0
2025-07-19,"41","Oregon","0-64",0
2025-07-19,"41","Oregon","65-130",0
2025-07-19,"42","Pennsylvania","0-130",38
2025-07-19,"42","Pennsylvania","0-64",19
2025-07-19,"42","Pennsylvania","65-130",19
2025-07-19,"44","Rhode Island","0-130",0
2025-07-19,"44","Rhode Island","0-64",0
2025-07-19,"44","Rhode Island","65-130",0
2025-07-19,"45","South Carolina","0-130",0
2025-07-19,"45","South Carolina","0-64",0
2025-07-19,"45","South Carolina","65-130",0
2025-07-19,"46","South Dakota","0-130",0
2025-07-19,"46","South Dakota","0-64",0
2025-07-19,"46","South Dakota","65-130",0
2025-07-19,"47","Tennessee","0-130",1
2025-07-19,"47","Tennessee","0-64",1
2025-07-19,"47","Tennessee","65-130",0
2025-07-19,"48","Texas","0-130",10
2025-07-19,"48","Texas","0-64",6
2025-07-19,"48","Texas","65-130",4
2025-07-19,"US","US","0-130",231
2025-07-19,"US","US","0-64",153
2025-07-19,"US","US","65-130",78
2025-07-19,"49","Utah","0-130",0
2025-07-19,"49","Utah","0-64",0
2025-07-19,"49","Utah","65-130",0
2025-07-19,"50","Vermont","0-130",1
2025-07-19,"50","Vermont","0-64",1
2025-07-19,"50","Vermont","65-130",0
2025-07-19,"78","Virgin Islands","0-130",0
2025-07-19,"78","Virgin Islands","0-64",0
2025-07-19,"78","Virgin Islands","65-130",0
2025-07-19,"51","Virginia","0-130",2
2025-07-19,"51","Virginia","0-64",2
2025-07-19,"51","Virginia","65-130",0
2025-07-19,"53","Washington","0-130",0
2025-07-19,"53","Washington","0-64",0
2025-07-19,"53","Washington","65-130",0
2025-07-19,"54","West Virginia","0-130",3
2025-07-19,"54","West Virginia","0-64",3
2025-07-19,"54","West Virginia","65-130",0
2025-07-19,"55","Wisconsin","0-130",1
2025-07-19,"55","Wisconsin","0-64",1
2025-07-19,"55","Wisconsin","65-130",0
2025-07-19,"56","Wyoming","0-130",0
2025-07-19,"56","Wyoming","0-64",0
2025-07-19,"56","Wyoming","65-130",0
2025-07-26,"01","Alabama","0-130",2
2025-07-26,"01","Alabama","0-64",2
2025-07-26,"01","Alabama","65-130",0
2025-07-26,"02","Alaska","0-130",1
2025-07-26,"02","Alaska","0-64",1
2025-07-26,"02","Alaska","65-130",0
2025-07-26,"60","American Samoa","0-130",0
2025-07-26,"60","American Samoa","0-64",0
2025-07-26,"60","American Samoa","65-130",0
2025-07-26,"04","Arizona","0-130",1
2025-07-26,"04","Arizona","0-64",1
2025-07-26,"04","Arizona","65-130",0
2025-07-26,"05","Arkansas","0-130",5
2025-07-26,"05","Arkansas","0-64",3
2025-07-26,"05","Arkansas","65-130",2
2025-07-26,"06","California","0-130",21
2025-07-26,"06","California","0-64",10
2025-07-26,"06","California","65-130",11
2025-07-26,"08","Colorado","0-130",3
2025-07-26,"08","Colorado","0-64",1
2025-07-26,"08","Colorado","65-130",2
2025-07-26,"09","Connecticut","0-130",1
2025-07-26,"09","Connecticut","0-64",0
2025-07-26,"09","Connecticut","65-130",1
2025-07-26,"10","Delaware","0-130",NA
2025-07-26,"10","Delaware","0-64",NA
2025-07-26,"10","Delaware","65-130",NA
2025-07-26,"12","Florida","0-130",72
2025-07-26,"12","Florida","0-64",52
2025-07-26,"12","Florida","65-130",20
2025-07-26,"13","Georgia","0-130",4
2025-07-26,"13","Georgia","0-64",4
2025-07-26,"13","Georgia","65-130",0
2025-07-26,"66","Guam","0-130",0
2025-07-26,"66","Guam","0-64",0
2025-07-26,"66","Guam","65-130",0
2025-07-26,"15","Hawaii","0-130",2
2025-07-26,"15","Hawaii","0-64",0
2025-07-26,"15","Hawaii","65-130",2
2025-07-26,"17","Illinois","0-130",3
2025-07-26,"17","Illinois","0-64",2
2025-07-26,"17","Illinois","65-130",1
2025-07-26,"18","Indiana","0-130",0
2025-07-26,"18","Indiana","0-64",0
2025-07-26,"18","Indiana","65-130",0
2025-07-26,"19","Iowa","0-130",1
2025-07-26,"19","Iowa","0-64",0
2025-07-26,"19","Iowa","65-130",1
2025-07-26,"20","Kansas","0-130",1
2025-07-26,"20","Kansas","0-64",1
2025-07-26,"20","Kansas","65-130",0
2025-07-26,"21","Kentucky","0-130",3
2025-07-26,"21","Kentucky","0-64",3
2025-07-26,"21","Kentucky","65-130",0
2025-07-26,"22","Louisiana","0-130",2
2025-07-26,"22","Louisiana","0-64",0
2025-07-26,"22","Louisiana","65-130",2
2025-07-26,"23","Maine","0-130",0
2025-07-26,"23","Maine","0-64",0
2025-07-26,"23","Maine","65-130",0
2025-07-26,"24","Maryland","0-130",12
2025-07-26,"24","Maryland","0-64",6
2025-07-26,"24","Maryland","65-130",4
2025-07-26,"25","Massachusetts","0-130",10
2025-07-26,"25","Massachusetts","0-64",5
2025-07-26,"25","Massachusetts","65-130",5
2025-07-26,"26","Michigan","0-130",0
2025-07-26,"26","Michigan","0-64",0
2025-07-26,"26","Michigan","65-130",0
2025-07-26,"27","Minnesota","0-130",4
2025-07-26,"27","Minnesota","0-64",4
2025-07-26,"27","Minnesota","65-130",0
2025-07-26,"28","Mississippi","0-130",0
2025-07-26,"28","Mississippi","0-64",0
2025-07-26,"28","Mississippi","65-130",0
2025-07-26,"29","Missouri","0-130",2
2025-07-26,"29","Missouri","0-64",1
2025-07-26,"29","Missouri","65-130",1
2025-07-26,"30","Montana","0-130",0
2025-07-26,"30","Montana","0-64",0
2025-07-26,"30","Montana","65-130",0
2025-07-26,"31","Nebraska","0-130",0
2025-07-26,"31","Nebraska","0-64",0
2025-07-26,"31","Nebraska","65-130",0
2025-07-26,"32","Nevada","0-130",0
2025-07-26,"32","Nevada","0-64",0
2025-07-26,"32","Nevada","65-130",0
2025-07-26,"33","New Hampshire","0-130",0
2025-07-26,"33","New Hampshire","0-64",0
2025-07-26,"33","New Hampshire","65-130",0
2025-07-26,"34","New Jersey","0-130",4
2025-07-26,"34","New Jersey","0-64",2
2025-07-26,"34","New Jersey","65-130",2
2025-07-26,"35","New Mexico","0-130",1
2025-07-26,"35","New Mexico","0-64",0
2025-07-26,"35","New Mexico","65-130",1
2025-07-26,"36","New York","0-130",16
2025-07-26,"36","New York","0-64",10
2025-07-26,"36","New York","65-130",6
2025-07-26,"37","North Carolina","0-130",8
2025-07-26,"37","North Carolina","0-64",5
2025-07-26,"37","North Carolina","65-130",3
2025-07-26,"38","North Dakota","0-130",0
2025-07-26,"38","North Dakota","0-64",0
2025-07-26,"38","North Dakota","65-130",0
2025-07-26,"69","Northern Mariana Islands","0-130",0
2025-07-26,"69","Northern Mariana Islands","0-64",0
2025-07-26,"69","Northern Mariana Islands","65-130",0
2025-07-26,"39","Ohio","0-130",4
2025-07-26,"39","Ohio","0-64",4
2025-07-26,"39","Ohio","65-130",0
2025-07-26,"40","Oklahoma","0-130",1
2025-07-26,"40","Oklahoma","0-64",0
2025-07-26,"40","Oklahoma","65-130",1
2025-07-26,"41","Oregon","0-130",1
2025-07-26,"41","Oregon","0-64",0
2025-07-26,"41","Oregon","65-130",1
2025-07-26,"42","Pennsylvania","0-130",34
2025-07-26,"42","Pennsylvania","0-64",6
2025-07-26,"42","Pennsylvania","65-130",28
2025-07-26,"44","Rhode Island","0-130",1
2025-07-26,"44","Rhode Island","0-64",0
2025-07-26,"44","Rhode Island","65-130",1
2025-07-26,"45","South Carolina","0-130",2
2025-07-26,"45","South Carolina","0-64",2
2025-07-26,"45","South Carolina","65-130",0
2025-07-26,"46","South Dakota","0-130",0
2025-07-26,"46","South Dakota","0-64",0
2025-07-26,"46","South Dakota","65-130",0
2025-07-26,"47","Tennessee","0-130",2
2025-07-26,"47","Tennessee","0-64",2
2025-07-26,"47","Tennessee","65-130",0
2025-07-26,"48","Texas","0-130",18
2025-07-26,"48","Texas","0-64",16
2025-07-26,"48","Texas","65-130",2
2025-07-26,"US","US","0-130",255
2025-07-26,"US","US","0-64",152
2025-07-26,"US","US","65-130",101
2025-07-26,"49","Utah","0-130",0
2025-07-26,"49","Utah","0-64",0
2025-07-26,"49","Utah","65-130",0
2025-07-26,"50","Vermont","0-130",0
2025-07-26,"50","Vermont","0-64",0
2025-07-26,"50","Vermont","65-130",0
2025-07-26,"78","Virgin Islands","0-130",0
2025-07-26,"78","Virgin Islands","0-64",0
2025-07-26,"78","Virgin Islands","65-130",0
2025-07-26,"51","Virginia","0-130",2
2025-07-26,"51","Virginia","0-64",1
2025-07-26,"51","Virginia","65-130",1
2025-07-26,"53","Washington","0-130",0
2025-07-26,"53","Washington","0-64",0
2025-07-26,"53","Washington","65-130",0
2025-07-26,"54","West Virginia","0-130",1
2025-07-26,"54","West Virginia","0-64",0
2025-07-26,"54","West Virginia","65-130",1
2025-07-26,"55","Wisconsin","0-130",3
2025-07-26,"55","Wisconsin","0-64",1
2025-07-26,"55","Wisconsin","65-130",2
2025-08-02,"01","Alabama","0-130",2
2025-08-02,"01","Alabama","0-64",1
2025-08-02,"01","Alabama","65-130",1
2025-08-02,"02","Alaska","0-130",0
2025-08-02,"02","Alaska","0-64",0
2025-08-02,"02","Alaska","65-130",0
2025-08-02,"60","American Samoa","0-130",0
2025-08-02,"60","American Samoa","0-64",0
2025-08-02,"60","American Samoa","65-130",0
2025-08-02,"04","Arizona","0-130",10
2025-08-02,"04","Arizona","0-64",6
2025-08-02,"04","Arizona","65-130",4
2025-08-02,"05","Arkansas","0-130",1
2025-08-02,"05","Arkansas","0-64",1
2025-08-02,"05","Arkansas","65-130",0
2025-08-02,"06","California","0-130",10
2025-08-02,"06","California","0-64",7
2025-08-02,"06","California","65-130",3
2025-08-02,"08","Colorado","0-130",1
2025-08-02,"08","Colorado","0-64",0
2025-08-02,"08","Colorado","65-130",1
2025-08-02,"09","Connecticut","0-130",1
2025-08-02,"09","Connecticut","0-64",0
2025-08-02,"09","Connecticut","65-130",1
2025-08-02,"10","Delaware","0-130",0
2025-08-02,"10","Delaware","0-64",0
2025-08-02,"10","Delaware","65-130",0
2025-08-02,"12","Florida","0-130",58
2025-08-02,"12","Florida","0-64",35
2025-08-02,"12","Florida","65-130",23
2025-08-02,"13","Georgia","0-130",5
2025-08-02,"13","Georgia","0-64",5
2025-08-02,"13","Georgia","65-130",0
2025-08-02,"66","Guam","0-130",0
2025-08-02,"66","Guam","0-64",0
2025-08-02,"66","Guam","65-130",0
2025-08-02,"15","Hawaii","0-130",3
2025-08-02,"15","Hawaii","0-64",1
2025-08-02,"15","Hawaii","65-130",2
2025-08-02,"17","Illinois","0-130",2
2025-08-02,"17","Illinois","0-64",1
2025-08-02,"17","Illinois","65-130",1
2025-08-02,"18","Indiana","0-130",4
2025-08-02,"18","Indiana","0-64",3
2025-08-02,"18","Indiana","65-130",1
2025-08-02,"19","Iowa","0-130",0
2025-08-02,"19","Iowa","0-64",0
2025-08-02,"19","Iowa","65-130",0
2025-08-02,"20","Kansas","0-130",0
2025-08-02,"20","Kansas","0-64",0
2025-08-02,"20","Kansas","65-130",0
2025-08-02,"21","Kentucky","0-130",1
2025-08-02,"21","Kentucky","0-64",0
2025-08-02,"21","Kentucky","65-130",1
2025-08-02,"22","Louisiana","0-130",1
2025-08-02,"22","Louisiana","0-64",1
2025-08-02,"22","Louisiana","65-130",0
2025-08-02,"23","Maine","0-130",0
2025-08-02,"23","Maine","0-64",0
2025-08-02,"23","Maine","65-130",0
2025-08-02,"24","Maryland","0-130",3
2025-08-02,"24","Maryland","0-64",3
2025-08-02,"24","Maryland","65-130",0
2025-08-02,"25","Massachusetts","0-130",4
2025-08-02,"25","Massachusetts","0-64",3
2025-08-02,"25","Massachusetts","65-130",1
2025-08-02,"26","Michigan","0-130",0
2025-08-02,"26","Michigan","0-64",0
2025-08-02,"26","Michigan","65-130",0
2025-08-02,"27","Minnesota","0-130",1
2025-08-02,"27","Minnesota","0-64",1
2025-08-02,"27","Minnesota","65-130",0
2025-08-02,"28","Mississippi","0-130",2
2025-08-02,"28","Mississippi","0-64",1
2025-08-02,"28","Mississippi","65-130",1
2025-08-02,"29","Missouri","0-130",1
2025-08-02,"29","Missouri","0-64",1
2025-08-02,"29","Missouri","65-130",0
2025-08-02,"30","Montana","0-130",0
2025-08-02,"30","Montana","0-64",0
2025-08-02,"30","Montana","65-130",0
2025-08-02,"31","Nebraska","0-130",1
2025-08-02,"31","Nebraska","0-64",0
2025-08-02,"31","Nebraska","65-130",1
2025-08-02,"32","Nevada","0-130",0
2025-08-02,"32","Nevada","0-64",0
2025-08-02,"32","Nevada","65-130",0
2025-08-02,"33","New Hampshire","0-130",0
2025-08-02,"33","New Hampshire","0-64",0
2025-08-02,"33","New Hampshire","65-130",0
2025-08-02,"34","New Jersey","0-130",4
2025-08-02,"34","New Jersey","0-64",2
2025-08-02,"34","New Jersey","65-130",2
2025-08-02,"35","New Mexico","0-130",2
2025-08-02,"35","New Mexico","0-64",1
2025-08-02,"35","New Mexico","65-130",1
2025-08-02,"36","New York","0-130",10
2025-08-02,"36","New York","0-64",9
2025-08-02,"36","New York","65-130",1
2025-08-02,"37","North Carolina","0-130",8
2025-08-02,"37","North Carolina","0-64",5
2025-08-02,"37","North Carolina","65-130",3
2025-08-02,"38","North Dakota","0-130",0
2025-08-02,"38","North Dakota","0-64",0
2025-08-02,"38","North Dakota","65-130",0
2025-08-02,"69","Northern Mariana Islands","0-130",0
2025-08-02,"69","Northern Mariana Islands","0-64",0
2025-08-02,"69","Northern Mariana Islands","65-130",0
2025-08-02,"39","Ohio","0-130",6
2025-08-02,"39","Ohio","0-64",5
2025-08-02,"39","Ohio","65-130",1
2025-08-02,"40","Oklahoma","0-130",2
2025-08-02,"40","Oklahoma","0-64",2
2025-08-02,"40","Oklahoma","65-130",0
2025-08-02,"41","Oregon","0-130",1
2025-08-02,"41","Oregon","0-64",0
2025-08-02,"41","Oregon","65-130",1
2025-08-02,"42","Pennsylvania","0-130",52
2025-08-02,"42","Pennsylvania","0-64",22
2025-08-02,"42","Pennsylvania","65-130",30
2025-08-02,"44","Rhode Island","0-130",1
2025-08-02,"44","Rhode Island","0-64",1
2025-08-02,"44","Rhode Island","65-130",0
2025-08-02,"45","South Carolina","0-130",1
2025-08-02,"45","South Carolina","0-64",1
2025-08-02,"45","South Carolina","65-130",0
2025-08-02,"46","South Dakota","0-130",1
2025-08-02,"46","South Dakota","0-64",1
2025-08-02,"46","South Dakota","65-130",0
2025-08-02,"47","Tennessee","0-130",2
2025-08-02,"47","Tennessee","0-64",2
2025-08-02,"47","Tennessee","65-130",0
2025-08-02,"48","Texas","0-130",17
2025-08-02,"48","Texas","0-64",16
2025-08-02,"48","Texas","65-130",1
2025-08-02,"US","US","0-130",231
2025-08-02,"US","US","0-64",145
2025-08-02,"US","US","65-130",85
2025-08-02,"49","Utah","0-130",0
2025-08-02,"49","Utah","0-64",0
2025-08-02,"49","Utah","65-130",0
2025-08-02,"50","Vermont","0-130",0
2025-08-02,"50","Vermont","0-64",0
2025-08-02,"50","Vermont","65-130",0
2025-08-02,"78","Virgin Islands","0-130",0
2025-08-02,"78","Virgin Islands","0-64",0
2025-08-02,"78","Virgin Islands","65-130",0
2025-08-02,"51","Virginia","0-130",0
2025-08-02,"51","Virginia","0-64",0
2025-08-02,"51","Virginia","65-130",0
2025-08-02,"53","Washington","0-130",2
2025-08-02,"53","Washington","0-64",1
2025-08-02,"53","Washington","65-130",1
2025-08-02,"54","West Virginia","0-130",4
2025-08-02,"54","West Virginia","0-64",1
2025-08-02,"54","West Virginia","65-130",2
2025-08-02,"55","Wisconsin","0-130",1
2025-08-02,"55","Wisconsin","0-64",0
2025-08-02,"55","Wisconsin","65-130",1
2025-08-09,"01","Alabama","0-130",1
2025-08-09,"01","Alabama","0-64",1
2025-08-09,"01","Alabama","65-130",0
2025-08-09,"02","Alaska","0-130",0
2025-08-09,"02","Alaska","0-64",0
2025-08-09,"02","Alaska","65-130",0
2025-08-09,"60","American Samoa","0-130",0
2025-08-09,"60","American Samoa","0-64",0
2025-08-09,"60","American Samoa","65-130",0
2025-08-09,"04","Arizona","0-130",2
2025-08-09,"04","Arizona","0-64",2
2025-08-09,"04","Arizona","65-130",0
2025-08-09,"05","Arkansas","0-130",0
2025-08-09,"05","Arkansas","0-64",0
2025-08-09,"05","Arkansas","65-130",0
2025-08-09,"06","California","0-130",10
2025-08-09,"06","California","0-64",7
2025-08-09,"06","California","65-130",3
2025-08-09,"08","Colorado","0-130",2
2025-08-09,"08","Colorado","0-64",2
2025-08-09,"08","Colorado","65-130",0
2025-08-09,"09","Connecticut","0-130",1
2025-08-09,"09","Connecticut","0-64",0
2025-08-09,"09","Connecticut","65-130",1
2025-08-09,"10","Delaware","0-130",0
2025-08-09,"10","Delaware","0-64",0
2025-08-09,"10","Delaware","65-130",0
2025-08-09,"11","District of Columbia","0-130",NA
2025-08-09,"11","District of Columbia","0-64",NA
2025-08-09,"11","District of Columbia","65-130",NA
2025-08-09,"12","Florida","0-130",44
2025-08-09,"12","Florida","0-64",27
2025-08-09,"12","Florida","65-130",17
2025-08-09,"13","Georgia","0-130",10
2025-08-09,"13","Georgia","0-64",6
2025-08-09,"13","Georgia","65-130",4
2025-08-09,"66","Guam","0-130",1
2025-08-09,"66","Guam","0-64",1
2025-08-09,"66","Guam","65-130",0
2025-08-09,"15","Hawaii","0-130",2
2025-08-09,"15","Hawaii","0-64",1
2025-08-09,"15","Hawaii","65-130",1
2025-08-09,"17","Illinois","0-130",23
2025-08-09,"17","Illinois","0-64",3
2025-08-09,"17","Illinois","65-130",0
2025-08-09,"18","Indiana","0-130",1
2025-08-09,"18","Indiana","0-64",1
2025-08-09,"18","Indiana","65-130",0
2025-08-09,"19","Iowa","0-130",1
2025-08-09,"19","Iowa","0-64",0
2025-08-09,"19","Iowa","65-130",1
2025-08-09,"20","Kansas","0-130",0
2025-08-09,"20","Kansas","0-64",0
2025-08-09,"20","Kansas","65-130",0
2025-08-09,"21","Kentucky","0-130",2
2025-08-09,"21","Kentucky","0-64",1
2025-08-09,"21","Kentucky","65-130",1
2025-08-09,"22","Louisiana","0-130",5
2025-08-09,"22","Louisiana","0-64",3
2025-08-09,"22","Louisiana","65-130",2
2025-08-09,"23","Maine","0-130",0
2025-08-09,"23","Maine","0-64",0
2025-08-09,"23","Maine","65-130",0
2025-08-09,"24","Maryland","0-130",2
2025-08-09,"24","Maryland","0-64",2
2025-08-09,"24","Maryland","65-130",0
2025-08-09,"25","Massachusetts","0-130",1
2025-08-09,"25","Massachusetts","0-64",0
2025-08-09,"25","Massachusetts","65-130",1
2025-08-09,"26","Michigan","0-130",0
2025-08-09,"26","Michigan","0-64",0
2025-08-09,"26","Michigan","65-130",0
2025-08-09,"27","Minnesota","0-130",3
2025-08-09,"27","Minnesota","0-64",3
2025-08-09,"27","Minnesota","65-130",0
2025-08-09,"28","Mississippi","0-130",0
2025-08-09,"28","Mississippi","0-64",0
2025-08-09,"28","Mississippi","65-130",0
2025-08-09,"29","Missouri","0-130",0
2025-08-09,"29","Missouri","0-64",0
2025-08-09,"29","Missouri","65-130",0
2025-08-09,"30","Montana","0-130",0
2025-08-09,"30","Montana","0-64",0
2025-08-09,"30","Montana","65-130",0
2025-08-09,"31","Nebraska","0-130",2
2025-08-09,"31","Nebraska","0-64",2
2025-08-09,"31","Nebraska","65-130",0
2025-08-09,"32","Nevada","0-130",0
2025-08-09,"32","Nevada","0-64",0
2025-08-09,"32","Nevada","65-130",0
2025-08-09,"33","New Hampshire","0-130",0
2025-08-09,"33","New Hampshire","0-64",0
2025-08-09,"33","New Hampshire","65-130",0
2025-08-09,"34","New Jersey","0-130",5
2025-08-09,"34","New Jersey","0-64",1
2025-08-09,"34","New Jersey","65-130",4
2025-08-09,"35","New Mexico","0-130",2
2025-08-09,"35","New Mexico","0-64",1
2025-08-09,"35","New Mexico","65-130",1
2025-08-09,"36","New York","0-130",17
2025-08-09,"36","New York","0-64",13
2025-08-09,"36","New York","65-130",4
2025-08-09,"37","North Carolina","0-130",6
2025-08-09,"37","North Carolina","0-64",5
2025-08-09,"37","North Carolina","65-130",1
2025-08-09,"38","North Dakota","0-130",1
2025-08-09,"38","North Dakota","0-64",1
2025-08-09,"38","North Dakota","65-130",0
2025-08-09,"69","Northern Mariana Islands","0-130",1
2025-08-09,"69","Northern Mariana Islands","0-64",0
2025-08-09,"69","Northern Mariana Islands","65-130",1
2025-08-09,"39","Ohio","0-130",4
2025-08-09,"39","Ohio","0-64",2
2025-08-09,"39","Ohio","65-130",2
2025-08-09,"40","Oklahoma","0-130",0
2025-08-09,"40","Oklahoma","0-64",0
2025-08-09,"40","Oklahoma","65-130",0
2025-08-09,"41","Oregon","0-130",0
2025-08-09,"41","Oregon","0-64",0
2025-08-09,"41","Oregon","65-130",0
2025-08-09,"42","Pennsylvania","0-130",33
2025-08-09,"42","Pennsylvania","0-64",17
2025-08-09,"42","Pennsylvania","65-130",16
2025-08-09,"44","Rhode Island","0-130",0
2025-08-09,"44","Rhode Island","0-64",0
2025-08-09,"44","Rhode Island","65-130",0
2025-08-09,"45","South Carolina","0-130",0
2025-08-09,"45","South Carolina","0-64",0
2025-08-09,"45","South Carolina","65-130",0
2025-08-09,"46","South Dakota","0-130",0
2025-08-09,"46","South Dakota","0-64",0
2025-08-09,"46","South Dakota","65-130",0
2025-08-09,"47","Tennessee","0-130",2
2025-08-09,"47","Tennessee","0-64",2
2025-08-09,"47","Tennessee","65-130",0
2025-08-09,"48","Texas","0-130",11
2025-08-09,"48","Texas","0-64",9
2025-08-09,"48","Texas","65-130",2
2025-08-09,"US","US","0-130",202
2025-08-09,"US","US","0-64",117
2025-08-09,"US","US","65-130",65
2025-08-09,"49","Utah","0-130",0
2025-08-09,"49","Utah","0-64",0
2025-08-09,"49","Utah","65-130",0
2025-08-09,"50","Vermont","0-130",0
2025-08-09,"50","Vermont","0-64",0
2025-08-09,"50","Vermont","65-130",0
2025-08-09,"78","Virgin Islands","0-130",0
2025-08-09,"78","Virgin Islands","0-64",0
2025-08-09,"78","Virgin Islands","65-130",0
2025-08-09,"51","Virginia","0-130",4
2025-08-09,"51","Virginia","0-64",1
2025-08-09,"51","Virginia","65-130",3
2025-08-09,"53","Washington","0-130",0
2025-08-09,"53","Washington","0-64",0
2025-08-09,"53","Washington","65-130",0
2025-08-09,"54","West Virginia","0-130",0
2025-08-09,"54","West Virginia","0-64",0
2025-08-09,"54","West Virginia","65-130",0
2025-08-09,"55","Wisconsin","0-130",1
2025-08-09,"55","Wisconsin","0-64",1
2025-08-09,"55","Wisconsin","65-130",0
2025-08-16,"01","Alabama","0-130",3
2025-08-16,"01","Alabama","0-64",2
2025-08-16,"01","Alabama","65-130",1
2025-08-16,"02","Alaska","0-130",1
2025-08-16,"02","Alaska","0-64",1
2025-08-16,"02","Alaska","65-130",0
2025-08-16,"60","American Samoa","0-130",0
2025-08-16,"60","American Samoa","0-64",0
2025-08-16,"60","American Samoa","65-130",0
2025-08-16,"04","Arizona","0-130",0
2025-08-16,"04","Arizona","0-64",0
2025-08-16,"04","Arizona","65-130",0
2025-08-16,"05","Arkansas","0-130",2
2025-08-16,"05","Arkansas","0-64",2
2025-08-16,"05","Arkansas","65-130",0
2025-08-16,"06","California","0-130",10
2025-08-16,"06","California","0-64",4
2025-08-16,"06","California","65-130",6
2025-08-16,"08","Colorado","0-130",1
2025-08-16,"08","Colorado","0-64",1
2025-08-16,"08","Colorado","65-130",0
2025-08-16,"09","Connecticut","0-130",1
2025-08-16,"09","Connecticut","0-64",1
2025-08-16,"09","Connecticut","65-130",0
2025-08-16,"10","Delaware","0-130",0
2025-08-16,"10","Delaware","0-64",0
2025-08-16,"10","Delaware","65-130",0
2025-08-16,"11","District of Columbia","0-130",0
2025-08-16,"11","District of Columbia","0-64",0
2025-08-16,"11","District of Columbia","65-130",0
2025-08-16,"12","Florida","0-130",57
2025-08-16,"12","Florida","0-64",39
2025-08-16,"12","Florida","65-130",18
2025-08-16,"13","Georgia","0-130",24
2025-08-16,"13","Georgia","0-64",11
2025-08-16,"13","Georgia","65-130",5
2025-08-16,"66","Guam","0-130",0
2025-08-16,"66","Guam","0-64",0
2025-08-16,"66","Guam","65-130",0
2025-08-16,"15","Hawaii","0-130",2
2025-08-16,"15","Hawaii","0-64",0
2025-08-16,"15","Hawaii","65-130",2
2025-08-16,"17","Illinois","0-130",1
2025-08-16,"17","Illinois","0-64",1
2025-08-16,"17","Illinois","65-130",0
2025-08-16,"18","Indiana","0-130",1
2025-08-16,"18","Indiana","0-64",1
2025-08-16,"18","Indiana","65-130",0
2025-08-16,"19","Iowa","0-130",0
2025-08-16,"19","Iowa","0-64",0
2025-08-16,"19","Iowa","65-130",0
2025-08-16,"20","Kansas","0-130",0
2025-08-16,"20","Kansas","0-64",0
2025-08-16,"20","Kansas","65-130",0
2025-08-16,"21","Kentucky","0-130",2
2025-08-16,"21","Kentucky","0-64",2
2025-08-16,"21","Kentucky","65-130",0
2025-08-16,"22","Louisiana","0-130",3
2025-08-16,"22","Louisiana","0-64",1
2025-08-16,"22","Louisiana","65-130",2
2025-08-16,"23","Maine","0-130",0
2025-08-16,"23","Maine","0-64",0
2025-08-16,"23","Maine","65-130",0
2025-08-16,"24","Maryland","0-130",0
2025-08-16,"24","Maryland","0-64",0
2025-08-16,"24","Maryland","65-130",0
2025-08-16,"25","Massachusetts","0-130",8
2025-08-16,"25","Massachusetts","0-64",0
2025-08-16,"25","Massachusetts","65-130",8
2025-08-16,"26","Michigan","0-130",2
2025-08-16,"26","Michigan","0-64",2
2025-08-16,"26","Michigan","65-130",0
2025-08-16,"27","Minnesota","0-130",5
2025-08-16,"27","Minnesota","0-64",5
2025-08-16,"27","Minnesota","65-130",0
2025-08-16,"28","Mississippi","0-130",0
2025-08-16,"28","Mississippi","0-64",0
2025-08-16,"28","Mississippi","65-130",0
2025-08-16,"29","Missouri","0-130",3
2025-08-16,"29","Missouri","0-64",3
2025-08-16,"29","Missouri","65-130",0
2025-08-16,"30","Montana","0-130",0
2025-08-16,"30","Montana","0-64",0
2025-08-16,"30","Montana","65-130",0
2025-08-16,"31","Nebraska","0-130",3
2025-08-16,"31","Nebraska","0-64",3
2025-08-16,"31","Nebraska","65-130",0
2025-08-16,"32","Nevada","0-130",1
2025-08-16,"32","Nevada","0-64",1
2025-08-16,"32","Nevada","65-130",0
2025-08-16,"33","New Hampshire","0-130",0
2025-08-16,"33","New Hampshire","0-64",0
2025-08-16,"33","New Hampshire","65-130",0
2025-08-16,"34","New Jersey","0-130",7
2025-08-16,"34","New Jersey","0-64",6
2025-08-16,"34","New Jersey","65-130",1
2025-08-16,"35","New Mexico","0-130",0
2025-08-16,"35","New Mexico","0-64",0
2025-08-16,"35","New Mexico","65-130",0
2025-08-16,"36","New York","0-130",12
2025-08-16,"36","New York","0-64",7
2025-08-16,"36","New York","65-130",5
2025-08-16,"37","North Carolina","0-130",4
2025-08-16,"37","North Carolina","0-64",1
2025-08-16,"37","North Carolina","65-130",3
2025-08-16,"38","North Dakota","0-130",1
2025-08-16,"38","North Dakota","0-64",1
2025-08-16,"38","North Dakota","65-130",0
2025-08-16,"69","Northern Mariana Islands","0-130",0
2025-08-16,"69","Northern Mariana Islands","0-64",0
2025-08-16,"69","Northern Mariana Islands","65-130",0
2025-08-16,"39","Ohio","0-130",2
2025-08-16,"39","Ohio","0-64",1
2025-08-16,"39","Ohio","65-130",1
2025-08-16,"40","Oklahoma","0-130",2
2025-08-16,"40","Oklahoma","0-64",2
2025-08-16,"40","Oklahoma","65-130",0
2025-08-16,"41","Oregon","0-130",1
2025-08-16,"41","Oregon","0-64",0
2025-08-16,"41","Oregon","65-130",1
2025-08-16,"42","Pennsylvania","0-130",42
2025-08-16,"42","Pennsylvania","0-64",13
2025-08-16,"42","Pennsylvania","65-130",29
2025-08-16,"44","Rhode Island","0-130",0
2025-08-16,"44","Rhode Island","0-64",0
2025-08-16,"44","Rhode Island","65-130",0
2025-08-16,"45","South Carolina","0-130",7
2025-08-16,"45","South Carolina","0-64",5
2025-08-16,"45","South Carolina","65-130",2
2025-08-16,"46","South Dakota","0-130",0
2025-08-16,"46","South Dakota","0-64",0
2025-08-16,"46","South Dakota","65-130",0
2025-08-16,"47","Tennessee","0-130",3
2025-08-16,"47","Tennessee","0-64",2
2025-08-16,"47","Tennessee","65-130",1
2025-08-16,"48","Texas","0-130",15
2025-08-16,"48","Texas","0-64",14
2025-08-16,"48","Texas","65-130",1
2025-08-16,"US","US","0-130",236
2025-08-16,"US","US","0-64",135
2025-08-16,"US","US","65-130",92
2025-08-16,"49","Utah","0-130",0
2025-08-16,"49","Utah","0-64",0
2025-08-16,"49","Utah","65-130",0
2025-08-16,"50","Vermont","0-130",0
2025-08-16,"50","Vermont","0-64",0
2025-08-16,"50","Vermont","65-130",0
2025-08-16,"78","Virgin Islands","0-130",0
2025-08-16,"78","Virgin Islands","0-64",0
2025-08-16,"78","Virgin Islands","65-130",0
2025-08-16,"51","Virginia","0-130",1
2025-08-16,"51","Virginia","0-64",0
2025-08-16,"51","Virginia","65-130",1
2025-08-16,"53","Washington","0-130",2
2025-08-16,"53","Washington","0-64",0
2025-08-16,"53","Washington","65-130",2
2025-08-16,"54","West Virginia","0-130",2
2025-08-16,"54","West Virginia","0-64",0
2025-08-16,"54","West Virginia","65-130",1
2025-08-16,"55","Wisconsin","0-130",2
2025-08-16,"55","Wisconsin","0-64",0
2025-08-16,"55","Wisconsin","65-130",2
2025-08-23,"01","Alabama","0-130",3
2025-08-23,"01","Alabama","0-64",3
2025-08-23,"01","Alabama","65-130",0
2025-08-23,"02","Alaska","0-130",0
2025-08-23,"02","Alaska","0-64",0
2025-08-23,"02","Alaska","65-130",0
2025-08-23,"60","American Samoa","0-130",1
2025-08-23,"60","American Samoa","0-64",1
2025-08-23,"60","American Samoa","65-130",0
2025-08-23,"04","Arizona","0-130",2
2025-08-23,"04","Arizona","0-64",1
2025-08-23,"04","Arizona","65-130",1
2025-08-23,"05","Arkansas","0-130",1
2025-08-23,"05","Arkansas","0-64",1
2025-08-23,"05","Arkansas","65-130",0
2025-08-23,"06","California","0-130",11
2025-08-23,"06","California","0-64",7
2025-08-23,"06","California","65-130",4
2025-08-23,"08","Colorado","0-130",0
2025-08-23,"08","Colorado","0-64",0
2025-08-23,"08","Colorado","65-130",0
2025-08-23,"09","Connecticut","0-130",1
2025-08-23,"09","Connecticut","0-64",0
2025-08-23,"09","Connecticut","65-130",1
2025-08-23,"10","Delaware","0-130",0
2025-08-23,"10","Delaware","0-64",0
2025-08-23,"10","Delaware","65-130",0
2025-08-23,"11","District of Columbia","0-130",0
2025-08-23,"11","District of Columbia","0-64",0
2025-08-23,"11","District of Columbia","65-130",0
2025-08-23,"12","Florida","0-130",64
2025-08-23,"12","Florida","0-64",40
2025-08-23,"12","Florida","65-130",24
2025-08-23,"13","Georgia","0-130",14
2025-08-23,"13","Georgia","0-64",10
2025-08-23,"13","Georgia","65-130",4
2025-08-23,"66","Guam","0-130",0
2025-08-23,"66","Guam","0-64",0
2025-08-23,"66","Guam","65-130",0
2025-08-23,"15","Hawaii","0-130",4
2025-08-23,"15","Hawaii","0-64",2
2025-08-23,"15","Hawaii","65-130",2
2025-08-23,"17","Illinois","0-130",5
2025-08-23,"17","Illinois","0-64",2
2025-08-23,"17","Illinois","65-130",3
2025-08-23,"18","Indiana","0-130",2
2025-08-23,"18","Indiana","0-64",1
2025-08-23,"18","Indiana","65-130",1
2025-08-23,"19","Iowa","0-130",2
2025-08-23,"19","Iowa","0-64",2
2025-08-23,"19","Iowa","65-130",0
2025-08-23,"20","Kansas","0-130",0
2025-08-23,"20","Kansas","0-64",0
2025-08-23,"20","Kansas","65-130",0
2025-08-23,"21","Kentucky","0-130",3
2025-08-23,"21","Kentucky","0-64",1
2025-08-23,"21","Kentucky","65-130",2
2025-08-23,"22","Louisiana","0-130",1
2025-08-23,"22","Louisiana","0-64",0
2025-08-23,"22","Louisiana","65-130",1
2025-08-23,"23","Maine","0-130",1
2025-08-23,"23","Maine","0-64",0
2025-08-23,"23","Maine","65-130",1
2025-08-23,"24","Maryland","0-130",2
2025-08-23,"24","Maryland","0-64",2
2025-08-23,"24","Maryland","65-130",0
2025-08-23,"25","Massachusetts","0-130",2
2025-08-23,"25","Massachusetts","0-64",1
2025-08-23,"25","Massachusetts","65-130",1
2025-08-23,"26","Michigan","0-130",1
2025-08-23,"26","Michigan","0-64",1
2025-08-23,"26","Michigan","65-130",0
2025-08-23,"27","Minnesota","0-130",5
2025-08-23,"27","Minnesota","0-64",4
2025-08-23,"27","Minnesota","65-130",1
2025-08-23,"28","Mississippi","0-130",0
2025-08-23,"28","Mississippi","0-64",0
2025-08-23,"28","Mississippi","65-130",0
2025-08-23,"29","Missouri","0-130",1
2025-08-23,"29","Missouri","0-64",0
2025-08-23,"29","Missouri","65-130",1
2025-08-23,"30","Montana","0-130",0
2025-08-23,"30","Montana","0-64",0
2025-08-23,"30","Montana","65-130",0
2025-08-23,"31","Nebraska","0-130",1
2025-08-23,"31","Nebraska","0-64",1
2025-08-23,"31","Nebraska","65-130",0
2025-08-23,"32","Nevada","0-130",0
2025-08-23,"32","Nevada","0-64",0
2025-08-23,"32","Nevada","65-130",0
2025-08-23,"33","New Hampshire","0-130",0
2025-08-23,"33","New Hampshire","0-64",0
2025-08-23,"33","New Hampshire","65-130",0
2025-08-23,"34","New Jersey","0-130",4
2025-08-23,"34","New Jersey","0-64",3
2025-08-23,"34","New Jersey","65-130",1
2025-08-23,"35","New Mexico","0-130",0
2025-08-23,"35","New Mexico","0-64",0
2025-08-23,"35","New Mexico","65-130",0
2025-08-23,"36","New York","0-130",14
2025-08-23,"36","New York","0-64",9
2025-08-23,"36","New York","65-130",5
2025-08-23,"37","North Carolina","0-130",3
2025-08-23,"37","North Carolina","0-64",2
2025-08-23,"37","North Carolina","65-130",1
2025-08-23,"38","North Dakota","0-130",0
2025-08-23,"38","North Dakota","0-64",0
2025-08-23,"38","North Dakota","65-130",0
2025-08-23,"69","Northern Mariana Islands","0-130",0
2025-08-23,"69","Northern Mariana Islands","0-64",0
2025-08-23,"69","Northern Mariana Islands","65-130",0
2025-08-23,"39","Ohio","0-130",6
2025-08-23,"39","Ohio","0-64",1
2025-08-23,"39","Ohio","65-130",5
2025-08-23,"40","Oklahoma","0-130",0
2025-08-23,"40","Oklahoma","0-64",0
2025-08-23,"40","Oklahoma","65-130",0
2025-08-23,"41","Oregon","0-130",0
2025-08-23,"41","Oregon","0-64",0
2025-08-23,"41","Oregon","65-130",0
2025-08-23,"42","Pennsylvania","0-130",35
2025-08-23,"42","Pennsylvania","0-64",13
2025-08-23,"42","Pennsylvania","65-130",21
2025-08-23,"44","Rhode Island","0-130",0
2025-08-23,"44","Rhode Island","0-64",0
2025-08-23,"44","Rhode Island","65-130",0
2025-08-23,"45","South Carolina","0-130",6
2025-08-23,"45","South Carolina","0-64",6
2025-08-23,"45","South Carolina","65-130",0
2025-08-23,"46","South Dakota","0-130",0
2025-08-23,"46","South Dakota","0-64",0
2025-08-23,"46","South Dakota","65-130",0
2025-08-23,"47","Tennessee","0-130",0
2025-08-23,"47","Tennessee","0-64",0
2025-08-23,"47","Tennessee","65-130",0
2025-08-23,"48","Texas","0-130",23
2025-08-23,"48","Texas","0-64",20
2025-08-23,"48","Texas","65-130",3
2025-08-23,"US","US","0-130",226
2025-08-23,"US","US","0-64",140
2025-08-23,"US","US","65-130",85
2025-08-23,"49","Utah","0-130",0
2025-08-23,"49","Utah","0-64",0
2025-08-23,"49","Utah","65-130",0
2025-08-23,"50","Vermont","0-130",0
2025-08-23,"50","Vermont","0-64",0
2025-08-23,"50","Vermont","65-130",0
2025-08-23,"78","Virgin Islands","0-130",0
2025-08-23,"78","Virgin Islands","0-64",0
2025-08-23,"78","Virgin Islands","65-130",0
2025-08-23,"51","Virginia","0-130",2
2025-08-23,"51","Virginia","0-64",2
2025-08-23,"51","Virginia","65-130",0
2025-08-23,"53","Washington","0-130",0
2025-08-23,"53","Washington","0-64",0
2025-08-23,"53","Washington","65-130",0
2025-08-23,"54","West Virginia","0-130",1
2025-08-23,"54","West Virginia","0-64",1
2025-08-23,"54","West Virginia","65-130",0
2025-08-23,"55","Wisconsin","0-130",3
2025-08-23,"55","Wisconsin","0-64",1
2025-08-23,"55","Wisconsin","65-130",2
2025-08-30,"01","Alabama","0-130",6
2025-08-30,"01","Alabama","0-64",6
2025-08-30,"01","Alabama","65-130",0
2025-08-30,"60","American Samoa","0-130",0
2025-08-30,"60","American Samoa","0-64",0
2025-08-30,"60","American Samoa","65-130",0
2025-08-30,"04","Arizona","0-130",0
2025-08-30,"04","Arizona","0-64",0
2025-08-30,"04","Arizona","65-130",0
2025-08-30,"06","California","0-130",11
2025-08-30,"06","California","0-64",10
2025-08-30,"06","California","65-130",1
2025-08-30,"08","Colorado","0-130",0
2025-08-30,"08","Colorado","0-64",0
2025-08-30,"08","Colorado","65-130",0
2025-08-30,"09","Connecticut","0-130",2
2025-08-30,"09","Connecticut","0-64",2
2025-08-30,"09","Connecticut","65-130",0
2025-08-30,"10","Delaware","0-130",0
2025-08-30,"10","Delaware","0-64",0
2025-08-30,"10","Delaware","65-130",0
2025-08-30,"11","District of Columbia","0-130",0
2025-08-30,"11","District of Columbia","0-64",0
2025-08-30,"11","District of Columbia","65-130",0
2025-08-30,"12","Florida","0-130",82
2025-08-30,"12","Florida","0-64",65
2025-08-30,"12","Florida","65-130",17
2025-08-30,"13","Georgia","0-130",15
2025-08-30,"13","Georgia","0-64",13
2025-08-30,"13","Georgia","65-130",2
2025-08-30,"15","Hawaii","0-130",2
2025-08-30,"15","Hawaii","0-64",0
2025-08-30,"15","Hawaii","65-130",2
2025-08-30,"17","Illinois","0-130",3
2025-08-30,"17","Illinois","0-64",0
2025-08-30,"17","Illinois","65-130",3
2025-08-30,"18","Indiana","0-130",4
2025-08-30,"18","Indiana","0-64",4
2025-08-30,"18","Indiana","65-130",0
2025-08-30,"19","Iowa","0-130",1
2025-08-30,"19","Iowa","0-64",1
2025-08-30,"19","Iowa","65-130",0
2025-08-30,"21","Kentucky","0-130",1
2025-08-30,"21","Kentucky","0-64",1
2025-08-30,"21","Kentucky","65-130",0
2025-08-30,"22","Louisiana","0-130",3
2025-08-30,"22","Louisiana","0-64",2
2025-08-30,"22","Louisiana","65-130",1
2025-08-30,"23","Maine","0-130",0
2025-08-30,"23","Maine","0-64",0
2025-08-30,"23","Maine","65-130",0
2025-08-30,"24","Maryland","0-130",0
2025-08-30,"24","Maryland","0-64",0
2025-08-30,"24","Maryland","65-130",0
2025-08-30,"25","Massachusetts","0-130",4
2025-08-30,"25","Massachusetts","0-64",4
2025-08-30,"25","Massachusetts","65-130",0
2025-08-30,"26","Michigan","0-130",1
2025-08-30,"26","Michigan","0-64",0
2025-08-30,"26","Michigan","65-130",1
2025-08-30,"27","Minnesota","0-130",3
2025-08-30,"27","Minnesota","0-64",2
2025-08-30,"27","Minnesota","65-130",1
2025-08-30,"28","Mississippi","0-130",0
2025-08-30,"28","Mississippi","0-64",0
2025-08-30,"28","Mississippi","65-130",0
2025-08-30,"31","Nebraska","0-130",1
2025-08-30,"31","Nebraska","0-64",0
2025-08-30,"31","Nebraska","65-130",1
2025-08-30,"32","Nevada","0-130",0
2025-08-30,"32","Nevada","0-64",0
2025-08-30,"32","Nevada","65-130",0
2025-08-30,"33","New Hampshire","0-130",1
2025-08-30,"33","New Hampshire","0-64",0
2025-08-30,"33","New Hampshire","65-130",1
2025-08-30,"34","New Jersey","0-130",5
2025-08-30,"34","New Jersey","0-64",3
2025-08-30,"34","New Jersey","65-130",2
2025-08-30,"35","New Mexico","0-130",0
2025-08-30,"35","New Mexico","0-64",0
2025-08-30,"35","New Mexico","65-130",0
2025-08-30,"36","New York","0-130",17
2025-08-30,"36","New York","0-64",14
2025-08-30,"36","New York","65-130",3
2025-08-30,"37","North Carolina","0-130",4
2025-08-30,"37","North Carolina","0-64",3
2025-08-30,"37","North Carolina","65-130",1
2025-08-30,"38","North Dakota","0-130",0
2025-08-30,"38","North Dakota","0-64",0
2025-08-30,"38","North Dakota","65-130",0
2025-08-30,"69","Northern Mariana Islands","0-130",1
2025-08-30,"69","Northern Mariana Islands","0-64",0
2025-08-30,"69","Northern Mariana Islands","65-130",1
2025-08-30,"39","Ohio","0-130",4
2025-08-30,"39","Ohio","0-64",4
2025-08-30,"39","Ohio","65-130",0
2025-08-30,"41","Oregon","0-130",0
2025-08-30,"41","Oregon","0-64",0
2025-08-30,"41","Oregon","65-130",0
2025-08-30,"42","Pennsylvania","0-130",32
2025-08-30,"42","Pennsylvania","0-64",20
2025-08-30,"42","Pennsylvania","65-130",12
2025-08-30,"44","Rhode Island","0-130",0
2025-08-30,"44","Rhode Island","0-64",0
2025-08-30,"44","Rhode Island","65-130",0
2025-08-30,"45","South Carolina","0-130",0
2025-08-30,"45","South Carolina","0-64",0
2025-08-30,"45","South Carolina","65-130",0
2025-08-30,"46","South Dakota","0-130",0
2025-08-30,"46","South Dakota","0-64",0
2025-08-30,"46","South Dakota","65-130",0
2025-08-30,"47","Tennessee","0-130",2
2025-08-30,"47","Tennessee","0-64",2
2025-08-30,"47","Tennessee","65-130",0
2025-08-30,"48","Texas","0-130",8
2025-08-30,"48","Texas","0-64",7
2025-08-30,"48","Texas","65-130",1
2025-08-30,"US","US","0-130",227
2025-08-30,"US","US","0-64",172
2025-08-30,"US","US","65-130",55
2025-08-30,"49","Utah","0-130",0
2025-08-30,"49","Utah","0-64",0
2025-08-30,"49","Utah","65-130",0
2025-08-30,"50","Vermont","0-130",0
2025-08-30,"50","Vermont","0-64",0
2025-08-30,"50","Vermont","65-130",0
2025-08-30,"78","Virgin Islands","0-130",0
2025-08-30,"78","Virgin Islands","0-64",0
2025-08-30,"78","Virgin Islands","65-130",0
2025-08-30,"51","Virginia","0-130",1
2025-08-30,"51","Virginia","0-64",1
2025-08-30,"51","Virginia","65-130",0
2025-08-30,"53","Washington","0-130",0
2025-08-30,"53","Washington","0-64",0
2025-08-30,"53","Washington","65-130",0
2025-08-30,"54","West Virginia","0-130",1
2025-08-30,"54","West Virginia","0-64",0
2025-08-30,"54","West Virginia","65-130",1
2025-08-30,"55","Wisconsin","0-130",2
2025-08-30,"55","Wisconsin","0-64",0
2025-08-30,"55","Wisconsin","65-130",2
